static const unsigned char plugin_mono_prx[] = {
  0x4f, 0x15, 0x3d, 0x1d, 0x00, 0x01, 0x01, 0x12, 0x01, 0x01, 0x00, 0x00,
  0x60, 0x03, 0xd0, 0x03, 0x60, 0x27, 0x02, 0x00, 0x00, 0x00, 0x00, 0x00,
  0x08, 0x00, 0x22, 0x00, 0x00, 0x00, 0x00, 0x00, 0x04, 0x00, 0x11, 0x00,
  0x00, 0x00, 0x00, 0x00, 0x30, 0x07, 0x00, 0x00, 0x00, 0x00, 0x00, 0x00,
  0xa0, 0x00, 0x00, 0x00, 0x00, 0x00, 0x00, 0x00, 0xa0, 0x00, 0x00, 0x00,
  0x00, 0x00, 0x00, 0x00, 0x04, 0x28, 0x00, 0x00, 0x00, 0x00, 0x00, 0x00,
  0xd0, 0x07, 0x00, 0x00, 0x00, 0x00, 0x00, 0x00, 0x00, 0x40, 0x01, 0x00,
  0x00, 0x00, 0x00, 0x00, 0x00, 0x40, 0x01, 0x00, 0x00, 0x00, 0x00, 0x00,
  0x04, 0x00, 0x31, 0x00, 0x00, 0x00, 0x00, 0x00, 0xd0, 0x47, 0x01, 0x00,
  0x00, 0x00, 0x00, 0x00, 0x60, 0x00, 0x00, 0x00, 0x00, 0x00, 0x00, 0x00,
  0x60, 0x00, 0x00, 0x00, 0x00, 0x00, 0x00, 0x00, 0x04, 0x28, 0x10, 0x00,
  0x00, 0x00, 0x00, 0x00, 0x30, 0x48, 0x01, 0x00, 0x00, 0x00, 0x00, 0x00,
  0x00, 0xc0, 0x00, 0x00, 0x00, 0x00, 0x00, 0x00, 0x00, 0xc0, 0x00, 0x00,
  0x00, 0x00, 0x00, 0x00, 0x04, 0x00, 0x51, 0x00, 0x00, 0x00, 0x00, 0x00,
  0x30, 0x08, 0x02, 0x00, 0x00, 0x00, 0x00, 0x00, 0x20, 0x00, 0x00, 0x00,
  0x00, 0x00, 0x00, 0x00, 0x20, 0x00, 0x00, 0x00, 0x00, 0x00, 0x00, 0x00,
  0x04, 0x28, 0x20, 0x00, 0x00, 0x00, 0x00, 0x00, 0x50, 0x08, 0x02, 0x00,
  0x00, 0x00, 0x00, 0x00, 0x6a, 0x02, 0x00, 0x00, 0x00, 0x00, 0x00, 0x00,
  0x6a, 0x02, 0x00, 0x00, 0x00, 0x00, 0x00, 0x00, 0x04, 0x00, 0x71, 0x00,
  0x00, 0x00, 0x00, 0x00, 0xc0, 0x0a, 0x02, 0x00, 0x00, 0x00, 0x00, 0x00,
  0x20, 0x00, 0x00, 0x00, 0x00, 0x00, 0x00, 0x00, 0x20, 0x00, 0x00, 0x00,
  0x00, 0x00, 0x00, 0x00, 0x04, 0x28, 0x60, 0x00, 0x00, 0x00, 0x00, 0x00,
  0xe0, 0x0a, 0x02, 0x00, 0x00, 0x00, 0x00, 0x00, 0x80, 0x1c, 0x00, 0x00,
  0x00, 0x00, 0x00, 0x00, 0x80, 0x1c, 0x00, 0x00, 0x00, 0x00, 0x00, 0x00,
  0x7f, 0x45, 0x4c, 0x46, 0x02, 0x01, 0x01, 0x09, 0x00, 0x00, 0x00, 0x00,
  0x00, 0x00, 0x00, 0x00, 0x18, 0xfe, 0x3e, 0x00, 0x01, 0x00, 0x00, 0x00,
  0x00, 0x00, 0x00, 0x00, 0x00, 0x00, 0x00, 0x00, 0x40, 0x00, 0x00, 0x00,
  0x00, 0x00, 0x00, 0x00, 0x40, 0x76, 0x02, 0x00, 0x00, 0x00, 0x00, 0x00,
  0x00, 0x00, 0x00, 0x00, 0x40, 0x00, 0x38, 0x00, 0x07, 0x00, 0x40, 0x00,
  0x17, 0x00, 0x15, 0x00, 0x01, 0x00, 0x00, 0x00, 0x05, 0x00, 0x00, 0x00,
  0x00, 0x40, 0x00, 0x00, 0x00, 0x00, 0x00, 0x00, 0x00, 0x00, 0x00, 0x00,
  0x00, 0x00, 0x00, 0x00, 0x00, 0x00, 0x00, 0x00, 0x00, 0x00, 0x00, 0x00,
  0x00, 0x40, 0x01, 0x00, 0x00, 0x00, 0x00, 0x00, 0x00, 0x40, 0x01, 0x00,
  0x00, 0x00, 0x00, 0x00, 0x00, 0x40, 0x00, 0x00, 0x00, 0x00, 0x00, 0x00,
  0x10, 0x00, 0x00, 0x61, 0x04, 0x00, 0x00, 0x00, 0x00, 0x80, 0x01, 0x00,
  0x00, 0x00, 0x00, 0x00, 0x00, 0x40, 0x01, 0x00, 0x00, 0x00, 0x00, 0x00,
  0x00, 0x40, 0x01, 0x00, 0x00, 0x00, 0x00, 0x00, 0x00, 0xc0, 0x00, 0x00,
  0x00, 0x00, 0x00, 0x00, 0x00, 0xc0, 0x00, 0x00, 0x00, 0x00, 0x00, 0x00,
  0x00, 0x40, 0x00, 0x00, 0x00, 0x00, 0x00, 0x00, 0x01, 0x00, 0x00, 0x00,
  0x06, 0x00, 0x00, 0x00, 0x00, 0x40, 0x02, 0x00, 0x00, 0x00, 0x00, 0x00,
  0x00, 0x00, 0x02, 0x00, 0x00, 0x00, 0x00, 0x00, 0x00, 0x00, 0x02, 0x00,
  0x00, 0x00, 0x00, 0x00, 0x6a, 0x02, 0x00, 0x00, 0x00, 0x00, 0x00, 0x00,
  0x10, 0x27, 0x00, 0x00, 0x00, 0x00, 0x00, 0x00, 0x00, 0x40, 0x00, 0x00,
  0x00, 0x00, 0x00, 0x00, 0x02, 0x00, 0x00, 0x61, 0x04, 0x00, 0x00, 0x00,
  0x00, 0x40, 0x02, 0x00, 0x00, 0x00, 0x00, 0x00, 0x00, 0x00, 0x02, 0x00,
  0x00, 0x00, 0x00, 0x00, 0x00, 0x00, 0x02, 0x00, 0x00, 0x00, 0x00, 0x00,
  0x18, 0x00, 0x00, 0x00, 0x00, 0x00, 0x00, 0x00, 0x18, 0x00, 0x00, 0x00,
  0x00, 0x00, 0x00, 0x00, 0x08, 0x00, 0x00, 0x00, 0x00, 0x00, 0x00, 0x00,
  0x02, 0x00, 0x00, 0x00, 0x06, 0x00, 0x00, 0x00, 0xb0, 0x95, 0x02, 0x00,
  0x00, 0x00, 0x00, 0x00, 0xb0, 0x95, 0x02, 0x00, 0x00, 0x00, 0x00, 0x00,
  0xb0, 0x95, 0x02, 0x00, 0x00, 0x00, 0x00, 0x00, 0xd0, 0x02, 0x00, 0x00,
  0x00, 0x00, 0x00, 0x00, 0xd0, 0x02, 0x00, 0x00, 0x00, 0x00, 0x00, 0x00,
  0x08, 0x00, 0x00, 0x00, 0x00, 0x00, 0x00, 0x00, 0x50, 0xe5, 0x74, 0x64,
  0x04, 0x00, 0x00, 0x00, 0xec, 0x5b, 0x01, 0x00, 0x00, 0x00, 0x00, 0x00,
  0xec, 0x1b, 0x01, 0x00, 0x00, 0x00, 0x00, 0x00, 0xec, 0x1b, 0x01, 0x00,
  0x00, 0x00, 0x00, 0x00, 0x4c, 0x04, 0x00, 0x00, 0x00, 0x00, 0x00, 0x00,
  0x4c, 0x04, 0x00, 0x00, 0x00, 0x00, 0x00, 0x00, 0x04, 0x00, 0x00, 0x00,
  0x00, 0x00, 0x00, 0x00, 0x00, 0x00, 0x00, 0x61, 0x04, 0x00, 0x00, 0x00,
  0x00, 0x7c, 0x02, 0x00, 0x00, 0x00, 0x00, 0x00, 0x00, 0x00, 0x00, 0x00,
  0x00, 0x00, 0x00, 0x00, 0x00, 0x00, 0x00, 0x00, 0x00, 0x00, 0x00, 0x00,
  0x80, 0x1c, 0x00, 0x00, 0x00, 0x00, 0x00, 0x00, 0x00, 0x00, 0x00, 0x00,
  0x00, 0x00, 0x00, 0x00, 0x10, 0x00, 0x00, 0x00, 0x00, 0x00, 0x00, 0x00,
  0x00, 0x00, 0x00, 0x00, 0x00, 0x00, 0x00, 0x00, 0x11, 0x00, 0x00, 0x00,
  0x00, 0x00, 0x00, 0x38, 0x01, 0x00, 0x00, 0x00, 0x00, 0x00, 0x00, 0x00,
  0x00, 0x00, 0x00, 0x00, 0x00, 0x00, 0x00, 0x00, 0x00, 0x00, 0x00, 0x00,
  0x00, 0x00, 0x00, 0x00, 0x9b, 0xfe, 0x9a, 0x3b, 0x0d, 0x1f, 0xde, 0x0b,
  0x5d, 0xdc, 0xa8, 0x13, 0x8a, 0xb7, 0x75, 0x92, 0xc5, 0xc2, 0x0f, 0xf2,
  0xc5, 0x4e, 0x4d, 0x81, 0x1f, 0xc9, 0x7e, 0x1e, 0x95, 0x74, 0x82, 0x45,
  0x03, 0x00, 0x00, 0x00, 0x00, 0x00, 0x00, 0x00, 0x00, 0x00, 0x00, 0x00,
  0x00, 0x00, 0x00, 0x00, 0x00, 0x00, 0x00, 0x00, 0x00, 0x00, 0x00, 0x00,
  0x00, 0x00, 0x00, 0x00, 0x00, 0x00, 0x00, 0x00, 0x00, 0x00, 0x00, 0x00,
  0x00, 0x00, 0x00, 0x00, 0x00, 0x00, 0x00, 0x00, 0x00, 0x00, 0x00, 0x00,
  0x00, 0x00, 0x00, 0x00, 0x00, 0x00, 0x00, 0x00, 0x00, 0x00, 0x00, 0x00,
  0x00, 0x00, 0x00, 0x00, 0x00, 0x00, 0x00, 0x00, 0x00, 0x00, 0x00, 0x00,
  0x00, 0x00, 0x00, 0x00, 0x00, 0x00, 0x00, 0x00, 0x00, 0x00, 0x00, 0x00,
  0x00, 0x00, 0x00, 0x00, 0x00, 0x00, 0x00, 0x00, 0x00, 0x00, 0x00, 0x00,
  0x00, 0x00, 0x00, 0x00, 0x00, 0x00, 0x00, 0x00, 0x00, 0x00, 0x00, 0x00,
  0x00, 0x00, 0x00, 0x00, 0x00, 0x00, 0x00, 0x00, 0x00, 0x00, 0x00, 0x00,
  0x00, 0x00, 0x00, 0x00, 0x00, 0x00, 0x00, 0x00, 0x00, 0x00, 0x00, 0x00,
  0x00, 0x00, 0x00, 0x00, 0x00, 0x00, 0x00, 0x00, 0x00, 0x00, 0x00, 0x00,
  0x00, 0x00, 0x00, 0x00, 0x00, 0x00, 0x00, 0x00, 0x00, 0x00, 0x00, 0x00,
  0x00, 0x00, 0x00, 0x00, 0x00, 0x00, 0x00, 0x00, 0x00, 0x00, 0x00, 0x00,
  0x00, 0x00, 0x00, 0x00, 0x00, 0x00, 0x00, 0x00, 0x00, 0x00, 0x00, 0x00,
  0x00, 0x00, 0x00, 0x00, 0x00, 0x00, 0x00, 0x00, 0x00, 0x00, 0x00, 0x00,
  0x00, 0x00, 0x00, 0x00, 0x00, 0x00, 0x00, 0x00, 0x00, 0x00, 0x00, 0x00,
  0x00, 0x00, 0x00, 0x00, 0x00, 0x00, 0x00, 0x00, 0x00, 0x00, 0x00, 0x00,
  0x00, 0x00, 0x00, 0x00, 0x00, 0x00, 0x00, 0x00, 0x00, 0x00, 0x00, 0x00,
  0x00, 0x00, 0x00, 0x00, 0x00, 0x00, 0x00, 0x00, 0x00, 0x00, 0x00, 0x00,
  0x00, 0x00, 0x00, 0x00, 0x00, 0x00, 0x00, 0x00, 0x00, 0x00, 0x00, 0x00,
  0x00, 0x00, 0x00, 0x00, 0x00, 0x00, 0x00, 0x00, 0x00, 0x00, 0x00, 0x00,
  0x00, 0x00, 0x00, 0x00, 0x00, 0x00, 0x00, 0x00, 0x00, 0x00, 0x00, 0x00,
  0x00, 0x00, 0x00, 0x00, 0x00, 0x00, 0x00, 0x00, 0x00, 0x00, 0x00, 0x00,
  0x00, 0x00, 0x00, 0x00, 0x00, 0x00, 0x00, 0x00, 0x00, 0x00, 0x00, 0x00,
  0x00, 0x00, 0x00, 0x00, 0x00, 0x00, 0x00, 0x00, 0x00, 0x00, 0x00, 0x00,
  0x00, 0x00, 0x00, 0x00, 0x00, 0x00, 0x00, 0x00, 0x00, 0x00, 0x00, 0x00,
  0x00, 0x00, 0x00, 0x00, 0x00, 0x00, 0x00, 0x00, 0x00, 0x00, 0x00, 0x00,
  0x00, 0x00, 0x00, 0x00, 0x00, 0x00, 0x00, 0x00, 0x00, 0x00, 0x00, 0x00,
  0x00, 0x00, 0x00, 0x00, 0x00, 0x00, 0x00, 0x00, 0x00, 0x00, 0x00, 0x00,
  0x00, 0x00, 0x00, 0x00, 0x00, 0x00, 0x00, 0x00, 0x00, 0x00, 0x00, 0x00,
  0x00, 0x00, 0x00, 0x00, 0x00, 0x00, 0x00, 0x00, 0x00, 0x00, 0x00, 0x00,
  0x00, 0x00, 0x00, 0x00, 0x00, 0x00, 0x00, 0x00, 0x00, 0x00, 0x00, 0x00,
  0x00, 0x00, 0x00, 0x00, 0x00, 0x00, 0x00, 0x00, 0x00, 0x00, 0x00, 0x00,
  0x00, 0x00, 0x00, 0x00, 0x00, 0x00, 0x00, 0x00, 0x00, 0x00, 0x00, 0x00,
  0x00, 0x00, 0x00, 0x00, 0x00, 0x00, 0x00, 0x00, 0x00, 0x00, 0x00, 0x00,
  0x00, 0x00, 0x00, 0x00, 0x00, 0x00, 0x00, 0x00, 0x00, 0x00, 0x00, 0x00,
  0x00, 0x00, 0x00, 0x00, 0x00, 0x00, 0x00, 0x00, 0x00, 0x00, 0x00, 0x00,
  0x00, 0x00, 0x00, 0x00, 0x00, 0x00, 0x00, 0x00, 0x00, 0x00, 0x00, 0x00,
  0x00, 0x00, 0x00, 0x00, 0x00, 0x00, 0x00, 0x00, 0x00, 0x00, 0x00, 0x00,
  0x00, 0x00, 0x00, 0x00, 0x00, 0x00, 0x00, 0x00, 0x00, 0x00, 0x00, 0x00,
  0x00, 0x00, 0x00, 0x00, 0x00, 0x00, 0x00, 0x00, 0x00, 0x00, 0x00, 0x00,
  0x00, 0x00, 0x00, 0x00, 0x00, 0x00, 0x00, 0x00, 0x00, 0x00, 0x00, 0x00,
  0x00, 0x00, 0x00, 0x00, 0x00, 0x00, 0x00, 0x00, 0x00, 0x00, 0x00, 0x00,
  0x00, 0x00, 0x00, 0x00, 0x00, 0x00, 0x00, 0x00, 0x00, 0x00, 0x00, 0x00,
  0x00, 0x00, 0x00, 0x00, 0x00, 0x00, 0x00, 0x00, 0x00, 0x00, 0x00, 0x00,
  0x00, 0x00, 0x00, 0x00, 0x00, 0x00, 0x00, 0x00, 0x00, 0x00, 0x00, 0x00,
  0x00, 0x00, 0x00, 0x00, 0x00, 0x00, 0x00, 0x00, 0x00, 0x00, 0x00, 0x00,
  0x00, 0x00, 0x00, 0x00, 0x00, 0x00, 0x00, 0x00, 0x00, 0x00, 0x00, 0x00,
  0x00, 0x00, 0x00, 0x00, 0x00, 0x00, 0x00, 0x00, 0x00, 0x00, 0x00, 0x00,
  0x00, 0x00, 0x00, 0x00, 0x00, 0x00, 0x00, 0x00, 0x00, 0x00, 0x00, 0x00,
  0x00, 0x00, 0x00, 0x00, 0x00, 0x00, 0x00, 0x00, 0x00, 0x00, 0x00, 0x00,
  0x00, 0x00, 0x00, 0x00, 0x00, 0x00, 0x00, 0x00, 0x00, 0x00, 0x00, 0x00,
  0x00, 0x00, 0x00, 0x00, 0x00, 0x00, 0x00, 0x00, 0x00, 0x00, 0x00, 0x00,
  0x00, 0x00, 0x00, 0x00, 0x00, 0x00, 0x00, 0x00, 0x00, 0x00, 0x00, 0x00,
  0x00, 0x00, 0x00, 0x00, 0x00, 0x00, 0x00, 0x00, 0x00, 0x00, 0x00, 0x00,
  0x00, 0x00, 0x00, 0x00, 0x00, 0x00, 0x00, 0x00, 0x00, 0x00, 0x00, 0x00,
  0x00, 0x00, 0x00, 0x00, 0x00, 0x00, 0x00, 0x00, 0x00, 0x00, 0x00, 0x00,
  0x00, 0x00, 0x00, 0x00, 0x00, 0x00, 0x00, 0x00, 0x00, 0x00, 0x00, 0x00,
  0x00, 0x00, 0x00, 0x00, 0x00, 0x00, 0x00, 0x00, 0x00, 0x00, 0x00, 0x00,
  0x00, 0x00, 0x00, 0x00, 0x00, 0x00, 0x00, 0x00, 0x00, 0x00, 0x00, 0x00,
  0x00, 0x00, 0x00, 0x00, 0x00, 0x00, 0x01, 0x00, 0x00, 0x00, 0x00, 0x00,
  0x00, 0x00, 0x00, 0x00, 0x00, 0x00, 0x00, 0x00, 0x00, 0x00, 0x00, 0x00,
  0x00, 0x00, 0x00, 0x00, 0x00, 0x00, 0x00, 0x00, 0x00, 0x00, 0x00, 0x00,
  0x00, 0x00, 0x00, 0x00, 0x00, 0x00, 0x00, 0x00, 0x00, 0x00, 0x00, 0x00,
  0x00, 0x00, 0x00, 0x00, 0x00, 0x00, 0x00, 0x00, 0x00, 0x00, 0x00, 0x00,
  0x00, 0x00, 0x00, 0x00, 0x00, 0x00, 0x00, 0x00, 0x00, 0x00, 0x00, 0x00,
  0x00, 0x00, 0x00, 0x00, 0x00, 0x00, 0x00, 0x00, 0x00, 0x00, 0x00, 0x00,
  0x00, 0x00, 0x00, 0x00, 0x00, 0x00, 0x00, 0x00, 0x00, 0x00, 0x00, 0x00,
  0x00, 0x00, 0x00, 0x00, 0x00, 0x00, 0x00, 0x00, 0x00, 0x00, 0x00, 0x00,
  0x00, 0x00, 0x00, 0x00, 0x00, 0x00, 0x00, 0x00, 0x00, 0x00, 0x00, 0x00,
  0x00, 0x00, 0x00, 0x00, 0x00, 0x00, 0x00, 0x00, 0x00, 0x00, 0x00, 0x00,
  0x00, 0x00, 0x00, 0x00, 0x00, 0x00, 0x00, 0x00, 0x00, 0x00, 0x00, 0x00,
  0x00, 0x00, 0x00, 0x00, 0x00, 0x00, 0x00, 0x00, 0x00, 0x00, 0x00, 0x00,
  0x00, 0x00, 0x00, 0x00, 0x00, 0x00, 0x00, 0x00, 0x00, 0x00, 0x00, 0x00,
  0x00, 0x00, 0x00, 0x00, 0x00, 0x00, 0x00, 0x00, 0x00, 0x00, 0x00, 0x00,
  0x00, 0x00, 0x00, 0x00, 0x00, 0x00, 0x00, 0x00, 0x00, 0x00, 0x00, 0x00,
  0x00, 0x00, 0x00, 0x00, 0x00, 0x00, 0x00, 0x00, 0x00, 0x00, 0x00, 0x00,
  0x00, 0x00, 0x00, 0x00, 0x00, 0x00, 0x00, 0x00, 0x00, 0x00, 0x00, 0x00,
  0x00, 0x00, 0x00, 0x00, 0x00, 0x00, 0x00, 0x00, 0x00, 0x00, 0x00, 0x00,
  0x00, 0x00, 0x00, 0x00, 0x00, 0x00, 0x00, 0x00, 0x00, 0x00, 0x00, 0x00,
  0x00, 0x00, 0x00, 0x00, 0x00, 0x00, 0x00, 0x00, 0x00, 0x00, 0x00, 0x00,
  0x00, 0x00, 0x00, 0x00, 0x00, 0x00, 0x00, 0x00, 0x00, 0x00, 0x00, 0x00,
  0x00, 0x00, 0x00, 0x00, 0x00, 0x00, 0x00, 0x00, 0x00, 0x00, 0x00, 0x00,
  0x00, 0x00, 0x00, 0x00, 0x00, 0x00, 0x00, 0x00, 0x00, 0x00, 0x00, 0x00,
  0x00, 0x00, 0x00, 0x00, 0x00, 0x00, 0x00, 0x00, 0x00, 0x00, 0x00, 0x00,
  0x00, 0x00, 0x00, 0x00, 0x00, 0x00, 0x00, 0x00, 0x00, 0x00, 0x00, 0x00,
  0x00, 0x00, 0x00, 0x00, 0x00, 0x00, 0x00, 0x00, 0x00, 0x00, 0x00, 0x00,
  0x00, 0x00, 0x00, 0x00, 0x00, 0x00, 0x00, 0x00, 0x00, 0x00, 0x00, 0x00,
  0x00, 0x00, 0x00, 0x00, 0x00, 0x00, 0x00, 0x00, 0x00, 0x00, 0x00, 0x00,
  0x00, 0x00, 0x00, 0x00, 0x00, 0x00, 0x00, 0x00, 0x00, 0x00, 0x00, 0x00,
  0x00, 0x00, 0x00, 0x00, 0x00, 0x00, 0x00, 0x00, 0x00, 0x00, 0x00, 0x00,
  0x00, 0x00, 0x00, 0x00, 0x00, 0x00, 0x00, 0x00, 0x00, 0x00, 0x00, 0x00,
  0x00, 0x00, 0x00, 0x00, 0x00, 0x00, 0x00, 0x00, 0x00, 0x00, 0x00, 0x00,
  0x00, 0x00, 0x00, 0x00, 0x00, 0x00, 0x00, 0x00, 0x00, 0x00, 0x00, 0x00,
  0x00, 0x00, 0x00, 0x00, 0x00, 0x00, 0x00, 0x00, 0x00, 0x00, 0x00, 0x00,
  0x00, 0x00, 0x00, 0x00, 0x00, 0x00, 0x00, 0x00, 0x00, 0x00, 0x00, 0x00,
  0x00, 0x00, 0x00, 0x00, 0x00, 0x00, 0x00, 0x00, 0x00, 0x00, 0x00, 0x00,
  0x00, 0x00, 0x00, 0x00, 0x00, 0x00, 0x00, 0x00, 0x2f, 0x6c, 0x69, 0x62,
  0x65, 0x78, 0x65, 0x63, 0x2f, 0x6c, 0x64, 0x2d, 0x65, 0x6c, 0x66, 0x2e,
  0x73, 0x6f, 0x2e, 0x31, 0x00, 0x00, 0x00, 0x00, 0x00, 0x00, 0x00, 0x00,
  0x00, 0x00, 0x00, 0x00, 0x55, 0x48, 0x89, 0xe5, 0x48, 0x81, 0xec, 0xa0,
  0x00, 0x00, 0x00, 0x48, 0x89, 0x7d, 0xf0, 0x48, 0x89, 0x75, 0xe8, 0x48,
  0x8d, 0xbd, 0x68, 0xff, 0xff, 0xff, 0x31, 0xf6, 0xba, 0x80, 0x00, 0x00,
  0x00, 0xe8, 0x0a, 0xa9, 0x00, 0x00, 0x48, 0x83, 0x7d, 0xf0, 0x00, 0x0f,
  0x84, 0x0b, 0x00, 0x00, 0x00, 0x48, 0x83, 0x7d, 0xe8, 0x00, 0x0f, 0x85,
  0x0c, 0x00, 0x00, 0x00, 0xc7, 0x45, 0xfc, 0xff, 0xff, 0xff, 0xff, 0xe9,
  0x37, 0x00, 0x00, 0x00, 0x48, 0x8b, 0x7d, 0xf0, 0x48, 0x8d, 0xb5, 0x68,
  0xff, 0xff, 0xff, 0xe8, 0xe8, 0xa8, 0x00, 0x00, 0x83, 0xf8, 0x00, 0x0f,
  0x8d, 0x0c, 0x00, 0x00, 0x00, 0xc7, 0x45, 0xfc, 0xff, 0xff, 0xff, 0xff,
  0xe9, 0x12, 0x00, 0x00, 0x00, 0x48, 0x8b, 0x4d, 0xb8, 0x48, 0x8b, 0x45,
  0xe8, 0x48, 0x89, 0x08, 0xc7, 0x45, 0xfc, 0x00, 0x00, 0x00, 0x00, 0x8b,
  0x45, 0xfc, 0x48, 0x81, 0xc4, 0xa0, 0x00, 0x00, 0x00, 0x5d, 0xc3, 0x0f,
  0x1f, 0x44, 0x00, 0x00, 0x55, 0x48, 0x89, 0xe5, 0x48, 0x83, 0xec, 0x30,
  0x48, 0x89, 0x7d, 0xf0, 0x48, 0x89, 0x75, 0xe8, 0x48, 0x89, 0x55, 0xe0,
  0x48, 0x83, 0x7d, 0xf0, 0x00, 0x0f, 0x84, 0x0b, 0x00, 0x00, 0x00, 0x48,
  0x83, 0x7d, 0xe8, 0x00, 0x0f, 0x85, 0x0c, 0x00, 0x00, 0x00, 0xc7, 0x45,
  0xfc, 0xff, 0xff, 0xff, 0xff, 0xe9, 0x7f, 0x00, 0x00, 0x00, 0x48, 0x8b,
  0x7d, 0xf0, 0x48, 0x8d, 0x35, 0xc9, 0xd0, 0x00, 0x00, 0xe8, 0x7a, 0xa8,
  0x00, 0x00, 0x48, 0x89, 0x45, 0xd8, 0x48, 0x83, 0x7d, 0xd8, 0x00, 0x0f,
  0x85, 0x0c, 0x00, 0x00, 0x00, 0xc7, 0x45, 0xfc, 0xff, 0xff, 0xff, 0xff,
  0xe9, 0x54, 0x00, 0x00, 0x00, 0x48, 0x8b, 0x7d, 0xe8, 0x48, 0x8b, 0x55,
  0xe0, 0x31, 0xf6, 0xe8, 0x30, 0xa8, 0x00, 0x00, 0x48, 0x8b, 0x7d, 0xe8,
  0x48, 0x8b, 0x55, 0xe0, 0x48, 0x8b, 0x4d, 0xd8, 0xbe, 0x01, 0x00, 0x00,
  0x00, 0xe8, 0x4a, 0xa8, 0x00, 0x00, 0x48, 0x83, 0xf8, 0x00, 0x0f, 0x83,
  0x15, 0x00, 0x00, 0x00, 0x48, 0x8b, 0x7d, 0xd8, 0xe8, 0x47, 0xa8, 0x00,
  0x00, 0xc7, 0x45, 0xfc, 0xff, 0xff, 0xff, 0xff, 0xe9, 0x10, 0x00, 0x00,
  0x00, 0x48, 0x8b, 0x7d, 0xd8, 0xe8, 0x32, 0xa8, 0x00, 0x00, 0xc7, 0x45,
  0xfc, 0x00, 0x00, 0x00, 0x00, 0x8b, 0x45, 0xfc, 0x48, 0x83, 0xc4, 0x30,
  0x5d, 0xc3, 0x66, 0x90, 0x55, 0x48, 0x89, 0xe5, 0x48, 0x83, 0xec, 0x30,
  0x48, 0x89, 0x7d, 0xf0, 0x48, 0x89, 0x75, 0xe8, 0x48, 0x89, 0x55, 0xe0,
  0x48, 0x83, 0x7d, 0xf0, 0x00, 0x0f, 0x84, 0x0b, 0x00, 0x00, 0x00, 0x48,
  0x83, 0x7d, 0xe8, 0x00, 0x0f, 0x85, 0x0c, 0x00, 0x00, 0x00, 0xc7, 0x45,
  0xfc, 0xff, 0xff, 0xff, 0xff, 0xe9, 0x70, 0x00, 0x00, 0x00, 0x48, 0x8b,
  0x7d, 0xf0, 0x48, 0x8d, 0x35, 0xd2, 0xc5, 0x00, 0x00, 0xe8, 0xba, 0xa7,
  0x00, 0x00, 0x48, 0x89, 0x45, 0xd8, 0x48, 0x83, 0x7d, 0xd8, 0x00, 0x0f,
  0x85, 0x0c, 0x00, 0x00, 0x00, 0xc7, 0x45, 0xfc, 0xff, 0xff, 0xff, 0xff,
  0xe9, 0x45, 0x00, 0x00, 0x00, 0x48, 0x8b, 0x7d, 0xe8, 0x48, 0x8b, 0x55,
  0xe0, 0x48, 0x8b, 0x4d, 0xd8, 0xbe, 0x01, 0x00, 0x00, 0x00, 0xe8, 0xb9,
  0xa7, 0x00, 0x00, 0x48, 0x83, 0xf8, 0x00, 0x0f, 0x83, 0x15, 0x00, 0x00,
  0x00, 0x48, 0x8b, 0x7d, 0xd8, 0xe8, 0x96, 0xa7, 0x00, 0x00, 0xc7, 0x45,
  0xfc, 0xff, 0xff, 0xff, 0xff, 0xe9, 0x10, 0x00, 0x00, 0x00, 0x48, 0x8b,
  0x7d, 0xd8, 0xe8, 0x81, 0xa7, 0x00, 0x00, 0xc7, 0x45, 0xfc, 0x00, 0x00,
  0x00, 0x00, 0x8b, 0x45, 0xfc, 0x48, 0x83, 0xc4, 0x30, 0x5d, 0xc3, 0x90,
  0x55, 0x48, 0x89, 0xe5, 0x48, 0x83, 0xec, 0x10, 0x48, 0x89, 0x7d, 0xf0,
  0x48, 0x8b, 0x7d, 0xf0, 0x31, 0xf6, 0xe8, 0x79, 0xa7, 0x00, 0x00, 0x83,
  0xf8, 0x00, 0x0f, 0x85, 0x0c, 0x00, 0x00, 0x00, 0xc7, 0x45, 0xfc, 0x00,
  0x00, 0x00, 0x00, 0xe9, 0x07, 0x00, 0x00, 0x00, 0xc7, 0x45, 0xfc, 0x01,
  0x00, 0x00, 0x00, 0x8b, 0x45, 0xfc, 0x48, 0x83, 0xc4, 0x10, 0x5d, 0xc3,
  0x0f, 0x1f, 0x40, 0x00, 0x55, 0x48, 0x89, 0xe5, 0x48, 0x83, 0xec, 0x20,
  0x48, 0x89, 0x7d, 0xf0, 0x48, 0x8b, 0x7d, 0xf0, 0x48, 0x8d, 0x35, 0x84,
  0xdb, 0x00, 0x00, 0xe8, 0xf4, 0xa6, 0x00, 0x00, 0x48, 0x89, 0x45, 0xe8,
  0x48, 0x83, 0x7d, 0xe8, 0x00, 0x0f, 0x85, 0x0c, 0x00, 0x00, 0x00, 0xc7,
  0x45, 0xfc, 0x01, 0x00, 0x00, 0x00, 0xe9, 0x10, 0x00, 0x00, 0x00, 0x48,
  0x8b, 0x7d, 0xe8, 0xe8, 0xf0, 0xa6, 0x00, 0x00, 0xc7, 0x45, 0xfc, 0x00,
  0x00, 0x00, 0x00, 0x8b, 0x45, 0xfc, 0x48, 0x83, 0xc4, 0x20, 0x5d, 0xc3,
  0x55, 0x48, 0x89, 0xe5, 0x48, 0x81, 0xec, 0x20, 0x01, 0x00, 0x00, 0x48,
  0x89, 0x7d, 0xf8, 0x48, 0x8d, 0xbd, 0xf0, 0xfe, 0xff, 0xff, 0x31, 0xf6,
  0xba, 0x04, 0x01, 0x00, 0x00, 0xe8, 0x7e, 0xa6, 0x00, 0x00, 0x48, 0x8d,
  0xbd, 0xf0, 0xfe, 0xff, 0xff, 0x48, 0x8b, 0x4d, 0xf8, 0xbe, 0x04, 0x01,
  0x00, 0x00, 0x48, 0x8d, 0x15, 0xfb, 0xdd, 0x00, 0x00, 0xb0, 0x00, 0xe8,
  0xd0, 0xa6, 0x00, 0x00, 0x48, 0x8d, 0xbd, 0xf0, 0xfe, 0xff, 0xff, 0xe8,
  0x64, 0xff, 0xff, 0xff, 0x89, 0x85, 0xec, 0xfe, 0xff, 0xff, 0x4c, 0x8d,
  0x85, 0xf0, 0xfe, 0xff, 0xff, 0x44, 0x8b, 0x8d, 0xec, 0xfe, 0xff, 0xff,
  0x48, 0x8d, 0x3d, 0x6b, 0xdd, 0x00, 0x00, 0x48, 0x8d, 0x35, 0x47, 0xd0,
  0x00, 0x00, 0xba, 0x72, 0x00, 0x00, 0x00, 0x48, 0x8d, 0x0d, 0xb6, 0xc5,
  0x00, 0x00, 0xb0, 0x00, 0xe8, 0x9f, 0xa6, 0x00, 0x00, 0x8b, 0x85, 0xec,
  0xfe, 0xff, 0xff, 0x48, 0x81, 0xc4, 0x20, 0x01, 0x00, 0x00, 0x5d, 0xc3,
  0x55, 0x48, 0x89, 0xe5, 0x48, 0x81, 0xec, 0x20, 0x01, 0x00, 0x00, 0x48,
  0x89, 0x7d, 0xf8, 0x48, 0x8d, 0xbd, 0xf0, 0xfe, 0xff, 0xff, 0x31, 0xf6,
  0xba, 0x04, 0x01, 0x00, 0x00, 0xe8, 0xee, 0xa5, 0x00, 0x00, 0x48, 0x8d,
  0xbd, 0xf0, 0xfe, 0xff, 0xff, 0x48, 0x8b, 0x4d, 0xf8, 0xbe, 0x04, 0x01,
  0x00, 0x00, 0x48, 0x8d, 0x15, 0x6b, 0xdd, 0x00, 0x00, 0xb0, 0x00, 0xe8,
  0x40, 0xa6, 0x00, 0x00, 0x48, 0x8d, 0xbd, 0xf0, 0xfe, 0xff, 0xff, 0xe8,
  0x94, 0xfe, 0xff, 0xff, 0x89, 0x85, 0xec, 0xfe, 0xff, 0xff, 0x4c, 0x8d,
  0x85, 0xf0, 0xfe, 0xff, 0xff, 0x44, 0x8b, 0x8d, 0xec, 0xfe, 0xff, 0xff,
  0x48, 0x8d, 0x3d, 0xdb, 0xdc, 0x00, 0x00, 0x48, 0x8d, 0x35, 0xb7, 0xcf,
  0x00, 0x00, 0xba, 0x7b, 0x00, 0x00, 0x00, 0x48, 0x8d, 0x0d, 0x9c, 0xce,
  0x00, 0x00, 0xb0, 0x00, 0xe8, 0x0f, 0xa6, 0x00, 0x00, 0x8b, 0x85, 0xec,
  0xfe, 0xff, 0xff, 0x48, 0x81, 0xc4, 0x20, 0x01, 0x00, 0x00, 0x5d, 0xc3,
  0x55, 0x48, 0x89, 0xe5, 0x48, 0x83, 0xec, 0x30, 0x48, 0x89, 0x7d, 0xf0,
  0x48, 0x89, 0x75, 0xe8, 0x48, 0x8b, 0x7d, 0xf0, 0xe8, 0xf7, 0xa5, 0x00,
  0x00, 0x89, 0x45, 0xe4, 0x48, 0x8b, 0x7d, 0xe8, 0xe8, 0xeb, 0xa5, 0x00,
  0x00, 0x89, 0x45, 0xe0, 0x8b, 0x45, 0xe4, 0x3b, 0x45, 0xe0, 0x0f, 0x8d,
  0x0d, 0x00, 0x00, 0x00, 0x48, 0xc7, 0x45, 0xf8, 0x00, 0x00, 0x00, 0x00,
  0xe9, 0x85, 0x00, 0x00, 0x00, 0x8b, 0x4d, 0xe4, 0x2b, 0x4d, 0xe0, 0x48,
  0x8b, 0x45, 0xf0, 0x48, 0x63, 0xc9, 0x48, 0x01, 0xc8, 0x48, 0x89, 0x45,
  0xf0, 0x48, 0x8b, 0x45, 0xf0, 0x80, 0x38, 0x00, 0x0f, 0x84, 0x50, 0x00,
  0x00, 0x00, 0x48, 0x8b, 0x45, 0xf0, 0x48, 0x89, 0xc1, 0x48, 0x83, 0xc1,
  0x01, 0x48, 0x89, 0x4d, 0xf0, 0x0f, 0xbe, 0x38, 0xe8, 0xa7, 0xa5, 0x00,
  0x00, 0x89, 0x45, 0xdc, 0x48, 0x8b, 0x45, 0xe8, 0x48, 0x89, 0xc1, 0x48,
  0x83, 0xc1, 0x01, 0x48, 0x89, 0x4d, 0xe8, 0x0f, 0xbe, 0x38, 0xe8, 0x8d,
  0xa5, 0x00, 0x00, 0x89, 0xc1, 0x8b, 0x45, 0xdc, 0x39, 0xc8, 0x0f, 0x84,
  0x0d, 0x00, 0x00, 0x00, 0x48, 0xc7, 0x45, 0xf8, 0x00, 0x00, 0x00, 0x00,
  0xe9, 0x19, 0x00, 0x00, 0x00, 0xe9, 0xa3, 0xff, 0xff, 0xff, 0x48, 0x8b,
  0x45, 0xf0, 0x48, 0x63, 0x55, 0xe0, 0x31, 0xc9, 0x48, 0x29, 0xd1, 0x48,
  0x01, 0xc8, 0x48, 0x89, 0x45, 0xf8, 0x48, 0x8b, 0x45, 0xf8, 0x48, 0x83,
  0xc4, 0x30, 0x5d, 0xc3, 0x55, 0x48, 0x89, 0xe5, 0x48, 0x81, 0xec, 0xa0,
  0x04, 0x00, 0x00, 0x48, 0x89, 0x7d, 0xf0, 0x48, 0x8b, 0x7d, 0xf0, 0x48,
  0x8d, 0x35, 0xb7, 0xd2, 0x00, 0x00, 0xe8, 0xb1, 0xa4, 0x00, 0x00, 0x48,
  0x89, 0x45, 0xe8, 0x48, 0x83, 0x7d, 0xe8, 0x00, 0x0f, 0x85, 0x12, 0x00,
  0x00, 0x00, 0x48, 0x8b, 0x75, 0xf0, 0x48, 0x8d, 0x3d, 0x99, 0xd3, 0x00,
  0x00, 0xb0, 0x00, 0xe8, 0xf0, 0xa4, 0x00, 0x00, 0xbf, 0x20, 0x00, 0x00,
  0x00, 0xe8, 0x16, 0xa5, 0x00, 0x00, 0x48, 0x89, 0x45, 0xe0, 0x48, 0x83,
  0x7d, 0xe0, 0x00, 0x0f, 0x85, 0x0d, 0x00, 0x00, 0x00, 0x48, 0xc7, 0x45,
  0xf8, 0x00, 0x00, 0x00, 0x00, 0xe9, 0xd0, 0x04, 0x00, 0x00, 0x48, 0x8b,
  0x45, 0xe0, 0x48, 0xc7, 0x00, 0x00, 0x00, 0x00, 0x00, 0x48, 0x8b, 0x45,
  0xe0, 0x48, 0xc7, 0x40, 0x08, 0x00, 0x00, 0x00, 0x00, 0x48, 0x8b, 0x7d,
  0xf0, 0xe8, 0xba, 0xa4, 0x00, 0x00, 0x48, 0x89, 0xc7, 0x48, 0x83, 0xc7,
  0x01, 0xe8, 0xce, 0xa4, 0x00, 0x00, 0x48, 0x89, 0xc1, 0x48, 0x8b, 0x45,
  0xe0, 0x48, 0x89, 0x48, 0x10, 0x48, 0x8b, 0x45, 0xe0, 0x48, 0x8b, 0x78,
  0x10, 0x48, 0x8b, 0x75, 0xf0, 0xe8, 0xc2, 0xa4, 0x00, 0x00, 0x48, 0x8b,
  0x45, 0xe0, 0xc7, 0x40, 0x18, 0x00, 0x00, 0x00, 0x00, 0x48, 0x83, 0x7d,
  0xe8, 0x00, 0x0f, 0x85, 0x0d, 0x00, 0x00, 0x00, 0x48, 0x8b, 0x45, 0xe0,
  0x48, 0x89, 0x45, 0xf8, 0xe9, 0x65, 0x04, 0x00, 0x00, 0x48, 0xc7, 0x85,
  0xd8, 0xfb, 0xff, 0xff, 0x00, 0x00, 0x00, 0x00, 0x48, 0x8b, 0x45, 0xe0,
  0x48, 0x83, 0xc0, 0x08, 0x48, 0x89, 0x85, 0xd0, 0xfb, 0xff, 0xff, 0x48,
  0x8d, 0xbd, 0xe0, 0xfb, 0xff, 0xff, 0x48, 0x8b, 0x55, 0xe8, 0xbe, 0x00,
  0x04, 0x00, 0x00, 0xe8, 0x80, 0xa4, 0x00, 0x00, 0x48, 0x83, 0xf8, 0x00,
  0x0f, 0x84, 0x1b, 0x04, 0x00, 0x00, 0x48, 0x8d, 0xbd, 0xe0, 0xfb, 0xff,
  0xff, 0x48, 0x8d, 0x35, 0x4b, 0xcb, 0x00, 0x00, 0xe8, 0x73, 0xa4, 0x00,
  0x00, 0xc6, 0x84, 0x05, 0xe0, 0xfb, 0xff, 0xff, 0x00, 0x48, 0x8d, 0xbd,
  0xe0, 0xfb, 0xff, 0xff, 0xe8, 0x6f, 0xa4, 0x00, 0x00, 0x48, 0x89, 0x85,
  0xc8, 0xfb, 0xff, 0xff, 0x48, 0x8d, 0xbd, 0xe0, 0xfb, 0xff, 0xff, 0xe8,
  0x0c, 0x04, 0x00, 0x00, 0x48, 0x89, 0x85, 0xc0, 0xfb, 0xff, 0xff, 0x48,
  0x8b, 0x85, 0xc0, 0xfb, 0xff, 0xff, 0x0f, 0xbe, 0x00, 0x83, 0xf8, 0x3b,
  0x0f, 0x84, 0x13, 0x00, 0x00, 0x00, 0x48, 0x8b, 0x85, 0xc0, 0xfb, 0xff,
  0xff, 0x0f, 0xbe, 0x00, 0x83, 0xf8, 0x23, 0x0f, 0x85, 0x2f, 0x00, 0x00,
  0x00, 0x48, 0x8b, 0xbd, 0xc0, 0xfb, 0xff, 0xff, 0x48, 0x83, 0xc7, 0x01,
  0xe8, 0xcf, 0x03, 0x00, 0x00, 0x48, 0x89, 0x85, 0xb8, 0xfb, 0xff, 0xff,
  0x48, 0x8b, 0xbd, 0xd0, 0xfb, 0xff, 0xff, 0x48, 0x8b, 0xb5, 0xb8, 0xfb,
  0xff, 0xff, 0xe8, 0x95, 0x04, 0x00, 0x00, 0xe9, 0x74, 0x03, 0x00, 0x00,
  0x48, 0x8b, 0x85, 0xc0, 0xfb, 0xff, 0xff, 0x0f, 0xbe, 0x00, 0x83, 0xf8,
  0x00, 0x0f, 0x85, 0x18, 0x00, 0x00, 0x00, 0x48, 0x8b, 0xbd, 0xd0, 0xfb,
  0xff, 0xff, 0x48, 0x8d, 0x35, 0xa3, 0xc3, 0x00, 0x00, 0xe8, 0x6a, 0x04,
  0x00, 0x00, 0xe9, 0x44, 0x03, 0x00, 0x00, 0x48, 0x8b, 0x85, 0xc0, 0xfb,
  0xff, 0xff, 0x0f, 0xbe, 0x00, 0x83, 0xf8, 0x5b, 0x0f, 0x85, 0x69, 0x01,
  0x00, 0x00, 0x48, 0x8b, 0xbd, 0xc8, 0xfb, 0xff, 0xff, 0xe8, 0xb6, 0xa3,
  0x00, 0x00, 0x48, 0x89, 0x85, 0xb0, 0xfb, 0xff, 0xff, 0x48, 0x8b, 0xbd,
  0xb0, 0xfb, 0xff, 0xff, 0xbe, 0x3b, 0x00, 0x00, 0x00, 0xe8, 0xce, 0x04,
  0x00, 0x00, 0x48, 0x89, 0x85, 0xa8, 0xfb, 0xff, 0xff, 0x48, 0x83, 0xbd,
  0xa8, 0xfb, 0xff, 0xff, 0x00, 0x0f, 0x85, 0x18, 0x00, 0x00, 0x00, 0x48,
  0x8b, 0xbd, 0xb0, 0xfb, 0xff, 0xff, 0xbe, 0x23, 0x00, 0x00, 0x00, 0xe8,
  0xa8, 0x04, 0x00, 0x00, 0x48, 0x89, 0x85, 0xa8, 0xfb, 0xff, 0xff, 0x48,
  0x8b, 0xbd, 0xb0, 0xfb, 0xff, 0xff, 0xbe, 0x5d, 0x00, 0x00, 0x00, 0xe8,
  0x70, 0xa3, 0x00, 0x00, 0x48, 0x89, 0x85, 0xa0, 0xfb, 0xff, 0xff, 0x48,
  0x83, 0xbd, 0xa0, 0xfb, 0xff, 0xff, 0x00, 0x0f, 0x84, 0xe1, 0x00, 0x00,
  0x00, 0x48, 0x8b, 0x85, 0xa0, 0xfb, 0xff, 0xff, 0xc6, 0x00, 0x00, 0x48,
  0x8b, 0xbd, 0xb0, 0xfb, 0xff, 0xff, 0x48, 0x83, 0xc7, 0x01, 0xe8, 0xe1,
  0x02, 0x00, 0x00, 0x48, 0x89, 0x85, 0x98, 0xfb, 0xff, 0xff, 0x48, 0x8b,
  0x7d, 0xe0, 0x48, 0x8b, 0xb5, 0x98, 0xfb, 0xff, 0xff, 0xe8, 0x6a, 0x05,
  0x00, 0x00, 0x48, 0x89, 0x85, 0xd8, 0xfb, 0xff, 0xff, 0x48, 0x83, 0xbd,
  0xd8, 0xfb, 0xff, 0xff, 0x00, 0x0f, 0x84, 0x96, 0x00, 0x00, 0x00, 0x48,
  0x8b, 0x85, 0xd0, 0xfb, 0xff, 0xff, 0x48, 0x8b, 0x08, 0x48, 0x8b, 0x85,
  0xd8, 0xfb, 0xff, 0xff, 0x48, 0x89, 0x88, 0x00, 0x03, 0x00, 0x00, 0x48,
  0x8b, 0x85, 0xd0, 0xfb, 0xff, 0xff, 0x48, 0xc7, 0x00, 0x00, 0x00, 0x00,
  0x00, 0x48, 0x83, 0xbd, 0xa8, 0xfb, 0xff, 0xff, 0x00, 0x0f, 0x84, 0x40,
  0x00, 0x00, 0x00, 0x48, 0x8b, 0x85, 0xa8, 0xfb, 0xff, 0xff, 0x0f, 0xbe,
  0x00, 0x83, 0xf8, 0x00, 0x0f, 0x84, 0x2d, 0x00, 0x00, 0x00, 0x48, 0x8b,
  0xbd, 0xd8, 0xfb, 0xff, 0xff, 0x48, 0x81, 0xc7, 0x00, 0x01, 0x00, 0x00,
  0x48, 0x8b, 0xb5, 0xa8, 0xfb, 0xff, 0xff, 0xba, 0xff, 0x01, 0x00, 0x00,
  0xe8, 0xbf, 0xa2, 0x00, 0x00, 0x48, 0x8b, 0x85, 0xd8, 0xfb, 0xff, 0xff,
  0xc6, 0x80, 0xff, 0x02, 0x00, 0x00, 0x00, 0x48, 0x8b, 0x85, 0xd8, 0xfb,
  0xff, 0xff, 0x48, 0x05, 0x00, 0x03, 0x00, 0x00, 0x48, 0x89, 0x85, 0xd0,
  0xfb, 0xff, 0xff, 0x48, 0x8b, 0x85, 0xd0, 0xfb, 0xff, 0xff, 0x48, 0xc7,
  0x00, 0x00, 0x00, 0x00, 0x00, 0xe9, 0x00, 0x00, 0x00, 0x00, 0x48, 0x8b,
  0xbd, 0xb0, 0xfb, 0xff, 0xff, 0xe8, 0x8e, 0xa2, 0x00, 0x00, 0xe9, 0xc3,
  0x01, 0x00, 0x00, 0x48, 0x8b, 0xbd, 0xc8, 0xfb, 0xff, 0xff, 0xbe, 0x3d,
  0x00, 0x00, 0x00, 0xe8, 0x58, 0xa2, 0x00, 0x00, 0x48, 0x89, 0x85, 0x90,
  0xfb, 0xff, 0xff, 0x48, 0x83, 0xbd, 0x90, 0xfb, 0xff, 0xff, 0x00, 0x0f,
  0x84, 0x98, 0x01, 0x00, 0x00, 0x48, 0x83, 0xbd, 0xd8, 0xfb, 0xff, 0xff,
  0x00, 0x0f, 0x84, 0x8a, 0x01, 0x00, 0x00, 0x48, 0x8b, 0xbd, 0xc8, 0xfb,
  0xff, 0xff, 0xe8, 0x19, 0xa2, 0x00, 0x00, 0x48, 0x89, 0x85, 0x88, 0xfb,
  0xff, 0xff, 0x48, 0x8b, 0xbd, 0x88, 0xfb, 0xff, 0xff, 0xbe, 0x3b, 0x00,
  0x00, 0x00, 0xe8, 0x31, 0x03, 0x00, 0x00, 0x48, 0x89, 0x85, 0x80, 0xfb,
  0xff, 0xff, 0x48, 0x83, 0xbd, 0x80, 0xfb, 0xff, 0xff, 0x00, 0x0f, 0x85,
  0x18, 0x00, 0x00, 0x00, 0x48, 0x8b, 0xbd, 0x88, 0xfb, 0xff, 0xff, 0xbe,
  0x23, 0x00, 0x00, 0x00, 0xe8, 0x0b, 0x03, 0x00, 0x00, 0x48, 0x89, 0x85,
  0x80, 0xfb, 0xff, 0xff, 0x48, 0x8b, 0xbd, 0x88, 0xfb, 0xff, 0xff, 0xbe,
  0x3d, 0x00, 0x00, 0x00, 0xe8, 0xd3, 0xa1, 0x00, 0x00, 0x48, 0x89, 0x85,
  0x90, 0xfb, 0xff, 0xff, 0x48, 0x83, 0xbd, 0x90, 0xfb, 0xff, 0xff, 0x00,
  0x0f, 0x84, 0x07, 0x01, 0x00, 0x00, 0x48, 0x8b, 0x85, 0x90, 0xfb, 0xff,
  0xff, 0xc6, 0x00, 0x00, 0x48, 0x8b, 0xbd, 0x88, 0xfb, 0xff, 0xff, 0xe8,
  0x48, 0x01, 0x00, 0x00, 0x48, 0x89, 0x85, 0x78, 0xfb, 0xff, 0xff, 0x48,
  0x8b, 0xbd, 0x90, 0xfb, 0xff, 0xff, 0x48, 0x83, 0xc7, 0x01, 0xe8, 0x31,
  0x01, 0x00, 0x00, 0x48, 0x89, 0x85, 0x70, 0xfb, 0xff, 0xff, 0x48, 0x8b,
  0xbd, 0xd8, 0xfb, 0xff, 0xff, 0x48, 0x8b, 0xb5, 0x78, 0xfb, 0xff, 0xff,
  0xe8, 0x67, 0x04, 0x00, 0x00, 0x48, 0x89, 0x85, 0x68, 0xfb, 0xff, 0xff,
  0x48, 0x83, 0xbd, 0x68, 0xfb, 0xff, 0xff, 0x00, 0x0f, 0x84, 0xa6, 0x00,
  0x00, 0x00, 0x48, 0x8b, 0xbd, 0x68, 0xfb, 0xff, 0xff, 0x48, 0x81, 0xc7,
  0x00, 0x01, 0x00, 0x00, 0x48, 0x8b, 0xb5, 0x70, 0xfb, 0xff, 0xff, 0xba,
  0xff, 0x01, 0x00, 0x00, 0xe8, 0x53, 0xa1, 0x00, 0x00, 0x48, 0x8b, 0x85,
  0x68, 0xfb, 0xff, 0xff, 0xc6, 0x80, 0xff, 0x02, 0x00, 0x00, 0x00, 0x48,
  0x8b, 0x85, 0xd0, 0xfb, 0xff, 0xff, 0x48, 0x8b, 0x08, 0x48, 0x8b, 0x85,
  0x68, 0xfb, 0xff, 0xff, 0x48, 0x89, 0x88, 0x00, 0x05, 0x00, 0x00, 0x48,
  0x8b, 0x85, 0xd0, 0xfb, 0xff, 0xff, 0x48, 0xc7, 0x00, 0x00, 0x00, 0x00,
  0x00, 0x48, 0x83, 0xbd, 0x80, 0xfb, 0xff, 0xff, 0x00, 0x0f, 0x84, 0x40,
  0x00, 0x00, 0x00, 0x48, 0x8b, 0x85, 0x80, 0xfb, 0xff, 0xff, 0x0f, 0xbe,
  0x00, 0x83, 0xf8, 0x00, 0x0f, 0x84, 0x2d, 0x00, 0x00, 0x00, 0x48, 0x8b,
  0xbd, 0x68, 0xfb, 0xff, 0xff, 0x48, 0x81, 0xc7, 0x00, 0x03, 0x00, 0x00,
  0x48, 0x8b, 0xb5, 0x80, 0xfb, 0xff, 0xff, 0xba, 0xff, 0x01, 0x00, 0x00,
  0xe8, 0xdf, 0xa0, 0x00, 0x00, 0x48, 0x8b, 0x85, 0x68, 0xfb, 0xff, 0xff,
  0xc6, 0x80, 0xff, 0x04, 0x00, 0x00, 0x00, 0xe9, 0x00, 0x00, 0x00, 0x00,
  0xe9, 0x00, 0x00, 0x00, 0x00, 0x48, 0x8b, 0xbd, 0x88, 0xfb, 0xff, 0xff,
  0xe8, 0xcb, 0xa0, 0x00, 0x00, 0xe9, 0x00, 0x00, 0x00, 0x00, 0xe9, 0x00,
  0x00, 0x00, 0x00, 0xe9, 0x00, 0x00, 0x00, 0x00, 0x48, 0x8b, 0xbd, 0xc8,
  0xfb, 0xff, 0xff, 0xe8, 0xb0, 0xa0, 0x00, 0x00, 0xe9, 0xc6, 0xfb, 0xff,
  0xff, 0x48, 0x8b, 0x7d, 0xe8, 0xe8, 0xc2, 0x9f, 0x00, 0x00, 0x48, 0x8b,
  0x45, 0xe0, 0x48, 0x89, 0x45, 0xf8, 0x48, 0x8b, 0x45, 0xf8, 0x48, 0x81,
  0xc4, 0xa0, 0x04, 0x00, 0x00, 0x5d, 0xc3, 0x66, 0x66, 0x66, 0x66, 0x2e,
  0x0f, 0x1f, 0x84, 0x00, 0x00, 0x00, 0x00, 0x00, 0x55, 0x48, 0x89, 0xe5,
  0x48, 0x83, 0xec, 0x30, 0x48, 0x89, 0x7d, 0xf0, 0x48, 0x8b, 0x45, 0xf0,
  0x0f, 0xb6, 0x38, 0xe8, 0xa8, 0x11, 0x00, 0x00, 0x83, 0xf8, 0x00, 0x0f,
  0x84, 0x11, 0x00, 0x00, 0x00, 0x48, 0x8b, 0x45, 0xf0, 0x48, 0x83, 0xc0,
  0x01, 0x48, 0x89, 0x45, 0xf0, 0xe9, 0xda, 0xff, 0xff, 0xff, 0x48, 0x8b,
  0x45, 0xf0, 0x0f, 0xbe, 0x00, 0x83, 0xf8, 0x00, 0x0f, 0x85, 0x0d, 0x00,
  0x00, 0x00, 0x48, 0x8b, 0x45, 0xf0, 0x48, 0x89, 0x45, 0xf8, 0xe9, 0x7c,
  0x00, 0x00, 0x00, 0x48, 0x8b, 0x45, 0xf0, 0x48, 0x89, 0x45, 0xe0, 0x48,
  0x8b, 0x7d, 0xf0, 0xe8, 0x90, 0x9f, 0x00, 0x00, 0x48, 0x89, 0xc1, 0x48,
  0x8b, 0x45, 0xe0, 0x48, 0x01, 0xc8, 0x48, 0x83, 0xc0, 0xff, 0x48, 0x89,
  0x45, 0xe8, 0x48, 0x8b, 0x4d, 0xe8, 0x31, 0xc0, 0x48, 0x3b, 0x4d, 0xf0,
  0x88, 0x45, 0xdf, 0x0f, 0x86, 0x15, 0x00, 0x00, 0x00, 0x48, 0x8b, 0x45,
  0xe8, 0x0f, 0xb6, 0x38, 0xe8, 0x2f, 0x11, 0x00, 0x00, 0x83, 0xf8, 0x00,
  0x0f, 0x95, 0xc0, 0x88, 0x45, 0xdf, 0x8a, 0x45, 0xdf, 0xa8, 0x01, 0x0f,
  0x85, 0x05, 0x00, 0x00, 0x00, 0xe9, 0x11, 0x00, 0x00, 0x00, 0x48, 0x8b,
  0x45, 0xe8, 0x48, 0x83, 0xc0, 0xff, 0x48, 0x89, 0x45, 0xe8, 0xe9, 0xb7,
  0xff, 0xff, 0xff, 0x48, 0x8b, 0x45, 0xe8, 0xc6, 0x40, 0x01, 0x00, 0x48,
  0x8b, 0x45, 0xf0, 0x48, 0x89, 0x45, 0xf8, 0x48, 0x8b, 0x45, 0xf8, 0x48,
  0x83, 0xc4, 0x30, 0x5d, 0xc3, 0x66, 0x66, 0x2e, 0x0f, 0x1f, 0x84, 0x00,
  0x00, 0x00, 0x00, 0x00, 0x55, 0x48, 0x89, 0xe5, 0x48, 0x83, 0xec, 0x20,
  0x48, 0x89, 0x7d, 0xf8, 0x48, 0x89, 0x75, 0xf0, 0x48, 0x8b, 0x7d, 0xf0,
  0xe8, 0xf7, 0x10, 0x00, 0x00, 0x48, 0x89, 0x45, 0xe8, 0x48, 0x83, 0x7d,
  0xe8, 0x00, 0x0f, 0x85, 0x05, 0x00, 0x00, 0x00, 0xe9, 0x5e, 0x00, 0x00,
  0x00, 0x48, 0x8b, 0x45, 0xf8, 0x48, 0x83, 0x38, 0x00, 0x0f, 0x85, 0x10,
  0x00, 0x00, 0x00, 0x48, 0x8b, 0x4d, 0xe8, 0x48, 0x8b, 0x45, 0xf8, 0x48,
  0x89, 0x08, 0xe9, 0x40, 0x00, 0x00, 0x00, 0x48, 0x8b, 0x45, 0xf8, 0x48,
  0x8b, 0x00, 0x48, 0x89, 0x45, 0xe0, 0x48, 0x8b, 0x45, 0xe0, 0x48, 0x83,
  0xb8, 0x00, 0x02, 0x00, 0x00, 0x00, 0x0f, 0x84, 0x14, 0x00, 0x00, 0x00,
  0x48, 0x8b, 0x45, 0xe0, 0x48, 0x8b, 0x80, 0x00, 0x02, 0x00, 0x00, 0x48,
  0x89, 0x45, 0xe0, 0xe9, 0xda, 0xff, 0xff, 0xff, 0x48, 0x8b, 0x4d, 0xe8,
  0x48, 0x8b, 0x45, 0xe0, 0x48, 0x89, 0x88, 0x00, 0x02, 0x00, 0x00, 0x48,
  0x83, 0xc4, 0x20, 0x5d, 0xc3, 0x66, 0x66, 0x66, 0x66, 0x66, 0x66, 0x2e,
  0x0f, 0x1f, 0x84, 0x00, 0x00, 0x00, 0x00, 0x00, 0x55, 0x48, 0x89, 0xe5,
  0x48, 0x83, 0xec, 0x30, 0x40, 0x88, 0xf0, 0x48, 0x89, 0x7d, 0xf0, 0x88,
  0x45, 0xef, 0x48, 0x8b, 0x7d, 0xf0, 0x0f, 0xbe, 0x75, 0xef, 0xe8, 0xc1,
  0x9e, 0x00, 0x00, 0x48, 0x89, 0x45, 0xe0, 0x48, 0x83, 0x7d, 0xe0, 0x00,
  0x0f, 0x85, 0x0d, 0x00, 0x00, 0x00, 0x48, 0xc7, 0x45, 0xf8, 0x00, 0x00,
  0x00, 0x00, 0xe9, 0xd6, 0x00, 0x00, 0x00, 0xc7, 0x45, 0xdc, 0x00, 0x00,
  0x00, 0x00, 0x48, 0x8b, 0x45, 0xf0, 0x48, 0x89, 0x45, 0xd0, 0x48, 0x8b,
  0x45, 0xd0, 0x48, 0x3b, 0x45, 0xe0, 0x0f, 0x83, 0x8a, 0x00, 0x00, 0x00,
  0x48, 0x8b, 0x45, 0xd0, 0x0f, 0xbe, 0x00, 0x83, 0xf8, 0x22, 0x0f, 0x84,
  0x10, 0x00, 0x00, 0x00, 0x48, 0x8b, 0x45, 0xd0, 0x0f, 0xbe, 0x00, 0x83,
  0xf8, 0x27, 0x0f, 0x85, 0x16, 0x00, 0x00, 0x00, 0x83, 0x7d, 0xdc, 0x00,
  0x0f, 0x95, 0xc0, 0x34, 0xff, 0x24, 0x01, 0x0f, 0xb6, 0xc0, 0x89, 0x45,
  0xdc, 0xe9, 0x43, 0x00, 0x00, 0x00, 0x48, 0x8b, 0x45, 0xd0, 0x0f, 0xbe,
  0x00, 0x83, 0xf8, 0x5c, 0x0f, 0x85, 0x2e, 0x00, 0x00, 0x00, 0x48, 0x8b,
  0x45, 0xd0, 0x0f, 0xbe, 0x40, 0x01, 0x83, 0xf8, 0x22, 0x0f, 0x84, 0x11,
  0x00, 0x00, 0x00, 0x48, 0x8b, 0x45, 0xd0, 0x0f, 0xbe, 0x40, 0x01, 0x83,
  0xf8, 0x27, 0x0f, 0x85, 0x0c, 0x00, 0x00, 0x00, 0x48, 0x8b, 0x45, 0xd0,
  0x48, 0x83, 0xc0, 0x01, 0x48, 0x89, 0x45, 0xd0, 0xe9, 0x00, 0x00, 0x00,
  0x00, 0x48, 0x8b, 0x45, 0xd0, 0x48, 0x83, 0xc0, 0x01, 0x48, 0x89, 0x45,
  0xd0, 0xe9, 0x68, 0xff, 0xff, 0xff, 0x83, 0x7d, 0xdc, 0x00, 0x0f, 0x84,
  0x0d, 0x00, 0x00, 0x00, 0x48, 0xc7, 0x45, 0xf8, 0x00, 0x00, 0x00, 0x00,
  0xe9, 0x18, 0x00, 0x00, 0x00, 0x48, 0x8b, 0x45, 0xe0, 0xc6, 0x00, 0x00,
  0x48, 0x8b, 0x7d, 0xe0, 0x48, 0x83, 0xc7, 0x01, 0xe8, 0x73, 0xfd, 0xff,
  0xff, 0x48, 0x89, 0x45, 0xf8, 0x48, 0x8b, 0x45, 0xf8, 0x48, 0x83, 0xc4,
  0x30, 0x5d, 0xc3, 0x0f, 0x1f, 0x44, 0x00, 0x00, 0x55, 0x48, 0x89, 0xe5,
  0x48, 0x83, 0xec, 0x20, 0x48, 0x89, 0x7d, 0xf0, 0x48, 0x89, 0x75, 0xe8,
  0xbf, 0x18, 0x03, 0x00, 0x00, 0xe8, 0x56, 0x9d, 0x00, 0x00, 0x48, 0x89,
  0x45, 0xe0, 0x48, 0x83, 0x7d, 0xe0, 0x00, 0x0f, 0x85, 0x0d, 0x00, 0x00,
  0x00, 0x48, 0xc7, 0x45, 0xf8, 0x00, 0x00, 0x00, 0x00, 0xe9, 0x6b, 0x00,
  0x00, 0x00, 0x48, 0x8b, 0x7d, 0xe0, 0x48, 0x8b, 0x75, 0xe8, 0xba, 0xff,
  0x00, 0x00, 0x00, 0xe8, 0x88, 0x9d, 0x00, 0x00, 0x48, 0x8b, 0x45, 0xe0,
  0xc6, 0x80, 0xff, 0x00, 0x00, 0x00, 0x00, 0x48, 0x8b, 0x45, 0xe0, 0xc6,
  0x80, 0x00, 0x01, 0x00, 0x00, 0x00, 0x48, 0x8b, 0x45, 0xe0, 0x48, 0xc7,
  0x80, 0x00, 0x03, 0x00, 0x00, 0x00, 0x00, 0x00, 0x00, 0x48, 0x8b, 0x45,
  0xe0, 0x48, 0xc7, 0x80, 0x08, 0x03, 0x00, 0x00, 0x00, 0x00, 0x00, 0x00,
  0x48, 0x8b, 0x45, 0xf0, 0x48, 0x8b, 0x08, 0x48, 0x8b, 0x45, 0xe0, 0x48,
  0x89, 0x88, 0x10, 0x03, 0x00, 0x00, 0x48, 0x8b, 0x4d, 0xe0, 0x48, 0x8b,
  0x45, 0xf0, 0x48, 0x89, 0x08, 0x48, 0x8b, 0x45, 0xe0, 0x48, 0x89, 0x45,
  0xf8, 0x48, 0x8b, 0x45, 0xf8, 0x48, 0x83, 0xc4, 0x20, 0x5d, 0xc3, 0x0f,
  0x1f, 0x44, 0x00, 0x00, 0x55, 0x48, 0x89, 0xe5, 0x48, 0x83, 0xec, 0x20,
  0x48, 0x89, 0x7d, 0xf0, 0x48, 0x89, 0x75, 0xe8, 0xbf, 0x10, 0x05, 0x00,
  0x00, 0xe8, 0xa6, 0x9c, 0x00, 0x00, 0x48, 0x89, 0x45, 0xe0, 0x48, 0x83,
  0x7d, 0xe0, 0x00, 0x0f, 0x85, 0x0d, 0x00, 0x00, 0x00, 0x48, 0xc7, 0x45,
  0xf8, 0x00, 0x00, 0x00, 0x00, 0xe9, 0x6f, 0x00, 0x00, 0x00, 0x48, 0x8b,
  0x7d, 0xe0, 0x48, 0x8b, 0x75, 0xe8, 0xba, 0xff, 0x00, 0x00, 0x00, 0xe8,
  0xd8, 0x9c, 0x00, 0x00, 0x48, 0x8b, 0x45, 0xe0, 0xc6, 0x80, 0xff, 0x00,
  0x00, 0x00, 0x00, 0x48, 0x8b, 0x45, 0xe0, 0xc6, 0x80, 0x00, 0x01, 0x00,
  0x00, 0x00, 0x48, 0x8b, 0x45, 0xe0, 0xc6, 0x80, 0x00, 0x03, 0x00, 0x00,
  0x00, 0x48, 0x8b, 0x45, 0xe0, 0x48, 0xc7, 0x80, 0x00, 0x05, 0x00, 0x00,
  0x00, 0x00, 0x00, 0x00, 0x48, 0x8b, 0x45, 0xf0, 0x48, 0x8b, 0x88, 0x08,
  0x03, 0x00, 0x00, 0x48, 0x8b, 0x45, 0xe0, 0x48, 0x89, 0x88, 0x08, 0x05,
  0x00, 0x00, 0x48, 0x8b, 0x4d, 0xe0, 0x48, 0x8b, 0x45, 0xf0, 0x48, 0x89,
  0x88, 0x08, 0x03, 0x00, 0x00, 0x48, 0x8b, 0x45, 0xe0, 0x48, 0x89, 0x45,
  0xf8, 0x48, 0x8b, 0x45, 0xf8, 0x48, 0x83, 0xc4, 0x20, 0x5d, 0xc3, 0x90,
  0x55, 0x48, 0x89, 0xe5, 0x48, 0x83, 0xec, 0x30, 0x48, 0x89, 0x7d, 0xf8,
  0x48, 0x83, 0x7d, 0xf8, 0x00, 0x0f, 0x85, 0x05, 0x00, 0x00, 0x00, 0xe9,
  0xbd, 0x00, 0x00, 0x00, 0x48, 0x8b, 0x45, 0xf8, 0x48, 0x8b, 0x78, 0x08,
  0xe8, 0xb7, 0x00, 0x00, 0x00, 0x48, 0x8b, 0x45, 0xf8, 0x48, 0x8b, 0x00,
  0x48, 0x89, 0x45, 0xf0, 0x48, 0x83, 0x7d, 0xf0, 0x00, 0x0f, 0x84, 0x84,
  0x00, 0x00, 0x00, 0x48, 0x8b, 0x45, 0xf0, 0x48, 0x8b, 0xb8, 0x00, 0x03,
  0x00, 0x00, 0xe8, 0x91, 0x00, 0x00, 0x00, 0x48, 0x8b, 0x45, 0xf0, 0x48,
  0x8b, 0x80, 0x08, 0x03, 0x00, 0x00, 0x48, 0x89, 0x45, 0xe8, 0x48, 0x83,
  0x7d, 0xe8, 0x00, 0x0f, 0x84, 0x35, 0x00, 0x00, 0x00, 0x48, 0x8b, 0x45,
  0xe8, 0x48, 0x8b, 0xb8, 0x00, 0x05, 0x00, 0x00, 0xe8, 0x67, 0x00, 0x00,
  0x00, 0x48, 0x8b, 0x45, 0xe8, 0x48, 0x8b, 0x80, 0x08, 0x05, 0x00, 0x00,
  0x48, 0x89, 0x45, 0xe0, 0x48, 0x8b, 0x7d, 0xe8, 0xe8, 0xef, 0x9b, 0x00,
  0x00, 0x48, 0x8b, 0x45, 0xe0, 0x48, 0x89, 0x45, 0xe8, 0xe9, 0xc0, 0xff,
  0xff, 0xff, 0x48, 0x8b, 0x45, 0xf0, 0x48, 0x8b, 0x80, 0x10, 0x03, 0x00,
  0x00, 0x48, 0x89, 0x45, 0xd8, 0x48, 0x8b, 0x7d, 0xf0, 0xe8, 0xca, 0x9b,
  0x00, 0x00, 0x48, 0x8b, 0x45, 0xd8, 0x48, 0x89, 0x45, 0xf0, 0xe9, 0x71,
  0xff, 0xff, 0xff, 0x48, 0x8b, 0x45, 0xf8, 0x48, 0x8b, 0x78, 0x10, 0xe8,
  0xb0, 0x9b, 0x00, 0x00, 0x48, 0x8b, 0x7d, 0xf8, 0xe8, 0xa7, 0x9b, 0x00,
  0x00, 0x48, 0x83, 0xc4, 0x30, 0x5d, 0xc3, 0x90, 0x55, 0x48, 0x89, 0xe5,
  0x48, 0x83, 0xec, 0x10, 0x48, 0x89, 0x7d, 0xf8, 0x48, 0x83, 0x7d, 0xf8,
  0x00, 0x0f, 0x84, 0x25, 0x00, 0x00, 0x00, 0x48, 0x8b, 0x45, 0xf8, 0x48,
  0x8b, 0x80, 0x00, 0x02, 0x00, 0x00, 0x48, 0x89, 0x45, 0xf0, 0x48, 0x8b,
  0x7d, 0xf8, 0xe8, 0x71, 0x9b, 0x00, 0x00, 0x48, 0x8b, 0x45, 0xf0, 0x48,
  0x89, 0x45, 0xf8, 0xe9, 0xd0, 0xff, 0xff, 0xff, 0x48, 0x83, 0xc4, 0x10,
  0x5d, 0xc3, 0x66, 0x66, 0x66, 0x66, 0x66, 0x2e, 0x0f, 0x1f, 0x84, 0x00,
  0x00, 0x00, 0x00, 0x00, 0x55, 0x48, 0x89, 0xe5, 0x48, 0x83, 0xec, 0x30,
  0x48, 0x89, 0x7d, 0xf0, 0x48, 0x83, 0x7d, 0xf0, 0x00, 0x0f, 0x84, 0x0f,
  0x00, 0x00, 0x00, 0x48, 0x8b, 0x45, 0xf0, 0x48, 0x83, 0x78, 0x10, 0x00,
  0x0f, 0x85, 0x0c, 0x00, 0x00, 0x00, 0xc7, 0x45, 0xfc, 0x00, 0x00, 0x00,
  0x00, 0xe9, 0xbd, 0x02, 0x00, 0x00, 0x48, 0x8b, 0x45, 0xf0, 0x48, 0x8b,
  0x78, 0x10, 0x48, 0x8d, 0x35, 0x9a, 0xce, 0x00, 0x00, 0xe8, 0x0a, 0x9a,
  0x00, 0x00, 0x48, 0x89, 0x45, 0xe8, 0x48, 0x83, 0x7d, 0xe8, 0x00, 0x0f,
  0x85, 0x0c, 0x00, 0x00, 0x00, 0xc7, 0x45, 0xfc, 0x00, 0x00, 0x00, 0x00,
  0xe9, 0x8e, 0x02, 0x00, 0x00, 0x48, 0x8b, 0x45, 0xf0, 0x48, 0x8b, 0x40,
  0x08, 0x48, 0x89, 0x45, 0xe0, 0x48, 0x83, 0x7d, 0xe0, 0x00, 0x0f, 0x84,
  0x54, 0x00, 0x00, 0x00, 0x48, 0x8b, 0x7d, 0xe0, 0xe8, 0x3f, 0x9a, 0x00,
  0x00, 0x48, 0x83, 0xf8, 0x00, 0x0f, 0x85, 0x17, 0x00, 0x00, 0x00, 0x48,
  0x8b, 0x7d, 0xe8, 0x48, 0x8d, 0x35, 0x31, 0xc6, 0x00, 0x00, 0xb0, 0x00,
  0xe8, 0xc3, 0x9a, 0x00, 0x00, 0xe9, 0x16, 0x00, 0x00, 0x00, 0x48, 0x8b,
  0x7d, 0xe8, 0x48, 0x8b, 0x55, 0xe0, 0x48, 0x8d, 0x35, 0xb5, 0xb7, 0x00,
  0x00, 0xb0, 0x00, 0xe8, 0xa8, 0x9a, 0x00, 0x00, 0x48, 0x8b, 0x45, 0xe0,
  0x48, 0x8b, 0x80, 0x00, 0x02, 0x00, 0x00, 0x48, 0x89, 0x45, 0xe0, 0xe9,
  0xa1, 0xff, 0xff, 0xff, 0x48, 0x8b, 0x45, 0xf0, 0x48, 0x8b, 0x00, 0x48,
  0x89, 0x45, 0xd8, 0x48, 0x83, 0x7d, 0xd8, 0x00, 0x0f, 0x84, 0xf2, 0x01,
  0x00, 0x00, 0x48, 0x8b, 0x45, 0xd8, 0x48, 0x8b, 0x80, 0x00, 0x03, 0x00,
  0x00, 0x48, 0x89, 0x45, 0xe0, 0x48, 0x83, 0x7d, 0xe0, 0x00, 0x0f, 0x84,
  0x54, 0x00, 0x00, 0x00, 0x48, 0x8b, 0x7d, 0xe0, 0xe8, 0xbb, 0x99, 0x00,
  0x00, 0x48, 0x83, 0xf8, 0x00, 0x0f, 0x85, 0x17, 0x00, 0x00, 0x00, 0x48,
  0x8b, 0x7d, 0xe8, 0x48, 0x8d, 0x35, 0xad, 0xc5, 0x00, 0x00, 0xb0, 0x00,
  0xe8, 0x3f, 0x9a, 0x00, 0x00, 0xe9, 0x16, 0x00, 0x00, 0x00, 0x48, 0x8b,
  0x7d, 0xe8, 0x48, 0x8b, 0x55, 0xe0, 0x48, 0x8d, 0x35, 0x31, 0xb7, 0x00,
  0x00, 0xb0, 0x00, 0xe8, 0x24, 0x9a, 0x00, 0x00, 0x48, 0x8b, 0x45, 0xe0,
  0x48, 0x8b, 0x80, 0x00, 0x02, 0x00, 0x00, 0x48, 0x89, 0x45, 0xe0, 0xe9,
  0xa1, 0xff, 0xff, 0xff, 0x48, 0x8b, 0x7d, 0xd8, 0x48, 0x81, 0xc7, 0x00,
  0x01, 0x00, 0x00, 0xe8, 0x60, 0x99, 0x00, 0x00, 0x48, 0x83, 0xf8, 0x00,
  0x0f, 0x86, 0x26, 0x00, 0x00, 0x00, 0x48, 0x8b, 0x7d, 0xe8, 0x48, 0x8b,
  0x55, 0xd8, 0x48, 0x8b, 0x4d, 0xd8, 0x48, 0x81, 0xc1, 0x00, 0x01, 0x00,
  0x00, 0x48, 0x8d, 0x35, 0xef, 0xc5, 0x00, 0x00, 0xb0, 0x00, 0xe8, 0xd5,
  0x99, 0x00, 0x00, 0xe9, 0x16, 0x00, 0x00, 0x00, 0x48, 0x8b, 0x7d, 0xe8,
  0x48, 0x8b, 0x55, 0xd8, 0x48, 0x8d, 0x35, 0xe9, 0xc1, 0x00, 0x00, 0xb0,
  0x00, 0xe8, 0xba, 0x99, 0x00, 0x00, 0x48, 0x8b, 0x45, 0xd8, 0x48, 0x8b,
  0x80, 0x08, 0x03, 0x00, 0x00, 0x48, 0x89, 0x45, 0xd0, 0x48, 0x83, 0x7d,
  0xd0, 0x00, 0x0f, 0x84, 0xee, 0x00, 0x00, 0x00, 0x48, 0x8b, 0x45, 0xd0,
  0x48, 0x8b, 0x80, 0x00, 0x05, 0x00, 0x00, 0x48, 0x89, 0x45, 0xe0, 0x48,
  0x83, 0x7d, 0xe0, 0x00, 0x0f, 0x84, 0x54, 0x00, 0x00, 0x00, 0x48, 0x8b,
  0x7d, 0xe0, 0xe8, 0xdd, 0x98, 0x00, 0x00, 0x48, 0x83, 0xf8, 0x00, 0x0f,
  0x85, 0x17, 0x00, 0x00, 0x00, 0x48, 0x8b, 0x7d, 0xe8, 0x48, 0x8d, 0x35,
  0xcf, 0xc4, 0x00, 0x00, 0xb0, 0x00, 0xe8, 0x61, 0x99, 0x00, 0x00, 0xe9,
  0x16, 0x00, 0x00, 0x00, 0x48, 0x8b, 0x7d, 0xe8, 0x48, 0x8b, 0x55, 0xe0,
  0x48, 0x8d, 0x35, 0x53, 0xb6, 0x00, 0x00, 0xb0, 0x00, 0xe8, 0x46, 0x99,
  0x00, 0x00, 0x48, 0x8b, 0x45, 0xe0, 0x48, 0x8b, 0x80, 0x00, 0x02, 0x00,
  0x00, 0x48, 0x89, 0x45, 0xe0, 0xe9, 0xa1, 0xff, 0xff, 0xff, 0x48, 0x8b,
  0x7d, 0xd0, 0x48, 0x81, 0xc7, 0x00, 0x03, 0x00, 0x00, 0xe8, 0x82, 0x98,
  0x00, 0x00, 0x48, 0x83, 0xf8, 0x00, 0x0f, 0x86, 0x31, 0x00, 0x00, 0x00,
  0x48, 0x8b, 0x7d, 0xe8, 0x48, 0x8b, 0x55, 0xd0, 0x48, 0x8b, 0x4d, 0xd0,
  0x48, 0x81, 0xc1, 0x00, 0x01, 0x00, 0x00, 0x4c, 0x8b, 0x45, 0xd0, 0x49,
  0x81, 0xc0, 0x00, 0x03, 0x00, 0x00, 0x48, 0x8d, 0x35, 0x77, 0xcd, 0x00,
  0x00, 0xb0, 0x00, 0xe8, 0xec, 0x98, 0x00, 0x00, 0xe9, 0x21, 0x00, 0x00,
  0x00, 0x48, 0x8b, 0x7d, 0xe8, 0x48, 0x8b, 0x55, 0xd0, 0x48, 0x8b, 0x4d,
  0xd0, 0x48, 0x81, 0xc1, 0x00, 0x01, 0x00, 0x00, 0x48, 0x8d, 0x35, 0x38,
  0xb7, 0x00, 0x00, 0xb0, 0x00, 0xe8, 0xc6, 0x98, 0x00, 0x00, 0x48, 0x8b,
  0x45, 0xd0, 0x48, 0x8b, 0x80, 0x08, 0x05, 0x00, 0x00, 0x48, 0x89, 0x45,
  0xd0, 0xe9, 0x07, 0xff, 0xff, 0xff, 0x48, 0x8b, 0x7d, 0xe8, 0x48, 0x8d,
  0x35, 0x0e, 0xc4, 0x00, 0x00, 0xb0, 0x00, 0xe8, 0xa0, 0x98, 0x00, 0x00,
  0x48, 0x8b, 0x45, 0xd8, 0x48, 0x8b, 0x80, 0x10, 0x03, 0x00, 0x00, 0x48,
  0x89, 0x45, 0xd8, 0xe9, 0x03, 0xfe, 0xff, 0xff, 0x48, 0x8b, 0x7d, 0xe8,
  0xe8, 0x93, 0x97, 0x00, 0x00, 0x48, 0x8b, 0x45, 0xf0, 0xc7, 0x40, 0x18,
  0x00, 0x00, 0x00, 0x00, 0xc7, 0x45, 0xfc, 0x01, 0x00, 0x00, 0x00, 0x8b,
  0x45, 0xfc, 0x48, 0x83, 0xc4, 0x30, 0x5d, 0xc3, 0x0f, 0x1f, 0x84, 0x00,
  0x00, 0x00, 0x00, 0x00, 0x55, 0x48, 0x89, 0xe5, 0x48, 0x83, 0xec, 0x30,
  0x48, 0x89, 0x7d, 0xf0, 0x48, 0x89, 0x75, 0xe8, 0x48, 0x89, 0x55, 0xe0,
  0x48, 0x83, 0x7d, 0xf0, 0x00, 0x0f, 0x85, 0x0d, 0x00, 0x00, 0x00, 0x48,
  0xc7, 0x45, 0xf8, 0x00, 0x00, 0x00, 0x00, 0xe9, 0x60, 0x00, 0x00, 0x00,
  0x48, 0x8b, 0x7d, 0xf0, 0x48, 0x8b, 0x75, 0xe8, 0xe8, 0x67, 0x00, 0x00,
  0x00, 0x48, 0x89, 0x45, 0xd8, 0x48, 0x83, 0x7d, 0xd8, 0x00, 0x0f, 0x85,
  0x0d, 0x00, 0x00, 0x00, 0x48, 0xc7, 0x45, 0xf8, 0x00, 0x00, 0x00, 0x00,
  0xe9, 0x37, 0x00, 0x00, 0x00, 0x48, 0x8b, 0x7d, 0xd8, 0x48, 0x8b, 0x75,
  0xe0, 0xe8, 0xae, 0x00, 0x00, 0x00, 0x48, 0x89, 0x45, 0xd0, 0x48, 0x83,
  0x7d, 0xd0, 0x00, 0x0f, 0x85, 0x0d, 0x00, 0x00, 0x00, 0x48, 0xc7, 0x45,
  0xf8, 0x00, 0x00, 0x00, 0x00, 0xe9, 0x0e, 0x00, 0x00, 0x00, 0x48, 0x8b,
  0x45, 0xd0, 0x48, 0x05, 0x00, 0x01, 0x00, 0x00, 0x48, 0x89, 0x45, 0xf8,
  0x48, 0x8b, 0x45, 0xf8, 0x48, 0x83, 0xc4, 0x30, 0x5d, 0xc3, 0x66, 0x2e,
  0x0f, 0x1f, 0x84, 0x00, 0x00, 0x00, 0x00, 0x00, 0x55, 0x48, 0x89, 0xe5,
  0x48, 0x83, 0xec, 0x20, 0x48, 0x89, 0x7d, 0xf0, 0x48, 0x89, 0x75, 0xe8,
  0x48, 0x8b, 0x45, 0xf0, 0x48, 0x8b, 0x00, 0x48, 0x89, 0x45, 0xe0, 0x48,
  0x83, 0x7d, 0xe0, 0x00, 0x0f, 0x84, 0x37, 0x00, 0x00, 0x00, 0x48, 0x8b,
  0x7d, 0xe0, 0x48, 0x8b, 0x75, 0xe8, 0xe8, 0x9d, 0x97, 0x00, 0x00, 0x83,
  0xf8, 0x00, 0x0f, 0x85, 0x0d, 0x00, 0x00, 0x00, 0x48, 0x8b, 0x45, 0xe0,
  0x48, 0x89, 0x45, 0xf8, 0xe9, 0x1c, 0x00, 0x00, 0x00, 0x48, 0x8b, 0x45,
  0xe0, 0x48, 0x8b, 0x80, 0x10, 0x03, 0x00, 0x00, 0x48, 0x89, 0x45, 0xe0,
  0xe9, 0xbe, 0xff, 0xff, 0xff, 0x48, 0xc7, 0x45, 0xf8, 0x00, 0x00, 0x00,
  0x00, 0x48, 0x8b, 0x45, 0xf8, 0x48, 0x83, 0xc4, 0x20, 0x5d, 0xc3, 0x90,
  0x55, 0x48, 0x89, 0xe5, 0x48, 0x83, 0xec, 0x20, 0x48, 0x89, 0x7d, 0xf0,
  0x48, 0x89, 0x75, 0xe8, 0x48, 0x8b, 0x45, 0xf0, 0x48, 0x8b, 0x80, 0x08,
  0x03, 0x00, 0x00, 0x48, 0x89, 0x45, 0xe0, 0x48, 0x83, 0x7d, 0xe0, 0x00,
  0x0f, 0x84, 0x37, 0x00, 0x00, 0x00, 0x48, 0x8b, 0x7d, 0xe0, 0x48, 0x8b,
  0x75, 0xe8, 0xe8, 0x29, 0x97, 0x00, 0x00, 0x83, 0xf8, 0x00, 0x0f, 0x85,
  0x0d, 0x00, 0x00, 0x00, 0x48, 0x8b, 0x45, 0xe0, 0x48, 0x89, 0x45, 0xf8,
  0xe9, 0x1c, 0x00, 0x00, 0x00, 0x48, 0x8b, 0x45, 0xe0, 0x48, 0x8b, 0x80,
  0x08, 0x05, 0x00, 0x00, 0x48, 0x89, 0x45, 0xe0, 0xe9, 0xbe, 0xff, 0xff,
  0xff, 0x48, 0xc7, 0x45, 0xf8, 0x00, 0x00, 0x00, 0x00, 0x48, 0x8b, 0x45,
  0xf8, 0x48, 0x83, 0xc4, 0x20, 0x5d, 0xc3, 0x66, 0x66, 0x66, 0x66, 0x2e,
  0x0f, 0x1f, 0x84, 0x00, 0x00, 0x00, 0x00, 0x00, 0x55, 0x48, 0x89, 0xe5,
  0x48, 0x83, 0xec, 0x20, 0x48, 0x89, 0x7d, 0xf8, 0x48, 0x89, 0x75, 0xf0,
  0x48, 0x89, 0x55, 0xe8, 0x48, 0x89, 0x4d, 0xe0, 0x48, 0x8b, 0x7d, 0xf8,
  0x48, 0x8b, 0x75, 0xf0, 0x48, 0x8b, 0x55, 0xe8, 0x48, 0x8b, 0x4d, 0xe0,
  0x31, 0xc0, 0x41, 0x89, 0xc0, 0xe8, 0x0e, 0x00, 0x00, 0x00, 0x48, 0x83,
  0xc4, 0x20, 0x5d, 0xc3, 0x0f, 0x1f, 0x84, 0x00, 0x00, 0x00, 0x00, 0x00,
  0x55, 0x48, 0x89, 0xe5, 0x48, 0x83, 0xec, 0x40, 0x48, 0x89, 0x7d, 0xf0,
  0x48, 0x89, 0x75, 0xe8, 0x48, 0x89, 0x55, 0xe0, 0x48, 0x89, 0x4d, 0xd8,
  0x4c, 0x89, 0x45, 0xd0, 0x48, 0x83, 0x7d, 0xf0, 0x00, 0x0f, 0x84, 0x21,
  0x00, 0x00, 0x00, 0x48, 0x83, 0x7d, 0xe8, 0x00, 0x0f, 0x84, 0x16, 0x00,
  0x00, 0x00, 0x48, 0x83, 0x7d, 0xe0, 0x00, 0x0f, 0x84, 0x0b, 0x00, 0x00,
  0x00, 0x48, 0x83, 0x7d, 0xd8, 0x00, 0x0f, 0x85, 0x0c, 0x00, 0x00, 0x00,
  0xc7, 0x45, 0xfc, 0x00, 0x00, 0x00, 0x00, 0xe9, 0xf7, 0x00, 0x00, 0x00,
  0x48, 0x8b, 0x7d, 0xf0, 0x48, 0x8b, 0x75, 0xe8, 0xe8, 0x6f, 0xfe, 0xff,
  0xff, 0x48, 0x89, 0x45, 0xc8, 0x48, 0x83, 0x7d, 0xc8, 0x00, 0x0f, 0x85,
  0x2d, 0x00, 0x00, 0x00, 0x48, 0x8b, 0x7d, 0xf0, 0x48, 0x8b, 0x75, 0xe8,
  0xe8, 0x23, 0xf8, 0xff, 0xff, 0x48, 0x89, 0x45, 0xc8, 0x48, 0x83, 0x7d,
  0xc8, 0x00, 0x0f, 0x85, 0x0c, 0x00, 0x00, 0x00, 0xc7, 0x45, 0xfc, 0x00,
  0x00, 0x00, 0x00, 0xe9, 0xb3, 0x00, 0x00, 0x00, 0xe9, 0x00, 0x00, 0x00,
  0x00, 0x48, 0x8b, 0x7d, 0xc8, 0x48, 0x8b, 0x75, 0xe0, 0xe8, 0x96, 0xfe,
  0xff, 0xff, 0x48, 0x89, 0x45, 0xc0, 0x48, 0x83, 0x7d, 0xc0, 0x00, 0x0f,
  0x85, 0x2d, 0x00, 0x00, 0x00, 0x48, 0x8b, 0x7d, 0xc8, 0x48, 0x8b, 0x75,
  0xe0, 0xe8, 0x8a, 0xf8, 0xff, 0xff, 0x48, 0x89, 0x45, 0xc0, 0x48, 0x83,
  0x7d, 0xc0, 0x00, 0x0f, 0x85, 0x0c, 0x00, 0x00, 0x00, 0xc7, 0x45, 0xfc,
  0x00, 0x00, 0x00, 0x00, 0xe9, 0x6a, 0x00, 0x00, 0x00, 0xe9, 0x00, 0x00,
  0x00, 0x00, 0x48, 0x8b, 0x7d, 0xc0, 0x48, 0x81, 0xc7, 0x00, 0x01, 0x00,
  0x00, 0x48, 0x8b, 0x75, 0xd8, 0xba, 0xff, 0x01, 0x00, 0x00, 0xe8, 0x71,
  0x95, 0x00, 0x00, 0x48, 0x8b, 0x45, 0xc0, 0xc6, 0x80, 0xff, 0x02, 0x00,
  0x00, 0x00, 0x48, 0x83, 0x7d, 0xd0, 0x00, 0x0f, 0x84, 0x24, 0x00, 0x00,
  0x00, 0x48, 0x8b, 0x7d, 0xc0, 0x48, 0x81, 0xc7, 0x00, 0x03, 0x00, 0x00,
  0x48, 0x8b, 0x75, 0xd0, 0xba, 0xff, 0x01, 0x00, 0x00, 0xe8, 0x42, 0x95,
  0x00, 0x00, 0x48, 0x8b, 0x45, 0xc0, 0xc6, 0x80, 0xff, 0x04, 0x00, 0x00,
  0x00, 0x48, 0x8b, 0x45, 0xf0, 0xc7, 0x40, 0x18, 0x01, 0x00, 0x00, 0x00,
  0xc7, 0x45, 0xfc, 0x01, 0x00, 0x00, 0x00, 0x8b, 0x45, 0xfc, 0x48, 0x83,
  0xc4, 0x40, 0x5d, 0xc3, 0x66, 0x66, 0x66, 0x2e, 0x0f, 0x1f, 0x84, 0x00,
  0x00, 0x00, 0x00, 0x00, 0x55, 0x48, 0x89, 0xe5, 0x48, 0x83, 0xec, 0x30,
  0x48, 0x89, 0x7d, 0xf0, 0x48, 0x89, 0x75, 0xe8, 0x48, 0x89, 0x55, 0xe0,
  0x48, 0x83, 0x7d, 0xf0, 0x00, 0x0f, 0x84, 0x0b, 0x00, 0x00, 0x00, 0x48,
  0x83, 0x7d, 0xe0, 0x00, 0x0f, 0x85, 0x0c, 0x00, 0x00, 0x00, 0xc7, 0x45,
  0xfc, 0x00, 0x00, 0x00, 0x00, 0xe9, 0x6f, 0x00, 0x00, 0x00, 0x48, 0x83,
  0x7d, 0xe8, 0x00, 0x0f, 0x85, 0x16, 0x00, 0x00, 0x00, 0x48, 0x8b, 0x7d,
  0xf0, 0x48, 0x83, 0xc7, 0x08, 0x48, 0x8b, 0x75, 0xe0, 0xe8, 0x2e, 0xf5,
  0xff, 0xff, 0xe9, 0x3c, 0x00, 0x00, 0x00, 0x48, 0x8b, 0x7d, 0xf0, 0x48,
  0x8b, 0x75, 0xe8, 0xe8, 0x0c, 0xfd, 0xff, 0xff, 0x48, 0x89, 0x45, 0xd8,
  0x48, 0x83, 0x7d, 0xd8, 0x00, 0x0f, 0x85, 0x0c, 0x00, 0x00, 0x00, 0xc7,
  0x45, 0xfc, 0x00, 0x00, 0x00, 0x00, 0xe9, 0x26, 0x00, 0x00, 0x00, 0x48,
  0x8b, 0x7d, 0xd8, 0x48, 0x81, 0xc7, 0x00, 0x03, 0x00, 0x00, 0x48, 0x8b,
  0x75, 0xe0, 0xe8, 0xed, 0xf4, 0xff, 0xff, 0x48, 0x8b, 0x45, 0xf0, 0xc7,
  0x40, 0x18, 0x01, 0x00, 0x00, 0x00, 0xc7, 0x45, 0xfc, 0x01, 0x00, 0x00,
  0x00, 0x8b, 0x45, 0xfc, 0x48, 0x83, 0xc4, 0x30, 0x5d, 0xc3, 0x66, 0x90,
  0x55, 0x48, 0x89, 0xe5, 0x48, 0x83, 0xec, 0x30, 0x48, 0x89, 0x7d, 0xf0,
  0x48, 0x89, 0x75, 0xe8, 0x48, 0x89, 0x55, 0xe0, 0x48, 0x83, 0x7d, 0xf0,
  0x00, 0x0f, 0x84, 0x16, 0x00, 0x00, 0x00, 0x48, 0x83, 0x7d, 0xe8, 0x00,
  0x0f, 0x84, 0x0b, 0x00, 0x00, 0x00, 0x48, 0x83, 0x7d, 0xe0, 0x00, 0x0f,
  0x85, 0x0c, 0x00, 0x00, 0x00, 0xc7, 0x45, 0xfc, 0x00, 0x00, 0x00, 0x00,
  0xe9, 0x5e, 0x00, 0x00, 0x00, 0x48, 0x8b, 0x7d, 0xf0, 0x48, 0x8b, 0x75,
  0xe8, 0xe8, 0x72, 0xfc, 0xff, 0xff, 0x48, 0x89, 0x45, 0xd8, 0x48, 0x83,
  0x7d, 0xd8, 0x00, 0x0f, 0x85, 0x0c, 0x00, 0x00, 0x00, 0xc7, 0x45, 0xfc,
  0x00, 0x00, 0x00, 0x00, 0xe9, 0x36, 0x00, 0x00, 0x00, 0x48, 0x8b, 0x7d,
  0xd8, 0x48, 0x81, 0xc7, 0x00, 0x01, 0x00, 0x00, 0x48, 0x8b, 0x75, 0xe0,
  0xba, 0xff, 0x01, 0x00, 0x00, 0xe8, 0xde, 0x93, 0x00, 0x00, 0x48, 0x8b,
  0x45, 0xd8, 0xc6, 0x80, 0xff, 0x02, 0x00, 0x00, 0x00, 0x48, 0x8b, 0x45,
  0xf0, 0xc7, 0x40, 0x18, 0x01, 0x00, 0x00, 0x00, 0xc7, 0x45, 0xfc, 0x01,
  0x00, 0x00, 0x00, 0x8b, 0x45, 0xfc, 0x48, 0x83, 0xc4, 0x30, 0x5d, 0xc3,
  0x0f, 0x1f, 0x84, 0x00, 0x00, 0x00, 0x00, 0x00, 0x55, 0x48, 0x89, 0xe5,
  0x48, 0x83, 0xec, 0x40, 0x48, 0x89, 0x7d, 0xf0, 0x48, 0x89, 0x75, 0xe8,
  0x48, 0x89, 0x55, 0xe0, 0x48, 0x83, 0x7d, 0xf0, 0x00, 0x0f, 0x85, 0x0c,
  0x00, 0x00, 0x00, 0xc7, 0x45, 0xfc, 0x00, 0x00, 0x00, 0x00, 0xe9, 0xdf,
  0x00, 0x00, 0x00, 0x48, 0x8b, 0x7d, 0xf0, 0x48, 0x8b, 0x75, 0xe8, 0xe8,
  0xd8, 0xfb, 0xff, 0xff, 0x48, 0x89, 0x45, 0xd8, 0x48, 0x83, 0x7d, 0xd8,
  0x00, 0x0f, 0x85, 0x0c, 0x00, 0x00, 0x00, 0xc7, 0x45, 0xfc, 0x00, 0x00,
  0x00, 0x00, 0xe9, 0xb7, 0x00, 0x00, 0x00, 0x48, 0xc7, 0x45, 0xd0, 0x00,
  0x00, 0x00, 0x00, 0x48, 0x8b, 0x45, 0xd8, 0x48, 0x8b, 0x80, 0x08, 0x03,
  0x00, 0x00, 0x48, 0x89, 0x45, 0xc8, 0x48, 0x83, 0x7d, 0xc8, 0x00, 0x0f,
  0x84, 0x8e, 0x00, 0x00, 0x00, 0x48, 0x8b, 0x7d, 0xc8, 0x48, 0x8b, 0x75,
  0xe0, 0xe8, 0x5e, 0x93, 0x00, 0x00, 0x83, 0xf8, 0x00, 0x0f, 0x85, 0x5c,
  0x00, 0x00, 0x00, 0x48, 0x83, 0x7d, 0xd0, 0x00, 0x0f, 0x84, 0x1b, 0x00,
  0x00, 0x00, 0x48, 0x8b, 0x45, 0xc8, 0x48, 0x8b, 0x88, 0x08, 0x05, 0x00,
  0x00, 0x48, 0x8b, 0x45, 0xd0, 0x48, 0x89, 0x88, 0x08, 0x05, 0x00, 0x00,
  0xe9, 0x16, 0x00, 0x00, 0x00, 0x48, 0x8b, 0x45, 0xc8, 0x48, 0x8b, 0x88,
  0x08, 0x05, 0x00, 0x00, 0x48, 0x8b, 0x45, 0xd8, 0x48, 0x89, 0x88, 0x08,
  0x03, 0x00, 0x00, 0x48, 0x8b, 0x7d, 0xc8, 0xe8, 0xf0, 0x92, 0x00, 0x00,
  0x48, 0x8b, 0x45, 0xf0, 0xc7, 0x40, 0x18, 0x01, 0x00, 0x00, 0x00, 0xc7,
  0x45, 0xfc, 0x01, 0x00, 0x00, 0x00, 0xe9, 0x23, 0x00, 0x00, 0x00, 0x48,
  0x8b, 0x45, 0xc8, 0x48, 0x89, 0x45, 0xd0, 0x48, 0x8b, 0x45, 0xc8, 0x48,
  0x8b, 0x80, 0x08, 0x05, 0x00, 0x00, 0x48, 0x89, 0x45, 0xc8, 0xe9, 0x67,
  0xff, 0xff, 0xff, 0xc7, 0x45, 0xfc, 0x00, 0x00, 0x00, 0x00, 0x8b, 0x45,
  0xfc, 0x48, 0x83, 0xc4, 0x40, 0x5d, 0xc3, 0x66, 0x66, 0x66, 0x66, 0x2e,
  0x0f, 0x1f, 0x84, 0x00, 0x00, 0x00, 0x00, 0x00, 0x55, 0x48, 0x89, 0xe5,
  0x48, 0x83, 0xec, 0x40, 0x48, 0x89, 0x7d, 0xf0, 0x48, 0x89, 0x75, 0xe8,
  0x48, 0x83, 0x7d, 0xf0, 0x00, 0x0f, 0x85, 0x0c, 0x00, 0x00, 0x00, 0xc7,
  0x45, 0xfc, 0x00, 0x00, 0x00, 0x00, 0xe9, 0xfe, 0x00, 0x00, 0x00, 0x48,
  0xc7, 0x45, 0xe0, 0x00, 0x00, 0x00, 0x00, 0x48, 0x8b, 0x45, 0xf0, 0x48,
  0x8b, 0x00, 0x48, 0x89, 0x45, 0xd8, 0x48, 0x83, 0x7d, 0xd8, 0x00, 0x0f,
  0x84, 0xd9, 0x00, 0x00, 0x00, 0x48, 0x8b, 0x7d, 0xd8, 0x48, 0x8b, 0x75,
  0xe8, 0xe8, 0x6e, 0x92, 0x00, 0x00, 0x83, 0xf8, 0x00, 0x0f, 0x85, 0xa7,
  0x00, 0x00, 0x00, 0x48, 0x8b, 0x45, 0xd8, 0x48, 0x8b, 0x80, 0x08, 0x03,
  0x00, 0x00, 0x48, 0x89, 0x45, 0xd0, 0x48, 0x83, 0x7d, 0xd0, 0x00, 0x0f,
  0x84, 0x25, 0x00, 0x00, 0x00, 0x48, 0x8b, 0x45, 0xd0, 0x48, 0x8b, 0x80,
  0x08, 0x05, 0x00, 0x00, 0x48, 0x89, 0x45, 0xc8, 0x48, 0x8b, 0x7d, 0xd0,
  0xe8, 0x13, 0x92, 0x00, 0x00, 0x48, 0x8b, 0x45, 0xc8, 0x48, 0x89, 0x45,
  0xd0, 0xe9, 0xd0, 0xff, 0xff, 0xff, 0x48, 0x8b, 0x45, 0xd8, 0x48, 0x8b,
  0xb8, 0x00, 0x03, 0x00, 0x00, 0xe8, 0x56, 0xf6, 0xff, 0xff, 0x48, 0x83,
  0x7d, 0xe0, 0x00, 0x0f, 0x84, 0x1b, 0x00, 0x00, 0x00, 0x48, 0x8b, 0x45,
  0xd8, 0x48, 0x8b, 0x88, 0x10, 0x03, 0x00, 0x00, 0x48, 0x8b, 0x45, 0xe0,
  0x48, 0x89, 0x88, 0x10, 0x03, 0x00, 0x00, 0xe9, 0x12, 0x00, 0x00, 0x00,
  0x48, 0x8b, 0x45, 0xd8, 0x48, 0x8b, 0x88, 0x10, 0x03, 0x00, 0x00, 0x48,
  0x8b, 0x45, 0xf0, 0x48, 0x89, 0x08, 0x48, 0x8b, 0x7d, 0xd8, 0xe8, 0xb5,
  0x91, 0x00, 0x00, 0x48, 0x8b, 0x45, 0xf0, 0xc7, 0x40, 0x18, 0x01, 0x00,
  0x00, 0x00, 0xc7, 0x45, 0xfc, 0x01, 0x00, 0x00, 0x00, 0xe9, 0x23, 0x00,
  0x00, 0x00, 0x48, 0x8b, 0x45, 0xd8, 0x48, 0x89, 0x45, 0xe0, 0x48, 0x8b,
  0x45, 0xd8, 0x48, 0x8b, 0x80, 0x10, 0x03, 0x00, 0x00, 0x48, 0x89, 0x45,
  0xd8, 0xe9, 0x1c, 0xff, 0xff, 0xff, 0xc7, 0x45, 0xfc, 0x00, 0x00, 0x00,
  0x00, 0x8b, 0x45, 0xfc, 0x48, 0x83, 0xc4, 0x40, 0x5d, 0xc3, 0x66, 0x90,
  0x55, 0x48, 0x89, 0xe5, 0x48, 0x83, 0xec, 0x20, 0x48, 0x89, 0x7d, 0xf8,
  0x48, 0x83, 0x7d, 0xf8, 0x00, 0x0f, 0x85, 0x05, 0x00, 0x00, 0x00, 0xe9,
  0x87, 0x02, 0x00, 0x00, 0x48, 0x8b, 0x45, 0xf8, 0x48, 0x8b, 0x70, 0x10,
  0x48, 0x8d, 0x3d, 0xe7, 0xc5, 0x00, 0x00, 0xb0, 0x00, 0xe8, 0x9e, 0x90,
  0x00, 0x00, 0x48, 0x8b, 0x45, 0xf8, 0x8b, 0x48, 0x18, 0x48, 0x8d, 0x35,
  0x49, 0xb3, 0x00, 0x00, 0x48, 0x8d, 0x05, 0xbf, 0xb7, 0x00, 0x00, 0x83,
  0xf9, 0x00, 0x48, 0x0f, 0x45, 0xf0, 0x48, 0x8d, 0x3d, 0x22, 0xad, 0x00,
  0x00, 0xb0, 0x00, 0xe8, 0x74, 0x90, 0x00, 0x00, 0x48, 0x8b, 0x45, 0xf8,
  0x48, 0x8b, 0x40, 0x08, 0x48, 0x89, 0x45, 0xf0, 0x48, 0x83, 0x7d, 0xf0,
  0x00, 0x0f, 0x84, 0x4c, 0x00, 0x00, 0x00, 0x48, 0x8b, 0x7d, 0xf0, 0xe8,
  0x64, 0x90, 0x00, 0x00, 0x48, 0x83, 0xf8, 0x00, 0x0f, 0x85, 0x13, 0x00,
  0x00, 0x00, 0x48, 0x8d, 0x3d, 0x5a, 0xbc, 0x00, 0x00, 0xb0, 0x00, 0xe8,
  0x3c, 0x90, 0x00, 0x00, 0xe9, 0x12, 0x00, 0x00, 0x00, 0x48, 0x8b, 0x75,
  0xf0, 0x48, 0x8d, 0x3d, 0xe2, 0xad, 0x00, 0x00, 0xb0, 0x00, 0xe8, 0x25,
  0x90, 0x00, 0x00, 0x48, 0x8b, 0x45, 0xf0, 0x48, 0x8b, 0x80, 0x00, 0x02,
  0x00, 0x00, 0x48, 0x89, 0x45, 0xf0, 0xe9, 0xa9, 0xff, 0xff, 0xff, 0x48,
  0x8b, 0x45, 0xf8, 0x48, 0x8b, 0x00, 0x48, 0x89, 0x45, 0xe8, 0x48, 0x83,
  0x7d, 0xe8, 0x00, 0x0f, 0x84, 0xce, 0x01, 0x00, 0x00, 0x48, 0x8b, 0x45,
  0xe8, 0x48, 0x8b, 0x80, 0x00, 0x03, 0x00, 0x00, 0x48, 0x89, 0x45, 0xf0,
  0x48, 0x83, 0x7d, 0xf0, 0x00, 0x0f, 0x84, 0x4c, 0x00, 0x00, 0x00, 0x48,
  0x8b, 0x7d, 0xf0, 0xe8, 0xe8, 0x8f, 0x00, 0x00, 0x48, 0x83, 0xf8, 0x00,
  0x0f, 0x85, 0x13, 0x00, 0x00, 0x00, 0x48, 0x8d, 0x3d, 0xde, 0xbb, 0x00,
  0x00, 0xb0, 0x00, 0xe8, 0xc0, 0x8f, 0x00, 0x00, 0xe9, 0x12, 0x00, 0x00,
  0x00, 0x48, 0x8b, 0x75, 0xf0, 0x48, 0x8d, 0x3d, 0x66, 0xad, 0x00, 0x00,
  0xb0, 0x00, 0xe8, 0xa9, 0x8f, 0x00, 0x00, 0x48, 0x8b, 0x45, 0xf0, 0x48,
  0x8b, 0x80, 0x00, 0x02, 0x00, 0x00, 0x48, 0x89, 0x45, 0xf0, 0xe9, 0xa9,
  0xff, 0xff, 0xff, 0x48, 0x8b, 0x7d, 0xe8, 0x48, 0x81, 0xc7, 0x00, 0x01,
  0x00, 0x00, 0xe8, 0x95, 0x8f, 0x00, 0x00, 0x48, 0x83, 0xf8, 0x00, 0x0f,
  0x86, 0x22, 0x00, 0x00, 0x00, 0x48, 0x8b, 0x75, 0xe8, 0x48, 0x8b, 0x55,
  0xe8, 0x48, 0x81, 0xc2, 0x00, 0x01, 0x00, 0x00, 0x48, 0x8d, 0x3d, 0x28,
  0xbc, 0x00, 0x00, 0xb0, 0x00, 0xe8, 0x5e, 0x8f, 0x00, 0x00, 0xe9, 0x12,
  0x00, 0x00, 0x00, 0x48, 0x8b, 0x75, 0xe8, 0x48, 0x8d, 0x3d, 0x26, 0xb8,
  0x00, 0x00, 0xb0, 0x00, 0xe8, 0x47, 0x8f, 0x00, 0x00, 0x48, 0x8b, 0x45,
  0xe8, 0x48, 0x8b, 0x80, 0x08, 0x03, 0x00, 0x00, 0x48, 0x89, 0x45, 0xe0,
  0x48, 0x83, 0x7d, 0xe0, 0x00, 0x0f, 0x84, 0xde, 0x00, 0x00, 0x00, 0x48,
  0x8b, 0x45, 0xe0, 0x48, 0x8b, 0x80, 0x00, 0x05, 0x00, 0x00, 0x48, 0x89,
  0x45, 0xf0, 0x48, 0x83, 0x7d, 0xf0, 0x00, 0x0f, 0x84, 0x4c, 0x00, 0x00,
  0x00, 0x48, 0x8b, 0x7d, 0xf0, 0xe8, 0x1a, 0x8f, 0x00, 0x00, 0x48, 0x83,
  0xf8, 0x00, 0x0f, 0x85, 0x13, 0x00, 0x00, 0x00, 0x48, 0x8d, 0x3d, 0x10,
  0xbb, 0x00, 0x00, 0xb0, 0x00, 0xe8, 0xf2, 0x8e, 0x00, 0x00, 0xe9, 0x12,
  0x00, 0x00, 0x00, 0x48, 0x8b, 0x75, 0xf0, 0x48, 0x8d, 0x3d, 0x98, 0xac,
  0x00, 0x00, 0xb0, 0x00, 0xe8, 0xdb, 0x8e, 0x00, 0x00, 0x48, 0x8b, 0x45,
  0xf0, 0x48, 0x8b, 0x80, 0x00, 0x02, 0x00, 0x00, 0x48, 0x89, 0x45, 0xf0,
  0xe9, 0xa9, 0xff, 0xff, 0xff, 0x48, 0x8b, 0x7d, 0xe0, 0x48, 0x81, 0xc7,
  0x00, 0x03, 0x00, 0x00, 0xe8, 0xc7, 0x8e, 0x00, 0x00, 0x48, 0x83, 0xf8,
  0x00, 0x0f, 0x86, 0x2d, 0x00, 0x00, 0x00, 0x48, 0x8b, 0x75, 0xe0, 0x48,
  0x8b, 0x55, 0xe0, 0x48, 0x81, 0xc2, 0x00, 0x01, 0x00, 0x00, 0x48, 0x8b,
  0x4d, 0xe0, 0x48, 0x81, 0xc1, 0x00, 0x03, 0x00, 0x00, 0x48, 0x8d, 0x3d,
  0xc0, 0xc3, 0x00, 0x00, 0xb0, 0x00, 0xe8, 0x85, 0x8e, 0x00, 0x00, 0xe9,
  0x1d, 0x00, 0x00, 0x00, 0x48, 0x8b, 0x75, 0xe0, 0x48, 0x8b, 0x55, 0xe0,
  0x48, 0x81, 0xc2, 0x00, 0x01, 0x00, 0x00, 0x48, 0x8d, 0x3d, 0x85, 0xad,
  0x00, 0x00, 0xb0, 0x00, 0xe8, 0x63, 0x8e, 0x00, 0x00, 0x48, 0x8b, 0x45,
  0xe0, 0x48, 0x8b, 0x80, 0x08, 0x05, 0x00, 0x00, 0x48, 0x89, 0x45, 0xe0,
  0xe9, 0x17, 0xff, 0xff, 0xff, 0x48, 0x8d, 0x3d, 0x5f, 0xba, 0x00, 0x00,
  0xb0, 0x00, 0xe8, 0x41, 0x8e, 0x00, 0x00, 0x48, 0x8b, 0x45, 0xe8, 0x48,
  0x8b, 0x80, 0x10, 0x03, 0x00, 0x00, 0x48, 0x89, 0x45, 0xe8, 0xe9, 0x27,
  0xfe, 0xff, 0xff, 0x48, 0x83, 0xc4, 0x20, 0x5d, 0xc3, 0x0f, 0x1f, 0x80,
  0x00, 0x00, 0x00, 0x00, 0x55, 0x48, 0x89, 0xe5, 0x89, 0x7d, 0xfc, 0xb0,
  0x01, 0x83, 0x7d, 0xfc, 0x20, 0x88, 0x45, 0xfb, 0x0f, 0x84, 0x0f, 0x00,
  0x00, 0x00, 0x8b, 0x45, 0xfc, 0x83, 0xe8, 0x09, 0x83, 0xf8, 0x05, 0x0f,
  0x92, 0xc0, 0x88, 0x45, 0xfb, 0x8a, 0x45, 0xfb, 0x24, 0x01, 0x0f, 0xb6,
  0xc0, 0x5d, 0xc3, 0x90, 0x55, 0x48, 0x89, 0xe5, 0x48, 0x83, 0xec, 0x20,
  0x48, 0x89, 0x7d, 0xf0, 0xbf, 0x08, 0x02, 0x00, 0x00, 0xe8, 0x0a, 0x8e,
  0x00, 0x00, 0x48, 0x89, 0x45, 0xe8, 0x48, 0x83, 0x7d, 0xe8, 0x00, 0x0f,
  0x85, 0x0d, 0x00, 0x00, 0x00, 0x48, 0xc7, 0x45, 0xf8, 0x00, 0x00, 0x00,
  0x00, 0xe9, 0x34, 0x00, 0x00, 0x00, 0x48, 0x8b, 0x7d, 0xe8, 0x48, 0x8b,
  0x75, 0xf0, 0xba, 0xff, 0x01, 0x00, 0x00, 0xe8, 0x3c, 0x8e, 0x00, 0x00,
  0x48, 0x8b, 0x45, 0xe8, 0xc6, 0x80, 0xff, 0x01, 0x00, 0x00, 0x00, 0x48,
  0x8b, 0x45, 0xe8, 0x48, 0xc7, 0x80, 0x00, 0x02, 0x00, 0x00, 0x00, 0x00,
  0x00, 0x00, 0x48, 0x8b, 0x45, 0xe8, 0x48, 0x89, 0x45, 0xf8, 0x48, 0x8b,
  0x45, 0xf8, 0x48, 0x83, 0xc4, 0x20, 0x5d, 0xc3, 0x55, 0x48, 0x89, 0xe5,
  0x48, 0x83, 0xec, 0x20, 0xf6, 0x05, 0x11, 0xe6, 0x01, 0x00, 0x01, 0x0f,
  0x85, 0xb6, 0x00, 0x00, 0x00, 0x48, 0x8d, 0x3d, 0x52, 0xc0, 0x00, 0x00,
  0xe8, 0x7f, 0x3d, 0x00, 0x00, 0x48, 0x89, 0x45, 0xf8, 0x48, 0x83, 0x7d,
  0xf8, 0x00, 0x0f, 0x84, 0x8a, 0x00, 0x00, 0x00, 0x48, 0x8b, 0x4d, 0xf8,
  0x48, 0x8d, 0x05, 0x1d, 0xe6, 0x01, 0x00, 0x48, 0x89, 0x08, 0x48, 0x8b,
  0x7d, 0xf8, 0x48, 0x8d, 0x35, 0xf3, 0xaf, 0x00, 0x00, 0x48, 0x8d, 0x15,
  0x5d, 0xbc, 0x00, 0x00, 0x48, 0x8d, 0x0d, 0x17, 0xa9, 0x00, 0x00, 0x45,
  0x31, 0xc0, 0xe8, 0x91, 0x3f, 0x00, 0x00, 0x48, 0x89, 0x45, 0xf0, 0x48,
  0x8b, 0x75, 0xf0, 0x48, 0x8d, 0x3d, 0x65, 0xb2, 0x00, 0x00, 0xb0, 0x00,
  0xe8, 0x0b, 0x8d, 0x00, 0x00, 0x48, 0x83, 0x7d, 0xf0, 0x00, 0x0f, 0x84,
  0x35, 0x00, 0x00, 0x00, 0x48, 0x8b, 0x45, 0xf0, 0x48, 0x89, 0x45, 0xe8,
  0x48, 0x8d, 0x05, 0xc9, 0xe5, 0x01, 0x00, 0x48, 0x8b, 0x38, 0x48, 0x8d,
  0x35, 0xa3, 0xaf, 0x00, 0x00, 0x48, 0x8d, 0x15, 0x0d, 0xbc, 0x00, 0x00,
  0x48, 0x8d, 0x0d, 0x07, 0xb1, 0x00, 0x00, 0xe8, 0x04, 0x3f, 0x00, 0x00,
  0x48, 0x89, 0xc7, 0x48, 0x8b, 0x45, 0xe8, 0xff, 0xd0, 0xe9, 0x00, 0x00,
  0x00, 0x00, 0xe8, 0xe1, 0x64, 0x00, 0x00, 0xe8, 0x1c, 0x00, 0x00, 0x00,
  0xc6, 0x05, 0x55, 0xe5, 0x01, 0x00, 0x01, 0x48, 0x83, 0xc4, 0x20, 0x5d,
  0xc3, 0x66, 0x66, 0x66, 0x66, 0x66, 0x66, 0x2e, 0x0f, 0x1f, 0x84, 0x00,
  0x00, 0x00, 0x00, 0x00, 0x55, 0x48, 0x89, 0xe5, 0x48, 0x81, 0xec, 0x30,
  0x01, 0x00, 0x00, 0xe8, 0x60, 0x8d, 0x00, 0x00, 0x48, 0x89, 0x45, 0xf8,
  0x48, 0x83, 0x7d, 0xf8, 0x00, 0x0f, 0x84, 0xbf, 0x00, 0x00, 0x00, 0x48,
  0x8d, 0xbd, 0xf0, 0xfe, 0xff, 0xff, 0x31, 0xf6, 0xba, 0x04, 0x01, 0x00,
  0x00, 0xe8, 0xee, 0x8b, 0x00, 0x00, 0x48, 0x8d, 0xbd, 0xf0, 0xfe, 0xff,
  0xff, 0x48, 0x8b, 0x4d, 0xf8, 0xbe, 0x04, 0x01, 0x00, 0x00, 0x48, 0x8d,
  0x15, 0x63, 0xbf, 0x00, 0x00, 0xb0, 0x00, 0xe8, 0x40, 0x8c, 0x00, 0x00,
  0x48, 0x8d, 0xbd, 0xf0, 0xfe, 0xff, 0xff, 0xe8, 0x64, 0x3c, 0x00, 0x00,
  0x48, 0x89, 0x85, 0xe8, 0xfe, 0xff, 0xff, 0x48, 0x83, 0xbd, 0xe8, 0xfe,
  0xff, 0xff, 0x00, 0x0f, 0x84, 0x68, 0x00, 0x00, 0x00, 0x48, 0x8b, 0xbd,
  0xe8, 0xfe, 0xff, 0xff, 0x48, 0x8d, 0x35, 0xe1, 0xa6, 0x00, 0x00, 0x48,
  0x8d, 0x15, 0xa1, 0xb6, 0x00, 0x00, 0x48, 0x8d, 0x0d, 0x47, 0xbf, 0x00,
  0x00, 0x45, 0x31, 0xc0, 0xe8, 0x7b, 0x3e, 0x00, 0x00, 0x48, 0x89, 0x85,
  0xe0, 0xfe, 0xff, 0xff, 0x48, 0x83, 0xbd, 0xe0, 0xfe, 0xff, 0xff, 0x00,
  0x0f, 0x84, 0x2a, 0x00, 0x00, 0x00, 0xc6, 0x85, 0xdf, 0xfe, 0xff, 0xff,
  0xc3, 0xe8, 0xca, 0x8c, 0x00, 0x00, 0x89, 0xc7, 0x48, 0x8b, 0xb5, 0xe0,
  0xfe, 0xff, 0xff, 0x48, 0x8d, 0x95, 0xdf, 0xfe, 0xff, 0xff, 0x41, 0xb8,
  0x01, 0x00, 0x00, 0x00, 0x4c, 0x89, 0xc1, 0xe8, 0xfc, 0x17, 0x00, 0x00,
  0xe9, 0x00, 0x00, 0x00, 0x00, 0xe9, 0x00, 0x00, 0x00, 0x00, 0x48, 0x81,
  0xc4, 0x30, 0x01, 0x00, 0x00, 0x5d, 0xc3, 0x66, 0x0f, 0x1f, 0x84, 0x00,
  0x00, 0x00, 0x00, 0x00, 0x55, 0x48, 0x89, 0xe5, 0x48, 0x83, 0xec, 0x10,
  0x48, 0x89, 0x7d, 0xf8, 0xe8, 0xaf, 0x00, 0x00, 0x00, 0x48, 0x8d, 0x3d,
  0x65, 0xc2, 0x00, 0x00, 0xbe, 0xff, 0x01, 0x00, 0x00, 0xe8, 0x7e, 0x8c,
  0x00, 0x00, 0x48, 0x8d, 0x3d, 0x4d, 0xc1, 0x00, 0x00, 0xbe, 0xff, 0x01,
  0x00, 0x00, 0xe8, 0x6d, 0x8c, 0x00, 0x00, 0x48, 0x8d, 0x3d, 0x4a, 0xae,
  0x00, 0x00, 0xbe, 0xff, 0x01, 0x00, 0x00, 0xe8, 0x5c, 0x8c, 0x00, 0x00,
  0x48, 0x8d, 0x3d, 0x4f, 0xb4, 0x00, 0x00, 0xbe, 0xff, 0x01, 0x00, 0x00,
  0xe8, 0x4b, 0x8c, 0x00, 0x00, 0x48, 0x8d, 0x3d, 0x8b, 0xaf, 0x00, 0x00,
  0x48, 0x8d, 0x35, 0xcd, 0xc3, 0x00, 0x00, 0xba, 0xcd, 0x13, 0x00, 0x00,
  0xe8, 0xe3, 0xe2, 0xff, 0xff, 0x48, 0x8d, 0x3d, 0x3c, 0xa7, 0x00, 0x00,
  0x48, 0x8d, 0x35, 0x85, 0xd7, 0x00, 0x00, 0xba, 0xfa, 0x11, 0x00, 0x00,
  0xe8, 0xcb, 0xe2, 0xff, 0xff, 0x48, 0x8d, 0x3d, 0x59, 0xab, 0x00, 0x00,
  0xb0, 0x00, 0xe8, 0x1d, 0x8b, 0x00, 0x00, 0x48, 0x8d, 0x05, 0x66, 0xe1,
  0x01, 0x00, 0x48, 0x8b, 0x38, 0xe8, 0xee, 0xe3, 0xff, 0xff, 0x48, 0x8d,
  0x05, 0x6f, 0xe1, 0x01, 0x00, 0x48, 0x8b, 0x38, 0xe8, 0xff, 0x8b, 0x00,
  0x00, 0xe8, 0x7a, 0x00, 0x00, 0x00, 0x31, 0xc0, 0x48, 0x83, 0xc4, 0x10,
  0x5d, 0xc3, 0x66, 0x90, 0x55, 0x48, 0x89, 0xe5, 0x48, 0x83, 0xec, 0x10,
  0xc7, 0x45, 0xfc, 0x02, 0x00, 0x00, 0x00, 0xc7, 0x45, 0xf8, 0x01, 0x00,
  0x00, 0x00, 0xc7, 0x45, 0xf4, 0x02, 0x00, 0x00, 0x00, 0x48, 0x8d, 0x3d,
  0xb9, 0xb2, 0x00, 0x00, 0xbe, 0x02, 0x00, 0x00, 0x00, 0xe8, 0xd2, 0x8b,
  0x00, 0x00, 0x89, 0x45, 0xf0, 0x83, 0x7d, 0xf0, 0x00, 0x0f, 0x8e, 0x22,
  0x00, 0x00, 0x00, 0x8b, 0x7d, 0xf0, 0xbe, 0x01, 0x00, 0x00, 0x00, 0xe8,
  0xc8, 0x8b, 0x00, 0x00, 0x8b, 0x7d, 0xf0, 0xbe, 0x02, 0x00, 0x00, 0x00,
  0xe8, 0xbb, 0x8b, 0x00, 0x00, 0x8b, 0x7d, 0xf0, 0xe8, 0xc3, 0x8b, 0x00,
  0x00, 0x48, 0x83, 0xc4, 0x10, 0x5d, 0xc3, 0x66, 0x66, 0x66, 0x66, 0x2e,
  0x0f, 0x1f, 0x84, 0x00, 0x00, 0x00, 0x00, 0x00, 0x55, 0x48, 0x89, 0xe5,
  0x48, 0x83, 0xec, 0x10, 0x48, 0xc7, 0x45, 0xf8, 0x00, 0x00, 0x00, 0x00,
  0xbf, 0x01, 0x20, 0x00, 0x00, 0x48, 0x8d, 0x35, 0x20, 0xa8, 0x00, 0x00,
  0x48, 0x8d, 0x55, 0xf8, 0xe8, 0x9b, 0x8b, 0x00, 0x00, 0x48, 0x83, 0x7d,
  0xf8, 0x00, 0x0f, 0x84, 0x4d, 0x00, 0x00, 0x00, 0x48, 0x8b, 0x45, 0xf8,
  0x48, 0x89, 0x45, 0xf0, 0x48, 0x8b, 0x45, 0xf0, 0x0f, 0xb6, 0x00, 0x3d,
  0xe9, 0x00, 0x00, 0x00, 0x0f, 0x85, 0x2e, 0x00, 0x00, 0x00, 0x48, 0x8b,
  0x7d, 0xf8, 0x31, 0xc0, 0x89, 0xc6, 0xba, 0x01, 0x00, 0x00, 0x00, 0xb9,
  0x05, 0x00, 0x00, 0x00, 0xe8, 0x6f, 0x17, 0x00, 0x00, 0x48, 0x89, 0x05,
  0xc0, 0xe2, 0x01, 0x00, 0x48, 0x8b, 0x7d, 0xf8, 0x48, 0x8d, 0x35, 0x1d,
  0x00, 0x00, 0x00, 0xe8, 0x28, 0x17, 0x00, 0x00, 0xe9, 0x00, 0x00, 0x00,
  0x00, 0x48, 0x83, 0xc4, 0x10, 0x5d, 0xc3, 0x66, 0x66, 0x66, 0x66, 0x2e,
  0x0f, 0x1f, 0x84, 0x00, 0x00, 0x00, 0x00, 0x00, 0x55, 0x48, 0x89, 0xe5,
  0x48, 0x83, 0xec, 0x40, 0x48, 0x89, 0x7d, 0xf8, 0x48, 0x89, 0x75, 0xf0,
  0x48, 0x89, 0x55, 0xe8, 0x48, 0x89, 0x4d, 0xe0, 0x4c, 0x89, 0x45, 0xd8,
  0x4c, 0x89, 0x4d, 0xd0, 0x48, 0x8b, 0x05, 0x71, 0xe2, 0x01, 0x00, 0x48,
  0x8b, 0x7d, 0xf8, 0x48, 0x8b, 0x75, 0xf0, 0x48, 0x8b, 0x55, 0xe8, 0x48,
  0x8b, 0x4d, 0xe0, 0x4c, 0x8b, 0x45, 0xd8, 0x4c, 0x8b, 0x4d, 0xd0, 0xff,
  0xd0, 0x89, 0x45, 0xcc, 0xf6, 0x05, 0x55, 0xe2, 0x01, 0x00, 0x01, 0x0f,
  0x85, 0x41, 0x00, 0x00, 0x00, 0x83, 0x7d, 0xcc, 0x00, 0x0f, 0x8e, 0x37,
  0x00, 0x00, 0x00, 0x48, 0x8b, 0x7d, 0xf8, 0x48, 0x8d, 0x35, 0xe3, 0xa9,
  0x00, 0x00, 0xe8, 0xd5, 0x8a, 0x00, 0x00, 0x48, 0x83, 0xf8, 0x00, 0x0f,
  0x84, 0x1d, 0x00, 0x00, 0x00, 0x8b, 0x45, 0xcc, 0x89, 0x05, 0x26, 0xe2,
  0x01, 0x00, 0x8b, 0x7d, 0xcc, 0xe8, 0x2a, 0x01, 0x00, 0x00, 0xc6, 0x05,
  0x13, 0xe2, 0x01, 0x00, 0x01, 0xe9, 0x0a, 0x01, 0x00, 0x00, 0xf6, 0x05,
  0x07, 0xe2, 0x01, 0x00, 0x01, 0x0f, 0x84, 0xf8, 0x00, 0x00, 0x00, 0x83,
  0x3d, 0xfe, 0xe1, 0x01, 0x00, 0x00, 0x0f, 0x8e, 0xe6, 0x00, 0x00, 0x00,
  0x48, 0x8d, 0x05, 0x0d, 0xe2, 0x01, 0x00, 0x48, 0x83, 0x38, 0x00, 0x0f,
  0x85, 0x17, 0x00, 0x00, 0x00, 0xe8, 0x8e, 0x8a, 0x00, 0x00, 0x48, 0x89,
  0xc1, 0x48, 0x8d, 0x05, 0xf4, 0xe1, 0x01, 0x00, 0x48, 0x89, 0x08, 0xe9,
  0xb9, 0x00, 0x00, 0x00, 0xf6, 0x05, 0xcd, 0xe1, 0x01, 0x00, 0x01, 0x0f,
  0x85, 0xa7, 0x00, 0x00, 0x00, 0x48, 0x8d, 0x05, 0xd8, 0xe1, 0x01, 0x00,
  0x48, 0x83, 0x38, 0x00, 0x0f, 0x84, 0x96, 0x00, 0x00, 0x00, 0x48, 0x8d,
  0x05, 0xcf, 0xe1, 0x01, 0x00, 0x48, 0x83, 0x38, 0x00, 0x0f, 0x85, 0x85,
  0x00, 0x00, 0x00, 0x48, 0x8d, 0x3d, 0xd4, 0xbb, 0x00, 0x00, 0xe8, 0x01,
  0x39, 0x00, 0x00, 0x48, 0x89, 0xc1, 0x48, 0x8d, 0x05, 0xaf, 0xe1, 0x01,
  0x00, 0x48, 0x89, 0x08, 0x48, 0x8d, 0x05, 0xa5, 0xe1, 0x01, 0x00, 0x48,
  0x83, 0x38, 0x00, 0x0f, 0x84, 0x56, 0x00, 0x00, 0x00, 0x48, 0x8d, 0x05,
  0x94, 0xe1, 0x01, 0x00, 0x4c, 0x8b, 0x00, 0x48, 0x8d, 0x3d, 0x80, 0xb5,
  0x00, 0x00, 0x48, 0x8d, 0x35, 0x3e, 0xb3, 0x00, 0x00, 0x48, 0x8d, 0x15,
  0xb6, 0xae, 0x00, 0x00, 0xb9, 0xbc, 0x00, 0x00, 0x00, 0xb0, 0x00, 0xe8,
  0x98, 0x88, 0x00, 0x00, 0x48, 0x8d, 0x05, 0x69, 0xe1, 0x01, 0x00, 0x48,
  0x8b, 0x38, 0x8b, 0x35, 0x3c, 0xe1, 0x01, 0x00, 0xe8, 0x63, 0x66, 0x00,
  0x00, 0x48, 0x8d, 0x05, 0x54, 0xe1, 0x01, 0x00, 0x48, 0x8b, 0x38, 0xe8,
  0xb4, 0x4b, 0x00, 0x00, 0xc6, 0x05, 0x25, 0xe1, 0x01, 0x00, 0x01, 0xe9,
  0x00, 0x00, 0x00, 0x00, 0xe9, 0x00, 0x00, 0x00, 0x00, 0xe9, 0x00, 0x00,
  0x00, 0x00, 0xe9, 0x00, 0x00, 0x00, 0x00, 0xe9, 0x00, 0x00, 0x00, 0x00,
  0x8b, 0x45, 0xcc, 0x48, 0x83, 0xc4, 0x40, 0x5d, 0xc3, 0x66, 0x66, 0x2e,
  0x0f, 0x1f, 0x84, 0x00, 0x00, 0x00, 0x00, 0x00, 0x55, 0x48, 0x89, 0xe5,
  0x48, 0x81, 0xec, 0xe0, 0x02, 0x00, 0x00, 0x89, 0x7d, 0xfc, 0x48, 0x8d,
  0xbd, 0x98, 0xfe, 0xff, 0xff, 0x31, 0xf6, 0xba, 0x60, 0x01, 0x00, 0x00,
  0xe8, 0x9f, 0x87, 0x00, 0x00, 0x48, 0xc7, 0x85, 0x98, 0xfe, 0xff, 0xff,
  0x60, 0x01, 0x00, 0x00, 0x31, 0xff, 0x48, 0x8d, 0xb5, 0x98, 0xfe, 0xff,
  0xff, 0xe8, 0x76, 0x89, 0x00, 0x00, 0x89, 0x85, 0x94, 0xfe, 0xff, 0xff,
  0x83, 0xbd, 0x94, 0xfe, 0xff, 0xff, 0x00, 0x0f, 0x85, 0x9c, 0x00, 0x00,
  0x00, 0x48, 0x8d, 0xbd, 0x98, 0xfe, 0xff, 0xff, 0xe8, 0x77, 0x45, 0x00,
  0x00, 0x83, 0x7d, 0xfc, 0x00, 0x0f, 0x8e, 0x81, 0x00, 0x00, 0x00, 0x48,
  0x8d, 0xbd, 0x30, 0xfd, 0xff, 0xff, 0x31, 0xf6, 0xba, 0x60, 0x01, 0x00,
  0x00, 0xe8, 0x4a, 0x87, 0x00, 0x00, 0x48, 0xc7, 0x85, 0x30, 0xfd, 0xff,
  0xff, 0x60, 0x01, 0x00, 0x00, 0x8b, 0x7d, 0xfc, 0x48, 0x8d, 0xb5, 0x30,
  0xfd, 0xff, 0xff, 0xe8, 0x20, 0x89, 0x00, 0x00, 0x89, 0x85, 0x2c, 0xfd,
  0xff, 0xff, 0x83, 0xbd, 0x2c, 0xfd, 0xff, 0xff, 0x00, 0x0f, 0x85, 0x3c,
  0x00, 0x00, 0x00, 0x48, 0x8d, 0xbd, 0x98, 0xfe, 0xff, 0xff, 0x48, 0x8d,
  0xb5, 0x30, 0xfd, 0xff, 0xff, 0xe8, 0x1a, 0x47, 0x00, 0x00, 0x48, 0x8d,
  0xbd, 0x30, 0xfd, 0xff, 0xff, 0xe8, 0x8e, 0x61, 0x00, 0x00, 0xe8, 0x69,
  0x69, 0x00, 0x00, 0x48, 0x8d, 0xbd, 0x98, 0xfe, 0xff, 0xff, 0xe8, 0xbd,
  0x62, 0x00, 0x00, 0x48, 0x8d, 0xbd, 0x30, 0xfd, 0xff, 0xff, 0xe8, 0x91,
  0x60, 0x00, 0x00, 0xe9, 0x00, 0x00, 0x00, 0x00, 0xe9, 0x00, 0x00, 0x00,
  0x00, 0x48, 0xc7, 0x85, 0x20, 0xfd, 0xff, 0xff, 0x00, 0x00, 0x00, 0x00,
  0xbf, 0x01, 0x20, 0x00, 0x00, 0x48, 0x8d, 0x35, 0xb4, 0xb7, 0x00, 0x00,
  0x48, 0x8d, 0x95, 0x20, 0xfd, 0xff, 0xff, 0xe8, 0x74, 0x88, 0x00, 0x00,
  0x48, 0x83, 0xbd, 0x20, 0xfd, 0xff, 0xff, 0x00, 0x0f, 0x84, 0x13, 0x00,
  0x00, 0x00, 0x48, 0x8b, 0xbd, 0x20, 0xfd, 0xff, 0xff, 0x48, 0x8d, 0x35,
  0x18, 0x00, 0x00, 0x00, 0xe8, 0x33, 0x14, 0x00, 0x00, 0xe8, 0xae, 0x61,
  0x00, 0x00, 0x48, 0x81, 0xc4, 0xe0, 0x02, 0x00, 0x00, 0x5d, 0xc3, 0x0f,
  0x1f, 0x44, 0x00, 0x00, 0x55, 0x48, 0x89, 0xe5, 0x48, 0x83, 0xec, 0x10,
  0x48, 0x89, 0x7d, 0xf8, 0x48, 0x83, 0x7d, 0xf8, 0x00, 0x0f, 0x84, 0x2a,
  0x00, 0x00, 0x00, 0xc7, 0x45, 0xf4, 0x12, 0x00, 0x00, 0x00, 0x48, 0x8b,
  0x7d, 0xf8, 0x31, 0xf6, 0xba, 0x12, 0x00, 0x00, 0x00, 0xe8, 0x52, 0x86,
  0x00, 0x00, 0x48, 0x8b, 0x7d, 0xf8, 0xbe, 0x30, 0x00, 0x00, 0x00, 0xba,
  0x11, 0x00, 0x00, 0x00, 0xe8, 0x3f, 0x86, 0x00, 0x00, 0x31, 0xc0, 0x48,
  0x83, 0xc4, 0x10, 0x5d, 0xc3, 0xcc, 0xcc, 0xcc, 0xcc, 0xcc, 0xcc, 0xcc,
  0x55, 0x48, 0x89, 0xe5, 0x48, 0x81, 0xec, 0xa0, 0x00, 0x00, 0x00, 0x48,
  0x89, 0x7d, 0xf8, 0x48, 0x89, 0x75, 0xf0, 0x48, 0x8b, 0x45, 0xf8, 0x48,
  0x89, 0x45, 0xe0, 0xc6, 0x45, 0xdd, 0x00, 0x48, 0x8d, 0x05, 0xfa, 0xdc,
  0x01, 0x00, 0x48, 0x89, 0x45, 0xd0, 0xc6, 0x45, 0xcc, 0x00, 0xc6, 0x45,
  0xcb, 0x00, 0x48, 0x8b, 0x7d, 0xf0, 0x31, 0xf6, 0xba, 0x25, 0x00, 0x00,
  0x00, 0xe8, 0xee, 0x85, 0x00, 0x00, 0xc6, 0x45, 0xef, 0x10, 0x80, 0x7d,
  0xef, 0x00, 0x0f, 0x84, 0x76, 0x01, 0x00, 0x00, 0x48, 0x8b, 0x45, 0xe0,
  0x48, 0x89, 0xc1, 0x48, 0xff, 0xc1, 0x48, 0x89, 0x4d, 0xe0, 0x0f, 0xb6,
  0x08, 0x89, 0x4d, 0xa4, 0x88, 0xc8, 0x83, 0xe9, 0x26, 0x88, 0x45, 0xee,
  0x0f, 0x84, 0xf2, 0x00, 0x00, 0x00, 0xe9, 0x00, 0x00, 0x00, 0x00, 0x8b,
  0x45, 0xa4, 0x83, 0xe8, 0x2e, 0x0f, 0x84, 0xe1, 0x00, 0x00, 0x00, 0xe9,
  0x00, 0x00, 0x00, 0x00, 0x8b, 0x45, 0xa4, 0x83, 0xe8, 0x36, 0x0f, 0x84,
  0xd0, 0x00, 0x00, 0x00, 0xe9, 0x00, 0x00, 0x00, 0x00, 0x8b, 0x45, 0xa4,
  0x83, 0xe8, 0x3e, 0x0f, 0x84, 0xbf, 0x00, 0x00, 0x00, 0xe9, 0x00, 0x00,
  0x00, 0x00, 0x8b, 0x45, 0xa4, 0x83, 0xc0, 0x9c, 0x83, 0xe8, 0x02, 0x0f,
  0x82, 0xab, 0x00, 0x00, 0x00, 0xe9, 0x00, 0x00, 0x00, 0x00, 0x8b, 0x45,
  0xa4, 0x83, 0xe8, 0x66, 0x0f, 0x84, 0xb3, 0x00, 0x00, 0x00, 0xe9, 0x00,
  0x00, 0x00, 0x00, 0x8b, 0x45, 0xa4, 0x83, 0xe8, 0x67, 0x0f, 0x84, 0xbb,
  0x00, 0x00, 0x00, 0xe9, 0x00, 0x00, 0x00, 0x00, 0x8b, 0x45, 0xa4, 0x2d,
  0xf0, 0x00, 0x00, 0x00, 0x0f, 0x84, 0x5d, 0x00, 0x00, 0x00, 0xe9, 0x00,
  0x00, 0x00, 0x00, 0x8b, 0x45, 0xa4, 0x2d, 0xf2, 0x00, 0x00, 0x00, 0x0f,
  0x84, 0x31, 0x00, 0x00, 0x00, 0xe9, 0x00, 0x00, 0x00, 0x00, 0x8b, 0x45,
  0xa4, 0x2d, 0xf3, 0x00, 0x00, 0x00, 0x0f, 0x85, 0x9b, 0x00, 0x00, 0x00,
  0xe9, 0x00, 0x00, 0x00, 0x00, 0x8a, 0x4d, 0xee, 0x48, 0x8b, 0x45, 0xf0,
  0x88, 0x48, 0x01, 0x0f, 0xb6, 0x45, 0xdd, 0x83, 0xc8, 0x04, 0x88, 0x45,
  0xdd, 0xe9, 0x82, 0x00, 0x00, 0x00, 0x8a, 0x4d, 0xee, 0x48, 0x8b, 0x45,
  0xf0, 0x88, 0x48, 0x01, 0x0f, 0xb6, 0x45, 0xdd, 0x83, 0xc8, 0x02, 0x88,
  0x45, 0xdd, 0xe9, 0x69, 0x00, 0x00, 0x00, 0x8a, 0x4d, 0xee, 0x48, 0x8b,
  0x45, 0xf0, 0x88, 0x48, 0x02, 0x0f, 0xb6, 0x45, 0xdd, 0x83, 0xc8, 0x20,
  0x88, 0x45, 0xdd, 0xe9, 0x50, 0x00, 0x00, 0x00, 0x8a, 0x4d, 0xee, 0x48,
  0x8b, 0x45, 0xf0, 0x88, 0x48, 0x03, 0x0f, 0xb6, 0x45, 0xdd, 0x83, 0xc8,
  0x40, 0x88, 0x45, 0xdd, 0xe9, 0x37, 0x00, 0x00, 0x00, 0x8a, 0x4d, 0xee,
  0x48, 0x8b, 0x45, 0xf0, 0x88, 0x48, 0x04, 0x0f, 0xb6, 0x45, 0xdd, 0x83,
  0xc8, 0x08, 0x88, 0x45, 0xdd, 0xe9, 0x1e, 0x00, 0x00, 0x00, 0x8a, 0x4d,
  0xee, 0x48, 0x8b, 0x45, 0xf0, 0x88, 0x48, 0x05, 0x0f, 0xb6, 0x45, 0xdd,
  0x83, 0xc8, 0x10, 0x88, 0x45, 0xdd, 0xe9, 0x05, 0x00, 0x00, 0x00, 0xe9,
  0x17, 0x00, 0x00, 0x00, 0xe9, 0x00, 0x00, 0x00, 0x00, 0x8a, 0x45, 0xef,
  0x04, 0xff, 0x88, 0x45, 0xef, 0xe9, 0x80, 0xfe, 0xff, 0xff, 0xe9, 0x00,
  0x00, 0x00, 0x00, 0x0f, 0xb6, 0x4d, 0xdd, 0xc1, 0xe1, 0x17, 0x48, 0x8b,
  0x45, 0xf0, 0x89, 0x48, 0x21, 0x80, 0x7d, 0xdd, 0x00, 0x0f, 0x85, 0x0a,
  0x00, 0x00, 0x00, 0x0f, 0xb6, 0x45, 0xdd, 0x83, 0xc8, 0x01, 0x88, 0x45,
  0xdd, 0x0f, 0xb6, 0x45, 0xee, 0x25, 0xf0, 0x00, 0x00, 0x00, 0x83, 0xf8,
  0x40, 0x0f, 0x85, 0xb6, 0x00, 0x00, 0x00, 0x48, 0x8b, 0x45, 0xf0, 0x8b,
  0x48, 0x21, 0x81, 0xc9, 0x00, 0x00, 0x00, 0x40, 0x89, 0x48, 0x21, 0x0f,
  0xb6, 0x45, 0xee, 0x83, 0xe0, 0x0f, 0xc1, 0xf8, 0x03, 0x48, 0x8b, 0x4d,
  0xf0, 0x88, 0x41, 0x07, 0x0f, 0xb6, 0xc0, 0x83, 0xf8, 0x00, 0x0f, 0x84,
  0x1f, 0x00, 0x00, 0x00, 0x48, 0x8b, 0x45, 0xe0, 0x0f, 0xb6, 0x00, 0x25,
  0xf8, 0x00, 0x00, 0x00, 0x3d, 0xb8, 0x00, 0x00, 0x00, 0x0f, 0x85, 0x08,
  0x00, 0x00, 0x00, 0x8a, 0x45, 0xcb, 0x04, 0x01, 0x88, 0x45, 0xcb, 0x0f,
  0xb6, 0x45, 0xee, 0x83, 0xe0, 0x07, 0xc1, 0xf8, 0x02, 0x88, 0xc1, 0x48,
  0x8b, 0x45, 0xf0, 0x88, 0x48, 0x08, 0x0f, 0xb6, 0x45, 0xee, 0x83, 0xe0,
  0x03, 0xd1, 0xf8, 0x88, 0xc1, 0x48, 0x8b, 0x45, 0xf0, 0x88, 0x48, 0x09,
  0x0f, 0xb6, 0x45, 0xee, 0x83, 0xe0, 0x01, 0x88, 0xc1, 0x48, 0x8b, 0x45,
  0xf0, 0x88, 0x48, 0x0a, 0x48, 0x8b, 0x45, 0xe0, 0x48, 0x89, 0xc1, 0x48,
  0x83, 0xc1, 0x01, 0x48, 0x89, 0x4d, 0xe0, 0x8a, 0x00, 0x88, 0x45, 0xee,
  0x0f, 0xb6, 0xc0, 0x25, 0xf0, 0x00, 0x00, 0x00, 0x83, 0xf8, 0x40, 0x0f,
  0x85, 0x0b, 0x00, 0x00, 0x00, 0x8a, 0x45, 0xee, 0x88, 0x45, 0xde, 0xe9,
  0xfe, 0x00, 0x00, 0x00, 0xe9, 0x00, 0x00, 0x00, 0x00, 0x8a, 0x45, 0xee,
  0x48, 0x8b, 0x4d, 0xf0, 0x88, 0x41, 0x0b, 0x0f, 0xb6, 0xc0, 0x83, 0xf8,
  0x0f, 0x0f, 0x85, 0x2c, 0x00, 0x00, 0x00, 0x48, 0x8b, 0x45, 0xe0, 0x48,
  0x89, 0xc1, 0x48, 0x83, 0xc1, 0x01, 0x48, 0x89, 0x4d, 0xe0, 0x8a, 0x08,
  0x88, 0x4d, 0xee, 0x48, 0x8b, 0x45, 0xf0, 0x88, 0x48, 0x0c, 0x48, 0x8b,
  0x45, 0xd0, 0x48, 0x83, 0xc0, 0x4a, 0x48, 0x89, 0x45, 0xd0, 0xe9, 0x59,
  0x00, 0x00, 0x00, 0x0f, 0xb6, 0x45, 0xee, 0x3d, 0xa0, 0x00, 0x00, 0x00,
  0x0f, 0x8c, 0x45, 0x00, 0x00, 0x00, 0x0f, 0xb6, 0x45, 0xee, 0x3d, 0xa3,
  0x00, 0x00, 0x00, 0x0f, 0x8f, 0x36, 0x00, 0x00, 0x00, 0x8a, 0x45, 0xcb,
  0x04, 0x01, 0x88, 0x45, 0xcb, 0x0f, 0xb6, 0x45, 0xdd, 0x83, 0xe0, 0x10,
  0x83, 0xf8, 0x00, 0x0f, 0x84, 0x0f, 0x00, 0x00, 0x00, 0x0f, 0xb6, 0x45,
  0xdd, 0x83, 0xc8, 0x08, 0x88, 0x45, 0xdd, 0xe9, 0x0a, 0x00, 0x00, 0x00,
  0x0f, 0xb6, 0x45, 0xdd, 0x83, 0xe0, 0xf7, 0x88, 0x45, 0xdd, 0xe9, 0x00,
  0x00, 0x00, 0x00, 0xe9, 0x00, 0x00, 0x00, 0x00, 0x8a, 0x45, 0xee, 0x88,
  0x45, 0xde, 0x48, 0x8b, 0x45, 0xd0, 0x48, 0x89, 0x45, 0x98, 0x48, 0x8b,
  0x45, 0xd0, 0x48, 0x89, 0x45, 0x90, 0x0f, 0xb6, 0x45, 0xde, 0xb9, 0x04,
  0x00, 0x00, 0x00, 0x99, 0xf7, 0xf9, 0x89, 0xc1, 0x48, 0x8b, 0x45, 0x90,
  0x48, 0x63, 0xc9, 0x0f, 0xb6, 0x0c, 0x08, 0x0f, 0xb6, 0x45, 0xde, 0xbe,
  0x04, 0x00, 0x00, 0x00, 0x99, 0xf7, 0xfe, 0x48, 0x8b, 0x45, 0x98, 0x01,
  0xd1, 0x48, 0x63, 0xc9, 0x8a, 0x04, 0x08, 0x88, 0x45, 0xdf, 0x0f, 0xb6,
  0x45, 0xdf, 0x3d, 0xff, 0x00, 0x00, 0x00, 0x0f, 0x85, 0x36, 0x00, 0x00,
  0x00, 0xe9, 0x00, 0x00, 0x00, 0x00, 0x48, 0x8b, 0x45, 0xf0, 0x8b, 0x48,
  0x21, 0x81, 0xc9, 0x00, 0x30, 0x00, 0x00, 0x89, 0x48, 0x21, 0xc6, 0x45,
  0xdf, 0x00, 0x0f, 0xb6, 0x45, 0xde, 0x83, 0xe0, 0xfd, 0x83, 0xf8, 0x24,
  0x0f, 0x85, 0x08, 0x00, 0x00, 0x00, 0x8a, 0x45, 0xdf, 0x04, 0x01, 0x88,
  0x45, 0xdf, 0xe9, 0x00, 0x00, 0x00, 0x00, 0xc6, 0x45, 0xef, 0x00, 0x0f,
  0xb6, 0x45, 0xdf, 0x25, 0x80, 0x00, 0x00, 0x00, 0x83, 0xf8, 0x00, 0x0f,
  0x84, 0x27, 0x00, 0x00, 0x00, 0x48, 0x8b, 0x45, 0xd0, 0x0f, 0xb6, 0x4d,
  0xdf, 0x83, 0xe1, 0x7f, 0x48, 0x63, 0xc9, 0x66, 0x8b, 0x04, 0x08, 0x66,
  0x89, 0x45, 0xc8, 0x66, 0x8b, 0x45, 0xc8, 0x88, 0x45, 0xdf, 0x0f, 0xb7,
  0x45, 0xc8, 0xc1, 0xf8, 0x08, 0x88, 0x45, 0xef, 0x48, 0x8b, 0x45, 0xf0,
  0x80, 0x78, 0x0c, 0x00, 0x0f, 0x84, 0x77, 0x00, 0x00, 0x00, 0x48, 0x8d,
  0x05, 0xef, 0xd8, 0x01, 0x00, 0x48, 0x05, 0x3c, 0x01, 0x00, 0x00, 0x48,
  0x89, 0x45, 0xd0, 0x48, 0x8b, 0x45, 0xd0, 0x48, 0x89, 0x45, 0x88, 0x48,
  0x8b, 0x45, 0xd0, 0x48, 0x89, 0x45, 0x80, 0x0f, 0xb6, 0x45, 0xde, 0xb9,
  0x04, 0x00, 0x00, 0x00, 0x99, 0xf7, 0xf9, 0x89, 0xc1, 0x48, 0x8b, 0x45,
  0x80, 0x48, 0x63, 0xc9, 0x0f, 0xb6, 0x0c, 0x08, 0x0f, 0xb6, 0x45, 0xde,
  0xbe, 0x04, 0x00, 0x00, 0x00, 0x99, 0xf7, 0xfe, 0x48, 0x8b, 0x45, 0x88,
  0x01, 0xd1, 0x48, 0x63, 0xc9, 0x0f, 0xb6, 0x04, 0x08, 0x0f, 0xb6, 0x4d,
  0xdd, 0x21, 0xc8, 0x83, 0xf8, 0x00, 0x0f, 0x84, 0x10, 0x00, 0x00, 0x00,
  0x48, 0x8b, 0x45, 0xf0, 0x8b, 0x48, 0x21, 0x81, 0xc9, 0x00, 0x30, 0x00,
  0x00, 0x89, 0x48, 0x21, 0xe9, 0x00, 0x00, 0x00, 0x00, 0x0f, 0xb6, 0x45,
  0xdf, 0x83, 0xe0, 0x01, 0x83, 0xf8, 0x00, 0x0f, 0x84, 0xba, 0x07, 0x00,
  0x00, 0x48, 0x8b, 0x45, 0xf0, 0x8b, 0x48, 0x21, 0x83, 0xc9, 0x01, 0x89,
  0x48, 0x21, 0x48, 0x8b, 0x45, 0xe0, 0x48, 0x89, 0xc1, 0x48, 0x83, 0xc1,
  0x01, 0x48, 0x89, 0x4d, 0xe0, 0x8a, 0x08, 0x88, 0x4d, 0xee, 0x48, 0x8b,
  0x45, 0xf0, 0x88, 0x48, 0x0d, 0x0f, 0xb6, 0x45, 0xee, 0xc1, 0xf8, 0x06,
  0x88, 0xc1, 0x88, 0x4d, 0xcf, 0x48, 0x8b, 0x45, 0xf0, 0x88, 0x48, 0x0e,
  0x0f, 0xb6, 0x45, 0xee, 0x83, 0xe0, 0x07, 0x88, 0xc1, 0x88, 0x4d, 0xcd,
  0x48, 0x8b, 0x45, 0xf0, 0x88, 0x48, 0x10, 0x0f, 0xb6, 0x45, 0xee, 0x83,
  0xe0, 0x3f, 0xc1, 0xf8, 0x03, 0x88, 0xc1, 0x88, 0x4d, 0xce, 0x48, 0x8b,
  0x45, 0xf0, 0x88, 0x48, 0x0f, 0x0f, 0xb6, 0x45, 0xef, 0x83, 0xf8, 0x00,
  0x0f, 0x84, 0x28, 0x00, 0x00, 0x00, 0x0f, 0xb6, 0x45, 0xef, 0x0f, 0xb6,
  0x4d, 0xce, 0xd3, 0xe0, 0x25, 0x80, 0x00, 0x00, 0x00, 0x83, 0xf8, 0x00,
  0x0f, 0x84, 0x10, 0x00, 0x00, 0x00, 0x48, 0x8b, 0x45, 0xf0, 0x8b, 0x48,
  0x21, 0x81, 0xc9, 0x00, 0x30, 0x00, 0x00, 0x89, 0x48, 0x21, 0x48, 0x8b,
  0x45, 0xf0, 0x80, 0x78, 0x0c, 0x00, 0x0f, 0x85, 0xbc, 0x00, 0x00, 0x00,
  0x0f, 0xb6, 0x45, 0xde, 0x3d, 0xd9, 0x00, 0x00, 0x00, 0x0f, 0x8c, 0xad,
  0x00, 0x00, 0x00, 0x0f, 0xb6, 0x45, 0xde, 0x3d, 0xdf, 0x00, 0x00, 0x00,
  0x0f, 0x8f, 0x9e, 0x00, 0x00, 0x00, 0x0f, 0xb6, 0x45, 0xde, 0x2d, 0xd9,
  0x00, 0x00, 0x00, 0x88, 0x45, 0xc7, 0x0f, 0xb6, 0x45, 0xcf, 0x83, 0xf8,
  0x03, 0x0f, 0x85, 0x38, 0x00, 0x00, 0x00, 0x0f, 0xb6, 0x45, 0xc7, 0xc1,
  0xe0, 0x03, 0x48, 0x63, 0xc8, 0x48, 0x8d, 0x05, 0x80, 0xd7, 0x01, 0x00,
  0x48, 0x05, 0x04, 0x01, 0x00, 0x00, 0x48, 0x01, 0xc8, 0x48, 0x89, 0x45,
  0xd0, 0x48, 0x8b, 0x45, 0xd0, 0x0f, 0xb6, 0x4d, 0xce, 0x0f, 0xb6, 0x04,
  0x08, 0x0f, 0xb6, 0x4d, 0xcd, 0xd3, 0xe0, 0x88, 0x45, 0xc7, 0xe9, 0x26,
  0x00, 0x00, 0x00, 0x48, 0x8d, 0x05, 0x52, 0xd7, 0x01, 0x00, 0x48, 0x05,
  0xfd, 0x00, 0x00, 0x00, 0x48, 0x89, 0x45, 0xd0, 0x48, 0x8b, 0x45, 0xd0,
  0x0f, 0xb6, 0x4d, 0xc7, 0x0f, 0xb6, 0x04, 0x08, 0x0f, 0xb6, 0x4d, 0xce,
  0xd3, 0xe0, 0x88, 0x45, 0xc7, 0x0f, 0xb6, 0x45, 0xc7, 0x25, 0x80, 0x00,
  0x00, 0x00, 0x83, 0xf8, 0x00, 0x0f, 0x84, 0x10, 0x00, 0x00, 0x00, 0x48,
  0x8b, 0x45, 0xf0, 0x8b, 0x48, 0x21, 0x81, 0xc9, 0x00, 0x30, 0x00, 0x00,
  0x89, 0x48, 0x21, 0xe9, 0x00, 0x00, 0x00, 0x00, 0x0f, 0xb6, 0x45, 0xdd,
  0x83, 0xe0, 0x20, 0x83, 0xf8, 0x00, 0x0f, 0x84, 0x15, 0x01, 0x00, 0x00,
  0x0f, 0xb6, 0x45, 0xcf, 0x83, 0xf8, 0x03, 0x0f, 0x85, 0x15, 0x00, 0x00,
  0x00, 0x48, 0x8b, 0x45, 0xf0, 0x8b, 0x48, 0x21, 0x81, 0xc9, 0x00, 0x90,
  0x00, 0x00, 0x89, 0x48, 0x21, 0xe9, 0xee, 0x00, 0x00, 0x00, 0x8a, 0x45,
  0xde, 0x88, 0x45, 0xb7, 0x48, 0x8b, 0x45, 0xf0, 0x80, 0x78, 0x0c, 0x00,
  0x0f, 0x84, 0x2a, 0x00, 0x00, 0x00, 0x48, 0x8d, 0x05, 0xbf, 0xd6, 0x01,
  0x00, 0x48, 0x05, 0xc6, 0x01, 0x00, 0x00, 0x48, 0x89, 0x45, 0xd0, 0x48,
  0x8b, 0x45, 0xd0, 0x48, 0x05, 0xd8, 0x01, 0x00, 0x00, 0x48, 0x05, 0x3a,
  0xfe, 0xff, 0xff, 0x48, 0x89, 0x45, 0xb8, 0xe9, 0x2f, 0x00, 0x00, 0x00,
  0x48, 0x8d, 0x05, 0x95, 0xd6, 0x01, 0x00, 0x48, 0x05, 0xae, 0x01, 0x00,
  0x00, 0x48, 0x89, 0x45, 0xd0, 0x48, 0x8b, 0x45, 0xd0, 0x48, 0x05, 0xc6,
  0x01, 0x00, 0x00, 0x48, 0x05, 0x52, 0xfe, 0xff, 0xff, 0x48, 0x89, 0x45,
  0xb8, 0x0f, 0xb6, 0x45, 0xb7, 0x83, 0xe0, 0xfe, 0x88, 0x45, 0xb7, 0xe9,
  0x00, 0x00, 0x00, 0x00, 0x48, 0x8b, 0x45, 0xd0, 0x48, 0x3b, 0x45, 0xb8,
  0x0f, 0x84, 0x59, 0x00, 0x00, 0x00, 0x48, 0x8b, 0x45, 0xd0, 0x48, 0x89,
  0xc1, 0x48, 0x83, 0xc1, 0x01, 0x48, 0x89, 0x4d, 0xd0, 0x0f, 0xb6, 0x00,
  0x0f, 0xb6, 0x4d, 0xb7, 0x39, 0xc8, 0x0f, 0x85, 0x25, 0x00, 0x00, 0x00,
  0x48, 0x8b, 0x45, 0xd0, 0x0f, 0xb6, 0x00, 0x0f, 0xb6, 0x4d, 0xce, 0xd3,
  0xe0, 0x25, 0x80, 0x00, 0x00, 0x00, 0x83, 0xf8, 0x00, 0x0f, 0x85, 0x05,
  0x00, 0x00, 0x00, 0xe9, 0x2b, 0x00, 0x00, 0x00, 0xe9, 0x16, 0x00, 0x00,
  0x00, 0xe9, 0x00, 0x00, 0x00, 0x00, 0x48, 0x8b, 0x45, 0xd0, 0x48, 0x83,
  0xc0, 0x01, 0x48, 0x89, 0x45, 0xd0, 0xe9, 0x99, 0xff, 0xff, 0xff, 0x48,
  0x8b, 0x45, 0xf0, 0x8b, 0x48, 0x21, 0x81, 0xc9, 0x00, 0x90, 0x00, 0x00,
  0x89, 0x48, 0x21, 0xe9, 0x00, 0x00, 0x00, 0x00, 0xe9, 0x00, 0x00, 0x00,
  0x00, 0x48, 0x8b, 0x45, 0xf0, 0x80, 0x78, 0x0c, 0x00, 0x0f, 0x84, 0x85,
  0x00, 0x00, 0x00, 0x0f, 0xb6, 0x45, 0xde, 0x83, 0xc0, 0xe0, 0x89, 0xc1,
  0x48, 0x89, 0x8d, 0x78, 0xff, 0xff, 0xff, 0x83, 0xe8, 0x03, 0x0f, 0x87,
  0x67, 0x00, 0x00, 0x00, 0x48, 0x8b, 0x85, 0x78, 0xff, 0xff, 0xff, 0x48,
  0x8d, 0x0d, 0x8e, 0xdd, 0x00, 0x00, 0x48, 0x63, 0x04, 0x81, 0x48, 0x01,
  0xc8, 0xff, 0xe0, 0xc6, 0x45, 0xcf, 0x03, 0x0f, 0xb6, 0x45, 0xce, 0x83,
  0xf8, 0x04, 0x0f, 0x8f, 0x0d, 0x00, 0x00, 0x00, 0x0f, 0xb6, 0x45, 0xce,
  0x83, 0xf8, 0x01, 0x0f, 0x85, 0x05, 0x00, 0x00, 0x00, 0xe9, 0x5f, 0x02,
  0x00, 0x00, 0xe9, 0x6a, 0x02, 0x00, 0x00, 0xc6, 0x45, 0xcf, 0x03, 0x0f,
  0xb6, 0x45, 0xce, 0x83, 0xf8, 0x04, 0x0f, 0x84, 0x0d, 0x00, 0x00, 0x00,
  0x0f, 0xb6, 0x45, 0xce, 0x83, 0xf8, 0x05, 0x0f, 0x85, 0x05, 0x00, 0x00,
  0x00, 0xe9, 0x37, 0x02, 0x00, 0x00, 0xe9, 0x42, 0x02, 0x00, 0x00, 0xe9,
  0x70, 0x00, 0x00, 0x00, 0x0f, 0xb6, 0x45, 0xde, 0x89, 0x85, 0x74, 0xff,
  0xff, 0xff, 0x2d, 0x8c, 0x00, 0x00, 0x00, 0x0f, 0x84, 0x1b, 0x00, 0x00,
  0x00, 0xe9, 0x00, 0x00, 0x00, 0x00, 0x8b, 0x85, 0x74, 0xff, 0xff, 0xff,
  0x2d, 0x8e, 0x00, 0x00, 0x00, 0x0f, 0x84, 0x1c, 0x00, 0x00, 0x00, 0xe9,
  0x3b, 0x00, 0x00, 0x00, 0x0f, 0xb6, 0x45, 0xce, 0x83, 0xf8, 0x05, 0x0f,
  0x8e, 0x05, 0x00, 0x00, 0x00, 0xe9, 0xeb, 0x01, 0x00, 0x00, 0xe9, 0xf6,
  0x01, 0x00, 0x00, 0x0f, 0xb6, 0x45, 0xce, 0x83, 0xf8, 0x01, 0x0f, 0x84,
  0x0d, 0x00, 0x00, 0x00, 0x0f, 0xb6, 0x45, 0xce, 0x83, 0xf8, 0x05, 0x0f,
  0x8e, 0x05, 0x00, 0x00, 0x00, 0xe9, 0xc7, 0x01, 0x00, 0x00, 0xe9, 0xd2,
  0x01, 0x00, 0x00, 0xe9, 0x00, 0x00, 0x00, 0x00, 0x0f, 0xb6, 0x45, 0xcf,
  0x83, 0xf8, 0x03, 0x0f, 0x85, 0xef, 0x00, 0x00, 0x00, 0x48, 0x8b, 0x45,
  0xf0, 0x80, 0x78, 0x0c, 0x00, 0x0f, 0x84, 0x2a, 0x00, 0x00, 0x00, 0x48,
  0x8d, 0x05, 0xc2, 0xd4, 0x01, 0x00, 0x48, 0x05, 0xe7, 0x01, 0x00, 0x00,
  0x48, 0x89, 0x45, 0xd0, 0x48, 0x8b, 0x45, 0xd0, 0x48, 0x05, 0x11, 0x02,
  0x00, 0x00, 0x48, 0x05, 0x19, 0xfe, 0xff, 0xff, 0x48, 0x89, 0x45, 0xa8,
  0xe9, 0x25, 0x00, 0x00, 0x00, 0x48, 0x8d, 0x05, 0x98, 0xd4, 0x01, 0x00,
  0x48, 0x05, 0xd8, 0x01, 0x00, 0x00, 0x48, 0x89, 0x45, 0xd0, 0x48, 0x8b,
  0x45, 0xd0, 0x48, 0x05, 0xe7, 0x01, 0x00, 0x00, 0x48, 0x05, 0x28, 0xfe,
  0xff, 0xff, 0x48, 0x89, 0x45, 0xa8, 0xe9, 0x00, 0x00, 0x00, 0x00, 0x48,
  0x8b, 0x45, 0xd0, 0x48, 0x3b, 0x45, 0xa8, 0x0f, 0x84, 0x7a, 0x00, 0x00,
  0x00, 0x48, 0x8b, 0x45, 0xd0, 0x48, 0x89, 0xc1, 0x48, 0x83, 0xc1, 0x01,
  0x48, 0x89, 0x4d, 0xd0, 0x0f, 0xb6, 0x00, 0x0f, 0xb6, 0x4d, 0xde, 0x39,
  0xc8, 0x0f, 0x85, 0x46, 0x00, 0x00, 0x00, 0x48, 0x8b, 0x45, 0xd0, 0x48,
  0x89, 0xc1, 0x48, 0x83, 0xc1, 0x01, 0x48, 0x89, 0x4d, 0xd0, 0x0f, 0xb6,
  0x00, 0x0f, 0xb6, 0x4d, 0xdd, 0x21, 0xc8, 0x83, 0xf8, 0x00, 0x0f, 0x84,
  0x20, 0x00, 0x00, 0x00, 0x48, 0x8b, 0x45, 0xd0, 0x0f, 0xb6, 0x00, 0x0f,
  0xb6, 0x4d, 0xce, 0xd3, 0xe0, 0x25, 0x80, 0x00, 0x00, 0x00, 0x83, 0xf8,
  0x00, 0x0f, 0x85, 0x05, 0x00, 0x00, 0x00, 0xe9, 0xe1, 0x00, 0x00, 0x00,
  0xe9, 0x16, 0x00, 0x00, 0x00, 0xe9, 0x00, 0x00, 0x00, 0x00, 0x48, 0x8b,
  0x45, 0xd0, 0x48, 0x83, 0xc0, 0x02, 0x48, 0x89, 0x45, 0xd0, 0xe9, 0x78,
  0xff, 0xff, 0xff, 0xe9, 0xd1, 0x00, 0x00, 0x00, 0x48, 0x8b, 0x45, 0xf0,
  0x80, 0x78, 0x0c, 0x00, 0x0f, 0x84, 0xae, 0x00, 0x00, 0x00, 0x0f, 0xb6,
  0x45, 0xde, 0x89, 0x85, 0x70, 0xff, 0xff, 0xff, 0x83, 0xe8, 0x50, 0x0f,
  0x84, 0x5d, 0x00, 0x00, 0x00, 0xe9, 0x00, 0x00, 0x00, 0x00, 0x8b, 0x85,
  0x70, 0xff, 0xff, 0xff, 0x2d, 0xc5, 0x00, 0x00, 0x00, 0x0f, 0x84, 0x7b,
  0x00, 0x00, 0x00, 0xe9, 0x00, 0x00, 0x00, 0x00, 0x8b, 0x85, 0x70, 0xff,
  0xff, 0xff, 0x2d, 0xd6, 0x00, 0x00, 0x00, 0x0f, 0x84, 0x4b, 0x00, 0x00,
  0x00, 0xe9, 0x00, 0x00, 0x00, 0x00, 0x8b, 0x85, 0x70, 0xff, 0xff, 0xff,
  0x2d, 0xd7, 0x00, 0x00, 0x00, 0x0f, 0x84, 0x1b, 0x00, 0x00, 0x00, 0xe9,
  0x00, 0x00, 0x00, 0x00, 0x8b, 0x85, 0x70, 0xff, 0xff, 0xff, 0x2d, 0xf7,
  0x00, 0x00, 0x00, 0x0f, 0x85, 0x3e, 0x00, 0x00, 0x00, 0xe9, 0x00, 0x00,
  0x00, 0x00, 0x0f, 0xb6, 0x45, 0xdd, 0x83, 0xe0, 0x09, 0x83, 0xf8, 0x00,
  0x0f, 0x84, 0x05, 0x00, 0x00, 0x00, 0xe9, 0x2e, 0x00, 0x00, 0x00, 0xe9,
  0x1f, 0x00, 0x00, 0x00, 0x0f, 0xb6, 0x45, 0xdd, 0x83, 0xe0, 0x06, 0x83,
  0xf8, 0x00, 0x0f, 0x84, 0x05, 0x00, 0x00, 0x00, 0xe9, 0x14, 0x00, 0x00,
  0x00, 0xe9, 0x05, 0x00, 0x00, 0x00, 0xe9, 0x0a, 0x00, 0x00, 0x00, 0xe9,
  0x15, 0x00, 0x00, 0x00, 0xe9, 0x10, 0x00, 0x00, 0x00, 0x48, 0x8b, 0x45,
  0xf0, 0x8b, 0x48, 0x21, 0x81, 0xc9, 0x00, 0x10, 0x01, 0x00, 0x89, 0x48,
  0x21, 0x48, 0x8b, 0x45, 0xe0, 0x48, 0x89, 0xc1, 0x48, 0x83, 0xc1, 0x01,
  0x48, 0x89, 0x4d, 0xe0, 0x8a, 0x00, 0x88, 0x45, 0xee, 0x0f, 0xb6, 0x45,
  0xce, 0x83, 0xf8, 0x01, 0x0f, 0x8f, 0x41, 0x00, 0x00, 0x00, 0x0f, 0xb6,
  0x45, 0xde, 0x3d, 0xf6, 0x00, 0x00, 0x00, 0x0f, 0x85, 0x0f, 0x00, 0x00,
  0x00, 0x0f, 0xb6, 0x45, 0xdf, 0x83, 0xc8, 0x02, 0x88, 0x45, 0xdf, 0xe9,
  0x1e, 0x00, 0x00, 0x00, 0x0f, 0xb6, 0x45, 0xde, 0x3d, 0xf7, 0x00, 0x00,
  0x00, 0x0f, 0x85, 0x0a, 0x00, 0x00, 0x00, 0x0f, 0xb6, 0x45, 0xdf, 0x83,
  0xc8, 0x10, 0x88, 0x45, 0xdf, 0xe9, 0x00, 0x00, 0x00, 0x00, 0xe9, 0x00,
  0x00, 0x00, 0x00, 0x0f, 0xb6, 0x45, 0xcf, 0x89, 0x85, 0x6c, 0xff, 0xff,
  0xff, 0x85, 0xc0, 0x0f, 0x84, 0x2d, 0x00, 0x00, 0x00, 0xe9, 0x00, 0x00,
  0x00, 0x00, 0x8b, 0x85, 0x6c, 0xff, 0xff, 0xff, 0x83, 0xe8, 0x01, 0x0f,
  0x84, 0x5a, 0x00, 0x00, 0x00, 0xe9, 0x00, 0x00, 0x00, 0x00, 0x8b, 0x85,
  0x6c, 0xff, 0xff, 0xff, 0x83, 0xe8, 0x02, 0x0f, 0x84, 0x4f, 0x00, 0x00,
  0x00, 0xe9, 0x6c, 0x00, 0x00, 0x00, 0x0f, 0xb6, 0x45, 0xdd, 0x83, 0xe0,
  0x10, 0x83, 0xf8, 0x00, 0x0f, 0x84, 0x16, 0x00, 0x00, 0x00, 0x0f, 0xb6,
  0x45, 0xcd, 0x83, 0xf8, 0x06, 0x0f, 0x85, 0x04, 0x00, 0x00, 0x00, 0xc6,
  0x45, 0xcc, 0x02, 0xe9, 0x16, 0x00, 0x00, 0x00, 0x0f, 0xb6, 0x45, 0xcd,
  0x83, 0xf8, 0x05, 0x0f, 0x85, 0x04, 0x00, 0x00, 0x00, 0xc6, 0x45, 0xcc,
  0x04, 0xe9, 0x00, 0x00, 0x00, 0x00, 0xe9, 0x2b, 0x00, 0x00, 0x00, 0xc6,
  0x45, 0xcc, 0x01, 0xe9, 0x22, 0x00, 0x00, 0x00, 0xc6, 0x45, 0xcc, 0x02,
  0x0f, 0xb6, 0x45, 0xdd, 0x83, 0xe0, 0x10, 0x83, 0xf8, 0x00, 0x0f, 0x85,
  0x09, 0x00, 0x00, 0x00, 0x0f, 0xb6, 0x45, 0xcc, 0xd1, 0xe0, 0x88, 0x45,
  0xcc, 0xe9, 0x00, 0x00, 0x00, 0x00, 0x0f, 0xb6, 0x45, 0xcf, 0x83, 0xf8,
  0x03, 0x0f, 0x84, 0x86, 0x00, 0x00, 0x00, 0x0f, 0xb6, 0x45, 0xcd, 0x83,
  0xf8, 0x04, 0x0f, 0x85, 0x79, 0x00, 0x00, 0x00, 0x48, 0x8b, 0x45, 0xf0,
  0x8b, 0x48, 0x21, 0x83, 0xc9, 0x02, 0x89, 0x48, 0x21, 0x48, 0x8b, 0x45,
  0xe0, 0x48, 0x83, 0xc0, 0x01, 0x48, 0x89, 0x45, 0xe0, 0x8a, 0x4d, 0xee,
  0x48, 0x8b, 0x45, 0xf0, 0x88, 0x48, 0x11, 0x0f, 0xb6, 0x45, 0xee, 0xc1,
  0xf8, 0x06, 0x88, 0xc1, 0x48, 0x8b, 0x45, 0xf0, 0x88, 0x48, 0x12, 0x0f,
  0xb6, 0x45, 0xee, 0x83, 0xe0, 0x3f, 0xc1, 0xf8, 0x03, 0x88, 0xc1, 0x48,
  0x8b, 0x45, 0xf0, 0x88, 0x48, 0x13, 0x0f, 0xb6, 0x45, 0xee, 0x83, 0xe0,
  0x07, 0x48, 0x8b, 0x4d, 0xf0, 0x88, 0x41, 0x14, 0x0f, 0xb6, 0xc0, 0x83,
  0xf8, 0x05, 0x0f, 0x85, 0x14, 0x00, 0x00, 0x00, 0x0f, 0xb6, 0x45, 0xcf,
  0x83, 0xe0, 0x01, 0x83, 0xf8, 0x00, 0x0f, 0x85, 0x04, 0x00, 0x00, 0x00,
  0xc6, 0x45, 0xcc, 0x04, 0xe9, 0x00, 0x00, 0x00, 0x00, 0x48, 0x8b, 0x45,
  0xe0, 0x48, 0xff, 0xc8, 0x48, 0x89, 0x45, 0xe0, 0x0f, 0xb6, 0x45, 0xcc,
  0x89, 0x85, 0x68, 0xff, 0xff, 0xff, 0x83, 0xe8, 0x01, 0x0f, 0x84, 0x2d,
  0x00, 0x00, 0x00, 0xe9, 0x00, 0x00, 0x00, 0x00, 0x8b, 0x85, 0x68, 0xff,
  0xff, 0xff, 0x83, 0xe8, 0x02, 0x0f, 0x84, 0x38, 0x00, 0x00, 0x00, 0xe9,
  0x00, 0x00, 0x00, 0x00, 0x8b, 0x85, 0x68, 0xff, 0xff, 0xff, 0x83, 0xe8,
  0x04, 0x0f, 0x84, 0x48, 0x00, 0x00, 0x00, 0xe9, 0x60, 0x00, 0x00, 0x00,
  0x48, 0x8b, 0x45, 0xf0, 0x8b, 0x48, 0x21, 0x83, 0xc9, 0x40, 0x89, 0x48,
  0x21, 0x48, 0x8b, 0x45, 0xe0, 0x8a, 0x08, 0x48, 0x8b, 0x45, 0xf0, 0x88,
  0x48, 0x1d, 0xe9, 0x41, 0x00, 0x00, 0x00, 0x48, 0x8b, 0x45, 0xf0, 0x8b,
  0x48, 0x21, 0x81, 0xc9, 0x80, 0x00, 0x00, 0x00, 0x89, 0x48, 0x21, 0x48,
  0x8b, 0x45, 0xe0, 0x66, 0x8b, 0x08, 0x48, 0x8b, 0x45, 0xf0, 0x66, 0x89,
  0x48, 0x1d, 0xe9, 0x1d, 0x00, 0x00, 0x00, 0x48, 0x8b, 0x45, 0xf0, 0x8b,
  0x48, 0x21, 0x81, 0xc9, 0x00, 0x01, 0x00, 0x00, 0x89, 0x48, 0x21, 0x48,
  0x8b, 0x45, 0xe0, 0x8b, 0x08, 0x48, 0x8b, 0x45, 0xf0, 0x89, 0x48, 0x1d,
  0x0f, 0xb6, 0x4d, 0xcc, 0x48, 0x8b, 0x45, 0xe0, 0x48, 0x63, 0xc9, 0x48,
  0x01, 0xc8, 0x48, 0x89, 0x45, 0xe0, 0xe9, 0x25, 0x00, 0x00, 0x00, 0x0f,
  0xb6, 0x45, 0xdd, 0x83, 0xe0, 0x20, 0x83, 0xf8, 0x00, 0x0f, 0x84, 0x10,
  0x00, 0x00, 0x00, 0x48, 0x8b, 0x45, 0xf0, 0x8b, 0x48, 0x21, 0x81, 0xc9,
  0x00, 0x90, 0x00, 0x00, 0x89, 0x48, 0x21, 0xe9, 0x00, 0x00, 0x00, 0x00,
  0x0f, 0xb6, 0x45, 0xdf, 0x83, 0xe0, 0x10, 0x83, 0xf8, 0x00, 0x0f, 0x84,
  0xd6, 0x00, 0x00, 0x00, 0x0f, 0xb6, 0x45, 0xdf, 0x83, 0xe0, 0x40, 0x83,
  0xf8, 0x00, 0x0f, 0x84, 0x45, 0x00, 0x00, 0x00, 0x0f, 0xb6, 0x45, 0xdd,
  0x83, 0xe0, 0x08, 0x83, 0xf8, 0x00, 0x0f, 0x84, 0x30, 0x00, 0x00, 0x00,
  0x48, 0x8b, 0x45, 0xf0, 0x8b, 0x48, 0x21, 0x81, 0xc9, 0x08, 0x02, 0x00,
  0x00, 0x89, 0x48, 0x21, 0x48, 0x8b, 0x45, 0xe0, 0x66, 0x8b, 0x08, 0x48,
  0x8b, 0x45, 0xf0, 0x66, 0x89, 0x48, 0x15, 0x48, 0x8b, 0x45, 0xe0, 0x48,
  0x83, 0xc0, 0x02, 0x48, 0x89, 0x45, 0xe0, 0xe9, 0x7d, 0x01, 0x00, 0x00,
  0xe9, 0x08, 0x01, 0x00, 0x00, 0x80, 0x7d, 0xcb, 0x00, 0x0f, 0x84, 0x2d,
  0x00, 0x00, 0x00, 0x48, 0x8b, 0x45, 0xf0, 0x8b, 0x48, 0x21, 0x83, 0xc9,
  0x20, 0x89, 0x48, 0x21, 0x48, 0x8b, 0x45, 0xe0, 0x48, 0x8b, 0x08, 0x48,
  0x8b, 0x45, 0xf0, 0x48, 0x89, 0x48, 0x15, 0x48, 0x8b, 0x45, 0xe0, 0x48,
  0x83, 0xc0, 0x08, 0x48, 0x89, 0x45, 0xe0, 0xe9, 0x45, 0x00, 0x00, 0x00,
  0x0f, 0xb6, 0x45, 0xdd, 0x83, 0xe0, 0x08, 0x83, 0xf8, 0x00, 0x0f, 0x85,
  0x2b, 0x00, 0x00, 0x00, 0x48, 0x8b, 0x45, 0xf0, 0x8b, 0x48, 0x21, 0x83,
  0xc9, 0x10, 0x89, 0x48, 0x21, 0x48, 0x8b, 0x45, 0xe0, 0x8b, 0x08, 0x48,
  0x8b, 0x45, 0xf0, 0x89, 0x48, 0x15, 0x48, 0x8b, 0x45, 0xe0, 0x48, 0x83,
  0xc0, 0x04, 0x48, 0x89, 0x45, 0xe0, 0xe9, 0x05, 0x00, 0x00, 0x00, 0xe9,
  0x1f, 0x00, 0x00, 0x00, 0xe9, 0x00, 0x00, 0x00, 0x00, 0xe9, 0x00, 0x00,
  0x00, 0x00, 0x0f, 0xb6, 0x45, 0xdf, 0x83, 0xe0, 0x04, 0x83, 0xf8, 0x00,
  0x0f, 0x84, 0x2d, 0x00, 0x00, 0x00, 0xe9, 0x00, 0x00, 0x00, 0x00, 0x48,
  0x8b, 0x45, 0xf0, 0x8b, 0x48, 0x21, 0x83, 0xc9, 0x08, 0x89, 0x48, 0x21,
  0x48, 0x8b, 0x45, 0xe0, 0x66, 0x8b, 0x08, 0x48, 0x8b, 0x45, 0xf0, 0x66,
  0x89, 0x48, 0x15, 0x48, 0x8b, 0x45, 0xe0, 0x48, 0x83, 0xc0, 0x02, 0x48,
  0x89, 0x45, 0xe0, 0x0f, 0xb6, 0x45, 0xdf, 0x83, 0xe0, 0x02, 0x83, 0xf8,
  0x00, 0x0f, 0x84, 0x25, 0x00, 0x00, 0x00, 0x48, 0x8b, 0x45, 0xf0, 0x8b,
  0x48, 0x21, 0x83, 0xc9, 0x04, 0x89, 0x48, 0x21, 0x48, 0x8b, 0x45, 0xe0,
  0x48, 0x89, 0xc1, 0x48, 0x83, 0xc1, 0x01, 0x48, 0x89, 0x4d, 0xe0, 0x8a,
  0x08, 0x48, 0x8b, 0x45, 0xf0, 0x88, 0x48, 0x15, 0x0f, 0xb6, 0x45, 0xdf,
  0x83, 0xe0, 0x40, 0x83, 0xf8, 0x00, 0x0f, 0x84, 0x33, 0x00, 0x00, 0x00,
  0xe9, 0x00, 0x00, 0x00, 0x00, 0x48, 0x8b, 0x45, 0xf0, 0x8b, 0x48, 0x21,
  0x81, 0xc9, 0x10, 0x02, 0x00, 0x00, 0x89, 0x48, 0x21, 0x48, 0x8b, 0x45,
  0xe0, 0x8b, 0x08, 0x48, 0x8b, 0x45, 0xf0, 0x89, 0x48, 0x15, 0x48, 0x8b,
  0x45, 0xe0, 0x48, 0x83, 0xc0, 0x04, 0x48, 0x89, 0x45, 0xe0, 0xe9, 0x3d,
  0x00, 0x00, 0x00, 0x0f, 0xb6, 0x45, 0xdf, 0x83, 0xe0, 0x20, 0x83, 0xf8,
  0x00, 0x0f, 0x84, 0x28, 0x00, 0x00, 0x00, 0x48, 0x8b, 0x45, 0xf0, 0x8b,
  0x48, 0x21, 0x81, 0xc9, 0x04, 0x02, 0x00, 0x00, 0x89, 0x48, 0x21, 0x48,
  0x8b, 0x45, 0xe0, 0x48, 0x89, 0xc1, 0x48, 0x83, 0xc1, 0x01, 0x48, 0x89,
  0x4d, 0xe0, 0x8a, 0x08, 0x48, 0x8b, 0x45, 0xf0, 0x88, 0x48, 0x15, 0xe9,
  0x00, 0x00, 0x00, 0x00, 0xe9, 0x00, 0x00, 0x00, 0x00, 0x48, 0x8b, 0x45,
  0xe0, 0x48, 0x8b, 0x4d, 0xf8, 0x48, 0x29, 0xc8, 0x48, 0x8b, 0x4d, 0xf0,
  0x88, 0x01, 0x0f, 0xb6, 0xc0, 0x83, 0xf8, 0x0f, 0x0f, 0x8e, 0x17, 0x00,
  0x00, 0x00, 0x48, 0x8b, 0x45, 0xf0, 0x8b, 0x48, 0x21, 0x81, 0xc9, 0x00,
  0x50, 0x00, 0x00, 0x89, 0x48, 0x21, 0x48, 0x8b, 0x45, 0xf0, 0xc6, 0x00,
  0x0f, 0x48, 0x8b, 0x45, 0xf0, 0x0f, 0xb6, 0x00, 0x48, 0x81, 0xc4, 0xa0,
  0x00, 0x00, 0x00, 0x5d, 0xc3, 0x66, 0x66, 0x66, 0x66, 0x66, 0x66, 0x2e,
  0x0f, 0x1f, 0x84, 0x00, 0x00, 0x00, 0x00, 0x00, 0x55, 0x48, 0x89, 0xe5,
  0x48, 0x81, 0xec, 0x50, 0x02, 0x00, 0x00, 0x48, 0x89, 0x7d, 0xf0, 0x48,
  0x89, 0x75, 0xe8, 0x48, 0x89, 0x55, 0xe0, 0x48, 0x89, 0x4d, 0xd8, 0x48,
  0x83, 0x7d, 0xf0, 0x00, 0x0f, 0x84, 0x0b, 0x00, 0x00, 0x00, 0x48, 0x83,
  0x7d, 0xe8, 0x00, 0x0f, 0x85, 0x0d, 0x00, 0x00, 0x00, 0x48, 0xc7, 0x45,
  0xf8, 0x00, 0x00, 0x00, 0x00, 0xe9, 0x5b, 0x01, 0x00, 0x00, 0x48, 0x8d,
  0xbd, 0xd0, 0xfd, 0xff, 0xff, 0x31, 0xf6, 0xba, 0x00, 0x02, 0x00, 0x00,
  0xe8, 0x1f, 0x77, 0x00, 0x00, 0x48, 0x8b, 0x7d, 0xe0, 0x48, 0x8d, 0xb5,
  0xd0, 0xfd, 0xff, 0xff, 0xe8, 0x4f, 0x01, 0x00, 0x00, 0x89, 0x85, 0xcc,
  0xfd, 0xff, 0xff, 0x83, 0xbd, 0xcc, 0xfd, 0xff, 0xff, 0x00, 0x0f, 0x84,
  0x10, 0x00, 0x00, 0x00, 0x81, 0xbd, 0xcc, 0xfd, 0xff, 0xff, 0x00, 0x02,
  0x00, 0x00, 0x0f, 0x8c, 0x0d, 0x00, 0x00, 0x00, 0x48, 0xc7, 0x45, 0xf8,
  0x00, 0x00, 0x00, 0x00, 0xe9, 0x08, 0x01, 0x00, 0x00, 0x48, 0x8b, 0x45,
  0xf0, 0x48, 0x89, 0x85, 0xc0, 0xfd, 0xff, 0xff, 0x48, 0xc7, 0x85, 0xb8,
  0xfd, 0xff, 0xff, 0x00, 0x00, 0x00, 0x00, 0x48, 0x8b, 0x85, 0xb8, 0xfd,
  0xff, 0xff, 0x48, 0x3b, 0x45, 0xe8, 0x0f, 0x83, 0xd9, 0x00, 0x00, 0x00,
  0xc6, 0x85, 0xb7, 0xfd, 0xff, 0xff, 0x01, 0xc7, 0x85, 0xb0, 0xfd, 0xff,
  0xff, 0x00, 0x00, 0x00, 0x00, 0x8b, 0x85, 0xb0, 0xfd, 0xff, 0xff, 0x3b,
  0x85, 0xcc, 0xfd, 0xff, 0xff, 0x0f, 0x8d, 0x72, 0x00, 0x00, 0x00, 0x48,
  0x8b, 0x85, 0xc0, 0xfd, 0xff, 0xff, 0x48, 0x8b, 0x8d, 0xb8, 0xfd, 0xff,
  0xff, 0x48, 0x63, 0x95, 0xb0, 0xfd, 0xff, 0xff, 0x48, 0x01, 0xd1, 0x0f,
  0xb6, 0x04, 0x08, 0x48, 0x63, 0x8d, 0xb0, 0xfd, 0xff, 0xff, 0x0f, 0xb6,
  0x8c, 0x0d, 0xd0, 0xfd, 0xff, 0xff, 0x39, 0xc8, 0x0f, 0x84, 0x26, 0x00,
  0x00, 0x00, 0x48, 0x63, 0x85, 0xb0, 0xfd, 0xff, 0xff, 0x0f, 0xb6, 0x84,
  0x05, 0xd0, 0xfd, 0xff, 0xff, 0x3d, 0xff, 0x00, 0x00, 0x00, 0x0f, 0x84,
  0x0c, 0x00, 0x00, 0x00, 0xc6, 0x85, 0xb7, 0xfd, 0xff, 0xff, 0x00, 0xe9,
  0x19, 0x00, 0x00, 0x00, 0xe9, 0x00, 0x00, 0x00, 0x00, 0x8b, 0x85, 0xb0,
  0xfd, 0xff, 0xff, 0x83, 0xc0, 0x01, 0x89, 0x85, 0xb0, 0xfd, 0xff, 0xff,
  0xe9, 0x7c, 0xff, 0xff, 0xff, 0xf6, 0x85, 0xb7, 0xfd, 0xff, 0xff, 0x01,
  0x0f, 0x84, 0x1b, 0x00, 0x00, 0x00, 0x48, 0x8b, 0x85, 0xc0, 0xfd, 0xff,
  0xff, 0x48, 0x03, 0x85, 0xb8, 0xfd, 0xff, 0xff, 0x48, 0x03, 0x45, 0xd8,
  0x48, 0x89, 0x45, 0xf8, 0xe9, 0x24, 0x00, 0x00, 0x00, 0xe9, 0x00, 0x00,
  0x00, 0x00, 0x48, 0x8b, 0x85, 0xb8, 0xfd, 0xff, 0xff, 0x48, 0x83, 0xc0,
  0x01, 0x48, 0x89, 0x85, 0xb8, 0xfd, 0xff, 0xff, 0xe9, 0x16, 0xff, 0xff,
  0xff, 0x48, 0xc7, 0x45, 0xf8, 0x00, 0x00, 0x00, 0x00, 0x48, 0x8b, 0x45,
  0xf8, 0x48, 0x81, 0xc4, 0x50, 0x02, 0x00, 0x00, 0x5d, 0xc3, 0x66, 0x2e,
  0x0f, 0x1f, 0x84, 0x00, 0x00, 0x00, 0x00, 0x00, 0x55, 0x48, 0x89, 0xe5,
  0x48, 0x83, 0xec, 0x40, 0x48, 0x89, 0x7d, 0xf8, 0x48, 0x89, 0x75, 0xf0,
  0xc7, 0x45, 0xec, 0x00, 0x00, 0x00, 0x00, 0x48, 0x8b, 0x45, 0xf8, 0x48,
  0x89, 0x45, 0xe0, 0x48, 0x8b, 0x45, 0xf8, 0x48, 0x89, 0x45, 0xc8, 0x48,
  0x8b, 0x7d, 0xf8, 0xe8, 0x20, 0x76, 0x00, 0x00, 0x48, 0x89, 0xc1, 0x48,
  0x8b, 0x45, 0xc8, 0x48, 0x01, 0xc8, 0x48, 0x89, 0x45, 0xd8, 0x48, 0x8b,
  0x45, 0xe0, 0x48, 0x89, 0x45, 0xd0, 0x48, 0x8b, 0x45, 0xd0, 0x48, 0x3b,
  0x45, 0xd8, 0x0f, 0x83, 0x90, 0x00, 0x00, 0x00, 0x48, 0x8b, 0x45, 0xd0,
  0x0f, 0xbe, 0x00, 0x83, 0xf8, 0x3f, 0x0f, 0x85, 0x42, 0x00, 0x00, 0x00,
  0x48, 0x8b, 0x45, 0xd0, 0x48, 0x83, 0xc0, 0x01, 0x48, 0x89, 0x45, 0xd0,
  0x48, 0x8b, 0x45, 0xd0, 0x0f, 0xbe, 0x00, 0x83, 0xf8, 0x3f, 0x0f, 0x85,
  0x0c, 0x00, 0x00, 0x00, 0x48, 0x8b, 0x45, 0xd0, 0x48, 0x83, 0xc0, 0x01,
  0x48, 0x89, 0x45, 0xd0, 0x48, 0x8b, 0x45, 0xf0, 0x8b, 0x4d, 0xec, 0x89,
  0xca, 0x83, 0xc2, 0x01, 0x89, 0x55, 0xec, 0x89, 0xc9, 0xc6, 0x04, 0x08,
  0xff, 0xe9, 0x28, 0x00, 0x00, 0x00, 0x48, 0x8b, 0x7d, 0xd0, 0x48, 0x8d,
  0x75, 0xd0, 0xba, 0x10, 0x00, 0x00, 0x00, 0xe8, 0x08, 0x77, 0x00, 0x00,
  0x88, 0xc2, 0x48, 0x8b, 0x45, 0xf0, 0x8b, 0x4d, 0xec, 0x89, 0xce, 0x83,
  0xc6, 0x01, 0x89, 0x75, 0xec, 0x89, 0xc9, 0x88, 0x14, 0x08, 0xe9, 0x00,
  0x00, 0x00, 0x00, 0x48, 0x8b, 0x45, 0xd0, 0x48, 0x83, 0xc0, 0x01, 0x48,
  0x89, 0x45, 0xd0, 0xe9, 0x62, 0xff, 0xff, 0xff, 0x8b, 0x45, 0xec, 0x48,
  0x83, 0xc4, 0x40, 0x5d, 0xc3, 0x0f, 0x1f, 0x00, 0x55, 0x48, 0x89, 0xe5,
  0x48, 0x83, 0xec, 0x30, 0x44, 0x88, 0xc0, 0x89, 0x7d, 0xfc, 0x48, 0x89,
  0x75, 0xf0, 0x48, 0x89, 0x55, 0xe8, 0x48, 0x89, 0x4d, 0xe0, 0x24, 0x01,
  0x88, 0x45, 0xdf, 0x48, 0x83, 0x7d, 0xf0, 0x00, 0x0f, 0x84, 0x1f, 0x00,
  0x00, 0x00, 0x48, 0x83, 0x7d, 0xe8, 0x00, 0x0f, 0x84, 0x14, 0x00, 0x00,
  0x00, 0x48, 0x8b, 0x45, 0xe0, 0x48, 0x63, 0x0d, 0x94, 0xcd, 0x01, 0x00,
  0x48, 0x39, 0xc8, 0x0f, 0x83, 0x05, 0x00, 0x00, 0x00, 0xe9, 0x8c, 0x00,
  0x00, 0x00, 0x48, 0x8b, 0x45, 0xe0, 0x48, 0x63, 0x0d, 0x7b, 0xcd, 0x01,
  0x00, 0x48, 0x39, 0xc8, 0x0f, 0x84, 0x15, 0x00, 0x00, 0x00, 0x8b, 0x7d,
  0xfc, 0x48, 0x8b, 0x75, 0xf0, 0x48, 0x8b, 0x4d, 0xe0, 0xba, 0x90, 0x00,
  0x00, 0x00, 0xe8, 0x69, 0x00, 0x00, 0x00, 0x48, 0x8b, 0x45, 0xe8, 0x48,
  0x2b, 0x45, 0xf0, 0x48, 0x63, 0x0d, 0x4e, 0xcd, 0x01, 0x00, 0x48, 0x29,
  0xc8, 0x89, 0x45, 0xd8, 0x8a, 0x55, 0xdf, 0xb8, 0xe9, 0x00, 0x00, 0x00,
  0xb9, 0xe8, 0x00, 0x00, 0x00, 0xf6, 0xc2, 0x01, 0x0f, 0x45, 0xc1, 0x88,
  0x45, 0xd7, 0x8b, 0x7d, 0xfc, 0x48, 0x8b, 0x75, 0xf0, 0x48, 0x8d, 0x55,
  0xd7, 0x41, 0xb8, 0x01, 0x00, 0x00, 0x00, 0x4c, 0x89, 0xc1, 0xe8, 0xc5,
  0x00, 0x00, 0x00, 0x8b, 0x7d, 0xfc, 0x48, 0x8b, 0x75, 0xf0, 0x48, 0x83,
  0xc6, 0x01, 0x48, 0x8d, 0x55, 0xd8, 0xb9, 0x04, 0x00, 0x00, 0x00, 0x41,
  0xb8, 0x01, 0x00, 0x00, 0x00, 0xe8, 0xa6, 0x00, 0x00, 0x00, 0x48, 0x83,
  0xc4, 0x30, 0x5d, 0xc3, 0x55, 0x48, 0x89, 0xe5, 0x48, 0x81, 0xec, 0x30,
  0x20, 0x00, 0x00, 0x89, 0x7d, 0xf8, 0x48, 0x89, 0x75, 0xf0, 0x89, 0x55,
  0xec, 0x48, 0x89, 0x4d, 0xe0, 0x48, 0x81, 0x7d, 0xe0, 0x00, 0x20, 0x00,
  0x00, 0x0f, 0x86, 0x33, 0x00, 0x00, 0x00, 0x8b, 0x4d, 0xf8, 0x4c, 0x8b,
  0x45, 0xe0, 0x48, 0x8d, 0x3d, 0x68, 0xa8, 0x00, 0x00, 0x48, 0x8d, 0x35,
  0x2e, 0x9c, 0x00, 0x00, 0xba, 0xea, 0x00, 0x00, 0x00, 0x41, 0xb9, 0x00,
  0x20, 0x00, 0x00, 0xb0, 0x00, 0xe8, 0x22, 0x74, 0x00, 0x00, 0xc7, 0x45,
  0xfc, 0xff, 0xff, 0xff, 0xff, 0xe9, 0x36, 0x00, 0x00, 0x00, 0x48, 0x8d,
  0xbd, 0xe0, 0xdf, 0xff, 0xff, 0x8b, 0x45, 0xec, 0x48, 0x8b, 0x55, 0xe0,
  0x0f, 0xb6, 0xf0, 0xe8, 0x80, 0x73, 0x00, 0x00, 0x8b, 0x7d, 0xf8, 0x48,
  0x8b, 0x75, 0xf0, 0x48, 0x8d, 0x95, 0xe0, 0xdf, 0xff, 0xff, 0x48, 0x8b,
  0x4d, 0xe0, 0x41, 0xb8, 0x01, 0x00, 0x00, 0x00, 0xe8, 0x13, 0x00, 0x00,
  0x00, 0x89, 0x45, 0xfc, 0x8b, 0x45, 0xfc, 0x48, 0x81, 0xc4, 0x30, 0x20,
  0x00, 0x00, 0x5d, 0xc3, 0x0f, 0x1f, 0x40, 0x00, 0x55, 0x48, 0x89, 0xe5,
  0x48, 0x83, 0xec, 0x30, 0x89, 0x7d, 0xfc, 0x48, 0x89, 0x75, 0xf0, 0x48,
  0x89, 0x55, 0xe8, 0x48, 0x89, 0x4d, 0xe0, 0x4c, 0x89, 0x45, 0xd8, 0x8b,
  0x75, 0xfc, 0x48, 0x8b, 0x55, 0xf0, 0x48, 0x8b, 0x4d, 0xe8, 0x4c, 0x8b,
  0x45, 0xe0, 0x4c, 0x8b, 0x4d, 0xd8, 0xbf, 0x6c, 0x00, 0x00, 0x00, 0xb0,
  0x00, 0xe8, 0xd6, 0x6d, 0x00, 0x00, 0x48, 0x83, 0xc4, 0x30, 0x5d, 0xc3,
  0x55, 0x48, 0x89, 0xe5, 0x48, 0x83, 0xec, 0x20, 0x88, 0xc8, 0x48, 0x89,
  0x7d, 0xf8, 0x48, 0x89, 0x75, 0xf0, 0x48, 0x89, 0x55, 0xe8, 0x24, 0x01,
  0x88, 0x45, 0xe7, 0xe8, 0x50, 0x74, 0x00, 0x00, 0x89, 0xc7, 0x48, 0x8b,
  0x75, 0xf8, 0x48, 0x8b, 0x55, 0xf0, 0x48, 0x8b, 0x4d, 0xe8, 0x8a, 0x45,
  0xe7, 0x24, 0x01, 0x44, 0x0f, 0xb6, 0xc0, 0xe8, 0x04, 0xfe, 0xff, 0xff,
  0x48, 0x83, 0xc4, 0x20, 0x5d, 0xc3, 0x66, 0x66, 0x66, 0x66, 0x66, 0x2e,
  0x0f, 0x1f, 0x84, 0x00, 0x00, 0x00, 0x00, 0x00, 0x55, 0x48, 0x89, 0xe5,
  0x48, 0x83, 0xec, 0x20, 0x89, 0x7d, 0xfc, 0x48, 0x89, 0x75, 0xf0, 0x48,
  0x89, 0x55, 0xe8, 0x8b, 0x7d, 0xfc, 0x48, 0x8b, 0x75, 0xf0, 0x48, 0x8d,
  0x15, 0x7b, 0xd1, 0x00, 0x00, 0xb9, 0x06, 0x00, 0x00, 0x00, 0x41, 0xb8,
  0x01, 0x00, 0x00, 0x00, 0xe8, 0x3f, 0xff, 0xff, 0xff, 0x8b, 0x7d, 0xfc,
  0x48, 0x8b, 0x75, 0xf0, 0x48, 0x83, 0xc6, 0x06, 0x48, 0x8d, 0x55, 0xe8,
  0xb9, 0x08, 0x00, 0x00, 0x00, 0x41, 0xb8, 0x01, 0x00, 0x00, 0x00, 0xe8,
  0x20, 0xff, 0xff, 0xff, 0x48, 0x83, 0xc4, 0x20, 0x5d, 0xc3, 0x66, 0x2e,
  0x0f, 0x1f, 0x84, 0x00, 0x00, 0x00, 0x00, 0x00, 0x55, 0x48, 0x89, 0xe5,
  0x48, 0x83, 0xec, 0x10, 0x48, 0x89, 0x7d, 0xf8, 0x48, 0x89, 0x75, 0xf0,
  0xe8, 0xab, 0x73, 0x00, 0x00, 0x89, 0xc7, 0x48, 0x8b, 0x75, 0xf8, 0x48,
  0x8b, 0x55, 0xf0, 0xe8, 0x7c, 0xff, 0xff, 0xff, 0x48, 0x83, 0xc4, 0x10,
  0x5d, 0xc3, 0x66, 0x0f, 0x1f, 0x44, 0x00, 0x00, 0x55, 0x48, 0x89, 0xe5,
  0x48, 0x89, 0x7d, 0xf0, 0x48, 0x89, 0x75, 0xe8, 0x48, 0x89, 0x55, 0xe0,
  0x48, 0x89, 0x4d, 0xd8, 0x48, 0x8b, 0x45, 0xf0, 0x48, 0x89, 0x45, 0xd0,
  0x48, 0xc7, 0x45, 0xc8, 0x00, 0x00, 0x00, 0x00, 0xc7, 0x45, 0xc4, 0x00,
  0x00, 0x00, 0x00, 0x48, 0xc7, 0x45, 0xb8, 0x00, 0x00, 0x00, 0x00, 0x48,
  0x83, 0x7d, 0xd0, 0x00, 0x0f, 0x84, 0x71, 0x00, 0x00, 0x00, 0x48, 0x83,
  0x7d, 0xe8, 0x00, 0x0f, 0x84, 0x31, 0x00, 0x00, 0x00, 0x48, 0x8b, 0x45,
  0xe8, 0x48, 0x03, 0x45, 0xd0, 0x48, 0x89, 0x45, 0xc8, 0x48, 0x8b, 0x45,
  0xe0, 0x48, 0x03, 0x45, 0xd0, 0x8b, 0x00, 0x89, 0x45, 0xc4, 0x48, 0x8b,
  0x45, 0xc8, 0x48, 0x63, 0x4d, 0xc4, 0x48, 0x01, 0xc8, 0x48, 0x03, 0x45,
  0xd8, 0x48, 0x89, 0x45, 0xb8, 0xe9, 0x28, 0x00, 0x00, 0x00, 0x48, 0x8b,
  0x45, 0xd0, 0x48, 0x89, 0x45, 0xc8, 0x48, 0x8b, 0x45, 0xe0, 0x48, 0x03,
  0x45, 0xd0, 0x8b, 0x00, 0x89, 0x45, 0xc4, 0x48, 0x8b, 0x45, 0xc8, 0x48,
  0x63, 0x4d, 0xc4, 0x48, 0x01, 0xc8, 0x48, 0x03, 0x45, 0xd8, 0x48, 0x89,
  0x45, 0xb8, 0x48, 0x8b, 0x45, 0xb8, 0x48, 0x89, 0x45, 0xf8, 0xe9, 0x08,
  0x00, 0x00, 0x00, 0x48, 0xc7, 0x45, 0xf8, 0x00, 0x00, 0x00, 0x00, 0x48,
  0x8b, 0x45, 0xf8, 0x5d, 0xc3, 0x0f, 0x1f, 0x00, 0x55, 0x48, 0x89, 0xe5,
  0x48, 0x83, 0xec, 0x40, 0x44, 0x88, 0xc8, 0x4c, 0x8b, 0x4d, 0x10, 0x48,
  0x89, 0x7d, 0xf8, 0x48, 0x89, 0x75, 0xf0, 0x48, 0x89, 0x55, 0xe8, 0x48,
  0x89, 0x4d, 0xe0, 0x4c, 0x89, 0x45, 0xd8, 0x24, 0x01, 0x88, 0x45, 0xd7,
  0x48, 0x8b, 0x7d, 0xf8, 0x48, 0x8b, 0x75, 0xf0, 0x48, 0x8d, 0x15, 0x48,
  0xa2, 0x00, 0x00, 0xb9, 0x02, 0x00, 0x00, 0x00, 0xe8, 0xbf, 0xf9, 0xff,
  0xff, 0x48, 0x89, 0x45, 0xc8, 0x48, 0x83, 0x7d, 0xc8, 0x00, 0x0f, 0x85,
  0x1d, 0x00, 0x00, 0x00, 0x48, 0x8b, 0x7d, 0xf8, 0x48, 0x8b, 0x75, 0xf0,
  0x48, 0x8d, 0x15, 0x50, 0x9b, 0x00, 0x00, 0xb9, 0x01, 0x00, 0x00, 0x00,
  0xe8, 0x97, 0xf9, 0xff, 0xff, 0x48, 0x89, 0x45, 0xc8, 0x48, 0x83, 0x7d,
  0xc8, 0x00, 0x0f, 0x84, 0x75, 0x00, 0x00, 0x00, 0x48, 0x83, 0x7d, 0x10,
  0x00, 0x0f, 0x84, 0x44, 0x00, 0x00, 0x00, 0x48, 0x8b, 0x7d, 0xe8, 0x31,
  0xc0, 0x89, 0xc6, 0xba, 0x01, 0x00, 0x00, 0x00, 0xb9, 0x05, 0x00, 0x00,
  0x00, 0xe8, 0xa6, 0xfe, 0xff, 0xff, 0x48, 0x89, 0x45, 0xc0, 0x48, 0x8b,
  0x4d, 0xc0, 0x48, 0x8d, 0x3d, 0x94, 0xa4, 0x00, 0x00, 0x48, 0x8d, 0x35,
  0x3a, 0x99, 0x00, 0x00, 0xba, 0xa9, 0x00, 0x00, 0x00, 0xb0, 0x00, 0xe8,
  0x34, 0x71, 0x00, 0x00, 0x48, 0x8b, 0x4d, 0xc0, 0x48, 0x8b, 0x45, 0x10,
  0x48, 0x89, 0x08, 0x48, 0x8b, 0x7d, 0xe8, 0x48, 0x8b, 0x75, 0xc8, 0x48,
  0x8b, 0x55, 0xd8, 0x8a, 0x45, 0xd7, 0x24, 0x01, 0x0f, 0xb6, 0xc8, 0xe8,
  0x80, 0xfd, 0xff, 0xff, 0x48, 0x8b, 0x7d, 0xc8, 0x48, 0x8b, 0x75, 0xe0,
  0xe8, 0x23, 0xfe, 0xff, 0xff, 0x48, 0x83, 0xc4, 0x40, 0x5d, 0xc3, 0x66,
  0x66, 0x66, 0x66, 0x2e, 0x0f, 0x1f, 0x84, 0x00, 0x00, 0x00, 0x00, 0x00,
  0x55, 0x48, 0x89, 0xe5, 0x48, 0x83, 0xec, 0x30, 0x48, 0x89, 0x7d, 0xf8,
  0x48, 0x89, 0x75, 0xf0, 0x48, 0x89, 0x55, 0xe8, 0x48, 0x83, 0x7d, 0xe8,
  0x00, 0x0f, 0x84, 0x12, 0x00, 0x00, 0x00, 0x48, 0x8b, 0x75, 0xe8, 0x48,
  0x8d, 0x3d, 0x7c, 0x8d, 0x00, 0x00, 0xb0, 0x00, 0xe8, 0xbf, 0x70, 0x00,
  0x00, 0x48, 0x8b, 0x45, 0xf8, 0x48, 0x89, 0x45, 0xe0, 0x48, 0xc7, 0x45,
  0xd8, 0x00, 0x00, 0x00, 0x00, 0x48, 0xc7, 0x45, 0xd0, 0x00, 0x00, 0x00,
  0x00, 0x48, 0xc7, 0x45, 0xd8, 0x00, 0x00, 0x00, 0x00, 0x48, 0x8b, 0x45,
  0xd8, 0x48, 0x3b, 0x45, 0xf0, 0x0f, 0x83, 0x3a, 0x01, 0x00, 0x00, 0x48,
  0x8b, 0x75, 0xd8, 0x48, 0x8d, 0x3d, 0x8f, 0x8b, 0x00, 0x00, 0xb0, 0x00,
  0xe8, 0x7f, 0x70, 0x00, 0x00, 0x48, 0xc7, 0x45, 0xd0, 0x00, 0x00, 0x00,
  0x00, 0x48, 0x83, 0x7d, 0xd0, 0x10, 0x0f, 0x83, 0x59, 0x00, 0x00, 0x00,
  0x48, 0x8b, 0x45, 0xd8, 0x48, 0x03, 0x45, 0xd0, 0x48, 0x3b, 0x45, 0xf0,
  0x0f, 0x83, 0x23, 0x00, 0x00, 0x00, 0x48, 0x8b, 0x45, 0xe0, 0x48, 0x8b,
  0x4d, 0xd8, 0x48, 0x03, 0x4d, 0xd0, 0x0f, 0xb6, 0x34, 0x08, 0x48, 0x8d,
  0x3d, 0x03, 0x9b, 0x00, 0x00, 0xb0, 0x00, 0xe8, 0x3c, 0x70, 0x00, 0x00,
  0xe9, 0x0e, 0x00, 0x00, 0x00, 0x48, 0x8d, 0x3d, 0x63, 0x8c, 0x00, 0x00,
  0xb0, 0x00, 0xe8, 0x29, 0x70, 0x00, 0x00, 0xe9, 0x00, 0x00, 0x00, 0x00,
  0x48, 0x8b, 0x45, 0xd0, 0x48, 0x83, 0xc0, 0x01, 0x48, 0x89, 0x45, 0xd0,
  0xe9, 0x9c, 0xff, 0xff, 0xff, 0x48, 0x8d, 0x3d, 0x30, 0x8f, 0x00, 0x00,
  0xb0, 0x00, 0xe8, 0x05, 0x70, 0x00, 0x00, 0x48, 0xc7, 0x45, 0xd0, 0x00,
  0x00, 0x00, 0x00, 0x48, 0x83, 0x7d, 0xd0, 0x10, 0x0f, 0x83, 0x7c, 0x00,
  0x00, 0x00, 0x48, 0x8b, 0x45, 0xd8, 0x48, 0x03, 0x45, 0xd0, 0x48, 0x3b,
  0x45, 0xf0, 0x0f, 0x83, 0x54, 0x00, 0x00, 0x00, 0x48, 0x8b, 0x45, 0xe0,
  0x48, 0x8b, 0x4d, 0xd8, 0x48, 0x03, 0x4d, 0xd0, 0x0f, 0xb6, 0x3c, 0x08,
  0xe8, 0x5b, 0x71, 0x00, 0x00, 0x83, 0xf8, 0x00, 0x0f, 0x84, 0x23, 0x00,
  0x00, 0x00, 0x48, 0x8b, 0x45, 0xe0, 0x48, 0x8b, 0x4d, 0xd8, 0x48, 0x03,
  0x4d, 0xd0, 0x0f, 0xb6, 0x34, 0x08, 0x48, 0x8d, 0x3d, 0x71, 0x9a, 0x00,
  0x00, 0xb0, 0x00, 0xe8, 0xa4, 0x6f, 0x00, 0x00, 0xe9, 0x0e, 0x00, 0x00,
  0x00, 0x48, 0x8d, 0x3d, 0x14, 0x90, 0x00, 0x00, 0xb0, 0x00, 0xe8, 0x91,
  0x6f, 0x00, 0x00, 0xe9, 0x00, 0x00, 0x00, 0x00, 0xe9, 0x00, 0x00, 0x00,
  0x00, 0x48, 0x8b, 0x45, 0xd0, 0x48, 0x83, 0xc0, 0x01, 0x48, 0x89, 0x45,
  0xd0, 0xe9, 0x79, 0xff, 0xff, 0xff, 0x48, 0x8d, 0x3d, 0xed, 0x8f, 0x00,
  0x00, 0xb0, 0x00, 0xe8, 0x68, 0x6f, 0x00, 0x00, 0x48, 0x8b, 0x45, 0xd8,
  0x48, 0x83, 0xc0, 0x10, 0x48, 0x89, 0x45, 0xd8, 0xe9, 0xb8, 0xfe, 0xff,
  0xff, 0x48, 0x83, 0xc4, 0x30, 0x5d, 0xc3, 0x90, 0x55, 0x48, 0x89, 0xe5,
  0x48, 0x89, 0x7d, 0xf0, 0x48, 0x89, 0x75, 0xe8, 0x48, 0x89, 0x55, 0xe0,
  0x48, 0x8b, 0x45, 0xf0, 0x48, 0x89, 0x45, 0xd8, 0x48, 0xc7, 0x45, 0xd0,
  0x00, 0x00, 0x00, 0x00, 0x48, 0x8b, 0x45, 0xd0, 0x48, 0x8b, 0x4d, 0xe8,
  0x48, 0x83, 0xe9, 0x08, 0x48, 0x39, 0xc8, 0x0f, 0x83, 0x4c, 0x00, 0x00,
  0x00, 0x48, 0x8b, 0x45, 0xd8, 0x48, 0x03, 0x45, 0xd0, 0x48, 0x89, 0x45,
  0xc8, 0x48, 0x8b, 0x45, 0xc8, 0x48, 0x8b, 0x00, 0x48, 0x89, 0x45, 0xc0,
  0x48, 0x8b, 0x45, 0xc0, 0x48, 0x3b, 0x45, 0xe0, 0x0f, 0x85, 0x11, 0x00,
  0x00, 0x00, 0x48, 0x8b, 0x45, 0xd8, 0x48, 0x03, 0x45, 0xd0, 0x48, 0x89,
  0x45, 0xf8, 0xe9, 0x1e, 0x00, 0x00, 0x00, 0xe9, 0x00, 0x00, 0x00, 0x00,
  0x48, 0x8b, 0x45, 0xd0, 0x48, 0x83, 0xc0, 0x01, 0x48, 0x89, 0x45, 0xd0,
  0xe9, 0x9f, 0xff, 0xff, 0xff, 0x48, 0xc7, 0x45, 0xf8, 0x00, 0x00, 0x00,
  0x00, 0x48, 0x8b, 0x45, 0xf8, 0x5d, 0xc3, 0x90, 0x55, 0x48, 0x89, 0xe5,
  0x48, 0x83, 0xec, 0x40, 0x48, 0x89, 0x7d, 0xf0, 0x48, 0x89, 0x75, 0xe8,
  0x48, 0x89, 0x55, 0xe0, 0x48, 0x89, 0x4d, 0xd8, 0x48, 0x8b, 0x45, 0xf0,
  0x48, 0x89, 0x45, 0xd0, 0x48, 0xc7, 0x45, 0xc8, 0x00, 0x00, 0x00, 0x00,
  0x48, 0x8b, 0x45, 0xc8, 0x48, 0x8b, 0x4d, 0xe8, 0x48, 0x2b, 0x4d, 0xd8,
  0x48, 0x39, 0xc8, 0x0f, 0x83, 0x49, 0x00, 0x00, 0x00, 0x48, 0x8b, 0x45,
  0xd0, 0x48, 0x03, 0x45, 0xc8, 0x48, 0x89, 0x45, 0xc0, 0x48, 0x8b, 0x7d,
  0xc0, 0x48, 0x8b, 0x75, 0xe0, 0x48, 0x8b, 0x55, 0xd8, 0xe8, 0x06, 0x70,
  0x00, 0x00, 0x83, 0xf8, 0x00, 0x0f, 0x85, 0x0d, 0x00, 0x00, 0x00, 0x48,
  0x8b, 0x45, 0xc0, 0x48, 0x89, 0x45, 0xf8, 0xe9, 0x1e, 0x00, 0x00, 0x00,
  0xe9, 0x00, 0x00, 0x00, 0x00, 0x48, 0x8b, 0x45, 0xc8, 0x48, 0x83, 0xc0,
  0x01, 0x48, 0x89, 0x45, 0xc8, 0xe9, 0xa2, 0xff, 0xff, 0xff, 0x48, 0xc7,
  0x45, 0xf8, 0x00, 0x00, 0x00, 0x00, 0x48, 0x8b, 0x45, 0xf8, 0x48, 0x83,
  0xc4, 0x40, 0x5d, 0xc3, 0x0f, 0x1f, 0x84, 0x00, 0x00, 0x00, 0x00, 0x00,
  0x55, 0x48, 0x89, 0xe5, 0x48, 0x81, 0xec, 0xa0, 0x00, 0x00, 0x00, 0x89,
  0x7d, 0xf8, 0x48, 0x89, 0x75, 0xf0, 0x48, 0x89, 0x55, 0xe8, 0x48, 0x89,
  0x4d, 0xe0, 0x44, 0x89, 0x45, 0xdc, 0xc7, 0x45, 0xc0, 0x01, 0x00, 0x00,
  0x00, 0xc7, 0x45, 0xc4, 0x0e, 0x00, 0x00, 0x00, 0xc7, 0x45, 0xc8, 0x20,
  0x00, 0x00, 0x00, 0x8b, 0x45, 0xf8, 0x89, 0x45, 0xcc, 0x48, 0xc7, 0x45,
  0xb8, 0x00, 0x00, 0x00, 0x00, 0x48, 0xc7, 0x45, 0xb0, 0x00, 0x00, 0x00,
  0x00, 0x48, 0x8d, 0x7d, 0xc0, 0xbe, 0x04, 0x00, 0x00, 0x00, 0x31, 0xc0,
  0x41, 0x89, 0xc1, 0x48, 0x8d, 0x4d, 0xb8, 0x4c, 0x89, 0xca, 0x4d, 0x89,
  0xc8, 0xe8, 0x6a, 0x6f, 0x00, 0x00, 0x83, 0xf8, 0x00, 0x0f, 0x8d, 0x0c,
  0x00, 0x00, 0x00, 0xc7, 0x45, 0xfc, 0xff, 0xff, 0xff, 0xff, 0xe9, 0x68,
  0x02, 0x00, 0x00, 0x48, 0x83, 0x7d, 0xb8, 0x00, 0x0f, 0x85, 0x0c, 0x00,
  0x00, 0x00, 0xc7, 0x45, 0xfc, 0xfe, 0xff, 0xff, 0xff, 0xe9, 0x51, 0x02,
  0x00, 0x00, 0x48, 0x8b, 0x7d, 0xb8, 0xe8, 0xb5, 0x6d, 0x00, 0x00, 0x48,
  0x89, 0x45, 0xa8, 0x48, 0x83, 0x7d, 0xa8, 0x00, 0x0f, 0x85, 0x0c, 0x00,
  0x00, 0x00, 0xc7, 0x45, 0xfc, 0xfd, 0xff, 0xff, 0xff, 0xe9, 0x2d, 0x02,
  0x00, 0x00, 0x48, 0x8d, 0x7d, 0xc0, 0x48, 0x8b, 0x55, 0xa8, 0xbe, 0x04,
  0x00, 0x00, 0x00, 0x48, 0x8d, 0x4d, 0xb8, 0x31, 0xc0, 0x41, 0x89, 0xc1,
  0x4d, 0x89, 0xc8, 0xe8, 0xfc, 0x6e, 0x00, 0x00, 0x83, 0xf8, 0x00, 0x0f,
  0x8d, 0x15, 0x00, 0x00, 0x00, 0x48, 0x8b, 0x7d, 0xa8, 0xe8, 0xda, 0x6d,
  0x00, 0x00, 0xc7, 0x45, 0xfc, 0xfc, 0xff, 0xff, 0xff, 0xe9, 0xf1, 0x01,
  0x00, 0x00, 0x48, 0x8b, 0x45, 0xa8, 0x8b, 0x00, 0x89, 0x45, 0x9c, 0x48,
  0x8b, 0x45, 0xb8, 0x48, 0x63, 0x4d, 0x9c, 0x31, 0xd2, 0x48, 0xf7, 0xf1,
  0x48, 0x89, 0x45, 0xb0, 0x48, 0x8b, 0x45, 0xa8, 0x48, 0x89, 0x45, 0xa0,
  0xc7, 0x45, 0x98, 0x00, 0x00, 0x00, 0x00, 0xc7, 0x45, 0x94, 0x00, 0x00,
  0x00, 0x00, 0xc7, 0x45, 0x90, 0x00, 0x00, 0x00, 0x00, 0x48, 0xc7, 0x45,
  0x88, 0x00, 0x00, 0x00, 0x00, 0x48, 0x83, 0x7d, 0xb0, 0x00, 0x0f, 0x84,
  0x84, 0x01, 0x00, 0x00, 0x48, 0x8b, 0x45, 0xa0, 0x8b, 0x40, 0x04, 0x89,
  0x45, 0x84, 0x48, 0x8b, 0x45, 0xa0, 0x48, 0x8b, 0x40, 0x08, 0x48, 0x89,
  0x85, 0x78, 0xff, 0xff, 0xff, 0x48, 0x8b, 0x45, 0xa0, 0x48, 0x8b, 0x40,
  0x10, 0x48, 0x89, 0x85, 0x70, 0xff, 0xff, 0xff, 0x48, 0x8b, 0x85, 0x70,
  0xff, 0xff, 0xff, 0x48, 0x2b, 0x85, 0x78, 0xff, 0xff, 0xff, 0x48, 0x89,
  0x85, 0x68, 0xff, 0xff, 0xff, 0x48, 0x8b, 0x45, 0xa0, 0x8b, 0x40, 0x38,
  0x89, 0x85, 0x64, 0xff, 0xff, 0xff, 0x48, 0x83, 0x7d, 0xf0, 0x00, 0x0f,
  0x84, 0x32, 0x00, 0x00, 0x00, 0x48, 0x8b, 0x85, 0x78, 0xff, 0xff, 0xff,
  0x48, 0x8b, 0x4d, 0xf0, 0x48, 0x39, 0xc8, 0x0f, 0x85, 0x1e, 0x00, 0x00,
  0x00, 0xc7, 0x45, 0x94, 0x01, 0x00, 0x00, 0x00, 0xc7, 0x45, 0x90, 0x00,
  0x00, 0x00, 0x00, 0x48, 0x8b, 0x85, 0x78, 0xff, 0xff, 0xff, 0x48, 0x89,
  0x45, 0x88, 0xe9, 0x20, 0x00, 0x00, 0x00, 0x48, 0x83, 0x7d, 0x88, 0x00,
  0x0f, 0x85, 0x10, 0x00, 0x00, 0x00, 0x48, 0x83, 0x7d, 0xf0, 0x00, 0x0f,
  0x84, 0x05, 0x00, 0x00, 0x00, 0xe9, 0xb7, 0x00, 0x00, 0x00, 0xe9, 0x00,
  0x00, 0x00, 0x00, 0x8b, 0x75, 0x90, 0x8b, 0x55, 0xdc, 0x48, 0x8d, 0x3d,
  0x21, 0x8f, 0x00, 0x00, 0xb0, 0x00, 0xe8, 0x29, 0x6c, 0x00, 0x00, 0x8b,
  0x75, 0x84, 0x48, 0x8b, 0x95, 0x78, 0xff, 0xff, 0xff, 0x48, 0x8b, 0x8d,
  0x70, 0xff, 0xff, 0xff, 0x4c, 0x8b, 0x85, 0x68, 0xff, 0xff, 0xff, 0x44,
  0x8b, 0x8d, 0x64, 0xff, 0xff, 0xff, 0x48, 0x8d, 0x3d, 0xe7, 0x9d, 0x00,
  0x00, 0xb0, 0x00, 0xe8, 0xfc, 0x6b, 0x00, 0x00, 0x83, 0x7d, 0x94, 0x00,
  0x0f, 0x84, 0x0c, 0x00, 0x00, 0x00, 0x8b, 0x45, 0x90, 0x3b, 0x45, 0xdc,
  0x0f, 0x84, 0x2e, 0x00, 0x00, 0x00, 0x83, 0x7d, 0xdc, 0x00, 0x0f, 0x85,
  0x4c, 0x00, 0x00, 0x00, 0x83, 0x7d, 0x84, 0x09, 0x0f, 0x85, 0x42, 0x00,
  0x00, 0x00, 0x83, 0xbd, 0x64, 0xff, 0xff, 0xff, 0x04, 0x0f, 0x84, 0x0d,
  0x00, 0x00, 0x00, 0x83, 0xbd, 0x64, 0xff, 0xff, 0xff, 0x05, 0x0f, 0x85,
  0x28, 0x00, 0x00, 0x00, 0x48, 0x8b, 0x8d, 0x78, 0xff, 0xff, 0xff, 0x48,
  0x8b, 0x45, 0xe8, 0x48, 0x89, 0x08, 0x48, 0x8b, 0x8d, 0x68, 0xff, 0xff,
  0xff, 0x48, 0x8b, 0x45, 0xe0, 0x48, 0x89, 0x08, 0xc7, 0x45, 0x98, 0x01,
  0x00, 0x00, 0x00, 0xe9, 0x30, 0x00, 0x00, 0x00, 0xe9, 0x00, 0x00, 0x00,
  0x00, 0x8b, 0x4d, 0x9c, 0x48, 0x8b, 0x45, 0xa0, 0x48, 0x63, 0xc9, 0x48,
  0x01, 0xc8, 0x48, 0x89, 0x45, 0xa0, 0x48, 0x8b, 0x45, 0xb0, 0x48, 0x83,
  0xc0, 0xff, 0x48, 0x89, 0x45, 0xb0, 0x8b, 0x45, 0x90, 0x83, 0xc0, 0x01,
  0x89, 0x45, 0x90, 0xe9, 0x71, 0xfe, 0xff, 0xff, 0x48, 0x8b, 0x7d, 0xa8,
  0xe8, 0xf7, 0x6b, 0x00, 0x00, 0x83, 0x7d, 0x98, 0x00, 0x0f, 0x95, 0xc2,
  0x80, 0xf2, 0xff, 0x31, 0xc0, 0xb9, 0xfb, 0xff, 0xff, 0xff, 0xf6, 0xc2,
  0x01, 0x0f, 0x45, 0xc1, 0x89, 0x45, 0xfc, 0x8b, 0x45, 0xfc, 0x48, 0x81,
  0xc4, 0xa0, 0x00, 0x00, 0x00, 0x5d, 0xc3, 0x90, 0x55, 0x48, 0x89, 0xe5,
  0x48, 0x83, 0xec, 0x60, 0x48, 0x89, 0x7d, 0xf0, 0xc7, 0x45, 0xec, 0x00,
  0x00, 0x00, 0x00, 0x83, 0x7d, 0xec, 0x00, 0x0f, 0x95, 0xc0, 0x34, 0xff,
  0xa8, 0x01, 0x0f, 0x85, 0x05, 0x00, 0x00, 0x00, 0xe9, 0x5f, 0x01, 0x00,
  0x00, 0xc7, 0x45, 0xe8, 0x01, 0x00, 0x00, 0x00, 0xc7, 0x45, 0xe4, 0x0e,
  0x00, 0x00, 0x00, 0xc7, 0x45, 0xe0, 0x00, 0x00, 0x00, 0x00, 0x48, 0xc7,
  0x45, 0xc8, 0x00, 0x00, 0x00, 0x00, 0xc7, 0x45, 0xd4, 0x01, 0x00, 0x00,
  0x00, 0xc7, 0x45, 0xd8, 0x0e, 0x00, 0x00, 0x00, 0xc7, 0x45, 0xdc, 0x00,
  0x00, 0x00, 0x00, 0x48, 0x8d, 0x7d, 0xd4, 0xbe, 0x03, 0x00, 0x00, 0x00,
  0x31, 0xc0, 0x41, 0x89, 0xc1, 0x48, 0x8d, 0x4d, 0xc8, 0x4c, 0x89, 0xca,
  0x4d, 0x89, 0xc8, 0xe8, 0x68, 0x6c, 0x00, 0x00, 0x83, 0xf8, 0xff, 0x0f,
  0x84, 0xf8, 0x00, 0x00, 0x00, 0x48, 0x83, 0x7d, 0xc8, 0x00, 0x0f, 0x86,
  0xe8, 0x00, 0x00, 0x00, 0x48, 0x8b, 0x7d, 0xc8, 0xe8, 0xcb, 0x6a, 0x00,
  0x00, 0x48, 0x89, 0x45, 0xc0, 0x48, 0x83, 0x7d, 0xc0, 0x00, 0x0f, 0x85,
  0x0c, 0x00, 0x00, 0x00, 0xc7, 0x45, 0xfc, 0xff, 0xff, 0xff, 0xff, 0xe9,
  0xde, 0x00, 0x00, 0x00, 0x48, 0x8d, 0x7d, 0xd4, 0x48, 0x8b, 0x55, 0xc0,
  0xbe, 0x03, 0x00, 0x00, 0x00, 0x48, 0x8d, 0x4d, 0xc8, 0x31, 0xc0, 0x41,
  0x89, 0xc1, 0x4d, 0x89, 0xc8, 0xe8, 0x12, 0x6c, 0x00, 0x00, 0x83, 0xf8,
  0xff, 0x0f, 0x84, 0x94, 0x00, 0x00, 0x00, 0x48, 0x8b, 0x45, 0xc0, 0x8b,
  0x00, 0x89, 0x45, 0xbc, 0x48, 0xc7, 0x45, 0xb0, 0x00, 0x00, 0x00, 0x00,
  0x48, 0x8b, 0x45, 0xb0, 0x48, 0x89, 0x45, 0xa0, 0x48, 0x8b, 0x45, 0xc8,
  0x48, 0x63, 0x4d, 0xbc, 0x31, 0xd2, 0x48, 0xf7, 0xf1, 0x48, 0x89, 0xc1,
  0x48, 0x8b, 0x45, 0xa0, 0x48, 0x39, 0xc8, 0x0f, 0x83, 0x59, 0x00, 0x00,
  0x00, 0x48, 0x8b, 0x45, 0xc0, 0x48, 0x8b, 0x4d, 0xb0, 0x48, 0x63, 0x55,
  0xbc, 0x48, 0x0f, 0xaf, 0xca, 0x48, 0x01, 0xc8, 0x48, 0x89, 0x45, 0xa8,
  0x48, 0x8b, 0x7d, 0xa8, 0x48, 0x81, 0xc7, 0xbf, 0x01, 0x00, 0x00, 0x48,
  0x8b, 0x75, 0xf0, 0xe8, 0xb8, 0x6a, 0x00, 0x00, 0x83, 0xf8, 0x00, 0x0f,
  0x85, 0x0f, 0x00, 0x00, 0x00, 0x48, 0x8b, 0x45, 0xa8, 0x8b, 0x40, 0x48,
  0x89, 0x45, 0xec, 0xe9, 0x16, 0x00, 0x00, 0x00, 0xe9, 0x00, 0x00, 0x00,
  0x00, 0x48, 0x8b, 0x45, 0xb0, 0x48, 0x83, 0xc0, 0x01, 0x48, 0x89, 0x45,
  0xb0, 0xe9, 0x82, 0xff, 0xff, 0xff, 0xe9, 0x00, 0x00, 0x00, 0x00, 0x48,
  0x8b, 0x7d, 0xc0, 0xe8, 0x5c, 0x6a, 0x00, 0x00, 0xe9, 0x00, 0x00, 0x00,
  0x00, 0xbf, 0x01, 0x00, 0x00, 0x00, 0xe8, 0x6d, 0x6b, 0x00, 0x00, 0xe9,
  0x8b, 0xfe, 0xff, 0xff, 0x8b, 0x45, 0xec, 0x89, 0x45, 0xfc, 0x8b, 0x45,
  0xfc, 0x48, 0x83, 0xc4, 0x60, 0x5d, 0xc3, 0x66, 0x0f, 0x1f, 0x84, 0x00,
  0x00, 0x00, 0x00, 0x00, 0x55, 0x48, 0x89, 0xe5, 0x48, 0x81, 0xec, 0x60,
  0x20, 0x00, 0x00, 0x89, 0x7d, 0xfc, 0x48, 0x89, 0x75, 0xf0, 0x48, 0x89,
  0x55, 0xe8, 0x48, 0x89, 0x4d, 0xe0, 0x4c, 0x89, 0x45, 0xd8, 0x48, 0xc7,
  0x45, 0xd0, 0x00, 0x00, 0x00, 0x00, 0x48, 0xc7, 0x85, 0xc8, 0xdf, 0xff,
  0xff, 0x00, 0x00, 0x00, 0x00, 0x48, 0x8b, 0x85, 0xc8, 0xdf, 0xff, 0xff,
  0x48, 0x8b, 0x4d, 0xe8, 0x48, 0x81, 0xe9, 0x00, 0x20, 0x00, 0x00, 0x48,
  0x39, 0xc8, 0x0f, 0x83, 0x11, 0x01, 0x00, 0x00, 0x48, 0x8b, 0x85, 0xc8,
  0xdf, 0xff, 0xff, 0x48, 0x25, 0xff, 0xff, 0x00, 0x00, 0x48, 0x83, 0xf8,
  0x00, 0x0f, 0x84, 0x05, 0x00, 0x00, 0x00, 0xe9, 0x00, 0x00, 0x00, 0x00,
  0x48, 0x8b, 0x45, 0xf0, 0x48, 0x03, 0x85, 0xc8, 0xdf, 0xff, 0xff, 0x48,
  0x89, 0x85, 0xc0, 0xdf, 0xff, 0xff, 0x8b, 0x7d, 0xfc, 0x48, 0x8b, 0xb5,
  0xc0, 0xdf, 0xff, 0xff, 0x48, 0x8d, 0x95, 0xd0, 0xdf, 0xff, 0xff, 0xb9,
  0x00, 0x20, 0x00, 0x00, 0x31, 0xc0, 0x41, 0x89, 0xc0, 0xe8, 0x26, 0xf5,
  0xff, 0xff, 0x48, 0x8d, 0x85, 0xd0, 0xdf, 0xff, 0xff, 0x48, 0x89, 0x85,
  0xb8, 0xdf, 0xff, 0xff, 0x48, 0x8d, 0xbd, 0xd0, 0xdf, 0xff, 0xff, 0x48,
  0x8b, 0x55, 0xe0, 0x48, 0x8b, 0x4d, 0xd8, 0xbe, 0x00, 0x20, 0x00, 0x00,
  0xe8, 0xdf, 0xf0, 0xff, 0xff, 0x48, 0x89, 0x85, 0xb0, 0xdf, 0xff, 0xff,
  0x48, 0x83, 0xbd, 0xb0, 0xdf, 0xff, 0xff, 0x00, 0x0f, 0x84, 0x64, 0x00,
  0x00, 0x00, 0x48, 0x8b, 0x85, 0xb0, 0xdf, 0xff, 0xff, 0x48, 0x2b, 0x85,
  0xb8, 0xdf, 0xff, 0xff, 0x48, 0x89, 0x85, 0xa8, 0xdf, 0xff, 0xff, 0x48,
  0x8b, 0x85, 0xc0, 0xdf, 0xff, 0xff, 0x48, 0x03, 0x85, 0xa8, 0xdf, 0xff,
  0xff, 0x48, 0x89, 0x85, 0xa0, 0xdf, 0xff, 0xff, 0x48, 0x8b, 0x85, 0xa0,
  0xdf, 0xff, 0xff, 0x48, 0x89, 0x45, 0xd0, 0x48, 0x8b, 0xb5, 0xb0, 0xdf,
  0xff, 0xff, 0x48, 0x8b, 0x95, 0xa8, 0xdf, 0xff, 0xff, 0x48, 0x8b, 0x8d,
  0xc0, 0xdf, 0xff, 0xff, 0x4c, 0x8b, 0x85, 0xa0, 0xdf, 0xff, 0xff, 0x48,
  0x8d, 0x3d, 0x46, 0x86, 0x00, 0x00, 0xb0, 0x00, 0xe8, 0x5b, 0x68, 0x00,
  0x00, 0xe9, 0x23, 0x00, 0x00, 0x00, 0xbf, 0x01, 0x00, 0x00, 0x00, 0xe8,
  0x0c, 0x6a, 0x00, 0x00, 0x48, 0x8b, 0x85, 0xc8, 0xdf, 0xff, 0xff, 0x48,
  0x05, 0x00, 0x20, 0x00, 0x00, 0x48, 0x89, 0x85, 0xc8, 0xdf, 0xff, 0xff,
  0xe9, 0xd4, 0xfe, 0xff, 0xff, 0x48, 0x8d, 0x3d, 0x97, 0x8d, 0x00, 0x00,
  0xe8, 0x27, 0x69, 0x00, 0x00, 0x48, 0x83, 0x7d, 0xd0, 0x00, 0x0f, 0x85,
  0x15, 0x00, 0x00, 0x00, 0x48, 0x8b, 0x75, 0xe0, 0x8b, 0x55, 0xfc, 0x48,
  0x8d, 0x3d, 0xd7, 0x92, 0x00, 0x00, 0xb0, 0x00, 0xe8, 0x07, 0x68, 0x00,
  0x00, 0x48, 0x8b, 0x45, 0xd0, 0x48, 0x81, 0xc4, 0x60, 0x20, 0x00, 0x00,
  0x5d, 0xc3, 0x66, 0x2e, 0x0f, 0x1f, 0x84, 0x00, 0x00, 0x00, 0x00, 0x00,
  0x55, 0x48, 0x89, 0xe5, 0x48, 0x81, 0xec, 0xc0, 0x01, 0x00, 0x00, 0x48,
  0x89, 0x7d, 0xf0, 0x48, 0x89, 0x75, 0xe8, 0x48, 0xc7, 0x45, 0xe0, 0x00,
  0x00, 0x00, 0x00, 0x48, 0x83, 0x7d, 0xe8, 0x00, 0x0f, 0x85, 0x0d, 0x00,
  0x00, 0x00, 0x48, 0xc7, 0x45, 0xf8, 0x00, 0x00, 0x00, 0x00, 0xe9, 0xd2,
  0x01, 0x00, 0x00, 0x48, 0x8b, 0x7d, 0xf0, 0x31, 0xc0, 0x41, 0x89, 0xc1,
  0x31, 0xc9, 0x4c, 0x89, 0xce, 0x4c, 0x89, 0xca, 0x4d, 0x89, 0xc8, 0xe8,
  0x74, 0x69, 0x00, 0x00, 0x89, 0x45, 0xdc, 0x48, 0x8b, 0x75, 0xf0, 0x8b,
  0x55, 0xdc, 0x48, 0x8d, 0x3d, 0x56, 0x84, 0x00, 0x00, 0xb0, 0x00, 0xe8,
  0x8c, 0x67, 0x00, 0x00, 0x83, 0x7d, 0xdc, 0x00, 0x0f, 0x8e, 0x26, 0x00,
  0x00, 0x00, 0x8b, 0x7d, 0xdc, 0x48, 0x8b, 0x75, 0xe8, 0x48, 0x8d, 0x55,
  0xe0, 0xe8, 0xb2, 0x68, 0x00, 0x00, 0x48, 0x8b, 0x75, 0xe8, 0x48, 0x8b,
  0x55, 0xe0, 0x48, 0x8d, 0x3d, 0xd7, 0x8c, 0x00, 0x00, 0xb0, 0x00, 0xe8,
  0x5c, 0x67, 0x00, 0x00, 0x48, 0x83, 0x7d, 0xe0, 0x00, 0x0f, 0x85, 0x0d,
  0x00, 0x00, 0x00, 0x48, 0xc7, 0x45, 0xf8, 0x00, 0x00, 0x00, 0x00, 0xe9,
  0x59, 0x01, 0x00, 0x00, 0x48, 0x8d, 0xbd, 0x78, 0xfe, 0xff, 0xff, 0x31,
  0xf6, 0xba, 0x60, 0x01, 0x00, 0x00, 0xe8, 0xb1, 0x66, 0x00, 0x00, 0x48,
  0xc7, 0x85, 0x78, 0xfe, 0xff, 0xff, 0x60, 0x01, 0x00, 0x00, 0x31, 0xff,
  0x48, 0x8d, 0xb5, 0x78, 0xfe, 0xff, 0xff, 0xe8, 0x88, 0x68, 0x00, 0x00,
  0x89, 0x85, 0x74, 0xfe, 0xff, 0xff, 0x8b, 0xb5, 0x74, 0xfe, 0xff, 0xff,
  0x48, 0x8d, 0x3d, 0xef, 0x93, 0x00, 0x00, 0xb0, 0x00, 0xe8, 0xfe, 0x66,
  0x00, 0x00, 0x48, 0xc7, 0x85, 0x68, 0xfe, 0xff, 0xff, 0x00, 0x00, 0x00,
  0x00, 0x83, 0xbd, 0x74, 0xfe, 0xff, 0xff, 0x00, 0x0f, 0x85, 0xf0, 0x00,
  0x00, 0x00, 0xc7, 0x85, 0x64, 0xfe, 0xff, 0xff, 0x00, 0x00, 0x00, 0x00,
  0x48, 0x8b, 0x45, 0x80, 0x48, 0x89, 0x85, 0x58, 0xfe, 0xff, 0xff, 0x48,
  0xc7, 0x85, 0x50, 0xfe, 0xff, 0xff, 0x00, 0x00, 0x00, 0x00, 0x48, 0xc7,
  0x85, 0x48, 0xfe, 0xff, 0xff, 0x00, 0x00, 0x00, 0x00, 0xe8, 0x96, 0x67,
  0x00, 0x00, 0x89, 0xc7, 0x48, 0x8b, 0xb5, 0x58, 0xfe, 0xff, 0xff, 0x48,
  0x8d, 0x95, 0x50, 0xfe, 0xff, 0xff, 0x48, 0x8d, 0x8d, 0x48, 0xfe, 0xff,
  0xff, 0x41, 0xb8, 0x01, 0x00, 0x00, 0x00, 0xe8, 0x74, 0xf8, 0xff, 0xff,
  0x89, 0x85, 0x44, 0xfe, 0xff, 0xff, 0x8b, 0xb5, 0x44, 0xfe, 0xff, 0xff,
  0x48, 0x8d, 0x3d, 0x12, 0x88, 0x00, 0x00, 0xb0, 0x00, 0xe8, 0x7a, 0x66,
  0x00, 0x00, 0x48, 0x8b, 0xb5, 0x50, 0xfe, 0xff, 0xff, 0x48, 0x8b, 0x95,
  0x48, 0xfe, 0xff, 0xff, 0x48, 0x8d, 0x3d, 0x6a, 0x89, 0x00, 0x00, 0xb0,
  0x00, 0xe8, 0x5e, 0x66, 0x00, 0x00, 0x83, 0xbd, 0x44, 0xfe, 0xff, 0xff,
  0x00, 0x0f, 0x84, 0x0d, 0x00, 0x00, 0x00, 0x48, 0xc7, 0x45, 0xf8, 0x00,
  0x00, 0x00, 0x00, 0xe9, 0x59, 0x00, 0x00, 0x00, 0x48, 0x8b, 0xbd, 0x50,
  0xfe, 0xff, 0xff, 0x48, 0x8b, 0xb5, 0x48, 0xfe, 0xff, 0xff, 0x48, 0x8b,
  0x55, 0xe0, 0xe8, 0xdd, 0xf6, 0xff, 0xff, 0x48, 0x89, 0x85, 0x68, 0xfe,
  0xff, 0xff, 0x48, 0x83, 0xbd, 0x68, 0xfe, 0xff, 0xff, 0x00, 0x0f, 0x84,
  0x1d, 0x00, 0x00, 0x00, 0x48, 0x8b, 0x75, 0xe8, 0x48, 0x8b, 0x95, 0x68,
  0xfe, 0xff, 0xff, 0x48, 0x8b, 0x4d, 0xe0, 0x48, 0x8d, 0x3d, 0xa0, 0x87,
  0x00, 0x00, 0xb0, 0x00, 0xe8, 0xfb, 0x65, 0x00, 0x00, 0xe9, 0x00, 0x00,
  0x00, 0x00, 0x48, 0x8b, 0x85, 0x68, 0xfe, 0xff, 0xff, 0x48, 0x89, 0x45,
  0xf8, 0x48, 0x8b, 0x45, 0xf8, 0x48, 0x81, 0xc4, 0xc0, 0x01, 0x00, 0x00,
  0x5d, 0xc3, 0x66, 0x66, 0x66, 0x66, 0x66, 0x2e, 0x0f, 0x1f, 0x84, 0x00,
  0x00, 0x00, 0x00, 0x00, 0x55, 0x48, 0x89, 0xe5, 0x48, 0x83, 0xec, 0x40,
  0x48, 0x89, 0x7d, 0xf0, 0x48, 0x89, 0x75, 0xe8, 0x48, 0x89, 0x55, 0xe0,
  0x48, 0x8b, 0x45, 0xf0, 0x48, 0x89, 0x45, 0xd8, 0x48, 0x8b, 0x7d, 0xe0,
  0xe8, 0xbb, 0x65, 0x00, 0x00, 0x48, 0x89, 0x45, 0xd0, 0x48, 0xc7, 0x45,
  0xc8, 0x00, 0x00, 0x00, 0x00, 0x48, 0x8b, 0x45, 0xc8, 0x48, 0x8b, 0x4d,
  0xe8, 0x48, 0x2b, 0x4d, 0xd0, 0x48, 0x39, 0xc8, 0x0f, 0x83, 0x4d, 0x00,
  0x00, 0x00, 0x48, 0x8b, 0x45, 0xd8, 0x48, 0x03, 0x45, 0xc8, 0x48, 0x89,
  0x45, 0xc0, 0x48, 0x8b, 0x7d, 0xc0, 0x48, 0x8b, 0x75, 0xe0, 0x48, 0x8b,
  0x55, 0xd0, 0xe8, 0x4d, 0x67, 0x00, 0x00, 0x83, 0xf8, 0x00, 0x0f, 0x85,
  0x11, 0x00, 0x00, 0x00, 0x48, 0x8b, 0x45, 0xd8, 0x48, 0x03, 0x45, 0xc8,
  0x48, 0x89, 0x45, 0xf8, 0xe9, 0x1e, 0x00, 0x00, 0x00, 0xe9, 0x00, 0x00,
  0x00, 0x00, 0x48, 0x8b, 0x45, 0xc8, 0x48, 0x83, 0xc0, 0x01, 0x48, 0x89,
  0x45, 0xc8, 0xe9, 0x9e, 0xff, 0xff, 0xff, 0x48, 0xc7, 0x45, 0xf8, 0x00,
  0x00, 0x00, 0x00, 0x48, 0x8b, 0x45, 0xf8, 0x48, 0x83, 0xc4, 0x40, 0x5d,
  0xc3, 0x66, 0x66, 0x2e, 0x0f, 0x1f, 0x84, 0x00, 0x00, 0x00, 0x00, 0x00,
  0x55, 0x48, 0x89, 0xe5, 0x48, 0x83, 0xec, 0x60, 0x48, 0x89, 0x7d, 0xf8,
  0x48, 0x89, 0x75, 0xf0, 0x48, 0x89, 0x55, 0xe8, 0x48, 0x89, 0x4d, 0xe0,
  0x4c, 0x89, 0x45, 0xd8, 0x48, 0x8b, 0x4d, 0xe8, 0x48, 0x8d, 0x3d, 0xb8,
  0x95, 0x00, 0x00, 0x48, 0x8d, 0x35, 0xec, 0x8c, 0x00, 0x00, 0xba, 0x0a,
  0x02, 0x00, 0x00, 0xb0, 0x00, 0xe8, 0xe6, 0x64, 0x00, 0x00, 0x48, 0x8b,
  0x7d, 0xf8, 0x48, 0x8b, 0x75, 0xf0, 0x48, 0x8b, 0x55, 0xe8, 0xe8, 0x05,
  0xff, 0xff, 0xff, 0x48, 0x89, 0x45, 0xd0, 0x48, 0x83, 0x7d, 0xd0, 0x00,
  0x0f, 0x85, 0x05, 0x00, 0x00, 0x00, 0xe9, 0xdd, 0x00, 0x00, 0x00, 0x48,
  0x8b, 0x4d, 0xd0, 0x48, 0x8d, 0x3d, 0x3a, 0x99, 0x00, 0x00, 0x48, 0x8d,
  0x35, 0xa9, 0x8c, 0x00, 0x00, 0xba, 0x10, 0x02, 0x00, 0x00, 0xb0, 0x00,
  0xe8, 0xa3, 0x64, 0x00, 0x00, 0x48, 0xc7, 0x45, 0xc8, 0x00, 0x00, 0x00,
  0x00, 0x48, 0xc7, 0x45, 0xc0, 0x00, 0x00, 0x00, 0x00, 0xe8, 0x6e, 0x65,
  0x00, 0x00, 0x89, 0x45, 0xbc, 0x8b, 0x7d, 0xbc, 0x48, 0x8b, 0x75, 0xf8,
  0x48, 0x8d, 0x55, 0xc8, 0x48, 0x8d, 0x4d, 0xc0, 0x41, 0xb8, 0x01, 0x00,
  0x00, 0x00, 0xe8, 0x51, 0xf6, 0xff, 0xff, 0x83, 0xf8, 0x00, 0x0f, 0x85,
  0x84, 0x00, 0x00, 0x00, 0x48, 0x8b, 0x45, 0xd0, 0x48, 0x89, 0x45, 0xb0,
  0x48, 0x8b, 0x7d, 0xc8, 0x48, 0x8b, 0x75, 0xc0, 0x48, 0x8b, 0x55, 0xb0,
  0xe8, 0xff, 0xf4, 0xff, 0xff, 0x48, 0x89, 0x45, 0xa8, 0x48, 0x83, 0x7d,
  0xa8, 0x00, 0x0f, 0x84, 0x57, 0x00, 0x00, 0x00, 0x48, 0x8b, 0x75, 0xa8,
  0x48, 0x8b, 0x45, 0xa8, 0x48, 0x8b, 0x10, 0x48, 0x8b, 0x45, 0xa8, 0x48,
  0x8b, 0x48, 0x08, 0x48, 0x8d, 0x3d, 0x48, 0x9b, 0x00, 0x00, 0xb0, 0x00,
  0xe8, 0x1f, 0x64, 0x00, 0x00, 0x48, 0x8b, 0x45, 0xa8, 0x48, 0x8b, 0x48,
  0x08, 0x48, 0x8b, 0x45, 0xe0, 0x48, 0x89, 0x08, 0x48, 0x8b, 0x45, 0xd8,
  0x48, 0x89, 0x45, 0xa0, 0x8b, 0x7d, 0xbc, 0x48, 0x8b, 0x75, 0xa8, 0x48,
  0x83, 0xc6, 0x08, 0x48, 0x8d, 0x55, 0xa0, 0xb9, 0x08, 0x00, 0x00, 0x00,
  0x41, 0xb8, 0x01, 0x00, 0x00, 0x00, 0xe8, 0x19, 0xf0, 0xff, 0xff, 0xe9,
  0x00, 0x00, 0x00, 0x00, 0x48, 0x83, 0xc4, 0x60, 0x5d, 0xc3, 0x66, 0x66,
  0x66, 0x66, 0x66, 0x2e, 0x0f, 0x1f, 0x84, 0x00, 0x00, 0x00, 0x00, 0x00,
  0x55, 0x48, 0x89, 0xe5, 0x48, 0x83, 0xec, 0x50, 0x48, 0x89, 0x7d, 0xf8,
  0x48, 0x89, 0x75, 0xf0, 0x48, 0x89, 0x55, 0xe8, 0x48, 0x89, 0x4d, 0xe0,
  0x4c, 0x89, 0x45, 0xd8, 0x4c, 0x89, 0x4d, 0xd0, 0x48, 0x8b, 0x45, 0xf8,
  0x48, 0x8b, 0x80, 0x08, 0x01, 0x00, 0x00, 0x48, 0x89, 0x45, 0xc8, 0x48,
  0x8b, 0x45, 0xf8, 0x8b, 0x80, 0x10, 0x01, 0x00, 0x00, 0x48, 0x89, 0x45,
  0xc0, 0x48, 0x8b, 0x7d, 0xc8, 0x48, 0x8b, 0x75, 0xc0, 0x48, 0x8b, 0x55,
  0xf0, 0x48, 0x8b, 0x4d, 0xe8, 0xe8, 0x8e, 0xeb, 0xff, 0xff, 0x48, 0x89,
  0x45, 0xb8, 0x48, 0x8b, 0x4d, 0xd0, 0x4c, 0x8b, 0x45, 0xb8, 0x48, 0x8d,
  0x3d, 0x24, 0x85, 0x00, 0x00, 0x48, 0x8d, 0x35, 0x5e, 0x8b, 0x00, 0x00,
  0xba, 0x27, 0x02, 0x00, 0x00, 0xb0, 0x00, 0xe8, 0x58, 0x63, 0x00, 0x00,
  0x48, 0x83, 0x7d, 0xb8, 0x00, 0x0f, 0x84, 0x29, 0x00, 0x00, 0x00, 0x48,
  0x8b, 0x7d, 0xc8, 0x48, 0x8b, 0x75, 0xc0, 0x48, 0x8b, 0x55, 0xb8, 0x48,
  0x8b, 0x4d, 0xe0, 0x48, 0x8b, 0x45, 0xd8, 0x41, 0xb8, 0x05, 0x00, 0x00,
  0x00, 0x41, 0xb9, 0x01, 0x00, 0x00, 0x00, 0x48, 0x89, 0x04, 0x24, 0xe8,
  0x34, 0xf1, 0xff, 0xff, 0x48, 0x83, 0xc4, 0x50, 0x5d, 0xc3, 0x66, 0x66,
  0x66, 0x66, 0x66, 0x2e, 0x0f, 0x1f, 0x84, 0x00, 0x00, 0x00, 0x00, 0x00,
  0x55, 0x48, 0x89, 0xe5, 0x48, 0x83, 0xec, 0x60, 0x48, 0x89, 0x7d, 0xf0,
  0x89, 0x75, 0xec, 0xe8, 0x6c, 0x01, 0x00, 0x00, 0x48, 0x83, 0x7d, 0xf0,
  0x00, 0x0f, 0x84, 0x0a, 0x00, 0x00, 0x00, 0x83, 0x7d, 0xec, 0x05, 0x0f,
  0x8d, 0x0d, 0x00, 0x00, 0x00, 0x48, 0xc7, 0x45, 0xf8, 0x00, 0x00, 0x00,
  0x00, 0xe9, 0x40, 0x01, 0x00, 0x00, 0x48, 0x8b, 0x7d, 0xf0, 0x48, 0x63,
  0x75, 0xec, 0xe8, 0xed, 0x01, 0x00, 0x00, 0x48, 0x89, 0x45, 0xe0, 0x48,
  0x83, 0x7d, 0xe0, 0x00, 0x0f, 0x84, 0x21, 0x00, 0x00, 0x00, 0x48, 0x8b,
  0x35, 0x77, 0xbb, 0x01, 0x00, 0x48, 0x03, 0x75, 0xe0, 0x48, 0x83, 0xc6,
  0x06, 0xbf, 0x00, 0x10, 0x00, 0x00, 0xe8, 0x75, 0x02, 0x00, 0x00, 0xa8,
  0x01, 0x0f, 0x85, 0x0d, 0x00, 0x00, 0x00, 0x48, 0xc7, 0x45, 0xf8, 0x00,
  0x00, 0x00, 0x00, 0xe9, 0xf6, 0x00, 0x00, 0x00, 0x48, 0xc7, 0x45, 0xd8,
  0x06, 0x00, 0x00, 0x00, 0x48, 0x8d, 0x05, 0xa1, 0x02, 0x00, 0x00, 0x48,
  0x89, 0x45, 0xd0, 0x48, 0x8d, 0x05, 0x96, 0x02, 0x00, 0x00, 0x48, 0x03,
  0x05, 0x2f, 0xbb, 0x01, 0x00, 0x48, 0x89, 0x45, 0xc8, 0x48, 0x8b, 0x45,
  0xf0, 0x48, 0x03, 0x45, 0xe0, 0x48, 0x89, 0x45, 0xc0, 0xe8, 0x3a, 0x63,
  0x00, 0x00, 0x89, 0x45, 0xbc, 0x8b, 0x7d, 0xbc, 0x48, 0x8b, 0x75, 0xc8,
  0x48, 0x8b, 0x55, 0xf0, 0x48, 0x8b, 0x4d, 0xe0, 0x41, 0xb8, 0x01, 0x00,
  0x00, 0x00, 0xe8, 0x6d, 0xee, 0xff, 0xff, 0x8b, 0x7d, 0xbc, 0x48, 0x8b,
  0x75, 0xc8, 0x48, 0x03, 0x75, 0xe0, 0x48, 0x8d, 0x15, 0x87, 0xc0, 0x00,
  0x00, 0xb9, 0x06, 0x00, 0x00, 0x00, 0x41, 0xb8, 0x01, 0x00, 0x00, 0x00,
  0xe8, 0x4b, 0xee, 0xff, 0xff, 0x8b, 0x7d, 0xbc, 0x48, 0x8b, 0x75, 0xc8,
  0x48, 0x03, 0x75, 0xe0, 0x48, 0x83, 0xc6, 0x06, 0x48, 0x8d, 0x55, 0xc0,
  0xb9, 0x08, 0x00, 0x00, 0x00, 0x41, 0xb8, 0x01, 0x00, 0x00, 0x00, 0xe8,
  0x28, 0xee, 0xff, 0xff, 0x48, 0x8d, 0x05, 0x11, 0x02, 0x00, 0x00, 0x48,
  0x03, 0x05, 0xaa, 0xba, 0x01, 0x00, 0x48, 0x89, 0x45, 0xb0, 0x48, 0x8b,
  0x45, 0xe0, 0x48, 0x83, 0xc0, 0x0e, 0x48, 0x89, 0x45, 0xa8, 0x48, 0x8b,
  0x45, 0xa8, 0x48, 0x03, 0x05, 0x8f, 0xba, 0x01, 0x00, 0x48, 0x89, 0x05,
  0x88, 0xba, 0x01, 0x00, 0x48, 0x8b, 0x35, 0x81, 0xba, 0x01, 0x00, 0x48,
  0x8d, 0x3d, 0xc5, 0x8e, 0x00, 0x00, 0xb0, 0x00, 0xe8, 0xb3, 0x61, 0x00,
  0x00, 0x48, 0x8b, 0x7d, 0xb0, 0x48, 0x8b, 0x75, 0xa8, 0x48, 0x8b, 0x55,
  0xb0, 0xe8, 0xb2, 0xf0, 0xff, 0xff, 0x48, 0x8b, 0x45, 0xb0, 0x48, 0x89,
  0x45, 0xf8, 0x48, 0x8b, 0x45, 0xf8, 0x48, 0x83, 0xc4, 0x60, 0x5d, 0xc3,
  0x55, 0x48, 0x89, 0xe5, 0x48, 0x83, 0xec, 0x10, 0xf6, 0x05, 0x49, 0xba,
  0x01, 0x00, 0x01, 0x0f, 0x85, 0x8d, 0x00, 0x00, 0x00, 0xe8, 0x56, 0x62,
  0x00, 0x00, 0x89, 0x45, 0xfc, 0x8b, 0x7d, 0xfc, 0x48, 0x8d, 0x35, 0x89,
  0x01, 0x00, 0x00, 0x48, 0x8d, 0x15, 0xc4, 0xbf, 0x00, 0x00, 0xb9, 0x06,
  0x00, 0x00, 0x00, 0x41, 0xb8, 0x01, 0x00, 0x00, 0x00, 0xe8, 0x82, 0xed,
  0xff, 0xff, 0x48, 0x8d, 0x05, 0x6b, 0x01, 0x00, 0x00, 0x48, 0x89, 0x45,
  0xf0, 0xff, 0x55, 0xf0, 0x89, 0xc1, 0x48, 0x8d, 0x3d, 0xbc, 0x81, 0x00,
  0x00, 0x48, 0x8d, 0x35, 0x2e, 0x89, 0x00, 0x00, 0xba, 0x57, 0x02, 0x00,
  0x00, 0xb0, 0x00, 0xe8, 0x28, 0x61, 0x00, 0x00, 0x8b, 0x7d, 0xfc, 0x48,
  0x8d, 0x35, 0x3e, 0x01, 0x00, 0x00, 0xba, 0xcc, 0x00, 0x00, 0x00, 0xb9,
  0x00, 0x10, 0x00, 0x00, 0xe8, 0x9f, 0xec, 0xff, 0xff, 0xc6, 0x05, 0xd0,
  0xb9, 0x01, 0x00, 0x01, 0x48, 0x8d, 0x3d, 0xd4, 0x7d, 0x00, 0x00, 0x48,
  0x8d, 0x35, 0x1a, 0x01, 0x00, 0x00, 0xba, 0x00, 0x10, 0x00, 0x00, 0xb0,
  0x00, 0xe8, 0xee, 0x60, 0x00, 0x00, 0x48, 0x83, 0xc4, 0x10, 0x5d, 0xc3,
  0x0f, 0x1f, 0x84, 0x00, 0x00, 0x00, 0x00, 0x00, 0x55, 0x48, 0x89, 0xe5,
  0x48, 0x83, 0xec, 0x50, 0x48, 0x89, 0x7d, 0xf0, 0x48, 0x89, 0x75, 0xe8,
  0x48, 0xc7, 0x45, 0xe0, 0x00, 0x00, 0x00, 0x00, 0x48, 0x83, 0x7d, 0xf0,
  0x00, 0x0f, 0x85, 0x0d, 0x00, 0x00, 0x00, 0x48, 0xc7, 0x45, 0xf8, 0x00,
  0x00, 0x00, 0x00, 0xe9, 0x6d, 0x00, 0x00, 0x00, 0xe9, 0x00, 0x00, 0x00,
  0x00, 0x48, 0x8b, 0x45, 0xe0, 0x48, 0x3b, 0x45, 0xe8, 0x0f, 0x83, 0x52,
  0x00, 0x00, 0x00, 0x48, 0x8d, 0x7d, 0xbb, 0x31, 0xf6, 0xba, 0x25, 0x00,
  0x00, 0x00, 0xe8, 0x0d, 0x60, 0x00, 0x00, 0x48, 0x8b, 0x7d, 0xf0, 0x48,
  0x03, 0x7d, 0xe0, 0x48, 0x8d, 0x75, 0xbb, 0xe8, 0xcc, 0xd9, 0xff, 0xff,
  0x89, 0x45, 0xb4, 0x8b, 0x45, 0xdc, 0x25, 0x00, 0x10, 0x00, 0x00, 0x83,
  0xf8, 0x00, 0x0f, 0x84, 0x0d, 0x00, 0x00, 0x00, 0x48, 0xc7, 0x45, 0xf8,
  0x00, 0x00, 0x00, 0x00, 0xe9, 0x18, 0x00, 0x00, 0x00, 0x8b, 0x45, 0xb4,
  0x48, 0x03, 0x45, 0xe0, 0x48, 0x89, 0x45, 0xe0, 0xe9, 0xa0, 0xff, 0xff,
  0xff, 0x48, 0x8b, 0x45, 0xe0, 0x48, 0x89, 0x45, 0xf8, 0x48, 0x8b, 0x45,
  0xf8, 0x48, 0x83, 0xc4, 0x50, 0x5d, 0xc3, 0x66, 0x0f, 0x1f, 0x84, 0x00,
  0x00, 0x00, 0x00, 0x00, 0x55, 0x48, 0x89, 0xe5, 0x48, 0x83, 0xec, 0x20,
  0x48, 0x89, 0x7d, 0xf0, 0x48, 0x89, 0x75, 0xe8, 0x48, 0x8b, 0x45, 0xe8,
  0x48, 0x3b, 0x45, 0xf0, 0x0f, 0x86, 0x1f, 0x00, 0x00, 0x00, 0x48, 0x8b,
  0x75, 0xf0, 0x48, 0x8b, 0x55, 0xe8, 0x48, 0x8d, 0x3d, 0xa6, 0x8d, 0x00,
  0x00, 0xb0, 0x00, 0xe8, 0xfc, 0x5f, 0x00, 0x00, 0xc6, 0x45, 0xff, 0x00,
  0xe9, 0x04, 0x00, 0x00, 0x00, 0xc6, 0x45, 0xff, 0x01, 0x8a, 0x45, 0xff,
  0x24, 0x01, 0x0f, 0xb6, 0xc0, 0x48, 0x83, 0xc4, 0x20, 0x5d, 0xc3, 0x90,
  0xcc, 0xcc, 0xcc, 0xcc, 0xcc, 0xcc, 0xcc, 0xcc, 0xcc, 0xcc, 0xcc, 0xcc,
  0xcc, 0xcc, 0xcc, 0xcc, 0xcc, 0xcc, 0xcc, 0xcc, 0xcc, 0xcc, 0xcc, 0xcc,
  0xcc, 0xcc, 0xcc, 0xcc, 0xcc, 0xcc, 0xcc, 0xcc, 0xcc, 0xcc, 0xcc, 0xcc,
  0xcc, 0xcc, 0xcc, 0xcc, 0xcc, 0xcc, 0xcc, 0xcc, 0xcc, 0xcc, 0xcc, 0xcc,
  0xcc, 0xcc, 0xcc, 0xcc, 0xcc, 0xcc, 0xcc, 0xcc, 0xcc, 0xcc, 0xcc, 0xcc,
  0xcc, 0xcc, 0xcc, 0xcc, 0xcc, 0xcc, 0xcc, 0xcc, 0xcc, 0xcc, 0xcc, 0xcc,
  0xcc, 0xcc, 0xcc, 0xcc, 0xcc, 0xcc, 0xcc, 0xcc, 0xcc, 0xcc, 0xcc, 0xcc,
  0xcc, 0xcc, 0xcc, 0xcc, 0xcc, 0xcc, 0xcc, 0xcc, 0xcc, 0xcc, 0xcc, 0xcc,
  0xcc, 0xcc, 0xcc, 0xcc, 0xcc, 0xcc, 0xcc, 0xcc, 0xcc, 0xcc, 0xcc, 0xcc,
  0xcc, 0xcc, 0xcc, 0xcc, 0xcc, 0xcc, 0xcc, 0xcc, 0xcc, 0xcc, 0xcc, 0xcc,
  0xcc, 0xcc, 0xcc, 0xcc, 0xcc, 0xcc, 0xcc, 0xcc, 0xcc, 0xcc, 0xcc, 0xcc,
  0xcc, 0xcc, 0xcc, 0xcc, 0xcc, 0xcc, 0xcc, 0xcc, 0xcc, 0xcc, 0xcc, 0xcc,
  0xcc, 0xcc, 0xcc, 0xcc, 0xcc, 0xcc, 0xcc, 0xcc, 0xcc, 0xcc, 0xcc, 0xcc,
  0xcc, 0xcc, 0xcc, 0xcc, 0xcc, 0xcc, 0xcc, 0xcc, 0xcc, 0xcc, 0xcc, 0xcc,
  0xcc, 0xcc, 0xcc, 0xcc, 0xcc, 0xcc, 0xcc, 0xcc, 0xcc, 0xcc, 0xcc, 0xcc,
  0xcc, 0xcc, 0xcc, 0xcc, 0xcc, 0xcc, 0xcc, 0xcc, 0xcc, 0xcc, 0xcc, 0xcc,
  0xcc, 0xcc, 0xcc, 0xcc, 0xcc, 0xcc, 0xcc, 0xcc, 0xcc, 0xcc, 0xcc, 0xcc,
  0xcc, 0xcc, 0xcc, 0xcc, 0xcc, 0xcc, 0xcc, 0xcc, 0xcc, 0xcc, 0xcc, 0xcc,
  0xcc, 0xcc, 0xcc, 0xcc, 0xcc, 0xcc, 0xcc, 0xcc, 0xcc, 0xcc, 0xcc, 0xcc,
  0xcc, 0xcc, 0xcc, 0xcc, 0xcc, 0xcc, 0xcc, 0xcc, 0xcc, 0xcc, 0xcc, 0xcc,
  0xcc, 0xcc, 0xcc, 0xcc, 0xcc, 0xcc, 0xcc, 0xcc, 0xcc, 0xcc, 0xcc, 0xcc,
  0xcc, 0xcc, 0xcc, 0xcc, 0xcc, 0xcc, 0xcc, 0xcc, 0xcc, 0xcc, 0xcc, 0xcc,
  0xcc, 0xcc, 0xcc, 0xcc, 0xcc, 0xcc, 0xcc, 0xcc, 0xcc, 0xcc, 0xcc, 0xcc,
  0xcc, 0xcc, 0xcc, 0xcc, 0xcc, 0xcc, 0xcc, 0xcc, 0xcc, 0xcc, 0xcc, 0xcc,
  0xcc, 0xcc, 0xcc, 0xcc, 0xcc, 0xcc, 0xcc, 0xcc, 0xcc, 0xcc, 0xcc, 0xcc,
  0xcc, 0xcc, 0xcc, 0xcc, 0xcc, 0xcc, 0xcc, 0xcc, 0xcc, 0xcc, 0xcc, 0xcc,
  0xcc, 0xcc, 0xcc, 0xcc, 0xcc, 0xcc, 0xcc, 0xcc, 0xcc, 0xcc, 0xcc, 0xcc,
  0xcc, 0xcc, 0xcc, 0xcc, 0xcc, 0xcc, 0xcc, 0xcc, 0xcc, 0xcc, 0xcc, 0xcc,
  0xcc, 0xcc, 0xcc, 0xcc, 0xcc, 0xcc, 0xcc, 0xcc, 0xcc, 0xcc, 0xcc, 0xcc,
  0xcc, 0xcc, 0xcc, 0xcc, 0xcc, 0xcc, 0xcc, 0xcc, 0xcc, 0xcc, 0xcc, 0xcc,
  0xcc, 0xcc, 0xcc, 0xcc, 0xcc, 0xcc, 0xcc, 0xcc, 0xcc, 0xcc, 0xcc, 0xcc,
  0xcc, 0xcc, 0xcc, 0xcc, 0xcc, 0xcc, 0xcc, 0xcc, 0xcc, 0xcc, 0xcc, 0xcc,
  0xcc, 0xcc, 0xcc, 0xcc, 0xcc, 0xcc, 0xcc, 0xcc, 0xcc, 0xcc, 0xcc, 0xcc,
  0xcc, 0xcc, 0xcc, 0xcc, 0xcc, 0xcc, 0xcc, 0xcc, 0xcc, 0xcc, 0xcc, 0xcc,
  0xcc, 0xcc, 0xcc, 0xcc, 0xcc, 0xcc, 0xcc, 0xcc, 0xcc, 0xcc, 0xcc, 0xcc,
  0xcc, 0xcc, 0xcc, 0xcc, 0xcc, 0xcc, 0xcc, 0xcc, 0xcc, 0xcc, 0xcc, 0xcc,
  0xcc, 0xcc, 0xcc, 0xcc, 0xcc, 0xcc, 0xcc, 0xcc, 0xcc, 0xcc, 0xcc, 0xcc,
  0xcc, 0xcc, 0xcc, 0xcc, 0xcc, 0xcc, 0xcc, 0xcc, 0xcc, 0xcc, 0xcc, 0xcc,
  0xcc, 0xcc, 0xcc, 0xcc, 0xcc, 0xcc, 0xcc, 0xcc, 0xcc, 0xcc, 0xcc, 0xcc,
  0xcc, 0xcc, 0xcc, 0xcc, 0xcc, 0xcc, 0xcc, 0xcc, 0xcc, 0xcc, 0xcc, 0xcc,
  0xcc, 0xcc, 0xcc, 0xcc, 0xcc, 0xcc, 0xcc, 0xcc, 0xcc, 0xcc, 0xcc, 0xcc,
  0xcc, 0xcc, 0xcc, 0xcc, 0xcc, 0xcc, 0xcc, 0xcc, 0xcc, 0xcc, 0xcc, 0xcc,
  0xcc, 0xcc, 0xcc, 0xcc, 0xcc, 0xcc, 0xcc, 0xcc, 0xcc, 0xcc, 0xcc, 0xcc,
  0xcc, 0xcc, 0xcc, 0xcc, 0xcc, 0xcc, 0xcc, 0xcc, 0xcc, 0xcc, 0xcc, 0xcc,
  0xcc, 0xcc, 0xcc, 0xcc, 0xcc, 0xcc, 0xcc, 0xcc, 0xcc, 0xcc, 0xcc, 0xcc,
  0xcc, 0xcc, 0xcc, 0xcc, 0xcc, 0xcc, 0xcc, 0xcc, 0xcc, 0xcc, 0xcc, 0xcc,
  0xcc, 0xcc, 0xcc, 0xcc, 0xcc, 0xcc, 0xcc, 0xcc, 0xcc, 0xcc, 0xcc, 0xcc,
  0xcc, 0xcc, 0xcc, 0xcc, 0xcc, 0xcc, 0xcc, 0xcc, 0xcc, 0xcc, 0xcc, 0xcc,
  0xcc, 0xcc, 0xcc, 0xcc, 0xcc, 0xcc, 0xcc, 0xcc, 0xcc, 0xcc, 0xcc, 0xcc,
  0xcc, 0xcc, 0xcc, 0xcc, 0xcc, 0xcc, 0xcc, 0xcc, 0xcc, 0xcc, 0xcc, 0xcc,
  0xcc, 0xcc, 0xcc, 0xcc, 0xcc, 0xcc, 0xcc, 0xcc, 0xcc, 0xcc, 0xcc, 0xcc,
  0xcc, 0xcc, 0xcc, 0xcc, 0xcc, 0xcc, 0xcc, 0xcc, 0xcc, 0xcc, 0xcc, 0xcc,
  0xcc, 0xcc, 0xcc, 0xcc, 0xcc, 0xcc, 0xcc, 0xcc, 0xcc, 0xcc, 0xcc, 0xcc,
  0xcc, 0xcc, 0xcc, 0xcc, 0xcc, 0xcc, 0xcc, 0xcc, 0xcc, 0xcc, 0xcc, 0xcc,
  0xcc, 0xcc, 0xcc, 0xcc, 0xcc, 0xcc, 0xcc, 0xcc, 0xcc, 0xcc, 0xcc, 0xcc,
  0xcc, 0xcc, 0xcc, 0xcc, 0xcc, 0xcc, 0xcc, 0xcc, 0xcc, 0xcc, 0xcc, 0xcc,
  0xcc, 0xcc, 0xcc, 0xcc, 0xcc, 0xcc, 0xcc, 0xcc, 0xcc, 0xcc, 0xcc, 0xcc,
  0xcc, 0xcc, 0xcc, 0xcc, 0xcc, 0xcc, 0xcc, 0xcc, 0xcc, 0xcc, 0xcc, 0xcc,
  0xcc, 0xcc, 0xcc, 0xcc, 0xcc, 0xcc, 0xcc, 0xcc, 0xcc, 0xcc, 0xcc, 0xcc,
  0xcc, 0xcc, 0xcc, 0xcc, 0xcc, 0xcc, 0xcc, 0xcc, 0xcc, 0xcc, 0xcc, 0xcc,
  0xcc, 0xcc, 0xcc, 0xcc, 0xcc, 0xcc, 0xcc, 0xcc, 0xcc, 0xcc, 0xcc, 0xcc,
  0xcc, 0xcc, 0xcc, 0xcc, 0xcc, 0xcc, 0xcc, 0xcc, 0xcc, 0xcc, 0xcc, 0xcc,
  0xcc, 0xcc, 0xcc, 0xcc, 0xcc, 0xcc, 0xcc, 0xcc, 0xcc, 0xcc, 0xcc, 0xcc,
  0xcc, 0xcc, 0xcc, 0xcc, 0xcc, 0xcc, 0xcc, 0xcc, 0xcc, 0xcc, 0xcc, 0xcc,
  0xcc, 0xcc, 0xcc, 0xcc, 0xcc, 0xcc, 0xcc, 0xcc, 0xcc, 0xcc, 0xcc, 0xcc,
  0xcc, 0xcc, 0xcc, 0xcc, 0xcc, 0xcc, 0xcc, 0xcc, 0xcc, 0xcc, 0xcc, 0xcc,
  0xcc, 0xcc, 0xcc, 0xcc, 0xcc, 0xcc, 0xcc, 0xcc, 0xcc, 0xcc, 0xcc, 0xcc,
  0xcc, 0xcc, 0xcc, 0xcc, 0xcc, 0xcc, 0xcc, 0xcc, 0xcc, 0xcc, 0xcc, 0xcc,
  0xcc, 0xcc, 0xcc, 0xcc, 0xcc, 0xcc, 0xcc, 0xcc, 0xcc, 0xcc, 0xcc, 0xcc,
  0xcc, 0xcc, 0xcc, 0xcc, 0xcc, 0xcc, 0xcc, 0xcc, 0xcc, 0xcc, 0xcc, 0xcc,
  0xcc, 0xcc, 0xcc, 0xcc, 0xcc, 0xcc, 0xcc, 0xcc, 0xcc, 0xcc, 0xcc, 0xcc,
  0xcc, 0xcc, 0xcc, 0xcc, 0xcc, 0xcc, 0xcc, 0xcc, 0xcc, 0xcc, 0xcc, 0xcc,
  0xcc, 0xcc, 0xcc, 0xcc, 0xcc, 0xcc, 0xcc, 0xcc, 0xcc, 0xcc, 0xcc, 0xcc,
  0xcc, 0xcc, 0xcc, 0xcc, 0xcc, 0xcc, 0xcc, 0xcc, 0xcc, 0xcc, 0xcc, 0xcc,
  0xcc, 0xcc, 0xcc, 0xcc, 0xcc, 0xcc, 0xcc, 0xcc, 0xcc, 0xcc, 0xcc, 0xcc,
  0xcc, 0xcc, 0xcc, 0xcc, 0xcc, 0xcc, 0xcc, 0xcc, 0xcc, 0xcc, 0xcc, 0xcc,
  0xcc, 0xcc, 0xcc, 0xcc, 0xcc, 0xcc, 0xcc, 0xcc, 0xcc, 0xcc, 0xcc, 0xcc,
  0xcc, 0xcc, 0xcc, 0xcc, 0xcc, 0xcc, 0xcc, 0xcc, 0xcc, 0xcc, 0xcc, 0xcc,
  0xcc, 0xcc, 0xcc, 0xcc, 0xcc, 0xcc, 0xcc, 0xcc, 0xcc, 0xcc, 0xcc, 0xcc,
  0xcc, 0xcc, 0xcc, 0xcc, 0xcc, 0xcc, 0xcc, 0xcc, 0xcc, 0xcc, 0xcc, 0xcc,
  0xcc, 0xcc, 0xcc, 0xcc, 0xcc, 0xcc, 0xcc, 0xcc, 0xcc, 0xcc, 0xcc, 0xcc,
  0xcc, 0xcc, 0xcc, 0xcc, 0xcc, 0xcc, 0xcc, 0xcc, 0xcc, 0xcc, 0xcc, 0xcc,
  0xcc, 0xcc, 0xcc, 0xcc, 0xcc, 0xcc, 0xcc, 0xcc, 0xcc, 0xcc, 0xcc, 0xcc,
  0xcc, 0xcc, 0xcc, 0xcc, 0xcc, 0xcc, 0xcc, 0xcc, 0xcc, 0xcc, 0xcc, 0xcc,
  0xcc, 0xcc, 0xcc, 0xcc, 0xcc, 0xcc, 0xcc, 0xcc, 0xcc, 0xcc, 0xcc, 0xcc,
  0xcc, 0xcc, 0xcc, 0xcc, 0xcc, 0xcc, 0xcc, 0xcc, 0xcc, 0xcc, 0xcc, 0xcc,
  0xcc, 0xcc, 0xcc, 0xcc, 0xcc, 0xcc, 0xcc, 0xcc, 0xcc, 0xcc, 0xcc, 0xcc,
  0xcc, 0xcc, 0xcc, 0xcc, 0xcc, 0xcc, 0xcc, 0xcc, 0xcc, 0xcc, 0xcc, 0xcc,
  0xcc, 0xcc, 0xcc, 0xcc, 0xcc, 0xcc, 0xcc, 0xcc, 0xcc, 0xcc, 0xcc, 0xcc,
  0xcc, 0xcc, 0xcc, 0xcc, 0xcc, 0xcc, 0xcc, 0xcc, 0xcc, 0xcc, 0xcc, 0xcc,
  0xcc, 0xcc, 0xcc, 0xcc, 0xcc, 0xcc, 0xcc, 0xcc, 0xcc, 0xcc, 0xcc, 0xcc,
  0xcc, 0xcc, 0xcc, 0xcc, 0xcc, 0xcc, 0xcc, 0xcc, 0xcc, 0xcc, 0xcc, 0xcc,
  0xcc, 0xcc, 0xcc, 0xcc, 0xcc, 0xcc, 0xcc, 0xcc, 0xcc, 0xcc, 0xcc, 0xcc,
  0xcc, 0xcc, 0xcc, 0xcc, 0xcc, 0xcc, 0xcc, 0xcc, 0xcc, 0xcc, 0xcc, 0xcc,
  0xcc, 0xcc, 0xcc, 0xcc, 0xcc, 0xcc, 0xcc, 0xcc, 0xcc, 0xcc, 0xcc, 0xcc,
  0xcc, 0xcc, 0xcc, 0xcc, 0xcc, 0xcc, 0xcc, 0xcc, 0xcc, 0xcc, 0xcc, 0xcc,
  0xcc, 0xcc, 0xcc, 0xcc, 0xcc, 0xcc, 0xcc, 0xcc, 0xcc, 0xcc, 0xcc, 0xcc,
  0xcc, 0xcc, 0xcc, 0xcc, 0xcc, 0xcc, 0xcc, 0xcc, 0xcc, 0xcc, 0xcc, 0xcc,
  0xcc, 0xcc, 0xcc, 0xcc, 0xcc, 0xcc, 0xcc, 0xcc, 0xcc, 0xcc, 0xcc, 0xcc,
  0xcc, 0xcc, 0xcc, 0xcc, 0xcc, 0xcc, 0xcc, 0xcc, 0xcc, 0xcc, 0xcc, 0xcc,
  0xcc, 0xcc, 0xcc, 0xcc, 0xcc, 0xcc, 0xcc, 0xcc, 0xcc, 0xcc, 0xcc, 0xcc,
  0xcc, 0xcc, 0xcc, 0xcc, 0xcc, 0xcc, 0xcc, 0xcc, 0xcc, 0xcc, 0xcc, 0xcc,
  0xcc, 0xcc, 0xcc, 0xcc, 0xcc, 0xcc, 0xcc, 0xcc, 0xcc, 0xcc, 0xcc, 0xcc,
  0xcc, 0xcc, 0xcc, 0xcc, 0xcc, 0xcc, 0xcc, 0xcc, 0xcc, 0xcc, 0xcc, 0xcc,
  0xcc, 0xcc, 0xcc, 0xcc, 0xcc, 0xcc, 0xcc, 0xcc, 0xcc, 0xcc, 0xcc, 0xcc,
  0xcc, 0xcc, 0xcc, 0xcc, 0xcc, 0xcc, 0xcc, 0xcc, 0xcc, 0xcc, 0xcc, 0xcc,
  0xcc, 0xcc, 0xcc, 0xcc, 0xcc, 0xcc, 0xcc, 0xcc, 0xcc, 0xcc, 0xcc, 0xcc,
  0xcc, 0xcc, 0xcc, 0xcc, 0xcc, 0xcc, 0xcc, 0xcc, 0xcc, 0xcc, 0xcc, 0xcc,
  0xcc, 0xcc, 0xcc, 0xcc, 0xcc, 0xcc, 0xcc, 0xcc, 0xcc, 0xcc, 0xcc, 0xcc,
  0xcc, 0xcc, 0xcc, 0xcc, 0xcc, 0xcc, 0xcc, 0xcc, 0xcc, 0xcc, 0xcc, 0xcc,
  0xcc, 0xcc, 0xcc, 0xcc, 0xcc, 0xcc, 0xcc, 0xcc, 0xcc, 0xcc, 0xcc, 0xcc,
  0xcc, 0xcc, 0xcc, 0xcc, 0xcc, 0xcc, 0xcc, 0xcc, 0xcc, 0xcc, 0xcc, 0xcc,
  0xcc, 0xcc, 0xcc, 0xcc, 0xcc, 0xcc, 0xcc, 0xcc, 0xcc, 0xcc, 0xcc, 0xcc,
  0xcc, 0xcc, 0xcc, 0xcc, 0xcc, 0xcc, 0xcc, 0xcc, 0xcc, 0xcc, 0xcc, 0xcc,
  0xcc, 0xcc, 0xcc, 0xcc, 0xcc, 0xcc, 0xcc, 0xcc, 0xcc, 0xcc, 0xcc, 0xcc,
  0xcc, 0xcc, 0xcc, 0xcc, 0xcc, 0xcc, 0xcc, 0xcc, 0xcc, 0xcc, 0xcc, 0xcc,
  0xcc, 0xcc, 0xcc, 0xcc, 0xcc, 0xcc, 0xcc, 0xcc, 0xcc, 0xcc, 0xcc, 0xcc,
  0xcc, 0xcc, 0xcc, 0xcc, 0xcc, 0xcc, 0xcc, 0xcc, 0xcc, 0xcc, 0xcc, 0xcc,
  0xcc, 0xcc, 0xcc, 0xcc, 0xcc, 0xcc, 0xcc, 0xcc, 0xcc, 0xcc, 0xcc, 0xcc,
  0xcc, 0xcc, 0xcc, 0xcc, 0xcc, 0xcc, 0xcc, 0xcc, 0xcc, 0xcc, 0xcc, 0xcc,
  0xcc, 0xcc, 0xcc, 0xcc, 0xcc, 0xcc, 0xcc, 0xcc, 0xcc, 0xcc, 0xcc, 0xcc,
  0xcc, 0xcc, 0xcc, 0xcc, 0xcc, 0xcc, 0xcc, 0xcc, 0xcc, 0xcc, 0xcc, 0xcc,
  0xcc, 0xcc, 0xcc, 0xcc, 0xcc, 0xcc, 0xcc, 0xcc, 0xcc, 0xcc, 0xcc, 0xcc,
  0xcc, 0xcc, 0xcc, 0xcc, 0xcc, 0xcc, 0xcc, 0xcc, 0xcc, 0xcc, 0xcc, 0xcc,
  0xcc, 0xcc, 0xcc, 0xcc, 0xcc, 0xcc, 0xcc, 0xcc, 0xcc, 0xcc, 0xcc, 0xcc,
  0xcc, 0xcc, 0xcc, 0xcc, 0xcc, 0xcc, 0xcc, 0xcc, 0xcc, 0xcc, 0xcc, 0xcc,
  0xcc, 0xcc, 0xcc, 0xcc, 0xcc, 0xcc, 0xcc, 0xcc, 0xcc, 0xcc, 0xcc, 0xcc,
  0xcc, 0xcc, 0xcc, 0xcc, 0xcc, 0xcc, 0xcc, 0xcc, 0xcc, 0xcc, 0xcc, 0xcc,
  0xcc, 0xcc, 0xcc, 0xcc, 0xcc, 0xcc, 0xcc, 0xcc, 0xcc, 0xcc, 0xcc, 0xcc,
  0xcc, 0xcc, 0xcc, 0xcc, 0xcc, 0xcc, 0xcc, 0xcc, 0xcc, 0xcc, 0xcc, 0xcc,
  0xcc, 0xcc, 0xcc, 0xcc, 0xcc, 0xcc, 0xcc, 0xcc, 0xcc, 0xcc, 0xcc, 0xcc,
  0xcc, 0xcc, 0xcc, 0xcc, 0xcc, 0xcc, 0xcc, 0xcc, 0xcc, 0xcc, 0xcc, 0xcc,
  0xcc, 0xcc, 0xcc, 0xcc, 0xcc, 0xcc, 0xcc, 0xcc, 0xcc, 0xcc, 0xcc, 0xcc,
  0xcc, 0xcc, 0xcc, 0xcc, 0xcc, 0xcc, 0xcc, 0xcc, 0xcc, 0xcc, 0xcc, 0xcc,
  0xcc, 0xcc, 0xcc, 0xcc, 0xcc, 0xcc, 0xcc, 0xcc, 0xcc, 0xcc, 0xcc, 0xcc,
  0xcc, 0xcc, 0xcc, 0xcc, 0xcc, 0xcc, 0xcc, 0xcc, 0xcc, 0xcc, 0xcc, 0xcc,
  0xcc, 0xcc, 0xcc, 0xcc, 0xcc, 0xcc, 0xcc, 0xcc, 0xcc, 0xcc, 0xcc, 0xcc,
  0xcc, 0xcc, 0xcc, 0xcc, 0xcc, 0xcc, 0xcc, 0xcc, 0xcc, 0xcc, 0xcc, 0xcc,
  0xcc, 0xcc, 0xcc, 0xcc, 0xcc, 0xcc, 0xcc, 0xcc, 0xcc, 0xcc, 0xcc, 0xcc,
  0xcc, 0xcc, 0xcc, 0xcc, 0xcc, 0xcc, 0xcc, 0xcc, 0xcc, 0xcc, 0xcc, 0xcc,
  0xcc, 0xcc, 0xcc, 0xcc, 0xcc, 0xcc, 0xcc, 0xcc, 0xcc, 0xcc, 0xcc, 0xcc,
  0xcc, 0xcc, 0xcc, 0xcc, 0xcc, 0xcc, 0xcc, 0xcc, 0xcc, 0xcc, 0xcc, 0xcc,
  0xcc, 0xcc, 0xcc, 0xcc, 0xcc, 0xcc, 0xcc, 0xcc, 0xcc, 0xcc, 0xcc, 0xcc,
  0xcc, 0xcc, 0xcc, 0xcc, 0xcc, 0xcc, 0xcc, 0xcc, 0xcc, 0xcc, 0xcc, 0xcc,
  0xcc, 0xcc, 0xcc, 0xcc, 0xcc, 0xcc, 0xcc, 0xcc, 0xcc, 0xcc, 0xcc, 0xcc,
  0xcc, 0xcc, 0xcc, 0xcc, 0xcc, 0xcc, 0xcc, 0xcc, 0xcc, 0xcc, 0xcc, 0xcc,
  0xcc, 0xcc, 0xcc, 0xcc, 0xcc, 0xcc, 0xcc, 0xcc, 0xcc, 0xcc, 0xcc, 0xcc,
  0xcc, 0xcc, 0xcc, 0xcc, 0xcc, 0xcc, 0xcc, 0xcc, 0xcc, 0xcc, 0xcc, 0xcc,
  0xcc, 0xcc, 0xcc, 0xcc, 0xcc, 0xcc, 0xcc, 0xcc, 0xcc, 0xcc, 0xcc, 0xcc,
  0xcc, 0xcc, 0xcc, 0xcc, 0xcc, 0xcc, 0xcc, 0xcc, 0xcc, 0xcc, 0xcc, 0xcc,
  0xcc, 0xcc, 0xcc, 0xcc, 0xcc, 0xcc, 0xcc, 0xcc, 0xcc, 0xcc, 0xcc, 0xcc,
  0xcc, 0xcc, 0xcc, 0xcc, 0xcc, 0xcc, 0xcc, 0xcc, 0xcc, 0xcc, 0xcc, 0xcc,
  0xcc, 0xcc, 0xcc, 0xcc, 0xcc, 0xcc, 0xcc, 0xcc, 0xcc, 0xcc, 0xcc, 0xcc,
  0xcc, 0xcc, 0xcc, 0xcc, 0xcc, 0xcc, 0xcc, 0xcc, 0xcc, 0xcc, 0xcc, 0xcc,
  0xcc, 0xcc, 0xcc, 0xcc, 0xcc, 0xcc, 0xcc, 0xcc, 0xcc, 0xcc, 0xcc, 0xcc,
  0xcc, 0xcc, 0xcc, 0xcc, 0xcc, 0xcc, 0xcc, 0xcc, 0xcc, 0xcc, 0xcc, 0xcc,
  0xcc, 0xcc, 0xcc, 0xcc, 0xcc, 0xcc, 0xcc, 0xcc, 0xcc, 0xcc, 0xcc, 0xcc,
  0xcc, 0xcc, 0xcc, 0xcc, 0xcc, 0xcc, 0xcc, 0xcc, 0xcc, 0xcc, 0xcc, 0xcc,
  0xcc, 0xcc, 0xcc, 0xcc, 0xcc, 0xcc, 0xcc, 0xcc, 0xcc, 0xcc, 0xcc, 0xcc,
  0xcc, 0xcc, 0xcc, 0xcc, 0xcc, 0xcc, 0xcc, 0xcc, 0xcc, 0xcc, 0xcc, 0xcc,
  0xcc, 0xcc, 0xcc, 0xcc, 0xcc, 0xcc, 0xcc, 0xcc, 0xcc, 0xcc, 0xcc, 0xcc,
  0xcc, 0xcc, 0xcc, 0xcc, 0xcc, 0xcc, 0xcc, 0xcc, 0xcc, 0xcc, 0xcc, 0xcc,
  0xcc, 0xcc, 0xcc, 0xcc, 0xcc, 0xcc, 0xcc, 0xcc, 0xcc, 0xcc, 0xcc, 0xcc,
  0xcc, 0xcc, 0xcc, 0xcc, 0xcc, 0xcc, 0xcc, 0xcc, 0xcc, 0xcc, 0xcc, 0xcc,
  0xcc, 0xcc, 0xcc, 0xcc, 0xcc, 0xcc, 0xcc, 0xcc, 0xcc, 0xcc, 0xcc, 0xcc,
  0xcc, 0xcc, 0xcc, 0xcc, 0xcc, 0xcc, 0xcc, 0xcc, 0xcc, 0xcc, 0xcc, 0xcc,
  0xcc, 0xcc, 0xcc, 0xcc, 0xcc, 0xcc, 0xcc, 0xcc, 0xcc, 0xcc, 0xcc, 0xcc,
  0xcc, 0xcc, 0xcc, 0xcc, 0xcc, 0xcc, 0xcc, 0xcc, 0xcc, 0xcc, 0xcc, 0xcc,
  0xcc, 0xcc, 0xcc, 0xcc, 0xcc, 0xcc, 0xcc, 0xcc, 0xcc, 0xcc, 0xcc, 0xcc,
  0xcc, 0xcc, 0xcc, 0xcc, 0xcc, 0xcc, 0xcc, 0xcc, 0xcc, 0xcc, 0xcc, 0xcc,
  0xcc, 0xcc, 0xcc, 0xcc, 0xcc, 0xcc, 0xcc, 0xcc, 0xcc, 0xcc, 0xcc, 0xcc,
  0xcc, 0xcc, 0xcc, 0xcc, 0xcc, 0xcc, 0xcc, 0xcc, 0xcc, 0xcc, 0xcc, 0xcc,
  0xcc, 0xcc, 0xcc, 0xcc, 0xcc, 0xcc, 0xcc, 0xcc, 0xcc, 0xcc, 0xcc, 0xcc,
  0xcc, 0xcc, 0xcc, 0xcc, 0xcc, 0xcc, 0xcc, 0xcc, 0xcc, 0xcc, 0xcc, 0xcc,
  0xcc, 0xcc, 0xcc, 0xcc, 0xcc, 0xcc, 0xcc, 0xcc, 0xcc, 0xcc, 0xcc, 0xcc,
  0xcc, 0xcc, 0xcc, 0xcc, 0xcc, 0xcc, 0xcc, 0xcc, 0xcc, 0xcc, 0xcc, 0xcc,
  0xcc, 0xcc, 0xcc, 0xcc, 0xcc, 0xcc, 0xcc, 0xcc, 0xcc, 0xcc, 0xcc, 0xcc,
  0xcc, 0xcc, 0xcc, 0xcc, 0xcc, 0xcc, 0xcc, 0xcc, 0xcc, 0xcc, 0xcc, 0xcc,
  0xcc, 0xcc, 0xcc, 0xcc, 0xcc, 0xcc, 0xcc, 0xcc, 0xcc, 0xcc, 0xcc, 0xcc,
  0xcc, 0xcc, 0xcc, 0xcc, 0xcc, 0xcc, 0xcc, 0xcc, 0xcc, 0xcc, 0xcc, 0xcc,
  0xcc, 0xcc, 0xcc, 0xcc, 0xcc, 0xcc, 0xcc, 0xcc, 0xcc, 0xcc, 0xcc, 0xcc,
  0xcc, 0xcc, 0xcc, 0xcc, 0xcc, 0xcc, 0xcc, 0xcc, 0xcc, 0xcc, 0xcc, 0xcc,
  0xcc, 0xcc, 0xcc, 0xcc, 0xcc, 0xcc, 0xcc, 0xcc, 0xcc, 0xcc, 0xcc, 0xcc,
  0xcc, 0xcc, 0xcc, 0xcc, 0xcc, 0xcc, 0xcc, 0xcc, 0xcc, 0xcc, 0xcc, 0xcc,
  0xcc, 0xcc, 0xcc, 0xcc, 0xcc, 0xcc, 0xcc, 0xcc, 0xcc, 0xcc, 0xcc, 0xcc,
  0xcc, 0xcc, 0xcc, 0xcc, 0xcc, 0xcc, 0xcc, 0xcc, 0xcc, 0xcc, 0xcc, 0xcc,
  0xcc, 0xcc, 0xcc, 0xcc, 0xcc, 0xcc, 0xcc, 0xcc, 0xcc, 0xcc, 0xcc, 0xcc,
  0xcc, 0xcc, 0xcc, 0xcc, 0xcc, 0xcc, 0xcc, 0xcc, 0xcc, 0xcc, 0xcc, 0xcc,
  0xcc, 0xcc, 0xcc, 0xcc, 0xcc, 0xcc, 0xcc, 0xcc, 0xcc, 0xcc, 0xcc, 0xcc,
  0xcc, 0xcc, 0xcc, 0xcc, 0xcc, 0xcc, 0xcc, 0xcc, 0xcc, 0xcc, 0xcc, 0xcc,
  0xcc, 0xcc, 0xcc, 0xcc, 0xcc, 0xcc, 0xcc, 0xcc, 0xcc, 0xcc, 0xcc, 0xcc,
  0xcc, 0xcc, 0xcc, 0xcc, 0xcc, 0xcc, 0xcc, 0xcc, 0xcc, 0xcc, 0xcc, 0xcc,
  0xcc, 0xcc, 0xcc, 0xcc, 0xcc, 0xcc, 0xcc, 0xcc, 0xcc, 0xcc, 0xcc, 0xcc,
  0xcc, 0xcc, 0xcc, 0xcc, 0xcc, 0xcc, 0xcc, 0xcc, 0xcc, 0xcc, 0xcc, 0xcc,
  0xcc, 0xcc, 0xcc, 0xcc, 0xcc, 0xcc, 0xcc, 0xcc, 0xcc, 0xcc, 0xcc, 0xcc,
  0xcc, 0xcc, 0xcc, 0xcc, 0xcc, 0xcc, 0xcc, 0xcc, 0xcc, 0xcc, 0xcc, 0xcc,
  0xcc, 0xcc, 0xcc, 0xcc, 0xcc, 0xcc, 0xcc, 0xcc, 0xcc, 0xcc, 0xcc, 0xcc,
  0xcc, 0xcc, 0xcc, 0xcc, 0xcc, 0xcc, 0xcc, 0xcc, 0xcc, 0xcc, 0xcc, 0xcc,
  0xcc, 0xcc, 0xcc, 0xcc, 0xcc, 0xcc, 0xcc, 0xcc, 0xcc, 0xcc, 0xcc, 0xcc,
  0xcc, 0xcc, 0xcc, 0xcc, 0xcc, 0xcc, 0xcc, 0xcc, 0xcc, 0xcc, 0xcc, 0xcc,
  0xcc, 0xcc, 0xcc, 0xcc, 0xcc, 0xcc, 0xcc, 0xcc, 0xcc, 0xcc, 0xcc, 0xcc,
  0xcc, 0xcc, 0xcc, 0xcc, 0xcc, 0xcc, 0xcc, 0xcc, 0xcc, 0xcc, 0xcc, 0xcc,
  0xcc, 0xcc, 0xcc, 0xcc, 0xcc, 0xcc, 0xcc, 0xcc, 0xcc, 0xcc, 0xcc, 0xcc,
  0xcc, 0xcc, 0xcc, 0xcc, 0xcc, 0xcc, 0xcc, 0xcc, 0xcc, 0xcc, 0xcc, 0xcc,
  0xcc, 0xcc, 0xcc, 0xcc, 0xcc, 0xcc, 0xcc, 0xcc, 0xcc, 0xcc, 0xcc, 0xcc,
  0xcc, 0xcc, 0xcc, 0xcc, 0xcc, 0xcc, 0xcc, 0xcc, 0xcc, 0xcc, 0xcc, 0xcc,
  0xcc, 0xcc, 0xcc, 0xcc, 0xcc, 0xcc, 0xcc, 0xcc, 0xcc, 0xcc, 0xcc, 0xcc,
  0xcc, 0xcc, 0xcc, 0xcc, 0xcc, 0xcc, 0xcc, 0xcc, 0xcc, 0xcc, 0xcc, 0xcc,
  0xcc, 0xcc, 0xcc, 0xcc, 0xcc, 0xcc, 0xcc, 0xcc, 0xcc, 0xcc, 0xcc, 0xcc,
  0xcc, 0xcc, 0xcc, 0xcc, 0xcc, 0xcc, 0xcc, 0xcc, 0xcc, 0xcc, 0xcc, 0xcc,
  0xcc, 0xcc, 0xcc, 0xcc, 0xcc, 0xcc, 0xcc, 0xcc, 0xcc, 0xcc, 0xcc, 0xcc,
  0xcc, 0xcc, 0xcc, 0xcc, 0xcc, 0xcc, 0xcc, 0xcc, 0xcc, 0xcc, 0xcc, 0xcc,
  0xcc, 0xcc, 0xcc, 0xcc, 0xcc, 0xcc, 0xcc, 0xcc, 0xcc, 0xcc, 0xcc, 0xcc,
  0xcc, 0xcc, 0xcc, 0xcc, 0xcc, 0xcc, 0xcc, 0xcc, 0xcc, 0xcc, 0xcc, 0xcc,
  0xcc, 0xcc, 0xcc, 0xcc, 0xcc, 0xcc, 0xcc, 0xcc, 0xcc, 0xcc, 0xcc, 0xcc,
  0xcc, 0xcc, 0xcc, 0xcc, 0xcc, 0xcc, 0xcc, 0xcc, 0xcc, 0xcc, 0xcc, 0xcc,
  0xcc, 0xcc, 0xcc, 0xcc, 0xcc, 0xcc, 0xcc, 0xcc, 0xcc, 0xcc, 0xcc, 0xcc,
  0xcc, 0xcc, 0xcc, 0xcc, 0xcc, 0xcc, 0xcc, 0xcc, 0xcc, 0xcc, 0xcc, 0xcc,
  0xcc, 0xcc, 0xcc, 0xcc, 0xcc, 0xcc, 0xcc, 0xcc, 0xcc, 0xcc, 0xcc, 0xcc,
  0xcc, 0xcc, 0xcc, 0xcc, 0xcc, 0xcc, 0xcc, 0xcc, 0xcc, 0xcc, 0xcc, 0xcc,
  0xcc, 0xcc, 0xcc, 0xcc, 0xcc, 0xcc, 0xcc, 0xcc, 0xcc, 0xcc, 0xcc, 0xcc,
  0xcc, 0xcc, 0xcc, 0xcc, 0xcc, 0xcc, 0xcc, 0xcc, 0xcc, 0xcc, 0xcc, 0xcc,
  0xcc, 0xcc, 0xcc, 0xcc, 0xcc, 0xcc, 0xcc, 0xcc, 0xcc, 0xcc, 0xcc, 0xcc,
  0xcc, 0xcc, 0xcc, 0xcc, 0xcc, 0xcc, 0xcc, 0xcc, 0xcc, 0xcc, 0xcc, 0xcc,
  0xcc, 0xcc, 0xcc, 0xcc, 0xcc, 0xcc, 0xcc, 0xcc, 0xcc, 0xcc, 0xcc, 0xcc,
  0xcc, 0xcc, 0xcc, 0xcc, 0xcc, 0xcc, 0xcc, 0xcc, 0xcc, 0xcc, 0xcc, 0xcc,
  0xcc, 0xcc, 0xcc, 0xcc, 0xcc, 0xcc, 0xcc, 0xcc, 0xcc, 0xcc, 0xcc, 0xcc,
  0xcc, 0xcc, 0xcc, 0xcc, 0xcc, 0xcc, 0xcc, 0xcc, 0xcc, 0xcc, 0xcc, 0xcc,
  0xcc, 0xcc, 0xcc, 0xcc, 0xcc, 0xcc, 0xcc, 0xcc, 0xcc, 0xcc, 0xcc, 0xcc,
  0xcc, 0xcc, 0xcc, 0xcc, 0xcc, 0xcc, 0xcc, 0xcc, 0xcc, 0xcc, 0xcc, 0xcc,
  0xcc, 0xcc, 0xcc, 0xcc, 0xcc, 0xcc, 0xcc, 0xcc, 0xcc, 0xcc, 0xcc, 0xcc,
  0xcc, 0xcc, 0xcc, 0xcc, 0xcc, 0xcc, 0xcc, 0xcc, 0xcc, 0xcc, 0xcc, 0xcc,
  0xcc, 0xcc, 0xcc, 0xcc, 0xcc, 0xcc, 0xcc, 0xcc, 0xcc, 0xcc, 0xcc, 0xcc,
  0xcc, 0xcc, 0xcc, 0xcc, 0xcc, 0xcc, 0xcc, 0xcc, 0xcc, 0xcc, 0xcc, 0xcc,
  0xcc, 0xcc, 0xcc, 0xcc, 0xcc, 0xcc, 0xcc, 0xcc, 0xcc, 0xcc, 0xcc, 0xcc,
  0xcc, 0xcc, 0xcc, 0xcc, 0xcc, 0xcc, 0xcc, 0xcc, 0xcc, 0xcc, 0xcc, 0xcc,
  0xcc, 0xcc, 0xcc, 0xcc, 0xcc, 0xcc, 0xcc, 0xcc, 0xcc, 0xcc, 0xcc, 0xcc,
  0xcc, 0xcc, 0xcc, 0xcc, 0xcc, 0xcc, 0xcc, 0xcc, 0xcc, 0xcc, 0xcc, 0xcc,
  0xcc, 0xcc, 0xcc, 0xcc, 0xcc, 0xcc, 0xcc, 0xcc, 0xcc, 0xcc, 0xcc, 0xcc,
  0xcc, 0xcc, 0xcc, 0xcc, 0xcc, 0xcc, 0xcc, 0xcc, 0xcc, 0xcc, 0xcc, 0xcc,
  0xcc, 0xcc, 0xcc, 0xcc, 0xcc, 0xcc, 0xcc, 0xcc, 0xcc, 0xcc, 0xcc, 0xcc,
  0xcc, 0xcc, 0xcc, 0xcc, 0xcc, 0xcc, 0xcc, 0xcc, 0xcc, 0xcc, 0xcc, 0xcc,
  0xcc, 0xcc, 0xcc, 0xcc, 0xcc, 0xcc, 0xcc, 0xcc, 0xcc, 0xcc, 0xcc, 0xcc,
  0xcc, 0xcc, 0xcc, 0xcc, 0xcc, 0xcc, 0xcc, 0xcc, 0xcc, 0xcc, 0xcc, 0xcc,
  0xcc, 0xcc, 0xcc, 0xcc, 0xcc, 0xcc, 0xcc, 0xcc, 0xcc, 0xcc, 0xcc, 0xcc,
  0xcc, 0xcc, 0xcc, 0xcc, 0xcc, 0xcc, 0xcc, 0xcc, 0xcc, 0xcc, 0xcc, 0xcc,
  0xcc, 0xcc, 0xcc, 0xcc, 0xcc, 0xcc, 0xcc, 0xcc, 0xcc, 0xcc, 0xcc, 0xcc,
  0xcc, 0xcc, 0xcc, 0xcc, 0xcc, 0xcc, 0xcc, 0xcc, 0xcc, 0xcc, 0xcc, 0xcc,
  0xcc, 0xcc, 0xcc, 0xcc, 0xcc, 0xcc, 0xcc, 0xcc, 0xcc, 0xcc, 0xcc, 0xcc,
  0xcc, 0xcc, 0xcc, 0xcc, 0xcc, 0xcc, 0xcc, 0xcc, 0xcc, 0xcc, 0xcc, 0xcc,
  0xcc, 0xcc, 0xcc, 0xcc, 0xcc, 0xcc, 0xcc, 0xcc, 0xcc, 0xcc, 0xcc, 0xcc,
  0xcc, 0xcc, 0xcc, 0xcc, 0xcc, 0xcc, 0xcc, 0xcc, 0xcc, 0xcc, 0xcc, 0xcc,
  0xcc, 0xcc, 0xcc, 0xcc, 0xcc, 0xcc, 0xcc, 0xcc, 0xcc, 0xcc, 0xcc, 0xcc,
  0xcc, 0xcc, 0xcc, 0xcc, 0xcc, 0xcc, 0xcc, 0xcc, 0xcc, 0xcc, 0xcc, 0xcc,
  0xcc, 0xcc, 0xcc, 0xcc, 0xcc, 0xcc, 0xcc, 0xcc, 0xcc, 0xcc, 0xcc, 0xcc,
  0xcc, 0xcc, 0xcc, 0xcc, 0xcc, 0xcc, 0xcc, 0xcc, 0xcc, 0xcc, 0xcc, 0xcc,
  0xcc, 0xcc, 0xcc, 0xcc, 0xcc, 0xcc, 0xcc, 0xcc, 0xcc, 0xcc, 0xcc, 0xcc,
  0xcc, 0xcc, 0xcc, 0xcc, 0xcc, 0xcc, 0xcc, 0xcc, 0xcc, 0xcc, 0xcc, 0xcc,
  0xcc, 0xcc, 0xcc, 0xcc, 0xcc, 0xcc, 0xcc, 0xcc, 0xcc, 0xcc, 0xcc, 0xcc,
  0xcc, 0xcc, 0xcc, 0xcc, 0xcc, 0xcc, 0xcc, 0xcc, 0xcc, 0xcc, 0xcc, 0xcc,
  0xcc, 0xcc, 0xcc, 0xcc, 0xcc, 0xcc, 0xcc, 0xcc, 0xcc, 0xcc, 0xcc, 0xcc,
  0xcc, 0xcc, 0xcc, 0xcc, 0xcc, 0xcc, 0xcc, 0xcc, 0xcc, 0xcc, 0xcc, 0xcc,
  0xcc, 0xcc, 0xcc, 0xcc, 0xcc, 0xcc, 0xcc, 0xcc, 0xcc, 0xcc, 0xcc, 0xcc,
  0xcc, 0xcc, 0xcc, 0xcc, 0xcc, 0xcc, 0xcc, 0xcc, 0xcc, 0xcc, 0xcc, 0xcc,
  0xcc, 0xcc, 0xcc, 0xcc, 0xcc, 0xcc, 0xcc, 0xcc, 0xcc, 0xcc, 0xcc, 0xcc,
  0xcc, 0xcc, 0xcc, 0xcc, 0xcc, 0xcc, 0xcc, 0xcc, 0xcc, 0xcc, 0xcc, 0xcc,
  0xcc, 0xcc, 0xcc, 0xcc, 0xcc, 0xcc, 0xcc, 0xcc, 0xcc, 0xcc, 0xcc, 0xcc,
  0xcc, 0xcc, 0xcc, 0xcc, 0xcc, 0xcc, 0xcc, 0xcc, 0xcc, 0xcc, 0xcc, 0xcc,
  0xcc, 0xcc, 0xcc, 0xcc, 0xcc, 0xcc, 0xcc, 0xcc, 0xcc, 0xcc, 0xcc, 0xcc,
  0xcc, 0xcc, 0xcc, 0xcc, 0xcc, 0xcc, 0xcc, 0xcc, 0xcc, 0xcc, 0xcc, 0xcc,
  0xcc, 0xcc, 0xcc, 0xcc, 0xcc, 0xcc, 0xcc, 0xcc, 0xcc, 0xcc, 0xcc, 0xcc,
  0xcc, 0xcc, 0xcc, 0xcc, 0xcc, 0xcc, 0xcc, 0xcc, 0xcc, 0xcc, 0xcc, 0xcc,
  0xcc, 0xcc, 0xcc, 0xcc, 0xcc, 0xcc, 0xcc, 0xcc, 0xcc, 0xcc, 0xcc, 0xcc,
  0xcc, 0xcc, 0xcc, 0xcc, 0xcc, 0xcc, 0xcc, 0xcc, 0xcc, 0xcc, 0xcc, 0xcc,
  0xcc, 0xcc, 0xcc, 0xcc, 0xcc, 0xcc, 0xcc, 0xcc, 0xcc, 0xcc, 0xcc, 0xcc,
  0xcc, 0xcc, 0xcc, 0xcc, 0xcc, 0xcc, 0xcc, 0xcc, 0xcc, 0xcc, 0xcc, 0xcc,
  0xcc, 0xcc, 0xcc, 0xcc, 0xcc, 0xcc, 0xcc, 0xcc, 0xcc, 0xcc, 0xcc, 0xcc,
  0xcc, 0xcc, 0xcc, 0xcc, 0xcc, 0xcc, 0xcc, 0xcc, 0xcc, 0xcc, 0xcc, 0xcc,
  0xcc, 0xcc, 0xcc, 0xcc, 0xcc, 0xcc, 0xcc, 0xcc, 0xcc, 0xcc, 0xcc, 0xcc,
  0xcc, 0xcc, 0xcc, 0xcc, 0xcc, 0xcc, 0xcc, 0xcc, 0xcc, 0xcc, 0xcc, 0xcc,
  0xcc, 0xcc, 0xcc, 0xcc, 0xcc, 0xcc, 0xcc, 0xcc, 0xcc, 0xcc, 0xcc, 0xcc,
  0xcc, 0xcc, 0xcc, 0xcc, 0xcc, 0xcc, 0xcc, 0xcc, 0xcc, 0xcc, 0xcc, 0xcc,
  0xcc, 0xcc, 0xcc, 0xcc, 0xcc, 0xcc, 0xcc, 0xcc, 0xcc, 0xcc, 0xcc, 0xcc,
  0xcc, 0xcc, 0xcc, 0xcc, 0xcc, 0xcc, 0xcc, 0xcc, 0xcc, 0xcc, 0xcc, 0xcc,
  0xcc, 0xcc, 0xcc, 0xcc, 0xcc, 0xcc, 0xcc, 0xcc, 0xcc, 0xcc, 0xcc, 0xcc,
  0xcc, 0xcc, 0xcc, 0xcc, 0xcc, 0xcc, 0xcc, 0xcc, 0xcc, 0xcc, 0xcc, 0xcc,
  0xcc, 0xcc, 0xcc, 0xcc, 0xcc, 0xcc, 0xcc, 0xcc, 0xcc, 0xcc, 0xcc, 0xcc,
  0xcc, 0xcc, 0xcc, 0xcc, 0xcc, 0xcc, 0xcc, 0xcc, 0xcc, 0xcc, 0xcc, 0xcc,
  0xcc, 0xcc, 0xcc, 0xcc, 0xcc, 0xcc, 0xcc, 0xcc, 0xcc, 0xcc, 0xcc, 0xcc,
  0xcc, 0xcc, 0xcc, 0xcc, 0xcc, 0xcc, 0xcc, 0xcc, 0xcc, 0xcc, 0xcc, 0xcc,
  0xcc, 0xcc, 0xcc, 0xcc, 0xcc, 0xcc, 0xcc, 0xcc, 0xcc, 0xcc, 0xcc, 0xcc,
  0xcc, 0xcc, 0xcc, 0xcc, 0xcc, 0xcc, 0xcc, 0xcc, 0xcc, 0xcc, 0xcc, 0xcc,
  0xcc, 0xcc, 0xcc, 0xcc, 0xcc, 0xcc, 0xcc, 0xcc, 0xcc, 0xcc, 0xcc, 0xcc,
  0xcc, 0xcc, 0xcc, 0xcc, 0xcc, 0xcc, 0xcc, 0xcc, 0xcc, 0xcc, 0xcc, 0xcc,
  0xcc, 0xcc, 0xcc, 0xcc, 0xcc, 0xcc, 0xcc, 0xcc, 0xcc, 0xcc, 0xcc, 0xcc,
  0xcc, 0xcc, 0xcc, 0xcc, 0xcc, 0xcc, 0xcc, 0xcc, 0xcc, 0xcc, 0xcc, 0xcc,
  0xcc, 0xcc, 0xcc, 0xcc, 0xcc, 0xcc, 0xcc, 0xcc, 0xcc, 0xcc, 0xcc, 0xcc,
  0xcc, 0xcc, 0xcc, 0xcc, 0xcc, 0xcc, 0xcc, 0xcc, 0xcc, 0xcc, 0xcc, 0xcc,
  0xcc, 0xcc, 0xcc, 0xcc, 0xcc, 0xcc, 0xcc, 0xcc, 0xcc, 0xcc, 0xcc, 0xcc,
  0xcc, 0xcc, 0xcc, 0xcc, 0xcc, 0xcc, 0xcc, 0xcc, 0xcc, 0xcc, 0xcc, 0xcc,
  0xcc, 0xcc, 0xcc, 0xcc, 0xcc, 0xcc, 0xcc, 0xcc, 0xcc, 0xcc, 0xcc, 0xcc,
  0xcc, 0xcc, 0xcc, 0xcc, 0xcc, 0xcc, 0xcc, 0xcc, 0xcc, 0xcc, 0xcc, 0xcc,
  0xcc, 0xcc, 0xcc, 0xcc, 0xcc, 0xcc, 0xcc, 0xcc, 0xcc, 0xcc, 0xcc, 0xcc,
  0xcc, 0xcc, 0xcc, 0xcc, 0xcc, 0xcc, 0xcc, 0xcc, 0xcc, 0xcc, 0xcc, 0xcc,
  0xcc, 0xcc, 0xcc, 0xcc, 0xcc, 0xcc, 0xcc, 0xcc, 0xcc, 0xcc, 0xcc, 0xcc,
  0xcc, 0xcc, 0xcc, 0xcc, 0xcc, 0xcc, 0xcc, 0xcc, 0xcc, 0xcc, 0xcc, 0xcc,
  0xcc, 0xcc, 0xcc, 0xcc, 0xcc, 0xcc, 0xcc, 0xcc, 0xcc, 0xcc, 0xcc, 0xcc,
  0xcc, 0xcc, 0xcc, 0xcc, 0xcc, 0xcc, 0xcc, 0xcc, 0xcc, 0xcc, 0xcc, 0xcc,
  0xcc, 0xcc, 0xcc, 0xcc, 0xcc, 0xcc, 0xcc, 0xcc, 0xcc, 0xcc, 0xcc, 0xcc,
  0xcc, 0xcc, 0xcc, 0xcc, 0xcc, 0xcc, 0xcc, 0xcc, 0xcc, 0xcc, 0xcc, 0xcc,
  0xcc, 0xcc, 0xcc, 0xcc, 0xcc, 0xcc, 0xcc, 0xcc, 0xcc, 0xcc, 0xcc, 0xcc,
  0xcc, 0xcc, 0xcc, 0xcc, 0xcc, 0xcc, 0xcc, 0xcc, 0xcc, 0xcc, 0xcc, 0xcc,
  0xcc, 0xcc, 0xcc, 0xcc, 0xcc, 0xcc, 0xcc, 0xcc, 0xcc, 0xcc, 0xcc, 0xcc,
  0xcc, 0xcc, 0xcc, 0xcc, 0xcc, 0xcc, 0xcc, 0xcc, 0xcc, 0xcc, 0xcc, 0xcc,
  0xcc, 0xcc, 0xcc, 0xcc, 0xcc, 0xcc, 0xcc, 0xcc, 0xcc, 0xcc, 0xcc, 0xcc,
  0xcc, 0xcc, 0xcc, 0xcc, 0xcc, 0xcc, 0xcc, 0xcc, 0xcc, 0xcc, 0xcc, 0xcc,
  0xcc, 0xcc, 0xcc, 0xcc, 0xcc, 0xcc, 0xcc, 0xcc, 0xcc, 0xcc, 0xcc, 0xcc,
  0xcc, 0xcc, 0xcc, 0xcc, 0xcc, 0xcc, 0xcc, 0xcc, 0xcc, 0xcc, 0xcc, 0xcc,
  0xcc, 0xcc, 0xcc, 0xcc, 0xcc, 0xcc, 0xcc, 0xcc, 0xcc, 0xcc, 0xcc, 0xcc,
  0xcc, 0xcc, 0xcc, 0xcc, 0xcc, 0xcc, 0xcc, 0xcc, 0xcc, 0xcc, 0xcc, 0xcc,
  0xcc, 0xcc, 0xcc, 0xcc, 0xcc, 0xcc, 0xcc, 0xcc, 0xcc, 0xcc, 0xcc, 0xcc,
  0xcc, 0xcc, 0xcc, 0xcc, 0xcc, 0xcc, 0xcc, 0xcc, 0xcc, 0xcc, 0xcc, 0xcc,
  0xcc, 0xcc, 0xcc, 0xcc, 0xcc, 0xcc, 0xcc, 0xcc, 0xcc, 0xcc, 0xcc, 0xcc,
  0xcc, 0xcc, 0xcc, 0xcc, 0xcc, 0xcc, 0xcc, 0xcc, 0xcc, 0xcc, 0xcc, 0xcc,
  0xcc, 0xcc, 0xcc, 0xcc, 0xcc, 0xcc, 0xcc, 0xcc, 0xcc, 0xcc, 0xcc, 0xcc,
  0xcc, 0xcc, 0xcc, 0xcc, 0xcc, 0xcc, 0xcc, 0xcc, 0xcc, 0xcc, 0xcc, 0xcc,
  0xcc, 0xcc, 0xcc, 0xcc, 0xcc, 0xcc, 0xcc, 0xcc, 0xcc, 0xcc, 0xcc, 0xcc,
  0xcc, 0xcc, 0xcc, 0xcc, 0xcc, 0xcc, 0xcc, 0xcc, 0xcc, 0xcc, 0xcc, 0xcc,
  0xcc, 0xcc, 0xcc, 0xcc, 0xcc, 0xcc, 0xcc, 0xcc, 0xcc, 0xcc, 0xcc, 0xcc,
  0xcc, 0xcc, 0xcc, 0xcc, 0xcc, 0xcc, 0xcc, 0xcc, 0xcc, 0xcc, 0xcc, 0xcc,
  0xcc, 0xcc, 0xcc, 0xcc, 0xcc, 0xcc, 0xcc, 0xcc, 0xcc, 0xcc, 0xcc, 0xcc,
  0xcc, 0xcc, 0xcc, 0xcc, 0xcc, 0xcc, 0xcc, 0xcc, 0xcc, 0xcc, 0xcc, 0xcc,
  0xcc, 0xcc, 0xcc, 0xcc, 0xcc, 0xcc, 0xcc, 0xcc, 0xcc, 0xcc, 0xcc, 0xcc,
  0xcc, 0xcc, 0xcc, 0xcc, 0xcc, 0xcc, 0xcc, 0xcc, 0xcc, 0xcc, 0xcc, 0xcc,
  0xcc, 0xcc, 0xcc, 0xcc, 0xcc, 0xcc, 0xcc, 0xcc, 0xcc, 0xcc, 0xcc, 0xcc,
  0xcc, 0xcc, 0xcc, 0xcc, 0xcc, 0xcc, 0xcc, 0xcc, 0xcc, 0xcc, 0xcc, 0xcc,
  0xcc, 0xcc, 0xcc, 0xcc, 0xcc, 0xcc, 0xcc, 0xcc, 0xcc, 0xcc, 0xcc, 0xcc,
  0xcc, 0xcc, 0xcc, 0xcc, 0xcc, 0xcc, 0xcc, 0xcc, 0xcc, 0xcc, 0xcc, 0xcc,
  0xcc, 0xcc, 0xcc, 0xcc, 0xcc, 0xcc, 0xcc, 0xcc, 0xcc, 0xcc, 0xcc, 0xcc,
  0xcc, 0xcc, 0xcc, 0xcc, 0xcc, 0xcc, 0xcc, 0xcc, 0xcc, 0xcc, 0xcc, 0xcc,
  0xcc, 0xcc, 0xcc, 0xcc, 0xcc, 0xcc, 0xcc, 0xcc, 0xcc, 0xcc, 0xcc, 0xcc,
  0xcc, 0xcc, 0xcc, 0xcc, 0x55, 0x48, 0x89, 0xe5, 0x48, 0x83, 0xec, 0x20,
  0x48, 0x89, 0x7d, 0xf0, 0x48, 0x83, 0x3d, 0x9c, 0xa8, 0x01, 0x00, 0x00,
  0x0f, 0x85, 0x19, 0x00, 0x00, 0x00, 0x48, 0x8d, 0x3d, 0xe0, 0x72, 0x00,
  0x00, 0xe8, 0xba, 0x50, 0x00, 0x00, 0x48, 0xc7, 0x45, 0xf8, 0x00, 0x00,
  0x00, 0x00, 0xe9, 0x7d, 0x00, 0x00, 0x00, 0x48, 0x8b, 0x3d, 0x76, 0xa8,
  0x01, 0x00, 0x48, 0x8b, 0x75, 0xf0, 0xe8, 0x8d, 0x51, 0x00, 0x00, 0x48,
  0x89, 0x45, 0xe8, 0x48, 0x83, 0x7d, 0xe8, 0x00, 0x0f, 0x85, 0x1f, 0x00,
  0x00, 0x00, 0x48, 0x8b, 0x75, 0xf0, 0x48, 0x8d, 0x3d, 0xa9, 0x77, 0x00,
  0x00, 0xb0, 0x00, 0xe8, 0x7c, 0x4f, 0x00, 0x00, 0x48, 0xc7, 0x45, 0xf8,
  0x00, 0x00, 0x00, 0x00, 0xe9, 0x3f, 0x00, 0x00, 0x00, 0x48, 0x8b, 0x7d,
  0xe8, 0xe8, 0x66, 0x51, 0x00, 0x00, 0x48, 0x89, 0x45, 0xe0, 0x48, 0x83,
  0x7d, 0xe0, 0x00, 0x0f, 0x85, 0x1f, 0x00, 0x00, 0x00, 0x48, 0x8b, 0x75,
  0xf0, 0x48, 0x8d, 0x3d, 0x9d, 0x6e, 0x00, 0x00, 0xb0, 0x00, 0xe8, 0x45,
  0x4f, 0x00, 0x00, 0x48, 0xc7, 0x45, 0xf8, 0x00, 0x00, 0x00, 0x00, 0xe9,
  0x08, 0x00, 0x00, 0x00, 0x48, 0x8b, 0x45, 0xe0, 0x48, 0x89, 0x45, 0xf8,
  0x48, 0x8b, 0x45, 0xf8, 0x48, 0x83, 0xc4, 0x20, 0x5d, 0xc3, 0x66, 0x0f,
  0x1f, 0x44, 0x00, 0x00, 0x55, 0x48, 0x89, 0xe5, 0x48, 0x83, 0xec, 0x20,
  0x48, 0x89, 0x7d, 0xf8, 0x48, 0x89, 0x75, 0xf0, 0x48, 0x89, 0x55, 0xe8,
  0x48, 0x8b, 0x7d, 0xf8, 0x48, 0x8b, 0x75, 0xf0, 0x48, 0x8b, 0x55, 0xe8,
  0xe8, 0x0b, 0x51, 0x00, 0x00, 0x48, 0x89, 0x45, 0xe0, 0x48, 0x83, 0x7d,
  0xe0, 0x00, 0x0f, 0x85, 0x16, 0x00, 0x00, 0x00, 0x48, 0x8b, 0x75, 0xe8,
  0x48, 0x8b, 0x55, 0xf0, 0x48, 0x8d, 0x3d, 0xf9, 0x6c, 0x00, 0x00, 0xb0,
  0x00, 0xe8, 0xd6, 0x4e, 0x00, 0x00, 0x48, 0x8b, 0x45, 0xe0, 0x48, 0x83,
  0xc4, 0x20, 0x5d, 0xc3, 0x66, 0x66, 0x66, 0x2e, 0x0f, 0x1f, 0x84, 0x00,
  0x00, 0x00, 0x00, 0x00, 0x55, 0x48, 0x89, 0xe5, 0x48, 0x83, 0xec, 0x30,
  0x48, 0x89, 0x7d, 0xf0, 0x48, 0x89, 0x75, 0xe8, 0x48, 0x83, 0x7d, 0xf0,
  0x00, 0x0f, 0x85, 0x19, 0x00, 0x00, 0x00, 0x48, 0x8d, 0x3d, 0x51, 0x6f,
  0x00, 0x00, 0xe8, 0x99, 0x4f, 0x00, 0x00, 0x48, 0xc7, 0x45, 0xf8, 0x00,
  0x00, 0x00, 0x00, 0xe9, 0xa9, 0x00, 0x00, 0x00, 0x48, 0x8b, 0x7d, 0xf0,
  0x48, 0x8b, 0x75, 0xe8, 0xe8, 0x9f, 0x50, 0x00, 0x00, 0x48, 0x89, 0x45,
  0xe0, 0x48, 0x83, 0x7d, 0xe0, 0x00, 0x0f, 0x85, 0x19, 0x00, 0x00, 0x00,
  0x48, 0x8d, 0x3d, 0x8b, 0x7b, 0x00, 0x00, 0xe8, 0x64, 0x4f, 0x00, 0x00,
  0x48, 0xc7, 0x45, 0xf8, 0x00, 0x00, 0x00, 0x00, 0xe9, 0x74, 0x00, 0x00,
  0x00, 0x48, 0x8b, 0x7d, 0xe0, 0xe8, 0x7e, 0x50, 0x00, 0x00, 0x48, 0x89,
  0x45, 0xd8, 0x48, 0x83, 0x7d, 0xd8, 0x00, 0x0f, 0x85, 0x19, 0x00, 0x00,
  0x00, 0x48, 0x8d, 0x3d, 0x2c, 0x6b, 0x00, 0x00, 0xe8, 0x33, 0x4f, 0x00,
  0x00, 0x48, 0xc7, 0x45, 0xf8, 0x00, 0x00, 0x00, 0x00, 0xe9, 0x43, 0x00,
  0x00, 0x00, 0x48, 0x8b, 0x7d, 0xd8, 0x31, 0xc0, 0x89, 0xc1, 0x48, 0x89,
  0xce, 0x48, 0x89, 0xca, 0xe8, 0x53, 0x50, 0x00, 0x00, 0x48, 0x89, 0x45,
  0xd0, 0x48, 0x83, 0x7d, 0xd0, 0x00, 0x0f, 0x85, 0x19, 0x00, 0x00, 0x00,
  0x48, 0x8d, 0x3d, 0x74, 0x6d, 0x00, 0x00, 0xe8, 0xf8, 0x4e, 0x00, 0x00,
  0x48, 0xc7, 0x45, 0xf8, 0x00, 0x00, 0x00, 0x00, 0xe9, 0x08, 0x00, 0x00,
  0x00, 0x48, 0x8b, 0x45, 0xd0, 0x48, 0x89, 0x45, 0xf8, 0x48, 0x8b, 0x45,
  0xf8, 0x48, 0x83, 0xc4, 0x30, 0x5d, 0xc3, 0x66, 0x0f, 0x1f, 0x84, 0x00,
  0x00, 0x00, 0x00, 0x00, 0x55, 0x48, 0x89, 0xe5, 0x48, 0x83, 0xec, 0x20,
  0x48, 0x89, 0x7d, 0xf8, 0x48, 0x89, 0x75, 0xf0, 0x48, 0x89, 0x55, 0xe8,
  0x48, 0x89, 0x4d, 0xe0, 0x48, 0x8b, 0x7d, 0xf8, 0x48, 0x8b, 0x75, 0xf0,
  0x48, 0x8b, 0x55, 0xe8, 0xe8, 0x87, 0xfe, 0xff, 0xff, 0x48, 0x89, 0xc7,
  0x48, 0x8b, 0x75, 0xe0, 0xe8, 0xdb, 0xfe, 0xff, 0xff, 0x48, 0x83, 0xc4,
  0x20, 0x5d, 0xc3, 0x0f, 0x1f, 0x44, 0x00, 0x00, 0x55, 0x48, 0x89, 0xe5,
  0x48, 0x83, 0xec, 0x40, 0x48, 0x89, 0x7d, 0xf0, 0x48, 0x89, 0x75, 0xe8,
  0x48, 0x89, 0x55, 0xe0, 0x48, 0x89, 0x4d, 0xd8, 0x44, 0x89, 0x45, 0xd4,
  0x48, 0x8b, 0x7d, 0xf0, 0x48, 0x8b, 0x75, 0xe8, 0x48, 0x8b, 0x55, 0xe0,
  0xe8, 0x43, 0xfe, 0xff, 0xff, 0x48, 0x89, 0x45, 0xc8, 0x48, 0x83, 0x7d,
  0xc8, 0x00, 0x0f, 0x85, 0x23, 0x00, 0x00, 0x00, 0x48, 0x8b, 0x75, 0xe0,
  0x48, 0x8b, 0x55, 0xe8, 0x48, 0x8d, 0x3d, 0x57, 0x68, 0x00, 0x00, 0xb0,
  0x00, 0xe8, 0x3e, 0x4d, 0x00, 0x00, 0x48, 0xc7, 0x45, 0xf8, 0x00, 0x00,
  0x00, 0x00, 0xe9, 0x56, 0x00, 0x00, 0x00, 0x48, 0x8b, 0x7d, 0xc8, 0x48,
  0x8b, 0x75, 0xd8, 0x8b, 0x55, 0xd4, 0xe8, 0x71, 0x4f, 0x00, 0x00, 0x48,
  0x89, 0x45, 0xc0, 0x48, 0x83, 0x7d, 0xc0, 0x00, 0x0f, 0x85, 0x23, 0x00,
  0x00, 0x00, 0x48, 0x8b, 0x75, 0xd8, 0x48, 0x8b, 0x55, 0xe0, 0x48, 0x8d,
  0x3d, 0x32, 0x73, 0x00, 0x00, 0xb0, 0x00, 0xe8, 0xfc, 0x4c, 0x00, 0x00,
  0x48, 0xc7, 0x45, 0xf8, 0x00, 0x00, 0x00, 0x00, 0xe9, 0x14, 0x00, 0x00,
  0x00, 0x48, 0x8b, 0x3d, 0xb8, 0xa5, 0x01, 0x00, 0x48, 0x8b, 0x75, 0xc0,
  0xe8, 0x3f, 0x4f, 0x00, 0x00, 0x48, 0x89, 0x45, 0xf8, 0x48, 0x8b, 0x45,
  0xf8, 0x48, 0x83, 0xc4, 0x40, 0x5d, 0xc3, 0x90, 0x55, 0x48, 0x89, 0xe5,
  0x48, 0x83, 0xec, 0x10, 0x48, 0x89, 0x7d, 0xf8, 0x48, 0x8b, 0x3d, 0x8d,
  0xa5, 0x01, 0x00, 0x48, 0x8b, 0x75, 0xf8, 0xe8, 0x24, 0x4f, 0x00, 0x00,
  0x48, 0x83, 0xc4, 0x10, 0x5d, 0xc3, 0x66, 0x66, 0x66, 0x66, 0x66, 0x2e,
  0x0f, 0x1f, 0x84, 0x00, 0x00, 0x00, 0x00, 0x00, 0x55, 0x48, 0x89, 0xe5,
  0x48, 0x83, 0xec, 0x20, 0x89, 0x7d, 0xf4, 0x48, 0x8b, 0x05, 0x5e, 0xa5,
  0x01, 0x00, 0x48, 0x89, 0x45, 0xe0, 0xe8, 0x05, 0x4f, 0x00, 0x00, 0x48,
  0x8b, 0x7d, 0xe0, 0x48, 0x89, 0xc6, 0x8b, 0x55, 0xf4, 0xe8, 0x06, 0x4f,
  0x00, 0x00, 0x48, 0x89, 0x45, 0xe8, 0x48, 0x83, 0x7d, 0xe8, 0x00, 0x0f,
  0x84, 0x1b, 0x00, 0x00, 0x00, 0x48, 0x8b, 0x7d, 0xe8, 0xbe, 0x01, 0x00,
  0x00, 0x00, 0x31, 0xc0, 0x89, 0xc2, 0xe8, 0xf5, 0x4e, 0x00, 0x00, 0x48,
  0x89, 0x45, 0xf8, 0xe9, 0x08, 0x00, 0x00, 0x00, 0x48, 0xc7, 0x45, 0xf8,
  0x00, 0x00, 0x00, 0x00, 0x48, 0x8b, 0x45, 0xf8, 0x48, 0x83, 0xc4, 0x20,
  0x5d, 0xc3, 0x66, 0x2e, 0x0f, 0x1f, 0x84, 0x00, 0x00, 0x00, 0x00, 0x00,
  0x55, 0x48, 0x89, 0xe5, 0x48, 0x81, 0xec, 0x80, 0x00, 0x00, 0x00, 0x48,
  0x89, 0x7d, 0xf0, 0x48, 0x89, 0x75, 0xe8, 0x89, 0x55, 0xe4, 0x48, 0x8b,
  0x05, 0xe3, 0xa4, 0x01, 0x00, 0x48, 0x89, 0x45, 0x88, 0xe8, 0x8a, 0x4e,
  0x00, 0x00, 0x48, 0x8b, 0x7d, 0x88, 0x48, 0x89, 0xc6, 0x8b, 0x55, 0xe4,
  0xe8, 0x8b, 0x4e, 0x00, 0x00, 0x48, 0x89, 0x45, 0xd8, 0x48, 0x8b, 0x7d,
  0xd8, 0xbe, 0x01, 0x00, 0x00, 0x00, 0x31, 0xc0, 0x89, 0xc2, 0xe8, 0x85,
  0x4e, 0x00, 0x00, 0x48, 0x89, 0x45, 0xd0, 0x48, 0x8b, 0x7d, 0xd0, 0x48,
  0x8b, 0x75, 0xe8, 0x8b, 0x45, 0xe4, 0x89, 0xc2, 0xe8, 0x7f, 0x4e, 0x00,
  0x00, 0x48, 0x8b, 0x7d, 0xf0, 0x48, 0x8d, 0x35, 0xae, 0x76, 0x00, 0x00,
  0x48, 0x8d, 0x15, 0x14, 0x6a, 0x00, 0x00, 0xe8, 0x98, 0xfc, 0xff, 0xff,
  0x48, 0x89, 0x45, 0xc8, 0x48, 0x8b, 0x3d, 0x7d, 0xa4, 0x01, 0x00, 0x48,
  0x8b, 0x75, 0xc8, 0xe8, 0x64, 0x4e, 0x00, 0x00, 0x48, 0x89, 0x45, 0xc0,
  0x48, 0x8b, 0x7d, 0xc8, 0x48, 0x8d, 0x35, 0xce, 0x7a, 0x00, 0x00, 0xba,
  0x02, 0x00, 0x00, 0x00, 0xe8, 0xdb, 0x4d, 0x00, 0x00, 0x48, 0x89, 0x45,
  0xb8, 0x48, 0x8b, 0x45, 0xd8, 0x48, 0x89, 0x45, 0xa0, 0xc7, 0x45, 0x9c,
  0x01, 0x00, 0x00, 0x00, 0x48, 0x8d, 0x45, 0x9c, 0x48, 0x89, 0x45, 0xa8,
  0x48, 0xc7, 0x45, 0x90, 0x00, 0x00, 0x00, 0x00, 0x48, 0x8b, 0x7d, 0xb8,
  0x48, 0x8b, 0x75, 0xc0, 0x48, 0x8d, 0x55, 0xa0, 0x48, 0x8d, 0x4d, 0x90,
  0xe8, 0x93, 0x4d, 0x00, 0x00, 0x48, 0x83, 0x7d, 0x90, 0x00, 0x0f, 0x84,
  0x2f, 0x00, 0x00, 0x00, 0x48, 0x8b, 0x4d, 0xe8, 0x44, 0x8b, 0x45, 0xe4,
  0x48, 0x8d, 0x3d, 0xa2, 0x7e, 0x00, 0x00, 0x48, 0x8d, 0x35, 0x75, 0x78,
  0x00, 0x00, 0xba, 0x8f, 0x00, 0x00, 0x00, 0xb0, 0x00, 0xe8, 0x26, 0x4b,
  0x00, 0x00, 0x48, 0xc7, 0x45, 0xf8, 0x00, 0x00, 0x00, 0x00, 0xe9, 0x08,
  0x00, 0x00, 0x00, 0x48, 0x8b, 0x45, 0xc0, 0x48, 0x89, 0x45, 0xf8, 0x48,
  0x8b, 0x45, 0xf8, 0x48, 0x81, 0xc4, 0x80, 0x00, 0x00, 0x00, 0x5d, 0xc3,
  0x0f, 0x1f, 0x40, 0x00, 0x55, 0x48, 0x89, 0xe5, 0x48, 0x83, 0xec, 0x60,
  0x48, 0x89, 0x7d, 0xf0, 0x48, 0x89, 0x75, 0xe8, 0x48, 0x8b, 0x7d, 0xf0,
  0x48, 0x8d, 0x35, 0xcf, 0x75, 0x00, 0x00, 0x48, 0x8d, 0x15, 0x42, 0x69,
  0x00, 0x00, 0xe8, 0xe9, 0x4c, 0x00, 0x00, 0x48, 0x89, 0x45, 0xe0, 0x48,
  0x8b, 0x7d, 0xe0, 0x48, 0x8d, 0x35, 0x1a, 0x80, 0x00, 0x00, 0xba, 0x03,
  0x00, 0x00, 0x00, 0xe8, 0x10, 0x4d, 0x00, 0x00, 0x48, 0x89, 0x45, 0xd8,
  0x48, 0x83, 0x7d, 0xd8, 0x00, 0x0f, 0x85, 0x1b, 0x00, 0x00, 0x00, 0x48,
  0x8d, 0x3d, 0xa6, 0x73, 0x00, 0x00, 0xb0, 0x00, 0xe8, 0xa3, 0x4a, 0x00,
  0x00, 0x48, 0xc7, 0x45, 0xf8, 0x00, 0x00, 0x00, 0x00, 0xe9, 0xba, 0x00,
  0x00, 0x00, 0x48, 0x8b, 0x3d, 0x5f, 0xa3, 0x01, 0x00, 0x48, 0x8b, 0x75,
  0xe8, 0xe8, 0xf6, 0x4c, 0x00, 0x00, 0x48, 0x89, 0x45, 0xd0, 0x48, 0x83,
  0x7d, 0xd0, 0x00, 0x0f, 0x85, 0x22, 0x00, 0x00, 0x00, 0x48, 0x8d, 0x3d,
  0x0e, 0x7f, 0x00, 0x00, 0x48, 0x8d, 0x35, 0x0f, 0x7e, 0x00, 0x00, 0xb0,
  0x00, 0xe8, 0x62, 0x4a, 0x00, 0x00, 0x48, 0xc7, 0x45, 0xf8, 0x00, 0x00,
  0x00, 0x00, 0xe9, 0x79, 0x00, 0x00, 0x00, 0xc7, 0x45, 0xcc, 0x03, 0x00,
  0x00, 0x00, 0xc7, 0x45, 0xc8, 0x01, 0x00, 0x00, 0x00, 0x48, 0x8b, 0x45,
  0xd0, 0x48, 0x89, 0x45, 0xb0, 0x48, 0x8d, 0x45, 0xcc, 0x48, 0x89, 0x45,
  0xb8, 0x48, 0x8d, 0x45, 0xc8, 0x48, 0x89, 0x45, 0xc0, 0x48, 0xc7, 0x45,
  0xa8, 0x00, 0x00, 0x00, 0x00, 0x48, 0x8b, 0x7d, 0xd8, 0x48, 0x8d, 0x55,
  0xb0, 0x31, 0xc0, 0x89, 0xc6, 0x48, 0x8d, 0x4d, 0xa8, 0xe8, 0x52, 0x4c,
  0x00, 0x00, 0x48, 0x89, 0x45, 0xa0, 0x48, 0x83, 0x7d, 0xa8, 0x00, 0x0f,
  0x84, 0x1f, 0x00, 0x00, 0x00, 0x48, 0x8b, 0x75, 0xe8, 0x48, 0x8d, 0x3d,
  0x47, 0x72, 0x00, 0x00, 0xb0, 0x00, 0xe8, 0xf1, 0x49, 0x00, 0x00, 0x48,
  0xc7, 0x45, 0xf8, 0x00, 0x00, 0x00, 0x00, 0xe9, 0x08, 0x00, 0x00, 0x00,
  0x48, 0x8b, 0x45, 0xa0, 0x48, 0x89, 0x45, 0xf8, 0x48, 0x8b, 0x45, 0xf8,
  0x48, 0x83, 0xc4, 0x60, 0x5d, 0xc3, 0x66, 0x90, 0x55, 0x48, 0x89, 0xe5,
  0x48, 0x81, 0xec, 0x80, 0x00, 0x00, 0x00, 0x48, 0x89, 0x7d, 0xf0, 0x48,
  0x89, 0x75, 0xe8, 0x48, 0x89, 0x55, 0xe0, 0x48, 0x83, 0x7d, 0xf0, 0x00,
  0x0f, 0x84, 0x16, 0x00, 0x00, 0x00, 0x48, 0x83, 0x7d, 0xe8, 0x00, 0x0f,
  0x84, 0x0b, 0x00, 0x00, 0x00, 0x48, 0x83, 0x7d, 0xe0, 0x00, 0x0f, 0x85,
  0x27, 0x00, 0x00, 0x00, 0x48, 0x8d, 0x3d, 0xc1, 0x6c, 0x00, 0x00, 0x48,
  0x8d, 0x35, 0xcd, 0x76, 0x00, 0x00, 0xba, 0xc1, 0x00, 0x00, 0x00, 0xb0,
  0x00, 0xe8, 0x7e, 0x49, 0x00, 0x00, 0x48, 0xc7, 0x45, 0xf8, 0x00, 0x00,
  0x00, 0x00, 0xe9, 0x21, 0x02, 0x00, 0x00, 0x48, 0x8b, 0x7d, 0xe8, 0x48,
  0x8d, 0x35, 0xce, 0xa7, 0x00, 0x00, 0x48, 0x8d, 0x15, 0xd1, 0xa7, 0x00,
  0x00, 0xe8, 0x3a, 0xfa, 0xff, 0xff, 0x48, 0x89, 0x45, 0xd8, 0x48, 0x83,
  0x7d, 0xd8, 0x00, 0x0f, 0x85, 0x2e, 0x00, 0x00, 0x00, 0x48, 0x8d, 0x3d,
  0x8c, 0x80, 0x00, 0x00, 0x48, 0x8d, 0x35, 0x80, 0x76, 0x00, 0x00, 0xba,
  0xc9, 0x00, 0x00, 0x00, 0x48, 0x8d, 0x0d, 0xa3, 0xa7, 0x00, 0x00, 0xb0,
  0x00, 0xe8, 0x2a, 0x49, 0x00, 0x00, 0x48, 0xc7, 0x45, 0xf8, 0x00, 0x00,
  0x00, 0x00, 0xe9, 0xcd, 0x01, 0x00, 0x00, 0x48, 0x8b, 0x7d, 0xd8, 0x48,
  0x8d, 0x35, 0x4b, 0x78, 0x00, 0x00, 0xba, 0x01, 0x00, 0x00, 0x00, 0xe8,
  0x58, 0x4b, 0x00, 0x00, 0x48, 0x89, 0x45, 0xd0, 0x48, 0x83, 0x7d, 0xd0,
  0x00, 0x0f, 0x85, 0x35, 0x00, 0x00, 0x00, 0x48, 0x8d, 0x3d, 0xd7, 0x6a,
  0x00, 0x00, 0x48, 0x8d, 0x35, 0x2e, 0x76, 0x00, 0x00, 0xba, 0xcf, 0x00,
  0x00, 0x00, 0x48, 0x8d, 0x0d, 0x47, 0xa7, 0x00, 0x00, 0x4c, 0x8d, 0x05,
  0x4a, 0xa7, 0x00, 0x00, 0xb0, 0x00, 0xe8, 0xd1, 0x48, 0x00, 0x00, 0x48,
  0xc7, 0x45, 0xf8, 0x00, 0x00, 0x00, 0x00, 0xe9, 0x74, 0x01, 0x00, 0x00,
  0x48, 0x8b, 0x7d, 0xf0, 0x48, 0x8b, 0x75, 0xd8, 0xe8, 0x77, 0x4b, 0x00,
  0x00, 0x48, 0x89, 0x45, 0xc8, 0x48, 0x8b, 0x45, 0xe0, 0x48, 0x89, 0x45,
  0xc0, 0x48, 0xc7, 0x45, 0xb8, 0x00, 0x00, 0x00, 0x00, 0x48, 0x8b, 0x7d,
  0xd0, 0x48, 0x8b, 0x75, 0xc8, 0x48, 0x8d, 0x55, 0xc0, 0x48, 0x8d, 0x4d,
  0xb8, 0xe8, 0xce, 0x4a, 0x00, 0x00, 0x48, 0x83, 0x7d, 0xb8, 0x00, 0x0f,
  0x84, 0x52, 0x00, 0x00, 0x00, 0x48, 0x8b, 0x7d, 0xb8, 0x31, 0xc0, 0x89,
  0xc6, 0xe8, 0x46, 0x4b, 0x00, 0x00, 0x48, 0x89, 0x45, 0xb0, 0x48, 0x8b,
  0x7d, 0xb0, 0xe8, 0x49, 0x4b, 0x00, 0x00, 0x48, 0x89, 0x45, 0xa8, 0x48,
  0x8b, 0x4d, 0xa8, 0x48, 0x8d, 0x3d, 0x68, 0x65, 0x00, 0x00, 0x48, 0x8d,
  0x35, 0x96, 0x75, 0x00, 0x00, 0xba, 0xda, 0x00, 0x00, 0x00, 0xb0, 0x00,
  0xe8, 0x47, 0x48, 0x00, 0x00, 0x48, 0x8b, 0x7d, 0xa8, 0xe8, 0x2e, 0x4b,
  0x00, 0x00, 0x48, 0xc7, 0x45, 0xf8, 0x00, 0x00, 0x00, 0x00, 0xe9, 0xe1,
  0x00, 0x00, 0x00, 0x48, 0x8b, 0x7d, 0xd8, 0x48, 0x8d, 0x35, 0xa5, 0xa6,
  0x00, 0x00, 0x31, 0xd2, 0xe8, 0x6f, 0x4a, 0x00, 0x00, 0x48, 0x89, 0x45,
  0xa0, 0x48, 0x83, 0x7d, 0xa0, 0x00, 0x0f, 0x85, 0x2e, 0x00, 0x00, 0x00,
  0x48, 0x8d, 0x3d, 0xc0, 0x7b, 0x00, 0x00, 0x48, 0x8d, 0x35, 0x45, 0x75,
  0x00, 0x00, 0xba, 0xe2, 0x00, 0x00, 0x00, 0x48, 0x8d, 0x0d, 0x75, 0xa6,
  0x00, 0x00, 0xb0, 0x00, 0xe8, 0xef, 0x47, 0x00, 0x00, 0x48, 0xc7, 0x45,
  0xf8, 0x00, 0x00, 0x00, 0x00, 0xe9, 0x92, 0x00, 0x00, 0x00, 0x48, 0x8b,
  0x7d, 0xa0, 0x48, 0x8b, 0x75, 0xc8, 0x31, 0xc0, 0x89, 0xc2, 0x48, 0x8d,
  0x4d, 0xb8, 0xe8, 0x0d, 0x4a, 0x00, 0x00, 0x48, 0x89, 0x45, 0x98, 0x48,
  0x83, 0x7d, 0xb8, 0x00, 0x0f, 0x84, 0x59, 0x00, 0x00, 0x00, 0x48, 0x8b,
  0x7d, 0xb8, 0x31, 0xc0, 0x89, 0xc6, 0xe8, 0x81, 0x4a, 0x00, 0x00, 0x48,
  0x89, 0x45, 0x90, 0x48, 0x8b, 0x7d, 0x90, 0xe8, 0x84, 0x4a, 0x00, 0x00,
  0x48, 0x89, 0x45, 0x88, 0x4c, 0x8b, 0x45, 0x88, 0x48, 0x8d, 0x3d, 0xeb,
  0x62, 0x00, 0x00, 0x48, 0x8d, 0x35, 0xd1, 0x74, 0x00, 0x00, 0xba, 0xea,
  0x00, 0x00, 0x00, 0x48, 0x8d, 0x0d, 0x01, 0xa6, 0x00, 0x00, 0xb0, 0x00,
  0xe8, 0x7b, 0x47, 0x00, 0x00, 0x48, 0x8b, 0x7d, 0x88, 0xe8, 0x62, 0x4a,
  0x00, 0x00, 0x48, 0xc7, 0x45, 0xf8, 0x00, 0x00, 0x00, 0x00, 0xe9, 0x15,
  0x00, 0x00, 0x00, 0x48, 0x8b, 0x7d, 0x98, 0xe8, 0x3c, 0x4a, 0x00, 0x00,
  0x48, 0x89, 0x45, 0x80, 0x48, 0x8b, 0x45, 0x80, 0x48, 0x89, 0x45, 0xf8,
  0x48, 0x8b, 0x45, 0xf8, 0x48, 0x81, 0xc4, 0x80, 0x00, 0x00, 0x00, 0x5d,
  0xc3, 0x0f, 0x1f, 0x00, 0x55, 0x48, 0x89, 0xe5, 0x48, 0x83, 0xec, 0x40,
  0x48, 0x89, 0x7d, 0xf0, 0x48, 0x89, 0x75, 0xe8, 0x48, 0x89, 0x55, 0xe0,
  0x48, 0x83, 0x7d, 0xf0, 0x00, 0x0f, 0x84, 0x0b, 0x00, 0x00, 0x00, 0x48,
  0x83, 0x7d, 0xe0, 0x00, 0x0f, 0x85, 0x27, 0x00, 0x00, 0x00, 0x48, 0x8d,
  0x3d, 0xec, 0x7c, 0x00, 0x00, 0x48, 0x8d, 0x35, 0x4b, 0x74, 0x00, 0x00,
  0xba, 0xf6, 0x00, 0x00, 0x00, 0xb0, 0x00, 0xe8, 0xfc, 0x46, 0x00, 0x00,
  0x48, 0xc7, 0x45, 0xf8, 0x00, 0x00, 0x00, 0x00, 0xe9, 0xaa, 0x00, 0x00,
  0x00, 0x48, 0x8b, 0x7d, 0xf0, 0x48, 0x8b, 0x75, 0xe0, 0xe8, 0x02, 0x49,
  0x00, 0x00, 0x48, 0x89, 0x45, 0xd8, 0x48, 0x83, 0x7d, 0xd8, 0x00, 0x0f,
  0x85, 0x2b, 0x00, 0x00, 0x00, 0x48, 0x8b, 0x4d, 0xe0, 0x48, 0x8d, 0x3d,
  0xbc, 0x71, 0x00, 0x00, 0x48, 0x8d, 0x35, 0x04, 0x74, 0x00, 0x00, 0xba,
  0xfd, 0x00, 0x00, 0x00, 0xb0, 0x00, 0xe8, 0xb5, 0x46, 0x00, 0x00, 0x48,
  0xc7, 0x45, 0xf8, 0x00, 0x00, 0x00, 0x00, 0xe9, 0x63, 0x00, 0x00, 0x00,
  0x48, 0x8b, 0x7d, 0xd8, 0xe8, 0xcf, 0x48, 0x00, 0x00, 0x48, 0x89, 0x45,
  0xd0, 0x48, 0x83, 0x7d, 0xd0, 0x00, 0x0f, 0x85, 0x2b, 0x00, 0x00, 0x00,
  0x48, 0x8b, 0x4d, 0xe0, 0x48, 0x8d, 0x3d, 0x56, 0x67, 0x00, 0x00, 0x48,
  0x8d, 0x35, 0xc1, 0x73, 0x00, 0x00, 0xba, 0x04, 0x01, 0x00, 0x00, 0xb0,
  0x00, 0xe8, 0x72, 0x46, 0x00, 0x00, 0x48, 0xc7, 0x45, 0xf8, 0x00, 0x00,
  0x00, 0x00, 0xe9, 0x20, 0x00, 0x00, 0x00, 0x48, 0x8b, 0x7d, 0xd0, 0x48,
  0x8b, 0x75, 0xe8, 0x31, 0xc0, 0x89, 0xc1, 0x48, 0x89, 0xca, 0xe8, 0x91,
  0x48, 0x00, 0x00, 0x48, 0x89, 0x45, 0xc8, 0x48, 0x8b, 0x45, 0xc8, 0x48,
  0x89, 0x45, 0xf8, 0x48, 0x8b, 0x45, 0xf8, 0x48, 0x83, 0xc4, 0x40, 0x5d,
  0xc3, 0x66, 0x66, 0x2e, 0x0f, 0x1f, 0x84, 0x00, 0x00, 0x00, 0x00, 0x00,
  0x55, 0x48, 0x89, 0xe5, 0x48, 0x83, 0xec, 0x40, 0x48, 0x89, 0x7d, 0xf8,
  0x48, 0x89, 0x75, 0xf0, 0x48, 0x89, 0x55, 0xe8, 0x48, 0x89, 0x4d, 0xe0,
  0x48, 0x83, 0x7d, 0xf8, 0x00, 0x0f, 0x84, 0x0b, 0x00, 0x00, 0x00, 0x48,
  0x83, 0x7d, 0xe8, 0x00, 0x0f, 0x85, 0x1f, 0x00, 0x00, 0x00, 0x48, 0x8d,
  0x3d, 0xd8, 0x7b, 0x00, 0x00, 0x48, 0x8d, 0x35, 0x37, 0x73, 0x00, 0x00,
  0xba, 0x10, 0x01, 0x00, 0x00, 0xb0, 0x00, 0xe8, 0xe8, 0x45, 0x00, 0x00,
  0xe9, 0x97, 0x00, 0x00, 0x00, 0x48, 0x8b, 0x7d, 0xf8, 0x48, 0x8b, 0x75,
  0xe8, 0xe8, 0xf6, 0x47, 0x00, 0x00, 0x48, 0x89, 0x45, 0xd8, 0x48, 0x83,
  0x7d, 0xd8, 0x00, 0x0f, 0x85, 0x23, 0x00, 0x00, 0x00, 0x48, 0x8b, 0x4d,
  0xe8, 0x48, 0x8d, 0x3d, 0x25, 0x64, 0x00, 0x00, 0x48, 0x8d, 0x35, 0xf8,
  0x72, 0x00, 0x00, 0xba, 0x17, 0x01, 0x00, 0x00, 0xb0, 0x00, 0xe8, 0xa9,
  0x45, 0x00, 0x00, 0xe9, 0x58, 0x00, 0x00, 0x00, 0x48, 0x8b, 0x7d, 0xd8,
  0xe8, 0x9b, 0x48, 0x00, 0x00, 0x48, 0x89, 0x45, 0xd0, 0x48, 0x83, 0x7d,
  0xd0, 0x00, 0x0f, 0x85, 0x23, 0x00, 0x00, 0x00, 0x48, 0x8b, 0x4d, 0xe8,
  0x48, 0x8d, 0x3d, 0x9e, 0x6e, 0x00, 0x00, 0x48, 0x8d, 0x35, 0xbd, 0x72,
  0x00, 0x00, 0xba, 0x1e, 0x01, 0x00, 0x00, 0xb0, 0x00, 0xe8, 0x6e, 0x45,
  0x00, 0x00, 0xe9, 0x1d, 0x00, 0x00, 0x00, 0x48, 0x8b, 0x45, 0xe0, 0x48,
  0x89, 0x45, 0xc8, 0x48, 0x8b, 0x7d, 0xd0, 0x48, 0x8b, 0x75, 0xf0, 0x48,
  0x8d, 0x55, 0xc8, 0x31, 0xc0, 0x89, 0xc1, 0xe8, 0x8c, 0x47, 0x00, 0x00,
  0x48, 0x83, 0xc4, 0x40, 0x5d, 0xc3, 0x66, 0x0f, 0x1f, 0x44, 0x00, 0x00,
  0x55, 0x48, 0x89, 0xe5, 0x48, 0x81, 0xec, 0x30, 0x01, 0x00, 0x00, 0x48,
  0x83, 0x3d, 0x0d, 0x9e, 0x01, 0x00, 0x00, 0x0f, 0x84, 0x10, 0x00, 0x00,
  0x00, 0x48, 0x8b, 0x05, 0x00, 0x9e, 0x01, 0x00, 0x48, 0x89, 0x45, 0xf8,
  0xe9, 0x91, 0x00, 0x00, 0x00, 0xe8, 0xe2, 0x45, 0x00, 0x00, 0x48, 0x89,
  0x45, 0xf0, 0x48, 0x83, 0x7d, 0xf0, 0x00, 0x0f, 0x84, 0x75, 0x00, 0x00,
  0x00, 0x48, 0x8d, 0xbd, 0xe0, 0xfe, 0xff, 0xff, 0x31, 0xf6, 0xba, 0x04,
  0x01, 0x00, 0x00, 0xe8, 0x70, 0x44, 0x00, 0x00, 0x48, 0x8d, 0xbd, 0xe0,
  0xfe, 0xff, 0xff, 0x48, 0x8b, 0x4d, 0xf0, 0xbe, 0x04, 0x01, 0x00, 0x00,
  0x48, 0x8d, 0x15, 0xb0, 0x72, 0x00, 0x00, 0xb0, 0x00, 0xe8, 0xc2, 0x44,
  0x00, 0x00, 0x48, 0x8d, 0xbd, 0xe0, 0xfe, 0xff, 0xff, 0xe8, 0xe6, 0xf4,
  0xff, 0xff, 0x48, 0x89, 0x85, 0xd8, 0xfe, 0xff, 0xff, 0x48, 0x83, 0xbd,
  0xd8, 0xfe, 0xff, 0xff, 0x00, 0x0f, 0x84, 0x1e, 0x00, 0x00, 0x00, 0x48,
  0x8b, 0x85, 0xd8, 0xfe, 0xff, 0xff, 0x48, 0x89, 0x05, 0x83, 0x9d, 0x01,
  0x00, 0x48, 0x8b, 0x05, 0x7c, 0x9d, 0x01, 0x00, 0x48, 0x89, 0x45, 0xf8,
  0xe9, 0x0d, 0x00, 0x00, 0x00, 0xe9, 0x00, 0x00, 0x00, 0x00, 0x48, 0xc7,
  0x45, 0xf8, 0x00, 0x00, 0x00, 0x00, 0x48, 0x8b, 0x45, 0xf8, 0x48, 0x81,
  0xc4, 0x30, 0x01, 0x00, 0x00, 0x5d, 0xc3, 0x66, 0x0f, 0x1f, 0x84, 0x00,
  0x00, 0x00, 0x00, 0x00, 0x55, 0x48, 0x89, 0xe5, 0x48, 0x83, 0xec, 0x60,
  0x48, 0x89, 0x7d, 0xf0, 0x48, 0x89, 0x75, 0xe8, 0x48, 0x8b, 0x7d, 0xe8,
  0xe8, 0x87, 0xf7, 0xff, 0xff, 0x48, 0x89, 0x45, 0xe0, 0x48, 0x8b, 0x3d,
  0x2c, 0x9d, 0x01, 0x00, 0x48, 0x8d, 0x35, 0xd8, 0x63, 0x00, 0x00, 0x48,
  0x8d, 0x15, 0xc7, 0x67, 0x00, 0x00, 0xe8, 0x49, 0x46, 0x00, 0x00, 0x48,
  0x89, 0x45, 0xd8, 0x48, 0x83, 0x7d, 0xd8, 0x00, 0x0f, 0x85, 0x27, 0x00,
  0x00, 0x00, 0x48, 0x8d, 0x3d, 0x5a, 0x60, 0x00, 0x00, 0x48, 0x8d, 0x35,
  0x5f, 0x71, 0x00, 0x00, 0xba, 0x42, 0x01, 0x00, 0x00, 0xb0, 0x00, 0xe8,
  0x10, 0x44, 0x00, 0x00, 0x48, 0xc7, 0x45, 0xf8, 0x00, 0x00, 0x00, 0x00,
  0xe9, 0xe1, 0x00, 0x00, 0x00, 0x48, 0x8b, 0x7d, 0xd8, 0x48, 0x8d, 0x35,
  0x3a, 0x6d, 0x00, 0x00, 0xba, 0x02, 0x00, 0x00, 0x00, 0xe8, 0x3e, 0x46,
  0x00, 0x00, 0x48, 0x89, 0x45, 0xd0, 0x48, 0x83, 0x7d, 0xd0, 0x00, 0x0f,
  0x85, 0x27, 0x00, 0x00, 0x00, 0x48, 0x8d, 0x3d, 0x17, 0x73, 0x00, 0x00,
  0x48, 0x8d, 0x35, 0x14, 0x71, 0x00, 0x00, 0xba, 0x48, 0x01, 0x00, 0x00,
  0xb0, 0x00, 0xe8, 0xc5, 0x43, 0x00, 0x00, 0x48, 0xc7, 0x45, 0xf8, 0x00,
  0x00, 0x00, 0x00, 0xe9, 0x96, 0x00, 0x00, 0x00, 0x48, 0x8b, 0x45, 0xf0,
  0x48, 0x89, 0x45, 0xc0, 0x48, 0x8b, 0x45, 0xe0, 0x48, 0x89, 0x45, 0xc8,
  0x48, 0xc7, 0x45, 0xb8, 0x00, 0x00, 0x00, 0x00, 0x48, 0x8b, 0x7d, 0xd0,
  0x48, 0x8d, 0x55, 0xc0, 0x31, 0xc0, 0x89, 0xc6, 0x48, 0x8d, 0x4d, 0xb8,
  0xe8, 0xcb, 0x45, 0x00, 0x00, 0x48, 0x89, 0x45, 0xb0, 0x48, 0x83, 0x7d,
  0xb8, 0x00, 0x0f, 0x84, 0x52, 0x00, 0x00, 0x00, 0x48, 0x8b, 0x7d, 0xb8,
  0x31, 0xc0, 0x89, 0xc6, 0xe8, 0x3f, 0x46, 0x00, 0x00, 0x48, 0x89, 0x45,
  0xa8, 0x48, 0x8b, 0x7d, 0xa8, 0xe8, 0x42, 0x46, 0x00, 0x00, 0x48, 0x89,
  0x45, 0xa0, 0x48, 0x8b, 0x4d, 0xa0, 0x48, 0x8d, 0x3d, 0xd0, 0x72, 0x00,
  0x00, 0x48, 0x8d, 0x35, 0x8f, 0x70, 0x00, 0x00, 0xba, 0x52, 0x01, 0x00,
  0x00, 0xb0, 0x00, 0xe8, 0x40, 0x43, 0x00, 0x00, 0x48, 0x8b, 0x7d, 0xa0,
  0xe8, 0x27, 0x46, 0x00, 0x00, 0x48, 0xc7, 0x45, 0xf8, 0x00, 0x00, 0x00,
  0x00, 0xe9, 0x08, 0x00, 0x00, 0x00, 0x48, 0x8b, 0x45, 0xb0, 0x48, 0x89,
  0x45, 0xf8, 0x48, 0x8b, 0x45, 0xf8, 0x48, 0x83, 0xc4, 0x60, 0x5d, 0xc3,
  0x0f, 0x1f, 0x84, 0x00, 0x00, 0x00, 0x00, 0x00, 0x55, 0x48, 0x89, 0xe5,
  0x48, 0x83, 0xec, 0x20, 0x48, 0x89, 0x7d, 0xf0, 0x48, 0x83, 0x7d, 0xf0,
  0x00, 0x0f, 0x85, 0x2e, 0x00, 0x00, 0x00, 0x48, 0x8d, 0x3d, 0x2c, 0x6a,
  0x00, 0x00, 0x48, 0x8d, 0x35, 0x7e, 0x6f, 0x00, 0x00, 0x48, 0x8d, 0x15,
  0x27, 0x70, 0x00, 0x00, 0xb9, 0x5d, 0x01, 0x00, 0x00, 0xb0, 0x00, 0xe8,
  0xd8, 0x42, 0x00, 0x00, 0x48, 0xc7, 0x45, 0xf8, 0x00, 0x00, 0x00, 0x00,
  0xe9, 0x48, 0x00, 0x00, 0x00, 0x48, 0x8b, 0x3d, 0x94, 0x9b, 0x01, 0x00,
  0x48, 0x8b, 0x75, 0xf0, 0xe8, 0x7b, 0x45, 0x00, 0x00, 0x48, 0x89, 0x45,
  0xe8, 0x48, 0x83, 0x7d, 0xe8, 0x00, 0x0f, 0x85, 0x21, 0x00, 0x00, 0x00,
  0x48, 0x8d, 0x3d, 0x34, 0x68, 0x00, 0x00, 0x48, 0x8d, 0x35, 0x31, 0x6f,
  0x00, 0x00, 0x48, 0x8d, 0x15, 0xda, 0x6f, 0x00, 0x00, 0xb9, 0x63, 0x01,
  0x00, 0x00, 0xb0, 0x00, 0xe8, 0x8b, 0x42, 0x00, 0x00, 0x48, 0x8b, 0x45,
  0xe8, 0x48, 0x89, 0x45, 0xf8, 0x48, 0x8b, 0x45, 0xf8, 0x48, 0x83, 0xc4,
  0x20, 0x5d, 0xc3, 0xcc, 0xcc, 0xcc, 0xcc, 0xcc, 0xcc, 0xcc, 0xcc, 0xcc,
  0x55, 0x48, 0x89, 0xe5, 0x48, 0x83, 0xec, 0x10, 0x48, 0x89, 0x7d, 0xf8,
  0x48, 0x8b, 0x7d, 0xf8, 0x48, 0x8d, 0x35, 0xed, 0x71, 0x00, 0x00, 0xba,
  0x09, 0x00, 0x00, 0x00, 0x48, 0x8d, 0x0d, 0x1d, 0x00, 0x00, 0x00, 0x31,
  0xc0, 0x41, 0x89, 0xc0, 0x4c, 0x8d, 0x0d, 0x55, 0x6d, 0x00, 0x00, 0xe8,
  0x6c, 0xde, 0xff, 0xff, 0x48, 0x83, 0xc4, 0x10, 0x5d, 0xc3, 0x66, 0x0f,
  0x1f, 0x44, 0x00, 0x00, 0x55, 0x48, 0x89, 0xe5, 0x48, 0x81, 0xec, 0x90,
  0x00, 0x00, 0x00, 0x48, 0x89, 0x7d, 0xf8, 0x48, 0x8d, 0x7d, 0xe0, 0x31,
  0xf6, 0xba, 0x10, 0x00, 0x00, 0x00, 0xe8, 0x91, 0x41, 0x00, 0x00, 0x48,
  0x8d, 0x7d, 0xd8, 0xe8, 0x18, 0x45, 0x00, 0x00, 0x83, 0xf8, 0xff, 0x0f,
  0x85, 0x0c, 0x00, 0x00, 0x00, 0x48, 0x8d, 0x3d, 0x03, 0x78, 0x00, 0x00,
  0xe8, 0xf3, 0x42, 0x00, 0x00, 0x48, 0x8d, 0x3d, 0x5c, 0x9b, 0x01, 0x00,
  0x31, 0xf6, 0xba, 0x00, 0x01, 0x00, 0x00, 0xe8, 0x60, 0x41, 0x00, 0x00,
  0x48, 0x8b, 0x45, 0xd8, 0x48, 0x89, 0x45, 0xd0, 0x48, 0x83, 0x7d, 0xd0,
  0x00, 0x0f, 0x84, 0x41, 0x01, 0x00, 0x00, 0x48, 0x8b, 0x45, 0xd0, 0x48,
  0x83, 0x78, 0x18, 0x00, 0x0f, 0x85, 0x05, 0x00, 0x00, 0x00, 0xe9, 0x1d,
  0x01, 0x00, 0x00, 0x48, 0x8b, 0x45, 0xd0, 0x48, 0x8b, 0x40, 0x18, 0x0f,
  0xb6, 0x40, 0x01, 0x83, 0xf8, 0x02, 0x0f, 0x84, 0x05, 0x00, 0x00, 0x00,
  0xe9, 0x03, 0x01, 0x00, 0x00, 0x48, 0x8b, 0x45, 0xd0, 0x48, 0x8b, 0x70,
  0x08, 0x48, 0x8d, 0x3d, 0x0c, 0x63, 0x00, 0x00, 0xba, 0x02, 0x00, 0x00,
  0x00, 0xe8, 0x66, 0x43, 0x00, 0x00, 0x83, 0xf8, 0x00, 0x0f, 0x85, 0x05,
  0x00, 0x00, 0x00, 0xe9, 0xdc, 0x00, 0x00, 0x00, 0x48, 0x8b, 0x45, 0xd0,
  0x48, 0x8b, 0x40, 0x18, 0x48, 0x89, 0x45, 0xc8, 0x48, 0x8b, 0x75, 0xc8,
  0x48, 0x83, 0xc6, 0x04, 0x48, 0x8d, 0x55, 0xe0, 0xbf, 0x02, 0x00, 0x00,
  0x00, 0xb9, 0x10, 0x00, 0x00, 0x00, 0xe8, 0x71, 0x44, 0x00, 0x00, 0x48,
  0x8d, 0x75, 0xe0, 0x48, 0x8d, 0x3d, 0xc5, 0x67, 0x00, 0x00, 0xba, 0x02,
  0x00, 0x00, 0x00, 0xe8, 0x1c, 0x43, 0x00, 0x00, 0x83, 0xf8, 0x00, 0x0f,
  0x85, 0x05, 0x00, 0x00, 0x00, 0xe9, 0x92, 0x00, 0x00, 0x00, 0x48, 0x8d,
  0x7d, 0x80, 0x31, 0xf6, 0xba, 0x40, 0x00, 0x00, 0x00, 0xe8, 0x9e, 0x40,
  0x00, 0x00, 0x48, 0x8d, 0x7d, 0x80, 0x48, 0x8d, 0x4d, 0xe0, 0x48, 0x8b,
  0x45, 0xd0, 0x4c, 0x8b, 0x40, 0x08, 0xbe, 0x40, 0x00, 0x00, 0x00, 0x48,
  0x8d, 0x15, 0x26, 0x66, 0x00, 0x00, 0xb0, 0x00, 0xe8, 0xeb, 0x40, 0x00,
  0x00, 0xf6, 0x05, 0x7d, 0x99, 0x01, 0x00, 0x01, 0x0f, 0x84, 0x13, 0x00,
  0x00, 0x00, 0x48, 0x8d, 0x05, 0x47, 0x6e, 0x00, 0x00, 0x48, 0x89, 0x85,
  0x78, 0xff, 0xff, 0xff, 0xe9, 0x13, 0x00, 0x00, 0x00, 0x48, 0x8d, 0x05,
  0x52, 0x63, 0x00, 0x00, 0x48, 0x89, 0x85, 0x78, 0xff, 0xff, 0xff, 0xe9,
  0x00, 0x00, 0x00, 0x00, 0x4c, 0x8b, 0x85, 0x78, 0xff, 0xff, 0xff, 0x4c,
  0x8d, 0x4d, 0x80, 0x48, 0x8d, 0x3d, 0x26, 0x9a, 0x01, 0x00, 0xbe, 0x00,
  0x01, 0x00, 0x00, 0x48, 0x8d, 0x15, 0x9f, 0x75, 0x00, 0x00, 0x48, 0x8d,
  0x0d, 0x86, 0x77, 0x00, 0x00, 0xb0, 0x00, 0xe8, 0x8c, 0x40, 0x00, 0x00,
  0x48, 0x8b, 0x45, 0xd0, 0x48, 0x8b, 0x00, 0x48, 0x89, 0x45, 0xd0, 0xe9,
  0xb4, 0xfe, 0xff, 0xff, 0x48, 0x8b, 0x7d, 0xd8, 0xe8, 0xb3, 0x43, 0x00,
  0x00, 0x48, 0x8d, 0x05, 0xec, 0x99, 0x01, 0x00, 0x48, 0x81, 0xc4, 0x90,
  0x00, 0x00, 0x00, 0x5d, 0xc3, 0x0f, 0x1f, 0x00, 0x55, 0x48, 0x89, 0xe5,
  0x48, 0x83, 0xec, 0x50, 0x48, 0x89, 0x7d, 0xf8, 0x48, 0x89, 0x75, 0xf0,
  0x48, 0x8b, 0x7d, 0xf8, 0x48, 0x8d, 0x35, 0x26, 0x71, 0x00, 0x00, 0xba,
  0x0f, 0x00, 0x00, 0x00, 0x48, 0x8d, 0x0d, 0x09, 0x01, 0x00, 0x00, 0x31,
  0xc0, 0x41, 0x89, 0xc0, 0x4c, 0x8d, 0x0d, 0x07, 0x70, 0x00, 0x00, 0xe8,
  0x68, 0xdc, 0xff, 0xff, 0xe8, 0x13, 0x41, 0x00, 0x00, 0x89, 0x45, 0xec,
  0x48, 0x8b, 0x45, 0xf0, 0x48, 0x8b, 0x80, 0x08, 0x01, 0x00, 0x00, 0x48,
  0x89, 0x45, 0xe0, 0x48, 0x8b, 0x45, 0xe0, 0x48, 0x89, 0x45, 0xd8, 0x48,
  0x8b, 0x45, 0xf0, 0x8b, 0x80, 0x10, 0x01, 0x00, 0x00, 0x48, 0x89, 0x45,
  0xd0, 0x48, 0x8b, 0x7d, 0xe0, 0x48, 0x8b, 0x75, 0xd0, 0x48, 0x8d, 0x15,
  0xf1, 0x60, 0x00, 0x00, 0x31, 0xc0, 0x89, 0xc1, 0xe8, 0x03, 0xc8, 0xff,
  0xff, 0x48, 0x89, 0x45, 0xc8, 0x48, 0x8b, 0x4d, 0xc8, 0x48, 0x8d, 0x3d,
  0xbe, 0x73, 0x00, 0x00, 0x48, 0x8d, 0x35, 0xd6, 0x71, 0x00, 0x00, 0xba,
  0xab, 0x00, 0x00, 0x00, 0xb0, 0x00, 0xe8, 0xd1, 0x3f, 0x00, 0x00, 0x48,
  0x83, 0x7d, 0xc8, 0x00, 0x0f, 0x84, 0x1e, 0x00, 0x00, 0x00, 0x8b, 0x7d,
  0xec, 0x48, 0x8b, 0x75, 0xc8, 0x48, 0x8d, 0x15, 0x58, 0x9e, 0x00, 0x00,
  0xb9, 0x05, 0x00, 0x00, 0x00, 0x41, 0xb8, 0x01, 0x00, 0x00, 0x00, 0xe8,
  0xd8, 0xcb, 0xff, 0xff, 0x48, 0xc7, 0x45, 0xc0, 0x00, 0x00, 0x00, 0x00,
  0x48, 0x83, 0x7d, 0xc0, 0x05, 0x0f, 0x83, 0x4c, 0x00, 0x00, 0x00, 0x8b,
  0x7d, 0xec, 0x48, 0x8b, 0x75, 0xe0, 0x48, 0x8b, 0x55, 0xd0, 0x48, 0x8b,
  0x4d, 0xc0, 0x48, 0x8d, 0x05, 0xaf, 0xd5, 0x00, 0x00, 0x48, 0xc1, 0xe1,
  0x04, 0x48, 0x01, 0xc8, 0x48, 0x8b, 0x08, 0x4c, 0x8b, 0x45, 0xc0, 0x48,
  0x8d, 0x05, 0x9a, 0xd5, 0x00, 0x00, 0x49, 0xc1, 0xe0, 0x04, 0x4c, 0x01,
  0xc0, 0x4c, 0x8b, 0x40, 0x08, 0xe8, 0x5a, 0x01, 0x00, 0x00, 0x48, 0x8b,
  0x45, 0xc0, 0x48, 0x83, 0xc0, 0x01, 0x48, 0x89, 0x45, 0xc0, 0xe9, 0xa9,
  0xff, 0xff, 0xff, 0x48, 0x83, 0xc4, 0x50, 0x5d, 0xc3, 0x0f, 0x1f, 0x00,
  0x55, 0x48, 0x89, 0xe5, 0x48, 0x81, 0xec, 0xa0, 0x00, 0x00, 0x00, 0x89,
  0x7d, 0xf8, 0x48, 0x89, 0x75, 0xf0, 0x48, 0x89, 0x55, 0xe8, 0xe8, 0x25,
  0x21, 0x00, 0x00, 0xf6, 0x05, 0xa6, 0x97, 0x01, 0x00, 0x01, 0x0f, 0x84,
  0xde, 0x00, 0x00, 0x00, 0x81, 0x7d, 0xf8, 0x00, 0x01, 0x01, 0x78, 0x0f,
  0x85, 0xd1, 0x00, 0x00, 0x00, 0x48, 0x81, 0x7d, 0xe8, 0x80, 0x00, 0x00,
  0x00, 0x0f, 0x85, 0xc3, 0x00, 0x00, 0x00, 0x48, 0x8b, 0x7d, 0xf0, 0x48,
  0x8b, 0x55, 0xe8, 0x31, 0xf6, 0xe8, 0x6e, 0x3e, 0x00, 0x00, 0x48, 0xc7,
  0x45, 0xe0, 0x00, 0x00, 0x00, 0x00, 0x48, 0x8d, 0x3d, 0x8f, 0x9d, 0x00,
  0x00, 0x48, 0x8d, 0x75, 0xe0, 0xe8, 0x26, 0x95, 0xff, 0xff, 0x83, 0xf8,
  0x00, 0x0f, 0x85, 0x8e, 0x00, 0x00, 0x00, 0x48, 0x8b, 0x45, 0xe0, 0x48,
  0x3b, 0x45, 0xe8, 0x0f, 0x86, 0x05, 0x00, 0x00, 0x00, 0xe9, 0x98, 0x00,
  0x00, 0x00, 0x48, 0x8d, 0xbd, 0x60, 0xff, 0xff, 0xff, 0x31, 0xf6, 0xba,
  0x80, 0x00, 0x00, 0x00, 0xe8, 0x27, 0x3e, 0x00, 0x00, 0x48, 0x8d, 0xb5,
  0x60, 0xff, 0xff, 0xff, 0x48, 0x8d, 0x3d, 0x49, 0x9d, 0x00, 0x00, 0xba,
  0x80, 0x00, 0x00, 0x00, 0xe8, 0x6f, 0x95, 0xff, 0xff, 0x83, 0xf8, 0x00,
  0x0f, 0x85, 0x42, 0x00, 0x00, 0x00, 0x80, 0x3d, 0xef, 0x98, 0x01, 0x00,
  0x00, 0x0f, 0x85, 0x20, 0x00, 0x00, 0x00, 0x48, 0x8b, 0x75, 0xe8, 0x48,
  0x8d, 0x8d, 0x60, 0xff, 0xff, 0xff, 0x48, 0x8d, 0x3d, 0xd7, 0x98, 0x01,
  0x00, 0x48, 0x8d, 0x15, 0x24, 0x67, 0x00, 0x00, 0xb0, 0x00, 0xe8, 0x49,
  0x3e, 0x00, 0x00, 0x48, 0x8b, 0x7d, 0xf0, 0x48, 0x8d, 0x35, 0xbe, 0x98,
  0x01, 0x00, 0xba, 0x80, 0x00, 0x00, 0x00, 0xe8, 0xf4, 0x40, 0x00, 0x00,
  0xe9, 0x00, 0x00, 0x00, 0x00, 0xe9, 0x18, 0x00, 0x00, 0x00, 0x8b, 0x7d,
  0xf8, 0x48, 0x8b, 0x75, 0xf0, 0x48, 0x8b, 0x55, 0xe8, 0xe8, 0x6a, 0x41,
  0x00, 0x00, 0x89, 0x45, 0xfc, 0xe9, 0x07, 0x00, 0x00, 0x00, 0xc7, 0x45,
  0xfc, 0x00, 0x00, 0x00, 0x00, 0x8b, 0x45, 0xfc, 0x48, 0x81, 0xc4, 0xa0,
  0x00, 0x00, 0x00, 0x5d, 0xc3, 0x66, 0x66, 0x66, 0x66, 0x66, 0x66, 0x2e,
  0x0f, 0x1f, 0x84, 0x00, 0x00, 0x00, 0x00, 0x00, 0x55, 0x48, 0x89, 0xe5,
  0x48, 0x81, 0xec, 0x50, 0x02, 0x00, 0x00, 0x89, 0x7d, 0xfc, 0x48, 0x89,
  0x75, 0xf0, 0x48, 0x89, 0x55, 0xe8, 0x48, 0x89, 0x4d, 0xe0, 0x4c, 0x89,
  0x45, 0xd8, 0x48, 0x8d, 0xbd, 0xd6, 0xfd, 0xff, 0xff, 0x31, 0xf6, 0xba,
  0x02, 0x02, 0x00, 0x00, 0xe8, 0x4f, 0x3d, 0x00, 0x00, 0x48, 0x8b, 0x45,
  0xd8, 0x66, 0xc1, 0xc0, 0x08, 0x66, 0x89, 0x85, 0xd6, 0xfd, 0xff, 0xff,
  0x48, 0x8d, 0xbd, 0xd6, 0xfd, 0xff, 0xff, 0x48, 0x83, 0xc7, 0x02, 0x48,
  0x8b, 0x75, 0xe0, 0x48, 0x8b, 0x55, 0xd8, 0xe8, 0x58, 0x40, 0x00, 0x00,
  0x48, 0x8b, 0x45, 0xd8, 0x48, 0x83, 0xe8, 0x01, 0x48, 0x83, 0xc0, 0x02,
  0x48, 0x83, 0xc0, 0x01, 0x48, 0x89, 0x85, 0xc8, 0xfd, 0xff, 0xff, 0x48,
  0x8d, 0xbd, 0xd6, 0xfd, 0xff, 0xff, 0x48, 0x8b, 0xb5, 0xc8, 0xfd, 0xff,
  0xff, 0x31, 0xc0, 0x89, 0xc2, 0xe8, 0x8a, 0xcc, 0xff, 0xff, 0x48, 0x8b,
  0x7d, 0xf0, 0x48, 0x8b, 0x75, 0xe8, 0x48, 0x8b, 0x8d, 0xc8, 0xfd, 0xff,
  0xff, 0x48, 0x8d, 0x95, 0xd6, 0xfd, 0xff, 0xff, 0xe8, 0x9f, 0xce, 0xff,
  0xff, 0x48, 0x89, 0x85, 0xc0, 0xfd, 0xff, 0xff, 0x48, 0x83, 0xbd, 0xc0,
  0xfd, 0xff, 0xff, 0x00, 0x0f, 0x84, 0x7b, 0x00, 0x00, 0x00, 0x48, 0x8b,
  0x85, 0xc0, 0xfd, 0xff, 0xff, 0x66, 0x8b, 0x00, 0x66, 0xc1, 0xc0, 0x08,
  0x66, 0x89, 0x85, 0xbe, 0xfd, 0xff, 0xff, 0x0f, 0xb7, 0x85, 0xbe, 0xfd,
  0xff, 0xff, 0x48, 0x83, 0xe8, 0x02, 0x66, 0x89, 0x85, 0xbc, 0xfd, 0xff,
  0xff, 0x66, 0x8b, 0x85, 0xbc, 0xfd, 0xff, 0xff, 0x66, 0xc1, 0xc0, 0x08,
  0x66, 0x89, 0x85, 0xba, 0xfd, 0xff, 0xff, 0x0f, 0xb7, 0x8d, 0xbc, 0xfd,
  0xff, 0xff, 0x48, 0x8d, 0x3d, 0x0a, 0x71, 0x00, 0x00, 0x48, 0x8d, 0x35,
  0xf5, 0x6e, 0x00, 0x00, 0xba, 0x9e, 0x00, 0x00, 0x00, 0xb0, 0x00, 0xe8,
  0xf0, 0x3c, 0x00, 0x00, 0x8b, 0x7d, 0xfc, 0x48, 0x8b, 0xb5, 0xc0, 0xfd,
  0xff, 0xff, 0x48, 0x8d, 0x95, 0xba, 0xfd, 0xff, 0xff, 0xb9, 0x02, 0x00,
  0x00, 0x00, 0x41, 0xb8, 0x01, 0x00, 0x00, 0x00, 0xe8, 0xff, 0xc8, 0xff,
  0xff, 0x48, 0x81, 0xc4, 0x50, 0x02, 0x00, 0x00, 0x5d, 0xc3, 0x66, 0x0f,
  0x1f, 0x44, 0x00, 0x00, 0x55, 0x48, 0x89, 0xe5, 0x48, 0x81, 0xec, 0x60,
  0x02, 0x00, 0x00, 0x48, 0x89, 0x7d, 0xf8, 0x48, 0x8b, 0x7d, 0xf8, 0x48,
  0x8d, 0x35, 0xfb, 0x71, 0x00, 0x00, 0x48, 0x8d, 0x15, 0xd0, 0x59, 0x00,
  0x00, 0x48, 0x8d, 0x0d, 0x0b, 0x68, 0x00, 0x00, 0x41, 0xb8, 0x02, 0x00,
  0x00, 0x00, 0xe8, 0xfd, 0xee, 0xff, 0xff, 0x48, 0x89, 0x45, 0xf0, 0x48,
  0x83, 0x7d, 0xf0, 0x00, 0x0f, 0x84, 0x3d, 0x00, 0x00, 0x00, 0x48, 0x8b,
  0x7d, 0xf0, 0xbe, 0x0f, 0x00, 0x00, 0x00, 0xe8, 0x60, 0xd9, 0xff, 0xff,
  0x48, 0x89, 0x45, 0xe8, 0x48, 0x83, 0x7d, 0xe8, 0x00, 0x0f, 0x84, 0x1b,
  0x00, 0x00, 0x00, 0x48, 0x8b, 0x45, 0xe8, 0x48, 0x89, 0x05, 0x4e, 0x95,
  0x01, 0x00, 0x48, 0x8b, 0x7d, 0xf0, 0x48, 0x8d, 0x35, 0x9b, 0x06, 0x00,
  0x00, 0xe8, 0x66, 0xc9, 0xff, 0xff, 0xe9, 0x00, 0x00, 0x00, 0x00, 0x48,
  0x8b, 0x7d, 0xf8, 0x48, 0x8d, 0x35, 0x8b, 0x71, 0x00, 0x00, 0x48, 0x8d,
  0x15, 0x60, 0x59, 0x00, 0x00, 0x48, 0x8d, 0x0d, 0x71, 0x65, 0x00, 0x00,
  0x41, 0xb8, 0x02, 0x00, 0x00, 0x00, 0xe8, 0x8d, 0xee, 0xff, 0xff, 0x48,
  0x89, 0x45, 0xe0, 0x48, 0x83, 0x7d, 0xe0, 0x00, 0x0f, 0x84, 0x3d, 0x00,
  0x00, 0x00, 0x48, 0x8b, 0x7d, 0xe0, 0xbe, 0x0f, 0x00, 0x00, 0x00, 0xe8,
  0xf0, 0xd8, 0xff, 0xff, 0x48, 0x89, 0x45, 0xd8, 0x48, 0x83, 0x7d, 0xd8,
  0x00, 0x0f, 0x84, 0x1b, 0x00, 0x00, 0x00, 0x48, 0x8b, 0x45, 0xd8, 0x48,
  0x89, 0x05, 0xe6, 0x94, 0x01, 0x00, 0x48, 0x8b, 0x7d, 0xe0, 0x48, 0x8d,
  0x35, 0x4b, 0x08, 0x00, 0x00, 0xe8, 0xf6, 0xc8, 0xff, 0xff, 0xe9, 0x00,
  0x00, 0x00, 0x00, 0x48, 0x8b, 0x7d, 0xf8, 0x48, 0x8d, 0x35, 0x1b, 0x71,
  0x00, 0x00, 0x48, 0x8d, 0x15, 0xf0, 0x58, 0x00, 0x00, 0x48, 0x8d, 0x0d,
  0x52, 0x5b, 0x00, 0x00, 0x41, 0xb8, 0x02, 0x00, 0x00, 0x00, 0xe8, 0x1d,
  0xee, 0xff, 0xff, 0x48, 0x89, 0x45, 0xd0, 0x48, 0x83, 0x7d, 0xd0, 0x00,
  0x0f, 0x84, 0x3d, 0x00, 0x00, 0x00, 0x48, 0x8b, 0x7d, 0xd0, 0xbe, 0x0f,
  0x00, 0x00, 0x00, 0xe8, 0x80, 0xd8, 0xff, 0xff, 0x48, 0x89, 0x45, 0xc8,
  0x48, 0x83, 0x7d, 0xc8, 0x00, 0x0f, 0x84, 0x1b, 0x00, 0x00, 0x00, 0x48,
  0x8b, 0x45, 0xc8, 0x48, 0x89, 0x05, 0x7e, 0x94, 0x01, 0x00, 0x48, 0x8b,
  0x7d, 0xd0, 0x48, 0x8d, 0x35, 0x3b, 0x0b, 0x00, 0x00, 0xe8, 0x86, 0xc8,
  0xff, 0xff, 0xe9, 0x00, 0x00, 0x00, 0x00, 0x48, 0x8d, 0x3d, 0xb3, 0x5b,
  0x00, 0x00, 0x31, 0xc0, 0x41, 0x89, 0xc1, 0x31, 0xc9, 0x4c, 0x89, 0xce,
  0x4c, 0x89, 0xca, 0x4d, 0x89, 0xc8, 0xe8, 0x15, 0x3d, 0x00, 0x00, 0x89,
  0x45, 0xc4, 0x83, 0x7d, 0xc4, 0x00, 0x0f, 0x8e, 0x27, 0x04, 0x00, 0x00,
  0x48, 0x8d, 0xbd, 0x60, 0xfe, 0xff, 0xff, 0x31, 0xf6, 0xba, 0x60, 0x01,
  0x00, 0x00, 0xe8, 0xa5, 0x3a, 0x00, 0x00, 0x48, 0xc7, 0x85, 0x60, 0xfe,
  0xff, 0xff, 0x60, 0x01, 0x00, 0x00, 0x8b, 0x7d, 0xc4, 0x48, 0x8d, 0xb5,
  0x60, 0xfe, 0xff, 0xff, 0xe8, 0x7b, 0x3c, 0x00, 0x00, 0x89, 0x85, 0x5c,
  0xfe, 0xff, 0xff, 0x83, 0xbd, 0x5c, 0xfe, 0xff, 0xff, 0x00, 0x0f, 0x85,
  0xe2, 0x03, 0x00, 0x00, 0x48, 0x8b, 0x85, 0x68, 0xff, 0xff, 0xff, 0x48,
  0x89, 0x85, 0x50, 0xfe, 0xff, 0xff, 0x8b, 0x85, 0x70, 0xff, 0xff, 0xff,
  0x48, 0x89, 0x85, 0x48, 0xfe, 0xff, 0xff, 0x48, 0x8b, 0x7d, 0xf8, 0x48,
  0x8d, 0x35, 0x27, 0x70, 0x00, 0x00, 0x48, 0x8d, 0x15, 0xfc, 0x57, 0x00,
  0x00, 0x48, 0x8d, 0x0d, 0x5b, 0x63, 0x00, 0x00, 0x41, 0xb8, 0x02, 0x00,
  0x00, 0x00, 0xe8, 0x29, 0xed, 0xff, 0xff, 0x48, 0x89, 0x85, 0x40, 0xfe,
  0xff, 0xff, 0x48, 0x83, 0xbd, 0x40, 0xfe, 0xff, 0xff, 0x00, 0x0f, 0x84,
  0x78, 0x00, 0x00, 0x00, 0x48, 0xc7, 0x85, 0x38, 0xfe, 0xff, 0xff, 0x06,
  0x00, 0x00, 0x00, 0x48, 0x8b, 0xbd, 0x40, 0xfe, 0xff, 0xff, 0xbe, 0x06,
  0x00, 0x00, 0x00, 0xe8, 0x78, 0xd7, 0xff, 0xff, 0x48, 0x89, 0x85, 0x30,
  0xfe, 0xff, 0xff, 0x48, 0x83, 0xbd, 0x30, 0xfe, 0xff, 0xff, 0x00, 0x0f,
  0x84, 0x42, 0x00, 0x00, 0x00, 0x48, 0x8b, 0x85, 0x30, 0xfe, 0xff, 0xff,
  0x48, 0x89, 0x05, 0x75, 0x93, 0x01, 0x00, 0x48, 0x8b, 0xbd, 0x50, 0xfe,
  0xff, 0xff, 0x48, 0x8b, 0xb5, 0x48, 0xfe, 0xff, 0xff, 0x48, 0x8b, 0x95,
  0x40, 0xfe, 0xff, 0xff, 0x48, 0x8d, 0x0d, 0x39, 0x0b, 0x00, 0x00, 0x41,
  0xb8, 0x06, 0x00, 0x00, 0x00, 0x45, 0x31, 0xc9, 0x31, 0xc0, 0x48, 0xc7,
  0x04, 0x24, 0x00, 0x00, 0x00, 0x00, 0xe8, 0x41, 0xc8, 0xff, 0xff, 0xe9,
  0x00, 0x00, 0x00, 0x00, 0x48, 0x8b, 0x7d, 0xf8, 0x48, 0x8d, 0x35, 0x6d,
  0x5b, 0x00, 0x00, 0x48, 0x8d, 0x15, 0x84, 0x71, 0x00, 0x00, 0x48, 0x8d,
  0x0d, 0x91, 0x71, 0x00, 0x00, 0x45, 0x31, 0xc0, 0xe8, 0x7b, 0xec, 0xff,
  0xff, 0x48, 0x89, 0x85, 0x28, 0xfe, 0xff, 0xff, 0x48, 0x8b, 0x7d, 0xf8,
  0x48, 0x8d, 0x35, 0x45, 0x5b, 0x00, 0x00, 0x48, 0x8d, 0x15, 0x5c, 0x71,
  0x00, 0x00, 0x48, 0x8d, 0x0d, 0xed, 0x6f, 0x00, 0x00, 0x41, 0xb8, 0x01,
  0x00, 0x00, 0x00, 0xe8, 0x50, 0xec, 0xff, 0xff, 0x48, 0x89, 0x05, 0x09,
  0x93, 0x01, 0x00, 0x48, 0x83, 0xbd, 0x28, 0xfe, 0xff, 0xff, 0x00, 0x0f,
  0x84, 0x86, 0x00, 0x00, 0x00, 0x48, 0x83, 0x3d, 0xf3, 0x92, 0x01, 0x00,
  0x00, 0x0f, 0x84, 0x78, 0x00, 0x00, 0x00, 0x48, 0xc7, 0x85, 0x20, 0xfe,
  0xff, 0xff, 0x06, 0x00, 0x00, 0x00, 0x48, 0x8b, 0xbd, 0x28, 0xfe, 0xff,
  0xff, 0xbe, 0x06, 0x00, 0x00, 0x00, 0xe8, 0x91, 0xd6, 0xff, 0xff, 0x48,
  0x89, 0x85, 0x18, 0xfe, 0xff, 0xff, 0x48, 0x83, 0xbd, 0x18, 0xfe, 0xff,
  0xff, 0x00, 0x0f, 0x84, 0x42, 0x00, 0x00, 0x00, 0x48, 0x8b, 0x85, 0x18,
  0xfe, 0xff, 0xff, 0x48, 0x89, 0x05, 0xa6, 0x92, 0x01, 0x00, 0x48, 0x8b,
  0xbd, 0x50, 0xfe, 0xff, 0xff, 0x48, 0x8b, 0xb5, 0x48, 0xfe, 0xff, 0xff,
  0x48, 0x8b, 0x95, 0x28, 0xfe, 0xff, 0xff, 0x48, 0x8d, 0x0d, 0x82, 0x0c,
  0x00, 0x00, 0x41, 0xb8, 0x06, 0x00, 0x00, 0x00, 0x45, 0x31, 0xc9, 0x31,
  0xc0, 0x48, 0xc7, 0x04, 0x24, 0x00, 0x00, 0x00, 0x00, 0xe8, 0x5a, 0xc7,
  0xff, 0xff, 0xe9, 0x00, 0x00, 0x00, 0x00, 0x48, 0x8b, 0x7d, 0xf8, 0x48,
  0x8d, 0x35, 0xf6, 0x5b, 0x00, 0x00, 0x48, 0x8d, 0x15, 0x2c, 0x6d, 0x00,
  0x00, 0x48, 0x8d, 0x0d, 0x8b, 0x60, 0x00, 0x00, 0x41, 0xb8, 0x06, 0x00,
  0x00, 0x00, 0xe8, 0x91, 0xeb, 0xff, 0xff, 0x48, 0x89, 0x85, 0x10, 0xfe,
  0xff, 0xff, 0x48, 0x83, 0xbd, 0x10, 0xfe, 0xff, 0xff, 0x00, 0x0f, 0x84,
  0x78, 0x00, 0x00, 0x00, 0x48, 0xc7, 0x85, 0x08, 0xfe, 0xff, 0xff, 0x06,
  0x00, 0x00, 0x00, 0x48, 0x8b, 0xbd, 0x10, 0xfe, 0xff, 0xff, 0xbe, 0x06,
  0x00, 0x00, 0x00, 0xe8, 0xe0, 0xd5, 0xff, 0xff, 0x48, 0x89, 0x85, 0x00,
  0xfe, 0xff, 0xff, 0x48, 0x83, 0xbd, 0x00, 0xfe, 0xff, 0xff, 0x00, 0x0f,
  0x84, 0x42, 0x00, 0x00, 0x00, 0x48, 0x8b, 0x85, 0x00, 0xfe, 0xff, 0xff,
  0x48, 0x89, 0x05, 0x05, 0x92, 0x01, 0x00, 0x48, 0x8b, 0xbd, 0x50, 0xfe,
  0xff, 0xff, 0x48, 0x8b, 0xb5, 0x48, 0xfe, 0xff, 0xff, 0x48, 0x8b, 0x95,
  0x10, 0xfe, 0xff, 0xff, 0x48, 0x8d, 0x0d, 0xc1, 0x0c, 0x00, 0x00, 0x41,
  0xb8, 0x06, 0x00, 0x00, 0x00, 0x45, 0x31, 0xc9, 0x31, 0xc0, 0x48, 0xc7,
  0x04, 0x24, 0x00, 0x00, 0x00, 0x00, 0xe8, 0xa9, 0xc6, 0xff, 0xff, 0xe9,
  0x00, 0x00, 0x00, 0x00, 0x48, 0x8b, 0x7d, 0xf8, 0x48, 0x8d, 0x35, 0x45,
  0x5b, 0x00, 0x00, 0x48, 0x8d, 0x15, 0x7b, 0x6c, 0x00, 0x00, 0x48, 0x8d,
  0x0d, 0x6e, 0x66, 0x00, 0x00, 0x41, 0xb8, 0x02, 0x00, 0x00, 0x00, 0xe8,
  0xe0, 0xea, 0xff, 0xff, 0x48, 0x89, 0x85, 0xf8, 0xfd, 0xff, 0xff, 0x48,
  0x83, 0xbd, 0xf8, 0xfd, 0xff, 0xff, 0x00, 0x0f, 0x84, 0x78, 0x00, 0x00,
  0x00, 0x48, 0xc7, 0x85, 0xf0, 0xfd, 0xff, 0xff, 0x06, 0x00, 0x00, 0x00,
  0x48, 0x8b, 0xbd, 0xf8, 0xfd, 0xff, 0xff, 0xbe, 0x06, 0x00, 0x00, 0x00,
  0xe8, 0x2f, 0xd5, 0xff, 0xff, 0x48, 0x89, 0x85, 0xe8, 0xfd, 0xff, 0xff,
  0x48, 0x83, 0xbd, 0xe8, 0xfd, 0xff, 0xff, 0x00, 0x0f, 0x84, 0x42, 0x00,
  0x00, 0x00, 0x48, 0x8b, 0x85, 0xe8, 0xfd, 0xff, 0xff, 0x48, 0x89, 0x05,
  0x5c, 0x91, 0x01, 0x00, 0x48, 0x8b, 0xbd, 0x50, 0xfe, 0xff, 0xff, 0x48,
  0x8b, 0xb5, 0x48, 0xfe, 0xff, 0xff, 0x48, 0x8b, 0x95, 0xf8, 0xfd, 0xff,
  0xff, 0x48, 0x8d, 0x0d, 0xb0, 0x0c, 0x00, 0x00, 0x41, 0xb8, 0x06, 0x00,
  0x00, 0x00, 0x45, 0x31, 0xc9, 0x31, 0xc0, 0x48, 0xc7, 0x04, 0x24, 0x00,
  0x00, 0x00, 0x00, 0xe8, 0xf8, 0xc5, 0xff, 0xff, 0xe9, 0x00, 0x00, 0x00,
  0x00, 0xc6, 0x85, 0xe7, 0xfd, 0xff, 0xff, 0xc3, 0xe8, 0xb7, 0x38, 0x00,
  0x00, 0x89, 0x85, 0xe0, 0xfd, 0xff, 0xff, 0x48, 0x8b, 0x7d, 0xf8, 0x48,
  0x8d, 0x35, 0x82, 0x5a, 0x00, 0x00, 0x48, 0x8d, 0x15, 0x4f, 0x5b, 0x00,
  0x00, 0x48, 0x8d, 0x0d, 0x78, 0x6c, 0x00, 0x00, 0x41, 0xb8, 0x01, 0x00,
  0x00, 0x00, 0xe8, 0x1d, 0xea, 0xff, 0xff, 0x48, 0x89, 0x85, 0xd8, 0xfd,
  0xff, 0xff, 0x48, 0x83, 0xbd, 0xd8, 0xfd, 0xff, 0xff, 0x00, 0x0f, 0x84,
  0x22, 0x00, 0x00, 0x00, 0x8b, 0xbd, 0xe0, 0xfd, 0xff, 0xff, 0x48, 0x8b,
  0xb5, 0xd8, 0xfd, 0xff, 0xff, 0x48, 0x8d, 0x95, 0xe7, 0xfd, 0xff, 0xff,
  0x41, 0xb8, 0x01, 0x00, 0x00, 0x00, 0x4c, 0x89, 0xc1, 0xe8, 0xa6, 0xc3,
  0xff, 0xff, 0x48, 0x8b, 0x7d, 0xf8, 0x48, 0x8d, 0x35, 0x27, 0x5a, 0x00,
  0x00, 0x48, 0x8d, 0x15, 0xd4, 0x5d, 0x00, 0x00, 0x48, 0x8d, 0x0d, 0xbf,
  0x53, 0x00, 0x00, 0x41, 0xb8, 0x05, 0x00, 0x00, 0x00, 0xe8, 0xc2, 0xe9,
  0xff, 0xff, 0x48, 0x89, 0x85, 0xd0, 0xfd, 0xff, 0xff, 0x48, 0x83, 0xbd,
  0xd0, 0xfd, 0xff, 0xff, 0x00, 0x0f, 0x84, 0x22, 0x00, 0x00, 0x00, 0x8b,
  0xbd, 0xe0, 0xfd, 0xff, 0xff, 0x48, 0x8b, 0xb5, 0xd0, 0xfd, 0xff, 0xff,
  0x48, 0x8d, 0x95, 0xe7, 0xfd, 0xff, 0xff, 0x41, 0xb8, 0x01, 0x00, 0x00,
  0x00, 0x4c, 0x89, 0xc1, 0xe8, 0x4b, 0xc3, 0xff, 0xff, 0xe9, 0x00, 0x00,
  0x00, 0x00, 0xe9, 0x00, 0x00, 0x00, 0x00, 0x48, 0x8b, 0x7d, 0xf8, 0x48,
  0x8d, 0x35, 0xac, 0x5f, 0x00, 0x00, 0x48, 0x8d, 0x15, 0x89, 0x55, 0x00,
  0x00, 0x48, 0x8d, 0x0d, 0xb1, 0x5c, 0x00, 0x00, 0x41, 0xb8, 0x01, 0x00,
  0x00, 0x00, 0xe8, 0x5d, 0xe9, 0xff, 0xff, 0x48, 0x89, 0x85, 0xc8, 0xfd,
  0xff, 0xff, 0x48, 0x83, 0xbd, 0xc8, 0xfd, 0xff, 0xff, 0x00, 0x0f, 0x84,
  0x4c, 0x00, 0x00, 0x00, 0x48, 0x8b, 0xbd, 0xc8, 0xfd, 0xff, 0xff, 0xbe,
  0x0f, 0x00, 0x00, 0x00, 0xe8, 0xb7, 0xd3, 0xff, 0xff, 0x48, 0x89, 0x85,
  0xc0, 0xfd, 0xff, 0xff, 0x48, 0x83, 0xbd, 0xc0, 0xfd, 0xff, 0xff, 0x00,
  0x0f, 0x84, 0x21, 0x00, 0x00, 0x00, 0x48, 0x8b, 0x85, 0xc0, 0xfd, 0xff,
  0xff, 0x48, 0x89, 0x05, 0xbc, 0x8f, 0x01, 0x00, 0x48, 0x8b, 0xbd, 0xc8,
  0xfd, 0xff, 0xff, 0x48, 0x8d, 0x35, 0xe6, 0x0b, 0x00, 0x00, 0xe8, 0xb1,
  0xc3, 0xff, 0xff, 0xe9, 0x00, 0x00, 0x00, 0x00, 0x48, 0x8b, 0x7d, 0xf8,
  0x48, 0x8d, 0x35, 0x27, 0x5f, 0x00, 0x00, 0x48, 0x8d, 0x15, 0x04, 0x55,
  0x00, 0x00, 0x48, 0x8d, 0x0d, 0x62, 0x60, 0x00, 0x00, 0x41, 0xb8, 0x01,
  0x00, 0x00, 0x00, 0xe8, 0xd8, 0xe8, 0xff, 0xff, 0x48, 0x89, 0x05, 0x81,
  0x8f, 0x01, 0x00, 0x48, 0x8b, 0x7d, 0xf8, 0x48, 0x8d, 0x35, 0xfc, 0x5e,
  0x00, 0x00, 0x48, 0x8d, 0x15, 0x7a, 0x68, 0x00, 0x00, 0x48, 0x8d, 0x0d,
  0xa4, 0x57, 0x00, 0x00, 0x41, 0xb8, 0x02, 0x00, 0x00, 0x00, 0xe8, 0xad,
  0xe8, 0xff, 0xff, 0x48, 0x89, 0x85, 0xb8, 0xfd, 0xff, 0xff, 0x48, 0x83,
  0xbd, 0xb8, 0xfd, 0xff, 0xff, 0x00, 0x0f, 0x84, 0x21, 0x00, 0x00, 0x00,
  0x48, 0x83, 0x3d, 0x40, 0x8f, 0x01, 0x00, 0x00, 0x0f, 0x84, 0x13, 0x00,
  0x00, 0x00, 0x48, 0x8b, 0xbd, 0xb8, 0xfd, 0xff, 0xff, 0x48, 0x8d, 0x35,
  0x2c, 0x0d, 0x00, 0x00, 0xe8, 0x27, 0xc3, 0xff, 0xff, 0x48, 0x8b, 0x7d,
  0xf8, 0x48, 0x8d, 0x35, 0xb8, 0x58, 0x00, 0x00, 0x48, 0x8d, 0x15, 0x98,
  0x62, 0x00, 0x00, 0x48, 0x8d, 0x0d, 0x5d, 0x57, 0x00, 0x00, 0x45, 0x31,
  0xc0, 0xe8, 0x56, 0xe8, 0xff, 0xff, 0x48, 0x89, 0x85, 0xb0, 0xfd, 0xff,
  0xff, 0x48, 0x83, 0xbd, 0xb0, 0xfd, 0xff, 0xff, 0x00, 0x0f, 0x84, 0x13,
  0x00, 0x00, 0x00, 0x48, 0x8b, 0xbd, 0xb0, 0xfd, 0xff, 0xff, 0x48, 0x8d,
  0x35, 0xd3, 0x0d, 0x00, 0x00, 0xe8, 0xde, 0xc2, 0xff, 0xff, 0x48, 0x81,
  0xc4, 0x60, 0x02, 0x00, 0x00, 0x5d, 0xc3, 0x0f, 0x1f, 0x44, 0x00, 0x00,
  0x55, 0x48, 0x89, 0xe5, 0x48, 0x83, 0xec, 0x60, 0x48, 0x89, 0x7d, 0xf8,
  0x48, 0x89, 0x75, 0xf0, 0x48, 0x89, 0x55, 0xe8, 0x48, 0x8d, 0x05, 0x6d,
  0x8e, 0x01, 0x00, 0x48, 0x8b, 0x38, 0x48, 0x8d, 0x35, 0x31, 0x5e, 0x00,
  0x00, 0x48, 0x8d, 0x15, 0x0e, 0x54, 0x00, 0x00, 0xe8, 0x5f, 0xe6, 0xff,
  0xff, 0x48, 0x89, 0x45, 0xe0, 0x48, 0x8b, 0x7d, 0xe0, 0x48, 0x8b, 0x75,
  0xf0, 0x48, 0x8d, 0x15, 0x21, 0x59, 0x00, 0x00, 0xe8, 0x27, 0xee, 0xff,
  0xff, 0x48, 0x89, 0xc7, 0xe8, 0x3f, 0x38, 0x00, 0x00, 0x48, 0x89, 0x45,
  0xd8, 0x48, 0x8b, 0x7d, 0xe0, 0x48, 0x8b, 0x75, 0xf0, 0x48, 0x8d, 0x15,
  0x78, 0x5a, 0x00, 0x00, 0xe8, 0x07, 0xee, 0xff, 0xff, 0x48, 0x89, 0xc7,
  0xe8, 0x1f, 0x38, 0x00, 0x00, 0x48, 0x89, 0x45, 0xd0, 0x48, 0x8b, 0x7d,
  0xe0, 0x48, 0x8b, 0x75, 0xf0, 0x48, 0x8d, 0x15, 0xe0, 0x6c, 0x00, 0x00,
  0xe8, 0xe7, 0xed, 0xff, 0xff, 0x48, 0x89, 0x45, 0xc8, 0x48, 0x8b, 0x4d,
  0xd8, 0x4c, 0x8b, 0x45, 0xd0, 0x48, 0x8b, 0x45, 0xc8, 0x44, 0x8b, 0x48,
  0x10, 0x48, 0x8d, 0x3d, 0x84, 0x52, 0x00, 0x00, 0x48, 0x8d, 0x35, 0x51,
  0x66, 0x00, 0x00, 0xba, 0xb0, 0x01, 0x00, 0x00, 0xb0, 0x00, 0xe8, 0xf9,
  0x34, 0x00, 0x00, 0x48, 0x8b, 0x7d, 0xc8, 0xe8, 0xc0, 0x17, 0x00, 0x00,
  0xa8, 0x01, 0x0f, 0x85, 0x05, 0x00, 0x00, 0x00, 0xe9, 0xca, 0x00, 0x00,
  0x00, 0x48, 0xc7, 0x45, 0xc0, 0x00, 0x00, 0x00, 0x00, 0x48, 0xc7, 0x45,
  0xb8, 0x00, 0x00, 0x00, 0x00, 0x48, 0x8b, 0x05, 0xbc, 0x8f, 0x01, 0x00,
  0x48, 0x89, 0x45, 0xb0, 0x48, 0xb9, 0x20, 0x4c, 0x12, 0x63, 0xeb, 0x77,
  0x50, 0x80, 0x48, 0x29, 0xc8, 0x0f, 0x84, 0x21, 0x00, 0x00, 0x00, 0xe9,
  0x00, 0x00, 0x00, 0x00, 0x48, 0x8b, 0x45, 0xb0, 0x48, 0xb9, 0x7e, 0xf1,
  0x48, 0x4b, 0xb1, 0x3b, 0x87, 0x38, 0x48, 0x29, 0xc8, 0x0f, 0x84, 0x20,
  0x00, 0x00, 0x00, 0xe9, 0x31, 0x00, 0x00, 0x00, 0x48, 0x8d, 0x05, 0xea,
  0x66, 0x00, 0x00, 0x48, 0x89, 0x45, 0xc0, 0x48, 0x8d, 0x05, 0x1b, 0x53,
  0x00, 0x00, 0x48, 0x89, 0x45, 0xb8, 0xe9, 0x16, 0x00, 0x00, 0x00, 0x48,
  0x8d, 0x05, 0xb6, 0x64, 0x00, 0x00, 0x48, 0x89, 0x45, 0xc0, 0x48, 0x8d,
  0x05, 0x52, 0x6b, 0x00, 0x00, 0x48, 0x89, 0x45, 0xb8, 0x48, 0x83, 0x7d,
  0xc0, 0x00, 0x0f, 0x84, 0x3a, 0x00, 0x00, 0x00, 0x48, 0x83, 0x7d, 0xb8,
  0x00, 0x0f, 0x84, 0x2f, 0x00, 0x00, 0x00, 0x48, 0x8b, 0x7d, 0xc8, 0x48,
  0x8b, 0x75, 0xc0, 0x48, 0x8b, 0x55, 0xb8, 0x48, 0x8b, 0x4d, 0xd8, 0x4c,
  0x8b, 0x45, 0xd0, 0x45, 0x31, 0xc9, 0x31, 0xc0, 0x48, 0xc7, 0x04, 0x24,
  0x00, 0x00, 0x00, 0x00, 0x48, 0xc7, 0x44, 0x24, 0x08, 0x00, 0x00, 0x00,
  0x00, 0xe8, 0x3e, 0x17, 0x00, 0x00, 0xe9, 0x00, 0x00, 0x00, 0x00, 0x48,
  0x8b, 0x45, 0xc8, 0x83, 0x78, 0x10, 0x02, 0x0f, 0x85, 0x5d, 0x00, 0x00,
  0x00, 0x48, 0x8b, 0x7d, 0xd8, 0xe8, 0x82, 0x19, 0x00, 0x00, 0x48, 0xb9,
  0x53, 0x9a, 0xfb, 0xee, 0x56, 0x63, 0xda, 0xac, 0x48, 0x29, 0xc8, 0x0f,
  0x85, 0x37, 0x00, 0x00, 0x00, 0xe9, 0x00, 0x00, 0x00, 0x00, 0xe8, 0xc5,
  0x34, 0x00, 0x00, 0x89, 0xc7, 0xbe, 0x09, 0x00, 0x00, 0x00, 0xe8, 0x29,
  0x37, 0x00, 0x00, 0x89, 0xc1, 0x48, 0x8d, 0x3d, 0x70, 0x5a, 0x00, 0x00,
  0x48, 0x8d, 0x35, 0x15, 0x65, 0x00, 0x00, 0xba, 0xd0, 0x01, 0x00, 0x00,
  0xb0, 0x00, 0xe8, 0xbd, 0x33, 0x00, 0x00, 0xe9, 0x05, 0x00, 0x00, 0x00,
  0xe9, 0x00, 0x00, 0x00, 0x00, 0xe9, 0x00, 0x00, 0x00, 0x00, 0x48, 0x8b,
  0x05, 0x9f, 0x8c, 0x01, 0x00, 0x48, 0x8b, 0x7d, 0xf8, 0x48, 0x8b, 0x75,
  0xf0, 0x48, 0x8b, 0x55, 0xe8, 0xff, 0xd0, 0x48, 0x83, 0xc4, 0x60, 0x5d,
  0xc3, 0x0f, 0x1f, 0x00, 0x55, 0x48, 0x89, 0xe5, 0x48, 0x81, 0xec, 0x10,
  0x01, 0x00, 0x00, 0x48, 0x89, 0x7d, 0xf8, 0x48, 0x89, 0x75, 0xf0, 0x48,
  0x89, 0x55, 0xe8, 0x48, 0x8d, 0xbd, 0x60, 0xff, 0xff, 0xff, 0x31, 0xf6,
  0xba, 0x80, 0x00, 0x00, 0x00, 0xe8, 0xe6, 0x32, 0x00, 0x00, 0x48, 0x8d,
  0x05, 0x37, 0x8c, 0x01, 0x00, 0x48, 0x8b, 0x38, 0x48, 0x8d, 0x35, 0xfb,
  0x5b, 0x00, 0x00, 0x48, 0x8d, 0x15, 0xd8, 0x51, 0x00, 0x00, 0xe8, 0x29,
  0xe4, 0xff, 0xff, 0x48, 0x89, 0x85, 0x58, 0xff, 0xff, 0xff, 0x48, 0x8b,
  0xbd, 0x58, 0xff, 0xff, 0xff, 0x48, 0x8b, 0x75, 0xf0, 0x48, 0x8d, 0x15,
  0xe5, 0x56, 0x00, 0x00, 0xe8, 0xeb, 0xeb, 0xff, 0xff, 0x48, 0x89, 0xc7,
  0xe8, 0x03, 0x36, 0x00, 0x00, 0x48, 0x89, 0x85, 0x50, 0xff, 0xff, 0xff,
  0x48, 0x8b, 0xbd, 0x58, 0xff, 0xff, 0xff, 0x48, 0x8b, 0x75, 0xf0, 0x48,
  0x8d, 0x15, 0x36, 0x58, 0x00, 0x00, 0xe8, 0xc5, 0xeb, 0xff, 0xff, 0x48,
  0x89, 0xc7, 0xe8, 0xdd, 0x35, 0x00, 0x00, 0x48, 0x89, 0x85, 0x48, 0xff,
  0xff, 0xff, 0x48, 0x8b, 0xbd, 0x58, 0xff, 0xff, 0xff, 0x48, 0x8b, 0x75,
  0xf0, 0x48, 0x8d, 0x15, 0x98, 0x6a, 0x00, 0x00, 0xe8, 0x9f, 0xeb, 0xff,
  0xff, 0x48, 0x89, 0x85, 0x40, 0xff, 0xff, 0xff, 0x48, 0x8b, 0xbd, 0x40,
  0xff, 0xff, 0xff, 0xe8, 0x9c, 0x15, 0x00, 0x00, 0xa8, 0x01, 0x0f, 0x85,
  0x05, 0x00, 0x00, 0x00, 0xe9, 0x4a, 0x01, 0x00, 0x00, 0x48, 0xc7, 0x85,
  0x38, 0xff, 0xff, 0xff, 0x00, 0x00, 0x00, 0x00, 0x48, 0xc7, 0x85, 0x30,
  0xff, 0xff, 0xff, 0x00, 0x00, 0x00, 0x00, 0x48, 0x8b, 0x05, 0x92, 0x8d,
  0x01, 0x00, 0x48, 0x89, 0x85, 0x20, 0xff, 0xff, 0xff, 0x48, 0xb9, 0x20,
  0x4c, 0x12, 0x63, 0xeb, 0x77, 0x50, 0x80, 0x48, 0x29, 0xc8, 0x0f, 0x84,
  0x24, 0x00, 0x00, 0x00, 0xe9, 0x00, 0x00, 0x00, 0x00, 0x48, 0x8b, 0x85,
  0x20, 0xff, 0xff, 0xff, 0x48, 0xb9, 0x7e, 0xf1, 0x48, 0x4b, 0xb1, 0x3b,
  0x87, 0x38, 0x48, 0x29, 0xc8, 0x0f, 0x84, 0x26, 0x00, 0x00, 0x00, 0xe9,
  0x3d, 0x00, 0x00, 0x00, 0x48, 0x8d, 0x05, 0xba, 0x64, 0x00, 0x00, 0x48,
  0x89, 0x85, 0x38, 0xff, 0xff, 0xff, 0x48, 0x8d, 0x05, 0xe8, 0x50, 0x00,
  0x00, 0x48, 0x89, 0x85, 0x30, 0xff, 0xff, 0xff, 0xe9, 0x1c, 0x00, 0x00,
  0x00, 0x48, 0x8d, 0x05, 0x80, 0x62, 0x00, 0x00, 0x48, 0x89, 0x85, 0x38,
  0xff, 0xff, 0xff, 0x48, 0x8d, 0x05, 0x19, 0x69, 0x00, 0x00, 0x48, 0x89,
  0x85, 0x30, 0xff, 0xff, 0xff, 0x48, 0x83, 0xbd, 0x38, 0xff, 0xff, 0xff,
  0x00, 0x0f, 0x84, 0x50, 0x00, 0x00, 0x00, 0x48, 0x83, 0xbd, 0x30, 0xff,
  0xff, 0xff, 0x00, 0x0f, 0x84, 0x42, 0x00, 0x00, 0x00, 0x48, 0x8b, 0xbd,
  0x40, 0xff, 0xff, 0xff, 0x48, 0x8b, 0xb5, 0x38, 0xff, 0xff, 0xff, 0x48,
  0x8b, 0x95, 0x30, 0xff, 0xff, 0xff, 0x48, 0x8b, 0x8d, 0x50, 0xff, 0xff,
  0xff, 0x4c, 0x8b, 0x85, 0x48, 0xff, 0xff, 0xff, 0x48, 0x8d, 0x85, 0x60,
  0xff, 0xff, 0xff, 0x41, 0xb9, 0x01, 0x00, 0x00, 0x00, 0x48, 0x89, 0x04,
  0x24, 0x48, 0xc7, 0x44, 0x24, 0x08, 0x80, 0x00, 0x00, 0x00, 0xe8, 0xe9,
  0x14, 0x00, 0x00, 0x80, 0xbd, 0x60, 0xff, 0xff, 0xff, 0x00, 0x0f, 0x84,
  0x42, 0x00, 0x00, 0x00, 0x48, 0x8b, 0x85, 0x58, 0xff, 0xff, 0xff, 0x48,
  0x89, 0x85, 0x10, 0xff, 0xff, 0xff, 0x48, 0x8b, 0x45, 0xf0, 0x48, 0x89,
  0x85, 0x18, 0xff, 0xff, 0xff, 0x48, 0x8d, 0xbd, 0x60, 0xff, 0xff, 0xff,
  0xe8, 0xc7, 0xe4, 0xff, 0xff, 0x48, 0x8b, 0xbd, 0x10, 0xff, 0xff, 0xff,
  0x48, 0x8b, 0xb5, 0x18, 0xff, 0xff, 0xff, 0x48, 0x89, 0xc1, 0x48, 0x8d,
  0x15, 0xab, 0x56, 0x00, 0x00, 0xe8, 0x4a, 0xeb, 0xff, 0xff, 0xe9, 0x00,
  0x00, 0x00, 0x00, 0x48, 0x8b, 0x8d, 0x50, 0xff, 0xff, 0xff, 0x4c, 0x8b,
  0x85, 0x48, 0xff, 0xff, 0xff, 0x48, 0x8b, 0x85, 0x40, 0xff, 0xff, 0xff,
  0x8b, 0x50, 0x10, 0x48, 0x89, 0xe0, 0x89, 0x10, 0x48, 0x8d, 0x3d, 0xa6,
  0x5a, 0x00, 0x00, 0x48, 0x8d, 0x35, 0x96, 0x62, 0x00, 0x00, 0x31, 0xc0,
  0xba, 0xff, 0x01, 0x00, 0x00, 0x4c, 0x8d, 0x8d, 0x60, 0xff, 0xff, 0xff,
  0xe8, 0x37, 0x31, 0x00, 0x00, 0x48, 0x8b, 0xbd, 0x50, 0xff, 0xff, 0xff,
  0xe8, 0xab, 0x16, 0x00, 0x00, 0x48, 0x89, 0xc1, 0x48, 0x89, 0x8d, 0x08,
  0xff, 0xff, 0xff, 0x48, 0xb9, 0x75, 0xc4, 0x33, 0x21, 0x39, 0x8d, 0xcc,
  0xbd, 0x48, 0x29, 0xc8, 0x0f, 0x84, 0x81, 0x00, 0x00, 0x00, 0xe9, 0x00,
  0x00, 0x00, 0x00, 0x48, 0x8b, 0x85, 0x08, 0xff, 0xff, 0xff, 0x48, 0xb9,
  0xe5, 0x3e, 0x5e, 0xf6, 0xe1, 0x27, 0xec, 0x0f, 0x48, 0x29, 0xc8, 0x0f,
  0x84, 0x62, 0x00, 0x00, 0x00, 0xe9, 0x00, 0x00, 0x00, 0x00, 0x48, 0x8b,
  0x85, 0x08, 0xff, 0xff, 0xff, 0x48, 0xb9, 0x99, 0x69, 0xe3, 0xff, 0x6b,
  0xa2, 0x68, 0x3c, 0x48, 0x29, 0xc8, 0x0f, 0x84, 0x43, 0x00, 0x00, 0x00,
  0xe9, 0x00, 0x00, 0x00, 0x00, 0x48, 0x8b, 0x85, 0x08, 0xff, 0xff, 0xff,
  0x48, 0xb9, 0x13, 0x77, 0xeb, 0x1f, 0xea, 0x8c, 0xb4, 0x65, 0x48, 0x29,
  0xc8, 0x0f, 0x84, 0x24, 0x00, 0x00, 0x00, 0xe9, 0x00, 0x00, 0x00, 0x00,
  0x48, 0x8b, 0x85, 0x08, 0xff, 0xff, 0xff, 0x48, 0xb9, 0x0d, 0x6d, 0xb6,
  0xfd, 0xd5, 0x0c, 0xc9, 0x7a, 0x48, 0x29, 0xc8, 0x0f, 0x85, 0x32, 0x00,
  0x00, 0x00, 0xe9, 0x00, 0x00, 0x00, 0x00, 0xc7, 0x85, 0x2c, 0xff, 0xff,
  0xff, 0x00, 0x00, 0x00, 0x00, 0x48, 0x8b, 0xbd, 0x58, 0xff, 0xff, 0xff,
  0x48, 0x8b, 0x75, 0xf0, 0x48, 0x8d, 0x15, 0x35, 0x57, 0x00, 0x00, 0x48,
  0x8d, 0x8d, 0x2c, 0xff, 0xff, 0xff, 0xe8, 0x35, 0xea, 0xff, 0xff, 0xe9,
  0x05, 0x00, 0x00, 0x00, 0xe9, 0x00, 0x00, 0x00, 0x00, 0x48, 0x8b, 0x05,
  0x54, 0x89, 0x01, 0x00, 0x48, 0x8b, 0x7d, 0xf8, 0x48, 0x8b, 0x75, 0xf0,
  0x48, 0x8b, 0x55, 0xe8, 0xff, 0xd0, 0x48, 0x81, 0xc4, 0x10, 0x01, 0x00,
  0x00, 0x5d, 0xc3, 0x66, 0x66, 0x66, 0x66, 0x2e, 0x0f, 0x1f, 0x84, 0x00,
  0x00, 0x00, 0x00, 0x00, 0x55, 0x48, 0x89, 0xe5, 0x48, 0x83, 0xec, 0x40,
  0x48, 0x89, 0x7d, 0xf8, 0x48, 0x89, 0x75, 0xf0, 0x48, 0x89, 0x55, 0xe8,
  0x48, 0x8b, 0x45, 0xe8, 0x8b, 0x40, 0x10, 0x89, 0x45, 0xe4, 0x83, 0x7d,
  0xe4, 0x01, 0x0f, 0x84, 0x0a, 0x00, 0x00, 0x00, 0x83, 0x7d, 0xe4, 0x02,
  0x0f, 0x85, 0xd1, 0x00, 0x00, 0x00, 0x48, 0x8d, 0x05, 0xcf, 0x88, 0x01,
  0x00, 0x48, 0x8b, 0x38, 0x48, 0x8d, 0x35, 0x93, 0x58, 0x00, 0x00, 0x48,
  0x8d, 0x15, 0xe3, 0x5d, 0x00, 0x00, 0xe8, 0xc1, 0xe0, 0xff, 0xff, 0x48,
  0x89, 0x45, 0xd8, 0x48, 0x8b, 0x7d, 0xd8, 0x48, 0x8b, 0x75, 0xf0, 0x48,
  0x8d, 0x15, 0x83, 0x53, 0x00, 0x00, 0xe8, 0x89, 0xe8, 0xff, 0xff, 0x48,
  0x89, 0x45, 0xd0, 0x48, 0x8b, 0x4d, 0xd0, 0x48, 0x83, 0xc1, 0x14, 0x48,
  0x8d, 0x3d, 0x90, 0x53, 0x00, 0x00, 0x48, 0x8d, 0x35, 0xfb, 0x60, 0x00,
  0x00, 0x31, 0xc0, 0xba, 0x22, 0x02, 0x00, 0x00, 0xe8, 0xa3, 0x2f, 0x00,
  0x00, 0x48, 0x8b, 0x7d, 0xd0, 0x48, 0x83, 0xc7, 0x14, 0xe8, 0x86, 0x15,
  0x00, 0x00, 0x48, 0x89, 0x45, 0xc8, 0x48, 0x8b, 0x45, 0xc8, 0x48, 0x89,
  0x05, 0x77, 0x8a, 0x01, 0x00, 0x8b, 0x45, 0xe4, 0x89, 0x45, 0xc4, 0x83,
  0xe8, 0x01, 0x0f, 0x84, 0x16, 0x00, 0x00, 0x00, 0xe9, 0x00, 0x00, 0x00,
  0x00, 0x8b, 0x45, 0xc4, 0x83, 0xe8, 0x02, 0x0f, 0x84, 0x2b, 0x00, 0x00,
  0x00, 0xe9, 0x2b, 0x00, 0x00, 0x00, 0x48, 0x8b, 0x45, 0xc8, 0x48, 0xb9,
  0x7e, 0xf1, 0x48, 0x4b, 0xb1, 0x3b, 0x87, 0x38, 0x48, 0x29, 0xc8, 0x0f,
  0x85, 0x0a, 0x00, 0x00, 0x00, 0xe9, 0x00, 0x00, 0x00, 0x00, 0xe8, 0xa1,
  0x15, 0x00, 0x00, 0xe9, 0x0a, 0x00, 0x00, 0x00, 0xe9, 0x05, 0x00, 0x00,
  0x00, 0xe9, 0x00, 0x00, 0x00, 0x00, 0xe9, 0x00, 0x00, 0x00, 0x00, 0x48,
  0x8b, 0x05, 0x2e, 0x88, 0x01, 0x00, 0x48, 0x8b, 0x7d, 0xf8, 0x48, 0x8b,
  0x75, 0xf0, 0x48, 0x8b, 0x55, 0xe8, 0xff, 0xd0, 0x48, 0x83, 0xc4, 0x40,
  0x5d, 0xc3, 0x66, 0x90, 0x55, 0x48, 0x89, 0xe5, 0x48, 0x81, 0xec, 0x80,
  0x00, 0x00, 0x00, 0x48, 0x89, 0x7d, 0xf8, 0x48, 0x89, 0x75, 0xf0, 0x48,
  0x89, 0x55, 0xe8, 0x48, 0x8d, 0x05, 0xca, 0x87, 0x01, 0x00, 0x48, 0x89,
  0x45, 0xa0, 0x48, 0x8b, 0x38, 0x48, 0x8d, 0x35, 0x8a, 0x57, 0x00, 0x00,
  0x48, 0x89, 0x75, 0x98, 0x48, 0x8d, 0x15, 0x63, 0x4d, 0x00, 0x00, 0xe8,
  0xb4, 0xdf, 0xff, 0xff, 0x48, 0x8b, 0x75, 0x98, 0x48, 0x89, 0xc1, 0x48,
  0x8b, 0x45, 0xa0, 0x48, 0x89, 0x4d, 0xe0, 0x48, 0x8b, 0x38, 0x48, 0x8d,
  0x15, 0x45, 0x5a, 0x00, 0x00, 0xe8, 0x96, 0xdf, 0xff, 0xff, 0x48, 0x89,
  0x45, 0xd8, 0x48, 0x8b, 0x7d, 0xe0, 0x48, 0x8b, 0x75, 0xf0, 0x48, 0x8d,
  0x15, 0x58, 0x52, 0x00, 0x00, 0xe8, 0x5e, 0xe7, 0xff, 0xff, 0x48, 0x89,
  0x45, 0xd0, 0x48, 0x8b, 0x7d, 0xe0, 0x48, 0x8b, 0x75, 0xf0, 0x48, 0x8d,
  0x15, 0x3f, 0x66, 0x00, 0x00, 0xe8, 0x46, 0xe7, 0xff, 0xff, 0x48, 0x89,
  0x45, 0xc8, 0x48, 0x8b, 0x7d, 0xe0, 0x48, 0x8b, 0x75, 0xf0, 0x48, 0x8d,
  0x15, 0xe2, 0x4a, 0x00, 0x00, 0xe8, 0x2e, 0xe7, 0xff, 0xff, 0x48, 0x89,
  0x45, 0xc0, 0x48, 0x8b, 0x7d, 0xd0, 0x48, 0x83, 0xc7, 0x14, 0xe8, 0x4d,
  0x14, 0x00, 0x00, 0x48, 0x89, 0xc1, 0x48, 0x89, 0x4d, 0xa8, 0x48, 0xb9,
  0xef, 0x27, 0x6e, 0xd5, 0xd5, 0xcc, 0x85, 0x89, 0x48, 0x29, 0xc8, 0x0f,
  0x84, 0x21, 0x00, 0x00, 0x00, 0xe9, 0x00, 0x00, 0x00, 0x00, 0x48, 0x8b,
  0x45, 0xa8, 0x48, 0xb9, 0x53, 0x9a, 0xfb, 0xee, 0x56, 0x63, 0xda, 0xac,
  0x48, 0x29, 0xc8, 0x0f, 0x84, 0xf1, 0x00, 0x00, 0x00, 0xe9, 0x10, 0x01,
  0x00, 0x00, 0x4c, 0x8b, 0x45, 0xd0, 0x49, 0x83, 0xc0, 0x14, 0x48, 0x8d,
  0x3d, 0xe1, 0x4d, 0x00, 0x00, 0x48, 0x8d, 0x35, 0x28, 0x64, 0x00, 0x00,
  0x48, 0x8d, 0x15, 0x51, 0x5f, 0x00, 0x00, 0xb9, 0x7c, 0x02, 0x00, 0x00,
  0xb0, 0x00, 0xe8, 0xf9, 0x2d, 0x00, 0x00, 0x48, 0x8d, 0x3d, 0x8f, 0x59,
  0x00, 0x00, 0x48, 0x8d, 0x35, 0x07, 0x64, 0x00, 0x00, 0x48, 0x8d, 0x15,
  0x30, 0x5f, 0x00, 0x00, 0xb9, 0x7d, 0x02, 0x00, 0x00, 0x4c, 0x8d, 0x05,
  0xd8, 0x88, 0x01, 0x00, 0xb0, 0x00, 0xe8, 0xd1, 0x2d, 0x00, 0x00, 0x48,
  0x8b, 0x45, 0xc8, 0x83, 0x78, 0x10, 0x15, 0x0f, 0x85, 0x88, 0x00, 0x00,
  0x00, 0x80, 0x3d, 0xbc, 0x88, 0x01, 0x00, 0x00, 0x0f, 0x85, 0x24, 0x00,
  0x00, 0x00, 0xc7, 0x45, 0xbc, 0x00, 0x00, 0x00, 0x00, 0x48, 0x8b, 0x7d,
  0xe0, 0x48, 0x8b, 0x75, 0xf0, 0x48, 0x8d, 0x15, 0x86, 0x4d, 0x00, 0x00,
  0x48, 0x8d, 0x4d, 0xbc, 0xe8, 0x67, 0xe7, 0xff, 0xff, 0xe9, 0x52, 0x00,
  0x00, 0x00, 0xc7, 0x45, 0xb8, 0x00, 0x00, 0x00, 0x00, 0x48, 0x8b, 0x7d,
  0xd8, 0x48, 0x8b, 0x75, 0xc0, 0x48, 0x8d, 0x15, 0x04, 0x49, 0x00, 0x00,
  0x48, 0x8d, 0x4d, 0xb8, 0xe8, 0x43, 0xe7, 0xff, 0xff, 0x48, 0x8b, 0x45,
  0xd8, 0x48, 0x89, 0x45, 0x88, 0x48, 0x8b, 0x45, 0xc0, 0x48, 0x89, 0x45,
  0x90, 0x48, 0x8d, 0x3d, 0x5c, 0x88, 0x01, 0x00, 0xe8, 0x87, 0xe0, 0xff,
  0xff, 0x48, 0x8b, 0x7d, 0x88, 0x48, 0x8b, 0x75, 0x90, 0x48, 0x89, 0xc1,
  0x48, 0x8d, 0x15, 0x77, 0x52, 0x00, 0x00, 0xe8, 0x10, 0xe7, 0xff, 0xff,
  0xe9, 0x00, 0x00, 0x00, 0x00, 0xe9, 0x29, 0x00, 0x00, 0x00, 0xc7, 0x45,
  0xb4, 0x00, 0x00, 0x00, 0x00, 0x48, 0x8b, 0x7d, 0xe0, 0x48, 0x8b, 0x75,
  0xf0, 0x48, 0x8d, 0x15, 0x06, 0x4d, 0x00, 0x00, 0x48, 0x8d, 0x4d, 0xb4,
  0xe8, 0xe7, 0xe6, 0xff, 0xff, 0xe9, 0x05, 0x00, 0x00, 0x00, 0xe9, 0x00,
  0x00, 0x00, 0x00, 0x48, 0x8b, 0x05, 0x16, 0x86, 0x01, 0x00, 0x48, 0x8b,
  0x7d, 0xf8, 0x48, 0x8b, 0x75, 0xf0, 0x48, 0x8b, 0x55, 0xe8, 0xff, 0xd0,
  0x48, 0x81, 0xc4, 0x80, 0x00, 0x00, 0x00, 0x5d, 0xc3, 0x66, 0x66, 0x66,
  0x66, 0x66, 0x66, 0x2e, 0x0f, 0x1f, 0x84, 0x00, 0x00, 0x00, 0x00, 0x00,
  0x55, 0x48, 0x89, 0xe5, 0x48, 0x83, 0xec, 0x40, 0x48, 0x89, 0x7d, 0xf8,
  0x48, 0x83, 0x7d, 0xf8, 0x00, 0x0f, 0x84, 0xbe, 0x00, 0x00, 0x00, 0x4c,
  0x8b, 0x05, 0xf2, 0x85, 0x01, 0x00, 0x48, 0x8d, 0x3d, 0x48, 0x5e, 0x00,
  0x00, 0x48, 0x8d, 0x35, 0xd5, 0x5a, 0x00, 0x00, 0x48, 0x89, 0x75, 0xc8,
  0x48, 0x8d, 0x15, 0xf5, 0x5d, 0x00, 0x00, 0x48, 0x89, 0x55, 0xd0, 0x31,
  0xc0, 0x88, 0x45, 0xdf, 0xb9, 0xd4, 0x02, 0x00, 0x00, 0xe8, 0x96, 0x2c,
  0x00, 0x00, 0x48, 0x8b, 0x75, 0xc8, 0x48, 0x8b, 0x55, 0xd0, 0x8a, 0x45,
  0xdf, 0x4c, 0x8b, 0x45, 0xf8, 0x48, 0x8d, 0x3d, 0x6e, 0x4c, 0x00, 0x00,
  0xb9, 0xd5, 0x02, 0x00, 0x00, 0xe8, 0x76, 0x2c, 0x00, 0x00, 0x48, 0x8b,
  0x05, 0x9f, 0x85, 0x01, 0x00, 0x48, 0x89, 0x45, 0xe8, 0x48, 0x8b, 0x45,
  0xf8, 0x48, 0x89, 0x45, 0xe0, 0x48, 0x8d, 0x3d, 0x94, 0x51, 0x00, 0x00,
  0xe8, 0x87, 0xdf, 0xff, 0xff, 0x48, 0x8b, 0x7d, 0xe0, 0x48, 0x89, 0xc6,
  0x48, 0x8b, 0x45, 0xe8, 0xff, 0xd0, 0x48, 0x89, 0x45, 0xf0, 0x48, 0x8b,
  0x7d, 0xf0, 0x48, 0x83, 0xc7, 0x14, 0xe8, 0x29, 0x12, 0x00, 0x00, 0x48,
  0xb9, 0x58, 0x4c, 0x0b, 0x83, 0xa1, 0x33, 0x0b, 0x08, 0x48, 0x29, 0xc8,
  0x0f, 0x85, 0x11, 0x00, 0x00, 0x00, 0xe9, 0x00, 0x00, 0x00, 0x00, 0x31,
  0xff, 0xe8, 0x0a, 0x16, 0x00, 0x00, 0xe9, 0x17, 0x00, 0x00, 0x00, 0xe9,
  0x00, 0x00, 0x00, 0x00, 0xe9, 0x00, 0x00, 0x00, 0x00, 0x48, 0x8b, 0x05,
  0x2c, 0x85, 0x01, 0x00, 0x48, 0x8b, 0x7d, 0xf8, 0xff, 0xd0, 0x48, 0x83,
  0xc4, 0x40, 0x5d, 0xc3, 0x0f, 0x1f, 0x84, 0x00, 0x00, 0x00, 0x00, 0x00,
  0x55, 0x48, 0x89, 0xe5, 0x48, 0x83, 0xec, 0x40, 0x48, 0x89, 0x7d, 0xf8,
  0x48, 0x89, 0x75, 0xf0, 0x48, 0x89, 0x55, 0xe8, 0x48, 0x89, 0x4d, 0xe0,
  0x4c, 0x89, 0x45, 0xd8, 0x4c, 0x89, 0x4d, 0xd0, 0x48, 0x83, 0x7d, 0xe8,
  0x00, 0x0f, 0x84, 0x42, 0x00, 0x00, 0x00, 0x48, 0x8b, 0x45, 0xe8, 0x48,
  0x89, 0x45, 0xc8, 0x48, 0x8b, 0x7d, 0xc8, 0x48, 0x83, 0xc7, 0x14, 0xe8,
  0xa0, 0x11, 0x00, 0x00, 0x48, 0xb9, 0xff, 0x33, 0x6c, 0x75, 0xfa, 0x07,
  0x47, 0xeb, 0x48, 0x29, 0xc8, 0x0f, 0x85, 0x15, 0x00, 0x00, 0x00, 0xe9,
  0x00, 0x00, 0x00, 0x00, 0x48, 0x8d, 0x3d, 0x00, 0x5e, 0x00, 0x00, 0xe8,
  0xbc, 0xde, 0xff, 0xff, 0x48, 0x89, 0x45, 0xe8, 0xe9, 0x00, 0x00, 0x00,
  0x00, 0x48, 0x8b, 0x05, 0xb4, 0x84, 0x01, 0x00, 0x48, 0x8b, 0x7d, 0xf8,
  0x48, 0x8b, 0x75, 0xf0, 0x48, 0x8b, 0x55, 0xe8, 0x48, 0x8b, 0x4d, 0xe0,
  0x4c, 0x8b, 0x45, 0xd8, 0x4c, 0x8b, 0x4d, 0xd0, 0xff, 0xd0, 0x48, 0x83,
  0xc4, 0x40, 0x5d, 0xc3, 0x66, 0x66, 0x66, 0x2e, 0x0f, 0x1f, 0x84, 0x00,
  0x00, 0x00, 0x00, 0x00, 0x55, 0x48, 0x89, 0xe5, 0x48, 0x83, 0xec, 0x20,
  0x48, 0x89, 0x7d, 0xf0, 0x48, 0x89, 0x75, 0xe8, 0x4c, 0x8b, 0x45, 0xf0,
  0x49, 0x83, 0xc0, 0x14, 0x48, 0x8d, 0x3d, 0xf2, 0x50, 0x00, 0x00, 0x48,
  0x8d, 0x35, 0x75, 0x55, 0x00, 0x00, 0x48, 0x8d, 0x15, 0x6f, 0x5c, 0x00,
  0x00, 0x31, 0xc0, 0xb9, 0xfc, 0x02, 0x00, 0x00, 0xe8, 0x17, 0x2b, 0x00,
  0x00, 0x48, 0x8b, 0x7d, 0xf0, 0x48, 0x83, 0xc7, 0x14, 0xe8, 0xfa, 0x10,
  0x00, 0x00, 0x48, 0xb9, 0x05, 0xc4, 0x14, 0x45, 0x68, 0x92, 0x7b, 0xb8,
  0x48, 0x29, 0xc8, 0x0f, 0x85, 0x1a, 0x00, 0x00, 0x00, 0xe9, 0x00, 0x00,
  0x00, 0x00, 0x48, 0x8d, 0x3d, 0x21, 0x59, 0x00, 0x00, 0xe8, 0x16, 0xde,
  0xff, 0xff, 0x48, 0x89, 0x45, 0xf8, 0xe9, 0x1a, 0x00, 0x00, 0x00, 0xe9,
  0x00, 0x00, 0x00, 0x00, 0x48, 0x8b, 0x05, 0x11, 0x84, 0x01, 0x00, 0x48,
  0x8b, 0x7d, 0xf0, 0x48, 0x8b, 0x75, 0xe8, 0xff, 0xd0, 0x48, 0x89, 0x45,
  0xf8, 0x48, 0x8b, 0x45, 0xf8, 0x48, 0x83, 0xc4, 0x20, 0x5d, 0xc3, 0x66,
  0x0f, 0x1f, 0x84, 0x00, 0x00, 0x00, 0x00, 0x00, 0x55, 0x48, 0x89, 0xe5,
  0x48, 0x83, 0xec, 0x50, 0x48, 0x89, 0x7d, 0xf8, 0x48, 0x89, 0x75, 0xf0,
  0x48, 0x8d, 0x05, 0x71, 0x83, 0x01, 0x00, 0x48, 0x8b, 0x38, 0x48, 0x8d,
  0x35, 0x35, 0x53, 0x00, 0x00, 0x48, 0x8d, 0x15, 0x12, 0x49, 0x00, 0x00,
  0xe8, 0x63, 0xdb, 0xff, 0xff, 0x48, 0x89, 0x45, 0xe8, 0x48, 0x8b, 0x7d,
  0xe8, 0x48, 0x8b, 0x75, 0xf8, 0x48, 0x8d, 0x15, 0x25, 0x4e, 0x00, 0x00,
  0xe8, 0x2b, 0xe3, 0xff, 0xff, 0x48, 0x89, 0xc7, 0xe8, 0x43, 0x2d, 0x00,
  0x00, 0x48, 0x89, 0x45, 0xe0, 0x48, 0x8b, 0x7d, 0xe8, 0x48, 0x8b, 0x75,
  0xf8, 0x48, 0x8d, 0x15, 0x7c, 0x4f, 0x00, 0x00, 0xe8, 0x0b, 0xe3, 0xff,
  0xff, 0x48, 0x89, 0xc7, 0xe8, 0x23, 0x2d, 0x00, 0x00, 0x48, 0x89, 0x45,
  0xd8, 0x48, 0x8b, 0x4d, 0xe0, 0x4c, 0x8b, 0x45, 0xd8, 0x48, 0x8d, 0x3d,
  0x8c, 0x5a, 0x00, 0x00, 0x48, 0x8d, 0x35, 0x75, 0x5b, 0x00, 0x00, 0xba,
  0x45, 0x02, 0x00, 0x00, 0xb0, 0x00, 0xe8, 0x1d, 0x2a, 0x00, 0x00, 0xc6,
  0x45, 0xd7, 0x00, 0x48, 0x83, 0x7d, 0xd8, 0x00, 0x0f, 0x84, 0x67, 0x00,
  0x00, 0x00, 0x48, 0x8b, 0x45, 0xd8, 0x0f, 0xbe, 0x00, 0x83, 0xf8, 0x31,
  0x0f, 0x85, 0x57, 0x00, 0x00, 0x00, 0x48, 0x8b, 0x7d, 0xe0, 0xe8, 0x75,
  0x0f, 0x00, 0x00, 0x48, 0x89, 0xc1, 0x48, 0x89, 0x4d, 0xc8, 0x48, 0xb9,
  0xff, 0x7e, 0xf5, 0xe2, 0xe2, 0xe1, 0x44, 0x52, 0x48, 0x29, 0xc8, 0x0f,
  0x84, 0x21, 0x00, 0x00, 0x00, 0xe9, 0x00, 0x00, 0x00, 0x00, 0x48, 0x8b,
  0x45, 0xc8, 0x48, 0xb9, 0x01, 0x91, 0x15, 0xc8, 0xb7, 0x53, 0x88, 0x72,
  0x48, 0x29, 0xc8, 0x0f, 0x85, 0x0e, 0x00, 0x00, 0x00, 0xe9, 0x00, 0x00,
  0x00, 0x00, 0xc6, 0x45, 0xd7, 0x01, 0xe9, 0x05, 0x00, 0x00, 0x00, 0xe9,
  0x00, 0x00, 0x00, 0x00, 0xe9, 0x54, 0x00, 0x00, 0x00, 0x48, 0x83, 0x7d,
  0xd8, 0x00, 0x0f, 0x84, 0x44, 0x00, 0x00, 0x00, 0x48, 0x8b, 0x45, 0xd8,
  0x0f, 0xbe, 0x00, 0x83, 0xf8, 0x30, 0x0f, 0x85, 0x34, 0x00, 0x00, 0x00,
  0x48, 0x8b, 0x7d, 0xe0, 0xe8, 0x03, 0x0f, 0x00, 0x00, 0x48, 0xb9, 0x1b,
  0xc3, 0x4b, 0x56, 0x6c, 0x51, 0x07, 0x48, 0x48, 0x29, 0xc8, 0x0f, 0x85,
  0x0e, 0x00, 0x00, 0x00, 0xe9, 0x00, 0x00, 0x00, 0x00, 0xc6, 0x45, 0xd7,
  0x01, 0xe9, 0x05, 0x00, 0x00, 0x00, 0xe9, 0x00, 0x00, 0x00, 0x00, 0xe9,
  0x00, 0x00, 0x00, 0x00, 0xe9, 0x00, 0x00, 0x00, 0x00, 0xf6, 0x45, 0xd7,
  0x01, 0x0f, 0x84, 0x47, 0x00, 0x00, 0x00, 0x48, 0x83, 0x3d, 0x61, 0x82,
  0x01, 0x00, 0x00, 0x0f, 0x84, 0x39, 0x00, 0x00, 0x00, 0x48, 0x8b, 0x05,
  0x54, 0x82, 0x01, 0x00, 0x48, 0x89, 0x45, 0xc0, 0x48, 0x8b, 0x45, 0xf8,
  0x48, 0x89, 0x45, 0xb8, 0x48, 0x8b, 0x7d, 0xe8, 0x48, 0x8b, 0x75, 0xf8,
  0x48, 0x8d, 0x15, 0xf6, 0x4e, 0x00, 0x00, 0xe8, 0xd4, 0xe1, 0xff, 0xff,
  0x48, 0x8b, 0x7d, 0xb8, 0x48, 0x89, 0xc6, 0x48, 0x8b, 0x45, 0xc0, 0xff,
  0xd0, 0xe9, 0x11, 0x00, 0x00, 0x00, 0x48, 0x8b, 0x05, 0x13, 0x82, 0x01,
  0x00, 0x48, 0x8b, 0x7d, 0xf8, 0x48, 0x8b, 0x75, 0xf0, 0xff, 0xd0, 0x48,
  0x83, 0xc4, 0x50, 0x5d, 0xc3, 0x66, 0x66, 0x2e, 0x0f, 0x1f, 0x84, 0x00,
  0x00, 0x00, 0x00, 0x00, 0x55, 0x48, 0x89, 0xe5, 0x48, 0x83, 0xec, 0x30,
  0x48, 0x89, 0x7d, 0xf8, 0x48, 0x89, 0x75, 0xf0, 0x48, 0x89, 0x55, 0xe8,
  0x48, 0x8d, 0x05, 0x9d, 0x81, 0x01, 0x00, 0x48, 0x8b, 0x38, 0x48, 0x8d,
  0x35, 0x61, 0x51, 0x00, 0x00, 0x48, 0x8d, 0x15, 0xb1, 0x56, 0x00, 0x00,
  0xe8, 0x8f, 0xd9, 0xff, 0xff, 0x48, 0x89, 0x45, 0xe0, 0x48, 0x8b, 0x7d,
  0xe0, 0x48, 0x8b, 0x75, 0xf0, 0x48, 0x8d, 0x15, 0x51, 0x4c, 0x00, 0x00,
  0xe8, 0x57, 0xe1, 0xff, 0xff, 0x48, 0x89, 0x45, 0xd8, 0x4c, 0x8b, 0x45,
  0xd8, 0x49, 0x83, 0xc0, 0x14, 0x48, 0x8d, 0x3d, 0x10, 0x56, 0x00, 0x00,
  0x48, 0x8d, 0x35, 0xfc, 0x51, 0x00, 0x00, 0x48, 0x8d, 0x15, 0xc2, 0x59,
  0x00, 0x00, 0x31, 0xc0, 0xb9, 0xa0, 0x02, 0x00, 0x00, 0xe8, 0x6a, 0x28,
  0x00, 0x00, 0x48, 0x8b, 0x7d, 0xd8, 0x48, 0x83, 0xc7, 0x14, 0xe8, 0x4d,
  0x0e, 0x00, 0x00, 0x48, 0xb9, 0x7e, 0xf1, 0x48, 0x4b, 0xb1, 0x3b, 0x87,
  0x38, 0x48, 0x29, 0xc8, 0x0f, 0x85, 0x3f, 0x00, 0x00, 0x00, 0xe9, 0x00,
  0x00, 0x00, 0x00, 0x48, 0x83, 0x3d, 0x3d, 0x85, 0x01, 0x00, 0x00, 0x0f,
  0x86, 0x27, 0x00, 0x00, 0x00, 0x48, 0x8b, 0x3d, 0x30, 0x85, 0x01, 0x00,
  0xe8, 0x8b, 0x2b, 0x00, 0x00, 0x48, 0x8b, 0x3d, 0x24, 0x85, 0x01, 0x00,
  0x31, 0xc0, 0x89, 0xc6, 0xe8, 0x8b, 0x2b, 0x00, 0x00, 0x48, 0xc7, 0x05,
  0x10, 0x85, 0x01, 0x00, 0x00, 0x00, 0x00, 0x00, 0xe9, 0x00, 0x00, 0x00,
  0x00, 0x48, 0xc7, 0x05, 0xf0, 0x82, 0x01, 0x00, 0x00, 0x00, 0x00, 0x00,
  0x48, 0x83, 0xc4, 0x30, 0x5d, 0xc3, 0x66, 0x2e, 0x0f, 0x1f, 0x84, 0x00,
  0x00, 0x00, 0x00, 0x00, 0x55, 0x48, 0x89, 0xe5, 0xbf, 0x01, 0x00, 0x00,
  0x00, 0xe8, 0xd2, 0x11, 0x00, 0x00, 0x5d, 0xc3, 0x55, 0x48, 0x89, 0xe5,
  0xe8, 0x07, 0x00, 0x00, 0x00, 0x5d, 0xc3, 0x0f, 0x1f, 0x44, 0x00, 0x00,
  0x55, 0x48, 0x89, 0xe5, 0x48, 0x83, 0xec, 0x20, 0xe8, 0x83, 0xe2, 0xff,
  0xff, 0x48, 0x89, 0x45, 0xf8, 0x48, 0x83, 0x7d, 0xf8, 0x00, 0x0f, 0x84,
  0xd4, 0x00, 0x00, 0x00, 0x48, 0x8b, 0x7d, 0xf8, 0x48, 0x8d, 0x35, 0x93,
  0x4b, 0x00, 0x00, 0x48, 0x8d, 0x15, 0x9f, 0x86, 0x00, 0x00, 0x48, 0x8d,
  0x0d, 0xab, 0x86, 0x00, 0x00, 0x41, 0xb8, 0x01, 0x00, 0x00, 0x00, 0xe8,
  0x00, 0xda, 0xff, 0xff, 0x48, 0x89, 0x45, 0xf0, 0x48, 0x83, 0x7d, 0xf0,
  0x00, 0x0f, 0x84, 0x79, 0x00, 0x00, 0x00, 0x48, 0x8b, 0x7d, 0xf0, 0xbe,
  0x11, 0x00, 0x00, 0x00, 0xe8, 0x63, 0xc4, 0xff, 0xff, 0x48, 0x89, 0x45,
  0xe8, 0x48, 0x83, 0x7d, 0xe8, 0x00, 0x0f, 0x84, 0x57, 0x00, 0x00, 0x00,
  0x48, 0x8b, 0x45, 0xe8, 0x48, 0x89, 0x05, 0x49, 0x80, 0x01, 0x00, 0x48,
  0x8b, 0x7d, 0xf0, 0x48, 0x8d, 0x35, 0x9e, 0x11, 0x00, 0x00, 0xe8, 0x69,
  0xb4, 0xff, 0xff, 0x48, 0x8b, 0x4d, 0xe8, 0x48, 0x8d, 0x3d, 0x1b, 0x4e,
  0x00, 0x00, 0x48, 0x8d, 0x35, 0x83, 0x58, 0x00, 0x00, 0xba, 0x58, 0x01,
  0x00, 0x00, 0xb0, 0x00, 0xe8, 0x2b, 0x27, 0x00, 0x00, 0x48, 0x8b, 0x4d,
  0xf0, 0x48, 0x8d, 0x3d, 0xc8, 0x5c, 0x00, 0x00, 0x48, 0x8d, 0x35, 0x65,
  0x58, 0x00, 0x00, 0xba, 0x59, 0x01, 0x00, 0x00, 0xb0, 0x00, 0xe8, 0x0d,
  0x27, 0x00, 0x00, 0xe9, 0x23, 0x00, 0x00, 0x00, 0x48, 0x8d, 0x3d, 0x35,
  0x47, 0x00, 0x00, 0x48, 0x8d, 0x35, 0x46, 0x4a, 0x00, 0x00, 0x48, 0x8d,
  0x15, 0xf0, 0x85, 0x00, 0x00, 0x48, 0x8d, 0x0d, 0xfc, 0x85, 0x00, 0x00,
  0xb0, 0x00, 0xe8, 0xc5, 0x13, 0x00, 0x00, 0xe9, 0x00, 0x00, 0x00, 0x00,
  0x48, 0x83, 0xc4, 0x20, 0x5d, 0xc3, 0x66, 0x2e, 0x0f, 0x1f, 0x84, 0x00,
  0x00, 0x00, 0x00, 0x00, 0x55, 0x48, 0x89, 0xe5, 0x48, 0x83, 0xec, 0x30,
  0x48, 0x89, 0x7d, 0xf8, 0x48, 0x8b, 0x45, 0xf8, 0x48, 0x8b, 0x80, 0x08,
  0x01, 0x00, 0x00, 0x48, 0x89, 0x45, 0xf0, 0x48, 0x8b, 0x45, 0xf8, 0x8b,
  0x80, 0x10, 0x01, 0x00, 0x00, 0x89, 0x45, 0xec, 0x48, 0x8b, 0x7d, 0xf0,
  0x8b, 0x45, 0xec, 0x89, 0xc6, 0x48, 0x8d, 0x15, 0xf7, 0x4a, 0x00, 0x00,
  0x31, 0xc0, 0x89, 0xc1, 0xe8, 0x9f, 0xae, 0xff, 0xff, 0x48, 0x89, 0x45,
  0xe0, 0x48, 0x83, 0x7d, 0xe0, 0x00, 0x0f, 0x84, 0x3d, 0x00, 0x00, 0x00,
  0x48, 0x8b, 0x7d, 0xe0, 0xbe, 0x0f, 0x00, 0x00, 0x00, 0xe8, 0x62, 0xc3,
  0xff, 0xff, 0x48, 0x89, 0x45, 0xd8, 0x48, 0x83, 0x7d, 0xd8, 0x00, 0x0f,
  0x84, 0x1b, 0x00, 0x00, 0x00, 0x48, 0x8b, 0x45, 0xd8, 0x48, 0x89, 0x05,
  0xa0, 0x7f, 0x01, 0x00, 0x48, 0x8b, 0x7d, 0xe0, 0x48, 0x8d, 0x35, 0x1d,
  0x00, 0x00, 0x00, 0xe8, 0x68, 0xb3, 0xff, 0xff, 0xe9, 0x00, 0x00, 0x00,
  0x00, 0x48, 0x83, 0xc4, 0x30, 0x5d, 0xc3, 0x66, 0x66, 0x66, 0x66, 0x2e,
  0x0f, 0x1f, 0x84, 0x00, 0x00, 0x00, 0x00, 0x00, 0x55, 0x48, 0x89, 0xe5,
  0x48, 0x83, 0xec, 0x10, 0x48, 0x89, 0x7d, 0xf8, 0xf6, 0x05, 0x35, 0xa3,
  0x01, 0x00, 0x01, 0x0f, 0x85, 0x0c, 0x00, 0x00, 0x00, 0xe8, 0x92, 0x98,
  0xff, 0xff, 0xc6, 0x05, 0x23, 0xa3, 0x01, 0x00, 0x01, 0x48, 0x8b, 0x05,
  0x4c, 0x7f, 0x01, 0x00, 0x48, 0x8b, 0x7d, 0xf8, 0xff, 0xd0, 0x48, 0x83,
  0xc4, 0x10, 0x5d, 0xc3, 0x0f, 0x1f, 0x84, 0x00, 0x00, 0x00, 0x00, 0x00,
  0x55, 0x48, 0x89, 0xe5, 0x48, 0x83, 0xec, 0x20, 0x48, 0x89, 0x7d, 0xf8,
  0x48, 0x8b, 0x45, 0xf8, 0x48, 0x8b, 0xb8, 0x08, 0x01, 0x00, 0x00, 0x48,
  0x8b, 0x45, 0xf8, 0x8b, 0x80, 0x10, 0x01, 0x00, 0x00, 0x89, 0xc6, 0x48,
  0x8d, 0x15, 0xd6, 0x47, 0x00, 0x00, 0x31, 0xc0, 0x89, 0xc1, 0xe8, 0xcd,
  0xad, 0xff, 0xff, 0x48, 0x89, 0x45, 0xf0, 0x48, 0x83, 0x7d, 0xf0, 0x00,
  0x0f, 0x84, 0x48, 0x00, 0x00, 0x00, 0xe8, 0x89, 0x26, 0x00, 0x00, 0x89,
  0x45, 0xec, 0x48, 0xc7, 0x45, 0xe0, 0x17, 0x00, 0x00, 0x00, 0x8b, 0x7d,
  0xec, 0x48, 0x8b, 0x75, 0xf0, 0xba, 0x90, 0x00, 0x00, 0x00, 0xb9, 0x17,
  0x00, 0x00, 0x00, 0xe8, 0x18, 0xb1, 0xff, 0xff, 0x8b, 0x7d, 0xec, 0x48,
  0x8b, 0x75, 0xf0, 0x48, 0x83, 0xc6, 0x17, 0x48, 0x8d, 0x15, 0x1b, 0x84,
  0x00, 0x00, 0xb9, 0x02, 0x00, 0x00, 0x00, 0x41, 0xb8, 0x01, 0x00, 0x00,
  0x00, 0xe8, 0x96, 0xb1, 0xff, 0xff, 0x48, 0x83, 0xc4, 0x20, 0x5d, 0xc3,
  0x55, 0x48, 0x89, 0xe5, 0x48, 0x83, 0xec, 0x20, 0x48, 0xc7, 0x45, 0xf8,
  0x00, 0x00, 0x00, 0x00, 0x48, 0xc7, 0x45, 0xf0, 0x00, 0x00, 0x00, 0x00,
  0xbf, 0x01, 0x20, 0x00, 0x00, 0x48, 0x8d, 0x35, 0xcc, 0x5c, 0x00, 0x00,
  0x48, 0x8d, 0x55, 0xf8, 0xe8, 0x73, 0x26, 0x00, 0x00, 0xbf, 0x01, 0x20,
  0x00, 0x00, 0x48, 0x8d, 0x35, 0xfa, 0x59, 0x00, 0x00, 0x48, 0x8d, 0x55,
  0xf0, 0xe8, 0x5e, 0x26, 0x00, 0x00, 0xe8, 0xf9, 0x25, 0x00, 0x00, 0x89,
  0x45, 0xec, 0x48, 0x83, 0x7d, 0xf8, 0x00, 0x0f, 0x84, 0x1e, 0x00, 0x00,
  0x00, 0x8b, 0x7d, 0xec, 0x48, 0x8b, 0x75, 0xf8, 0x48, 0x8d, 0x15, 0xa4,
  0x83, 0x00, 0x00, 0xb9, 0x06, 0x00, 0x00, 0x00, 0x41, 0xb8, 0x01, 0x00,
  0x00, 0x00, 0xe8, 0x1d, 0xb1, 0xff, 0xff, 0x48, 0x83, 0x7d, 0xf0, 0x00,
  0x0f, 0x84, 0x1e, 0x00, 0x00, 0x00, 0x8b, 0x7d, 0xec, 0x48, 0x8b, 0x75,
  0xf0, 0x48, 0x8d, 0x15, 0x7b, 0x83, 0x00, 0x00, 0xb9, 0x06, 0x00, 0x00,
  0x00, 0x41, 0xb8, 0x01, 0x00, 0x00, 0x00, 0xe8, 0xf4, 0xb0, 0xff, 0xff,
  0x48, 0x83, 0xc4, 0x20, 0x5d, 0xc3, 0x66, 0x66, 0x66, 0x66, 0x66, 0x2e,
  0x0f, 0x1f, 0x84, 0x00, 0x00, 0x00, 0x00, 0x00, 0x55, 0x48, 0x89, 0xe5,
  0x48, 0x83, 0xec, 0x20, 0x48, 0x89, 0x7d, 0xf8, 0x48, 0x8d, 0x3d, 0x42,
  0x48, 0x00, 0x00, 0xe8, 0x08, 0x7e, 0xff, 0xff, 0x83, 0xf8, 0x00, 0x0f,
  0x85, 0x26, 0x00, 0x00, 0x00, 0x48, 0x8d, 0x3d, 0x03, 0x5a, 0x00, 0x00,
  0x48, 0x8d, 0x35, 0x7a, 0x4e, 0x00, 0x00, 0xba, 0x76, 0x00, 0x00, 0x00,
  0x48, 0x8d, 0x0d, 0x1a, 0x48, 0x00, 0x00, 0xb0, 0x00, 0xe8, 0x6e, 0x24,
  0x00, 0x00, 0xe9, 0x5a, 0x00, 0x00, 0x00, 0x48, 0x8d, 0x7d, 0xf0, 0x31,
  0xc0, 0x89, 0xc6, 0x48, 0x8d, 0x15, 0x5a, 0x00, 0x00, 0x00, 0x48, 0x8d,
  0x0d, 0xf8, 0x47, 0x00, 0x00, 0xe8, 0xce, 0x27, 0x00, 0x00, 0x48, 0x8b,
  0x45, 0xf8, 0x48, 0x8b, 0x80, 0x08, 0x01, 0x00, 0x00, 0x48, 0x89, 0x45,
  0xe8, 0x48, 0x8b, 0x45, 0xf8, 0x8b, 0x80, 0x10, 0x01, 0x00, 0x00, 0x89,
  0x45, 0xe4, 0x48, 0x8b, 0x7d, 0xe8, 0x8b, 0x45, 0xe4, 0x89, 0xc6, 0x48,
  0x8d, 0x15, 0x05, 0x49, 0x00, 0x00, 0x48, 0x8d, 0x0d, 0x7b, 0x7d, 0x01,
  0x00, 0x4c, 0x8d, 0x05, 0x04, 0x01, 0x00, 0x00, 0xe8, 0xef, 0xbe, 0xff,
  0xff, 0x48, 0x83, 0xc4, 0x20, 0x5d, 0xc3, 0x66, 0x0f, 0x1f, 0x84, 0x00,
  0x00, 0x00, 0x00, 0x00, 0x55, 0x48, 0x89, 0xe5, 0x48, 0x83, 0xec, 0x30,
  0x48, 0x89, 0x7d, 0xf8, 0x48, 0x8d, 0x3d, 0xa2, 0x55, 0x00, 0x00, 0x48,
  0x8d, 0x35, 0xdf, 0x4d, 0x00, 0x00, 0xba, 0x51, 0x00, 0x00, 0x00, 0x48,
  0x8d, 0x0d, 0xdf, 0x43, 0x00, 0x00, 0xb0, 0x00, 0xe8, 0xd3, 0x23, 0x00,
  0x00, 0x48, 0x8d, 0x3d, 0xa9, 0x3e, 0x00, 0x00, 0xe8, 0x97, 0xb8, 0xff,
  0xff, 0x89, 0x45, 0xf4, 0x48, 0xc7, 0x45, 0xe8, 0x00, 0x00, 0x00, 0x00,
  0x48, 0xc7, 0x45, 0xe0, 0x00, 0x00, 0x00, 0x00, 0x8b, 0x7d, 0xf4, 0x31,
  0xc0, 0x89, 0xc6, 0x48, 0x8d, 0x55, 0xe8, 0x48, 0x8d, 0x4d, 0xe0, 0x45,
  0x31, 0xc0, 0xe8, 0x7d, 0xb5, 0xff, 0xff, 0x83, 0xf8, 0x00, 0x0f, 0x85,
  0x58, 0x00, 0x00, 0x00, 0x8b, 0x7d, 0xf4, 0x48, 0x8b, 0x75, 0xe8, 0x48,
  0x8b, 0x55, 0xe0, 0x48, 0x8d, 0x0d, 0x34, 0x42, 0x00, 0x00, 0x41, 0xb8,
  0x04, 0x00, 0x00, 0x00, 0xe8, 0xe7, 0xb9, 0xff, 0xff, 0x48, 0x89, 0x45,
  0xd8, 0x48, 0x83, 0x7d, 0xd8, 0x00, 0x0f, 0x84, 0x27, 0x00, 0x00, 0x00,
  0x8b, 0x7d, 0xf4, 0x48, 0x8b, 0x75, 0xd8, 0x48, 0x8d, 0x15, 0x9c, 0x83,
  0x00, 0x00, 0xb9, 0x05, 0x00, 0x00, 0x00, 0x41, 0xb8, 0x01, 0x00, 0x00,
  0x00, 0xe8, 0x7a, 0xaf, 0xff, 0xff, 0x48, 0x8b, 0x7d, 0xf8, 0xe8, 0x21,
  0x7c, 0xff, 0xff, 0xe9, 0x00, 0x00, 0x00, 0x00, 0x48, 0x8d, 0x3d, 0xff,
  0x3e, 0x00, 0x00, 0x48, 0x8d, 0x35, 0x27, 0x4d, 0x00, 0x00, 0xba, 0x6d,
  0x00, 0x00, 0x00, 0x48, 0x8d, 0x0d, 0x27, 0x43, 0x00, 0x00, 0xb0, 0x00,
  0xe8, 0x1b, 0x23, 0x00, 0x00, 0x31, 0xc0, 0x89, 0xc7, 0xe8, 0xa2, 0x26,
  0x00, 0x00, 0x66, 0x90, 0x55, 0x48, 0x89, 0xe5, 0x48, 0x83, 0xec, 0x20,
  0x48, 0x89, 0x7d, 0xf8, 0x48, 0x89, 0x75, 0xf0, 0x48, 0x8b, 0x45, 0xf8,
  0x48, 0x89, 0x45, 0xe8, 0x48, 0x8b, 0x45, 0xe8, 0x48, 0x8b, 0x48, 0x10,
  0x48, 0x83, 0xc1, 0x14, 0x48, 0x8d, 0x3d, 0xea, 0x49, 0x00, 0x00, 0x48,
  0x8d, 0x35, 0xd7, 0x4c, 0x00, 0x00, 0xba, 0x41, 0x00, 0x00, 0x00, 0xb0,
  0x00, 0xe8, 0xd2, 0x22, 0x00, 0x00, 0x48, 0x8b, 0x45, 0xe8, 0x48, 0x8b,
  0x78, 0x10, 0xe8, 0xa5, 0x25, 0x00, 0x00, 0x48, 0x89, 0x45, 0xe0, 0x48,
  0x8b, 0x7d, 0xe0, 0x48, 0x8d, 0x35, 0xfd, 0x82, 0x00, 0x00, 0xe8, 0x01,
  0x24, 0x00, 0x00, 0x48, 0x83, 0xf8, 0x00, 0x0f, 0x84, 0x64, 0x00, 0x00,
  0x00, 0x48, 0x8b, 0x45, 0xe8, 0x48, 0x8b, 0x48, 0x10, 0x48, 0x83, 0xc1,
  0x14, 0x48, 0x8d, 0x3d, 0xa9, 0x42, 0x00, 0x00, 0x48, 0x8d, 0x35, 0x86,
  0x4c, 0x00, 0x00, 0xba, 0x47, 0x00, 0x00, 0x00, 0xb0, 0x00, 0xe8, 0x81,
  0x22, 0x00, 0x00, 0x48, 0x8b, 0x7d, 0xe0, 0x48, 0x83, 0xc7, 0x07, 0xe8,
  0xa4, 0xd5, 0xff, 0xff, 0x48, 0x89, 0xc1, 0x48, 0x8b, 0x45, 0xe8, 0x48,
  0x89, 0x48, 0x10, 0x48, 0x8b, 0x45, 0xe8, 0x48, 0x8b, 0x48, 0x10, 0x48,
  0x83, 0xc1, 0x14, 0x48, 0x8d, 0x3d, 0x2a, 0x4e, 0x00, 0x00, 0x48, 0x8d,
  0x35, 0x48, 0x4c, 0x00, 0x00, 0xba, 0x49, 0x00, 0x00, 0x00, 0xb0, 0x00,
  0xe8, 0x43, 0x22, 0x00, 0x00, 0x48, 0x8b, 0x05, 0x9c, 0x7b, 0x01, 0x00,
  0x48, 0x8b, 0x7d, 0xf8, 0x48, 0x8b, 0x75, 0xf0, 0xff, 0xd0, 0x48, 0x83,
  0xc4, 0x20, 0x5d, 0xc3, 0x66, 0x66, 0x66, 0x2e, 0x0f, 0x1f, 0x84, 0x00,
  0x00, 0x00, 0x00, 0x00, 0x55, 0x48, 0x89, 0xe5, 0x48, 0x81, 0xec, 0xb0,
  0x01, 0x00, 0x00, 0x48, 0x89, 0x7d, 0xf8, 0x89, 0x75, 0xf4, 0x48, 0x8b,
  0x7d, 0xf8, 0x48, 0x8d, 0x35, 0x29, 0x53, 0x00, 0x00, 0x48, 0x8d, 0x15,
  0x95, 0x57, 0x00, 0x00, 0x48, 0x8d, 0x0d, 0x30, 0x54, 0x00, 0x00, 0x41,
  0xb8, 0x02, 0x00, 0x00, 0x00, 0xe8, 0x5a, 0xd4, 0xff, 0xff, 0x48, 0x89,
  0x45, 0xe8, 0x48, 0x83, 0x7d, 0xe8, 0x00, 0x0f, 0x84, 0x7c, 0x00, 0x00,
  0x00, 0x48, 0x8b, 0x4d, 0xe8, 0x48, 0x8d, 0x3d, 0x15, 0x54, 0x00, 0x00,
  0x48, 0x8d, 0x35, 0xc2, 0x4b, 0x00, 0x00, 0xba, 0x93, 0x00, 0x00, 0x00,
  0xb0, 0x00, 0xe8, 0xbd, 0x21, 0x00, 0x00, 0x48, 0x8b, 0x7d, 0xe8, 0xbe,
  0x0f, 0x00, 0x00, 0x00, 0xe8, 0x9f, 0xbe, 0xff, 0xff, 0x48, 0x89, 0x45,
  0xe0, 0x48, 0x83, 0x7d, 0xe0, 0x00, 0x0f, 0x84, 0x3c, 0x00, 0x00, 0x00,
  0x48, 0x8b, 0x45, 0xe0, 0x48, 0x89, 0x05, 0xe5, 0x7a, 0x01, 0x00, 0x48,
  0x8b, 0x0d, 0xde, 0x7a, 0x01, 0x00, 0x48, 0x8d, 0x3d, 0xcc, 0x3e, 0x00,
  0x00, 0x48, 0x8d, 0x35, 0x79, 0x4b, 0x00, 0x00, 0xba, 0x98, 0x00, 0x00,
  0x00, 0xb0, 0x00, 0xe8, 0x74, 0x21, 0x00, 0x00, 0x48, 0x8b, 0x7d, 0xe8,
  0x48, 0x8d, 0x35, 0x49, 0x01, 0x00, 0x00, 0xe8, 0x84, 0xae, 0xff, 0xff,
  0xe9, 0x00, 0x00, 0x00, 0x00, 0x48, 0x8b, 0x7d, 0xf8, 0x48, 0x8d, 0x35,
  0x7a, 0x52, 0x00, 0x00, 0x48, 0x8d, 0x15, 0x24, 0x58, 0x00, 0x00, 0x48,
  0x8d, 0x0d, 0xc1, 0x4c, 0x00, 0x00, 0x41, 0xb8, 0x01, 0x00, 0x00, 0x00,
  0xe8, 0xab, 0xd3, 0xff, 0xff, 0x48, 0x89, 0x45, 0xd8, 0x48, 0x83, 0x7d,
  0xd8, 0x00, 0x0f, 0x84, 0xfb, 0x00, 0x00, 0x00, 0x83, 0x7d, 0xf4, 0x00,
  0x0f, 0x8e, 0xf1, 0x00, 0x00, 0x00, 0x48, 0x8d, 0xbd, 0x78, 0xfe, 0xff,
  0xff, 0x31, 0xf6, 0xba, 0x60, 0x01, 0x00, 0x00, 0xe8, 0x8f, 0x20, 0x00,
  0x00, 0x48, 0xc7, 0x85, 0x78, 0xfe, 0xff, 0xff, 0x60, 0x01, 0x00, 0x00,
  0x8b, 0x7d, 0xf4, 0x48, 0x8d, 0xb5, 0x78, 0xfe, 0xff, 0xff, 0xe8, 0x65,
  0x22, 0x00, 0x00, 0x89, 0x85, 0x74, 0xfe, 0xff, 0xff, 0x83, 0xbd, 0x74,
  0xfe, 0xff, 0xff, 0x00, 0x0f, 0x85, 0xac, 0x00, 0x00, 0x00, 0x48, 0x8b,
  0x4d, 0xd8, 0x48, 0x8d, 0x3d, 0x36, 0x43, 0x00, 0x00, 0x48, 0x8d, 0x35,
  0xc9, 0x4a, 0x00, 0x00, 0xba, 0xa4, 0x00, 0x00, 0x00, 0xb0, 0x00, 0xe8,
  0xc4, 0x20, 0x00, 0x00, 0x48, 0xc7, 0x85, 0x68, 0xfe, 0xff, 0xff, 0x06,
  0x00, 0x00, 0x00, 0x48, 0x8b, 0x7d, 0xd8, 0xbe, 0x06, 0x00, 0x00, 0x00,
  0xe8, 0x9b, 0xbd, 0xff, 0xff, 0x48, 0x89, 0x85, 0x60, 0xfe, 0xff, 0xff,
  0x48, 0x83, 0xbd, 0x60, 0xfe, 0xff, 0xff, 0x00, 0x0f, 0x84, 0x5b, 0x00,
  0x00, 0x00, 0x48, 0x8b, 0x85, 0x60, 0xfe, 0xff, 0xff, 0x48, 0x89, 0x05,
  0xf0, 0x79, 0x01, 0x00, 0x48, 0x8b, 0x0d, 0xe9, 0x79, 0x01, 0x00, 0x48,
  0x8d, 0x3d, 0xe2, 0x47, 0x00, 0x00, 0x48, 0x8d, 0x35, 0x6c, 0x4a, 0x00,
  0x00, 0xba, 0xaa, 0x00, 0x00, 0x00, 0xb0, 0x00, 0xe8, 0x67, 0x20, 0x00,
  0x00, 0x48, 0x8b, 0x7d, 0x80, 0x8b, 0x45, 0x88, 0x89, 0xc6, 0x48, 0x8b,
  0x55, 0xd8, 0x48, 0x8d, 0x0d, 0xf3, 0x00, 0x00, 0x00, 0x41, 0xb8, 0x06,
  0x00, 0x00, 0x00, 0x45, 0x31, 0xc9, 0x31, 0xc0, 0x48, 0xc7, 0x04, 0x24,
  0x00, 0x00, 0x00, 0x00, 0xe8, 0x4b, 0xae, 0xff, 0xff, 0xe9, 0x00, 0x00,
  0x00, 0x00, 0xe9, 0x00, 0x00, 0x00, 0x00, 0x48, 0x81, 0xc4, 0xb0, 0x01,
  0x00, 0x00, 0x5d, 0xc3, 0x0f, 0x1f, 0x84, 0x00, 0x00, 0x00, 0x00, 0x00,
  0x55, 0x48, 0x89, 0xe5, 0x48, 0x83, 0xec, 0x30, 0x48, 0x89, 0x7d, 0xf8,
  0x48, 0x89, 0x75, 0xf0, 0x48, 0x89, 0x55, 0xe8, 0x48, 0xb8, 0x73, 0x96,
  0x03, 0xbc, 0x1c, 0xcf, 0x92, 0xe9, 0x48, 0x89, 0x45, 0xe0, 0x48, 0x8b,
  0x7d, 0xf0, 0x48, 0x83, 0xc7, 0x14, 0xe8, 0xe1, 0x05, 0x00, 0x00, 0x48,
  0xb9, 0x73, 0x96, 0x03, 0xbc, 0x1c, 0xcf, 0x92, 0xe9, 0x48, 0x39, 0xc8,
  0x0f, 0x85, 0x42, 0x00, 0x00, 0x00, 0xf6, 0x05, 0x2f, 0x79, 0x01, 0x00,
  0x01, 0x0f, 0x84, 0x35, 0x00, 0x00, 0x00, 0x48, 0x8b, 0x05, 0x1a, 0x79,
  0x01, 0x00, 0x48, 0x89, 0x45, 0xd8, 0x48, 0x8b, 0x45, 0xf8, 0x48, 0x89,
  0x45, 0xd0, 0x48, 0x8d, 0x3d, 0x94, 0x47, 0x00, 0x00, 0xe8, 0xe2, 0xd2,
  0xff, 0xff, 0x48, 0x8b, 0x7d, 0xd0, 0x48, 0x89, 0xc6, 0x48, 0x8b, 0x45,
  0xd8, 0x48, 0x8b, 0x55, 0xe8, 0xff, 0xd0, 0xe9, 0x27, 0x00, 0x00, 0x00,
  0xf6, 0x05, 0xed, 0x78, 0x01, 0x00, 0x01, 0x0f, 0x84, 0x05, 0x00, 0x00,
  0x00, 0xe9, 0x15, 0x00, 0x00, 0x00, 0x48, 0x8b, 0x05, 0xd3, 0x78, 0x01,
  0x00, 0x48, 0x8b, 0x7d, 0xf8, 0x48, 0x8b, 0x75, 0xf0, 0x48, 0x8b, 0x55,
  0xe8, 0xff, 0xd0, 0x48, 0x83, 0xc4, 0x30, 0x5d, 0xc3, 0x66, 0x66, 0x66,
  0x66, 0x66, 0x66, 0x2e, 0x0f, 0x1f, 0x84, 0x00, 0x00, 0x00, 0x00, 0x00,
  0x55, 0x48, 0x89, 0xe5, 0x48, 0x81, 0xec, 0xe0, 0x01, 0x00, 0x00, 0x48,
  0x89, 0x7d, 0xf8, 0x48, 0x89, 0x75, 0xf0, 0x48, 0x8b, 0x05, 0xae, 0x78,
  0x01, 0x00, 0x48, 0x8b, 0x7d, 0xf8, 0x48, 0x8b, 0x75, 0xf0, 0xff, 0xd0,
  0x48, 0x89, 0x45, 0xe8, 0x48, 0x8d, 0x05, 0x09, 0x78, 0x01, 0x00, 0x48,
  0x8b, 0x38, 0x48, 0x8d, 0x35, 0xcd, 0x47, 0x00, 0x00, 0x48, 0x8d, 0x15,
  0x61, 0x44, 0x00, 0x00, 0xe8, 0xfb, 0xcf, 0xff, 0xff, 0x48, 0x89, 0x45,
  0xe0, 0x48, 0x8d, 0xbd, 0x50, 0xfe, 0xff, 0xff, 0x31, 0xf6, 0xba, 0x84,
  0x01, 0x00, 0x00, 0xe8, 0x84, 0x1e, 0x00, 0x00, 0x48, 0x8b, 0x7d, 0xf0,
  0x48, 0x83, 0xc7, 0x14, 0x48, 0x8d, 0x35, 0x61, 0x7f, 0x00, 0x00, 0xe8,
  0x90, 0x22, 0x00, 0x00, 0x48, 0x89, 0x85, 0x48, 0xfe, 0xff, 0xff, 0x48,
  0x8d, 0x85, 0x50, 0xfe, 0xff, 0xff, 0x48, 0x89, 0x85, 0x40, 0xfe, 0xff,
  0xff, 0x48, 0x83, 0xbd, 0x48, 0xfe, 0xff, 0xff, 0x00, 0x0f, 0x84, 0x18,
  0x00, 0x00, 0x00, 0x48, 0x8b, 0x45, 0xf0, 0x48, 0x83, 0xc0, 0x14, 0x48,
  0x83, 0xc0, 0x0e, 0x48, 0x89, 0x85, 0x38, 0xfe, 0xff, 0xff, 0xe9, 0x0f,
  0x00, 0x00, 0x00, 0x48, 0x8b, 0x45, 0xf0, 0x48, 0x83, 0xc0, 0x14, 0x48,
  0x89, 0x85, 0x38, 0xfe, 0xff, 0xff, 0x48, 0x8b, 0xbd, 0x40, 0xfe, 0xff,
  0xff, 0x48, 0x8b, 0x8d, 0x38, 0xfe, 0xff, 0xff, 0xbe, 0x83, 0x01, 0x00,
  0x00, 0x48, 0x8d, 0x15, 0x76, 0x39, 0x00, 0x00, 0xb0, 0x00, 0xe8, 0x75,
  0x1e, 0x00, 0x00, 0x48, 0x8b, 0x45, 0xe0, 0x48, 0x89, 0x85, 0x28, 0xfe,
  0xff, 0xff, 0x48, 0x8b, 0x45, 0xe8, 0x48, 0x89, 0x85, 0x30, 0xfe, 0xff,
  0xff, 0x48, 0x8d, 0xbd, 0x50, 0xfe, 0xff, 0xff, 0xe8, 0x93, 0xd1, 0xff,
  0xff, 0x48, 0x8b, 0xbd, 0x28, 0xfe, 0xff, 0xff, 0x48, 0x8b, 0xb5, 0x30,
  0xfe, 0xff, 0xff, 0x48, 0x89, 0xc1, 0x48, 0x8d, 0x15, 0x51, 0x44, 0x00,
  0x00, 0xe8, 0x16, 0xd8, 0xff, 0xff, 0x48, 0x8b, 0x4d, 0xf0, 0x48, 0x83,
  0xc1, 0x14, 0x4c, 0x8b, 0x45, 0xe8, 0x48, 0x8d, 0x3d, 0xfc, 0x4f, 0x00,
  0x00, 0x48, 0x8d, 0x35, 0x25, 0x48, 0x00, 0x00, 0xba, 0x8a, 0x00, 0x00,
  0x00, 0xb0, 0x00, 0xe8, 0x20, 0x1e, 0x00, 0x00, 0x48, 0x8b, 0x45, 0xe8,
  0x48, 0x81, 0xc4, 0xe0, 0x01, 0x00, 0x00, 0x5d, 0xc3, 0x0f, 0x1f, 0x00,
  0x55, 0x48, 0x89, 0xe5, 0x5d, 0xc3, 0x66, 0x2e, 0x0f, 0x1f, 0x84, 0x00,
  0x00, 0x00, 0x00, 0x00, 0x55, 0x48, 0x89, 0xe5, 0x48, 0x83, 0xec, 0x20,
  0x48, 0x8d, 0x3d, 0xc1, 0x7c, 0x00, 0x00, 0xe8, 0x3c, 0x76, 0xff, 0xff,
  0x83, 0xf8, 0x00, 0x0f, 0x85, 0xa4, 0x00, 0x00, 0x00, 0x48, 0x8d, 0x3d,
  0xac, 0x7c, 0x00, 0x00, 0x31, 0xc0, 0x41, 0x89, 0xc1, 0x31, 0xc9, 0x4c,
  0x89, 0xce, 0x4c, 0x89, 0xca, 0x4d, 0x89, 0xc8, 0xe8, 0x97, 0x1f, 0x00,
  0x00, 0x89, 0x45, 0xfc, 0x83, 0x7d, 0xfc, 0x00, 0x0f, 0x8e, 0x76, 0x00,
  0x00, 0x00, 0x48, 0xc7, 0x45, 0xf0, 0x00, 0x00, 0x00, 0x00, 0x8b, 0x7d,
  0xfc, 0x48, 0x8d, 0x35, 0x99, 0x7c, 0x00, 0x00, 0x48, 0x8d, 0x55, 0xf0,
  0xe8, 0xdf, 0x1e, 0x00, 0x00, 0x48, 0x83, 0x7d, 0xf0, 0x00, 0x0f, 0x84,
  0x4b, 0x00, 0x00, 0x00, 0x48, 0x8d, 0x3d, 0x5d, 0x7c, 0x00, 0x00, 0xe8,
  0x38, 0x21, 0x00, 0x00, 0x31, 0xc0, 0x89, 0xc7, 0xff, 0x55, 0xf0, 0x8b,
  0x7d, 0xfc, 0x31, 0xc0, 0x41, 0x89, 0xc1, 0x31, 0xc9, 0x4c, 0x89, 0xce,
  0x4c, 0x89, 0xca, 0x4d, 0x89, 0xc8, 0xe8, 0x29, 0x21, 0x00, 0x00, 0x89,
  0x45, 0xec, 0x8b, 0x4d, 0xec, 0x48, 0x8d, 0x3d, 0xde, 0x43, 0x00, 0x00,
  0x48, 0x8d, 0x35, 0x4e, 0x4f, 0x00, 0x00, 0xba, 0x5d, 0x00, 0x00, 0x00,
  0xb0, 0x00, 0xe8, 0x49, 0x1d, 0x00, 0x00, 0xe9, 0x00, 0x00, 0x00, 0x00,
  0xe9, 0x00, 0x00, 0x00, 0x00, 0x48, 0x83, 0xc4, 0x20, 0x5d, 0xc3, 0x66,
  0x0f, 0x1f, 0x84, 0x00, 0x00, 0x00, 0x00, 0x00, 0x55, 0x48, 0x89, 0xe5,
  0x48, 0x89, 0x7d, 0xf8, 0xc6, 0x45, 0xf7, 0x00, 0x48, 0x8b, 0x45, 0xf8,
  0x8b, 0x40, 0x10, 0x89, 0x45, 0xf0, 0x83, 0xe8, 0x05, 0x0f, 0x84, 0x16,
  0x00, 0x00, 0x00, 0xe9, 0x00, 0x00, 0x00, 0x00, 0x8b, 0x45, 0xf0, 0x83,
  0xe8, 0x08, 0x0f, 0x85, 0x09, 0x00, 0x00, 0x00, 0xe9, 0x00, 0x00, 0x00,
  0x00, 0xc6, 0x45, 0xf7, 0x01, 0xe9, 0x00, 0x00, 0x00, 0x00, 0x8a, 0x45,
  0xf7, 0x24, 0x01, 0x0f, 0xb6, 0xc0, 0x5d, 0xc3, 0x0f, 0x1f, 0x84, 0x00,
  0x00, 0x00, 0x00, 0x00, 0x55, 0x48, 0x89, 0xe5, 0x48, 0x81, 0xec, 0x80,
  0x00, 0x00, 0x00, 0x44, 0x88, 0xc8, 0x4c, 0x8b, 0x4d, 0x18, 0x4c, 0x8b,
  0x4d, 0x10, 0x48, 0x89, 0x7d, 0xf8, 0x48, 0x89, 0x75, 0xf0, 0x48, 0x89,
  0x55, 0xe8, 0x48, 0x89, 0x4d, 0xe0, 0x4c, 0x89, 0x45, 0xd8, 0x24, 0x01,
  0x88, 0x45, 0xd7, 0x48, 0x8d, 0x3d, 0x3f, 0x44, 0x00, 0x00, 0x48, 0x8d,
  0x35, 0xcb, 0x3b, 0x00, 0x00, 0x48, 0x8d, 0x15, 0xe8, 0x4d, 0x00, 0x00,
  0xb9, 0x83, 0x01, 0x00, 0x00, 0xb0, 0x00, 0xe8, 0x90, 0x1c, 0x00, 0x00,
  0x4c, 0x8b, 0x45, 0xf0, 0x48, 0x8d, 0x3d, 0xf7, 0x49, 0x00, 0x00, 0x48,
  0x8d, 0x35, 0xa6, 0x3b, 0x00, 0x00, 0x48, 0x8d, 0x15, 0xc3, 0x4d, 0x00,
  0x00, 0xb9, 0x84, 0x01, 0x00, 0x00, 0xb0, 0x00, 0xe8, 0x6b, 0x1c, 0x00,
  0x00, 0x4c, 0x8b, 0x45, 0xe8, 0x48, 0x8d, 0x3d, 0x18, 0x40, 0x00, 0x00,
  0x48, 0x8d, 0x35, 0x81, 0x3b, 0x00, 0x00, 0x48, 0x8d, 0x15, 0x9e, 0x4d,
  0x00, 0x00, 0xb9, 0x85, 0x01, 0x00, 0x00, 0xb0, 0x00, 0xe8, 0x46, 0x1c,
  0x00, 0x00, 0xf6, 0x45, 0xd7, 0x01, 0x0f, 0x84, 0x0f, 0x01, 0x00, 0x00,
  0x48, 0x8b, 0x7d, 0xf0, 0xe8, 0x03, 0x77, 0xff, 0xff, 0x48, 0x89, 0x45,
  0xc8, 0x48, 0x83, 0x7d, 0xc8, 0x00, 0x0f, 0x85, 0x23, 0x00, 0x00, 0x00,
  0x48, 0x8b, 0x4d, 0xf0, 0x48, 0x8d, 0x3d, 0xc4, 0x3b, 0x00, 0x00, 0x48,
  0x8d, 0x35, 0x5e, 0x4d, 0x00, 0x00, 0xba, 0x8b, 0x01, 0x00, 0x00, 0xb0,
  0x00, 0xe8, 0x06, 0x1c, 0x00, 0x00, 0xe9, 0x6f, 0x01, 0x00, 0x00, 0x48,
  0x8b, 0x7d, 0xc8, 0x48, 0x8b, 0x75, 0xe8, 0x48, 0x8b, 0x55, 0xe0, 0xe8,
  0x40, 0x84, 0xff, 0xff, 0x48, 0x89, 0x45, 0xc0, 0x48, 0x83, 0x7d, 0xc0,
  0x00, 0x0f, 0x84, 0x0d, 0x00, 0x00, 0x00, 0x48, 0x8b, 0x45, 0xc0, 0x48,
  0x89, 0x45, 0xa0, 0xe9, 0x10, 0x00, 0x00, 0x00, 0x48, 0x8d, 0x05, 0x01,
  0x3c, 0x00, 0x00, 0x48, 0x89, 0x45, 0xa0, 0xe9, 0x00, 0x00, 0x00, 0x00,
  0x48, 0x8b, 0x45, 0xa0, 0x48, 0x89, 0x45, 0xb8, 0x48, 0x8b, 0x7d, 0xb8,
  0xe8, 0xc3, 0x1b, 0x00, 0x00, 0x48, 0x89, 0x45, 0xb0, 0x48, 0x8b, 0x45,
  0x10, 0x48, 0x89, 0x45, 0x90, 0x48, 0x8b, 0x45, 0xb8, 0x48, 0x89, 0x45,
  0x98, 0x48, 0x8b, 0x45, 0xb0, 0x48, 0x3b, 0x45, 0x18, 0x0f, 0x86, 0x11,
  0x00, 0x00, 0x00, 0x48, 0x8b, 0x45, 0x18, 0x48, 0x83, 0xe8, 0x01, 0x48,
  0x89, 0x45, 0x88, 0xe9, 0x08, 0x00, 0x00, 0x00, 0x48, 0x8b, 0x45, 0xb0,
  0x48, 0x89, 0x45, 0x88, 0x48, 0x8b, 0x75, 0x98, 0x48, 0x8b, 0x7d, 0x90,
  0x48, 0x8b, 0x55, 0x88, 0xe8, 0x17, 0x1e, 0x00, 0x00, 0x48, 0x83, 0x7d,
  0xc0, 0x00, 0x0f, 0x85, 0x21, 0x00, 0x00, 0x00, 0x48, 0x8b, 0x7d, 0xc8,
  0x48, 0x8b, 0x75, 0xe8, 0x48, 0x8b, 0x55, 0xe0, 0x48, 0x8d, 0x0d, 0xa3,
  0x4b, 0x00, 0x00, 0xe8, 0x24, 0x85, 0xff, 0xff, 0x48, 0x8b, 0x7d, 0xc8,
  0xe8, 0x8b, 0x80, 0xff, 0xff, 0x48, 0x8b, 0x7d, 0xc8, 0xe8, 0x52, 0x7f,
  0xff, 0xff, 0xe9, 0x62, 0x00, 0x00, 0x00, 0x48, 0x8b, 0x7d, 0xf0, 0xe8,
  0xf4, 0x75, 0xff, 0xff, 0x48, 0x89, 0x45, 0xa8, 0x48, 0x83, 0x7d, 0xa8,
  0x00, 0x0f, 0x85, 0x23, 0x00, 0x00, 0x00, 0x48, 0x8b, 0x4d, 0xf0, 0x48,
  0x8d, 0x3d, 0xb5, 0x3a, 0x00, 0x00, 0x48, 0x8d, 0x35, 0x4f, 0x4c, 0x00,
  0x00, 0xba, 0x9e, 0x01, 0x00, 0x00, 0xb0, 0x00, 0xe8, 0xf7, 0x1a, 0x00,
  0x00, 0xe9, 0x60, 0x00, 0x00, 0x00, 0x48, 0x8b, 0x7d, 0xa8, 0x48, 0x8b,
  0x75, 0xe8, 0x48, 0x8b, 0x55, 0xe0, 0x48, 0x8b, 0x4d, 0xd8, 0xe8, 0xbd,
  0x84, 0xff, 0xff, 0x48, 0x8b, 0x7d, 0xa8, 0xe8, 0x24, 0x80, 0xff, 0xff,
  0x48, 0x8b, 0x7d, 0xa8, 0xe8, 0xeb, 0x7e, 0xff, 0xff, 0x8a, 0x4d, 0xd7,
  0x4c, 0x8d, 0x05, 0x89, 0x3a, 0x00, 0x00, 0x48, 0x8d, 0x05, 0x8f, 0x3e,
  0x00, 0x00, 0xf6, 0xc1, 0x01, 0x4c, 0x0f, 0x45, 0xc0, 0x48, 0x8d, 0x3d,
  0x1c, 0x36, 0x00, 0x00, 0x48, 0x8d, 0x35, 0xcd, 0x39, 0x00, 0x00, 0x48,
  0x8d, 0x15, 0xea, 0x4b, 0x00, 0x00, 0xb9, 0xa5, 0x01, 0x00, 0x00, 0xb0,
  0x00, 0xe8, 0x92, 0x1a, 0x00, 0x00, 0x48, 0x81, 0xc4, 0x80, 0x00, 0x00,
  0x00, 0x5d, 0xc3, 0x66, 0x0f, 0x1f, 0x84, 0x00, 0x00, 0x00, 0x00, 0x00,
  0x55, 0x48, 0x89, 0xe5, 0x48, 0x89, 0x7d, 0xf8, 0x48, 0xb8, 0x25, 0x23,
  0x22, 0x84, 0xe4, 0x9c, 0xf2, 0xcb, 0x48, 0x89, 0x45, 0xf0, 0x48, 0x8b,
  0x45, 0xf8, 0x80, 0x38, 0x00, 0x0f, 0x84, 0x43, 0x00, 0x00, 0x00, 0xe9,
  0x00, 0x00, 0x00, 0x00, 0x48, 0x8b, 0x45, 0xf0, 0x48, 0x8b, 0x4d, 0xf8,
  0x48, 0x89, 0xca, 0x48, 0x83, 0xc2, 0x01, 0x48, 0x89, 0x55, 0xf8, 0x48,
  0x0f, 0xbe, 0x09, 0x48, 0x31, 0xc8, 0x48, 0xb9, 0xb3, 0x01, 0x00, 0x00,
  0x00, 0x01, 0x00, 0x00, 0x48, 0x0f, 0xaf, 0xc1, 0x48, 0x89, 0x45, 0xf0,
  0x48, 0x8b, 0x45, 0xf8, 0x80, 0x38, 0x00, 0x0f, 0x85, 0xc7, 0xff, 0xff,
  0xff, 0xe9, 0x00, 0x00, 0x00, 0x00, 0x48, 0x8b, 0x45, 0xf0, 0x5d, 0xc3,
  0x0f, 0x1f, 0x40, 0x00, 0x55, 0x48, 0x89, 0xe5, 0x48, 0x89, 0x7d, 0xf8,
  0x48, 0xb8, 0x25, 0x23, 0x22, 0x84, 0xe4, 0x9c, 0xf2, 0xcb, 0x48, 0x89,
  0x45, 0xf0, 0x48, 0x8b, 0x45, 0xf8, 0x66, 0x83, 0x38, 0x00, 0x0f, 0x84,
  0x43, 0x00, 0x00, 0x00, 0xe9, 0x00, 0x00, 0x00, 0x00, 0x48, 0x8b, 0x45,
  0xf0, 0x48, 0x8b, 0x4d, 0xf8, 0x48, 0x89, 0xca, 0x48, 0x83, 0xc2, 0x02,
  0x48, 0x89, 0x55, 0xf8, 0x0f, 0xb7, 0x09, 0x48, 0x31, 0xc8, 0x48, 0xb9,
  0xb3, 0x01, 0x00, 0x00, 0x00, 0x01, 0x00, 0x00, 0x48, 0x0f, 0xaf, 0xc1,
  0x48, 0x89, 0x45, 0xf0, 0x48, 0x8b, 0x45, 0xf8, 0x66, 0x83, 0x38, 0x00,
  0x0f, 0x85, 0xc7, 0xff, 0xff, 0xff, 0xe9, 0x00, 0x00, 0x00, 0x00, 0x48,
  0x8b, 0x45, 0xf0, 0x5d, 0xc3, 0x0f, 0x1f, 0x00, 0x55, 0x48, 0x89, 0xe5,
  0xe8, 0x07, 0x00, 0x00, 0x00, 0x5d, 0xc3, 0x0f, 0x1f, 0x44, 0x00, 0x00,
  0x55, 0x48, 0x89, 0xe5, 0x48, 0x81, 0xec, 0x70, 0x11, 0x00, 0x00, 0x48,
  0x8d, 0x3d, 0x68, 0x42, 0x00, 0x00, 0xe8, 0x49, 0x1d, 0x00, 0x00, 0x48,
  0x89, 0x45, 0xf0, 0x48, 0xc7, 0x45, 0xe8, 0x00, 0x00, 0x00, 0x00, 0x48,
  0x8d, 0x3d, 0x66, 0x74, 0x01, 0x00, 0x31, 0xf6, 0xba, 0x00, 0x02, 0x00,
  0x00, 0xe8, 0xda, 0x18, 0x00, 0x00, 0x48, 0x83, 0x7d, 0xf0, 0x00, 0x0f,
  0x85, 0x30, 0x00, 0x00, 0x00, 0x48, 0x8d, 0x3d, 0x51, 0x47, 0x00, 0x00,
  0xe8, 0x23, 0x1d, 0x00, 0x00, 0x48, 0x8d, 0x3d, 0x3c, 0x74, 0x01, 0x00,
  0x48, 0x8d, 0x35, 0xee, 0x50, 0x00, 0x00, 0xba, 0x00, 0x02, 0x00, 0x00,
  0xe8, 0xbb, 0x19, 0x00, 0x00, 0xc6, 0x05, 0x23, 0x76, 0x01, 0x00, 0x00,
  0xe9, 0xc1, 0x02, 0x00, 0x00, 0xe9, 0x00, 0x00, 0x00, 0x00, 0x48, 0x8b,
  0x7d, 0xf0, 0xe8, 0x01, 0x1d, 0x00, 0x00, 0x48, 0x89, 0x45, 0xf8, 0x48,
  0x83, 0xf8, 0x00, 0x0f, 0x84, 0x72, 0x02, 0x00, 0x00, 0x48, 0x8b, 0x45,
  0xf8, 0x48, 0x83, 0xc0, 0x08, 0x48, 0x89, 0x45, 0xe0, 0x48, 0x8b, 0x7d,
  0xe0, 0x48, 0x8d, 0x35, 0x8f, 0x4e, 0x00, 0x00, 0xe8, 0xe7, 0x72, 0xff,
  0xff, 0x48, 0x83, 0xf8, 0x00, 0x0f, 0x85, 0x1a, 0x00, 0x00, 0x00, 0x48,
  0x8b, 0x7d, 0xe0, 0x48, 0x8d, 0x35, 0xe8, 0x4e, 0x00, 0x00, 0xe8, 0xcd,
  0x72, 0xff, 0xff, 0x48, 0x83, 0xf8, 0x00, 0x0f, 0x84, 0x2d, 0x02, 0x00,
  0x00, 0x48, 0x8d, 0xbd, 0xd0, 0xfe, 0xff, 0xff, 0x31, 0xf6, 0xba, 0x04,
  0x01, 0x00, 0x00, 0xe8, 0x30, 0x18, 0x00, 0x00, 0x48, 0x8d, 0xbd, 0xd0,
  0xfe, 0xff, 0xff, 0x48, 0x8b, 0x4d, 0xe0, 0xbe, 0x03, 0x01, 0x00, 0x00,
  0x48, 0x8d, 0x15, 0x36, 0x37, 0x00, 0x00, 0xb0, 0x00, 0xe8, 0x82, 0x18,
  0x00, 0x00, 0xc7, 0x85, 0xcc, 0xfe, 0xff, 0xff, 0x00, 0x00, 0x00, 0x00,
  0x48, 0x8d, 0xbd, 0xd0, 0xfe, 0xff, 0xff, 0x48, 0x8d, 0xb5, 0xcc, 0xfe,
  0xff, 0xff, 0xe8, 0x15, 0x17, 0x00, 0x00, 0x89, 0x85, 0xc8, 0xfe, 0xff,
  0xff, 0x83, 0xbd, 0xc8, 0xfe, 0xff, 0xff, 0x00, 0x0f, 0x85, 0xc7, 0x01,
  0x00, 0x00, 0x83, 0xbd, 0xcc, 0xfe, 0xff, 0xff, 0x00, 0x0f, 0x8e, 0xba,
  0x01, 0x00, 0x00, 0x48, 0xc7, 0x85, 0xc0, 0xfe, 0xff, 0xff, 0x00, 0x00,
  0x00, 0x00, 0x48, 0xc7, 0x85, 0xb8, 0xfe, 0xff, 0xff, 0x00, 0x00, 0x00,
  0x00, 0x48, 0xc7, 0x85, 0xb0, 0xfe, 0xff, 0xff, 0x00, 0x00, 0x00, 0x00,
  0x48, 0xc7, 0x85, 0xa8, 0xfe, 0xff, 0xff, 0x00, 0x00, 0x00, 0x00, 0x8b,
  0xbd, 0xcc, 0xfe, 0xff, 0xff, 0x48, 0x8d, 0x35, 0x95, 0x40, 0x00, 0x00,
  0x48, 0x8d, 0x95, 0xc0, 0xfe, 0xff, 0xff, 0xe8, 0x80, 0x16, 0x00, 0x00,
  0x8b, 0xbd, 0xcc, 0xfe, 0xff, 0xff, 0x48, 0x8d, 0x35, 0x83, 0x49, 0x00,
  0x00, 0x48, 0x8d, 0x95, 0xb8, 0xfe, 0xff, 0xff, 0xe8, 0x67, 0x16, 0x00,
  0x00, 0x8b, 0xbd, 0xcc, 0xfe, 0xff, 0xff, 0x48, 0x8d, 0x35, 0x82, 0x35,
  0x00, 0x00, 0x48, 0x8d, 0x95, 0xb0, 0xfe, 0xff, 0xff, 0xe8, 0x4e, 0x16,
  0x00, 0x00, 0x8b, 0xbd, 0xcc, 0xfe, 0xff, 0xff, 0x48, 0x8d, 0x35, 0xff,
  0x41, 0x00, 0x00, 0x48, 0x8d, 0x95, 0xa8, 0xfe, 0xff, 0xff, 0xe8, 0x35,
  0x16, 0x00, 0x00, 0x48, 0x83, 0xbd, 0xc0, 0xfe, 0xff, 0xff, 0x00, 0x0f,
  0x84, 0x2a, 0x00, 0x00, 0x00, 0x48, 0x83, 0xbd, 0xb8, 0xfe, 0xff, 0xff,
  0x00, 0x0f, 0x84, 0x1c, 0x00, 0x00, 0x00, 0x48, 0x83, 0xbd, 0xb0, 0xfe,
  0xff, 0xff, 0x00, 0x0f, 0x84, 0x0e, 0x00, 0x00, 0x00, 0x48, 0x83, 0xbd,
  0xa8, 0xfe, 0xff, 0xff, 0x00, 0x0f, 0x85, 0x10, 0x00, 0x00, 0x00, 0x8b,
  0xbd, 0xcc, 0xfe, 0xff, 0xff, 0xe8, 0x52, 0x16, 0x00, 0x00, 0xe9, 0x63,
  0xfe, 0xff, 0xff, 0x48, 0x8b, 0x85, 0xc0, 0xfe, 0xff, 0xff, 0x48, 0x8b,
  0x00, 0x48, 0x89, 0x85, 0xc0, 0xfe, 0xff, 0xff, 0x48, 0x8b, 0x85, 0xb8,
  0xfe, 0xff, 0xff, 0x48, 0x8b, 0x00, 0x48, 0x89, 0x85, 0xb8, 0xfe, 0xff,
  0xff, 0x48, 0x8b, 0x85, 0xb0, 0xfe, 0xff, 0xff, 0x48, 0x8b, 0x00, 0x48,
  0x89, 0x85, 0xb0, 0xfe, 0xff, 0xff, 0x48, 0x8b, 0x85, 0xa8, 0xfe, 0xff,
  0xff, 0x48, 0x8b, 0x00, 0x48, 0x89, 0x85, 0xa8, 0xfe, 0xff, 0xff, 0x48,
  0x8d, 0xbd, 0xa0, 0xee, 0xff, 0xff, 0x31, 0xf6, 0xba, 0x00, 0x10, 0x00,
  0x00, 0xe8, 0xa6, 0x16, 0x00, 0x00, 0x48, 0x8d, 0xbd, 0xa0, 0xee, 0xff,
  0xff, 0x48, 0x8d, 0x8d, 0xd0, 0xfe, 0xff, 0xff, 0x4c, 0x8b, 0x85, 0xb0,
  0xfe, 0xff, 0xff, 0x4c, 0x8b, 0x8d, 0xb8, 0xfe, 0xff, 0xff, 0xbe, 0xff,
  0x0f, 0x00, 0x00, 0x48, 0x8d, 0x15, 0x8e, 0x39, 0x00, 0x00, 0xb0, 0x00,
  0xe8, 0xe7, 0x16, 0x00, 0x00, 0x48, 0x8d, 0xb5, 0xd0, 0xfe, 0xff, 0xff,
  0x48, 0x8b, 0x95, 0xc0, 0xfe, 0xff, 0xff, 0x48, 0x8d, 0x8d, 0xa0, 0xee,
  0xff, 0xff, 0xbf, 0x08, 0x00, 0x00, 0x00, 0x31, 0xc0, 0x41, 0x89, 0xc0,
  0xe8, 0xe3, 0x0c, 0x00, 0x00, 0x48, 0x89, 0x85, 0x98, 0xee, 0xff, 0xff,
  0x48, 0x83, 0xbd, 0x98, 0xee, 0xff, 0xff, 0x00, 0x0f, 0x84, 0x18, 0x00,
  0x00, 0x00, 0x48, 0x8b, 0xbd, 0x98, 0xee, 0xff, 0xff, 0xe8, 0xa2, 0x0b,
  0x00, 0x00, 0x48, 0x8b, 0x45, 0xe8, 0x48, 0x83, 0xc0, 0x01, 0x48, 0x89,
  0x45, 0xe8, 0x8b, 0xbd, 0xcc, 0xfe, 0xff, 0xff, 0xe8, 0x6b, 0x15, 0x00,
  0x00, 0xe9, 0x00, 0x00, 0x00, 0x00, 0xe9, 0x77, 0xfd, 0xff, 0xff, 0x48,
  0x83, 0x7d, 0xe8, 0x00, 0x0f, 0x85, 0x1f, 0x00, 0x00, 0x00, 0x48, 0x8d,
  0x3d, 0x7f, 0x71, 0x01, 0x00, 0x48, 0x8d, 0x35, 0xb7, 0x35, 0x00, 0x00,
  0xba, 0x00, 0x02, 0x00, 0x00, 0xe8, 0xfe, 0x16, 0x00, 0x00, 0xc6, 0x05,
  0x66, 0x73, 0x01, 0x00, 0x00, 0x48, 0x8b, 0x7d, 0xf0, 0xe8, 0x5e, 0x1a,
  0x00, 0x00, 0xe8, 0x09, 0x00, 0x00, 0x00, 0x48, 0x81, 0xc4, 0x70, 0x11,
  0x00, 0x00, 0x5d, 0xc3, 0x55, 0x48, 0x89, 0xe5, 0x48, 0x8d, 0x3d, 0xfd,
  0x42, 0x00, 0x00, 0xe8, 0x20, 0x0a, 0x00, 0x00, 0x48, 0x8d, 0x3d, 0xe2,
  0x3d, 0x00, 0x00, 0x48, 0x8d, 0x35, 0x43, 0x44, 0x00, 0x00, 0x48, 0x8d,
  0x15, 0x77, 0x47, 0x00, 0x00, 0xb9, 0xaf, 0x00, 0x00, 0x00, 0xb0, 0x00,
  0xe8, 0x1f, 0x16, 0x00, 0x00, 0x5d, 0xc3, 0x66, 0x66, 0x66, 0x66, 0x2e,
  0x0f, 0x1f, 0x84, 0x00, 0x00, 0x00, 0x00, 0x00, 0x55, 0x48, 0x89, 0xe5,
  0x48, 0x83, 0xec, 0x10, 0x89, 0x7d, 0xfc, 0x8b, 0x45, 0xfc, 0x89, 0x45,
  0xf8, 0x85, 0xc0, 0x0f, 0x84, 0x16, 0x00, 0x00, 0x00, 0xe9, 0x00, 0x00,
  0x00, 0x00, 0x8b, 0x45, 0xf8, 0x83, 0xe8, 0x01, 0x0f, 0x84, 0x16, 0x00,
  0x00, 0x00, 0xe9, 0x1d, 0x00, 0x00, 0x00, 0x48, 0x8d, 0x3d, 0xa6, 0x3c,
  0x00, 0x00, 0xe8, 0x25, 0x0f, 0x00, 0x00, 0xe9, 0x0c, 0x00, 0x00, 0x00,
  0x48, 0x8d, 0x3d, 0x07, 0x40, 0x00, 0x00, 0xe8, 0x34, 0x0f, 0x00, 0x00,
  0x48, 0x83, 0xc4, 0x10, 0x5d, 0xc3, 0x66, 0x66, 0x66, 0x66, 0x66, 0x2e,
  0x0f, 0x1f, 0x84, 0x00, 0x00, 0x00, 0x00, 0x00, 0x55, 0x48, 0x89, 0xe5,
  0x48, 0x83, 0xec, 0x50, 0x48, 0x89, 0x7d, 0xf0, 0x48, 0x89, 0x75, 0xe8,
  0x48, 0x8b, 0x55, 0xe8, 0x48, 0x83, 0xc2, 0x14, 0x48, 0x8d, 0x3d, 0xd8,
  0x43, 0x00, 0x00, 0x48, 0x8d, 0x35, 0x7c, 0x3c, 0x00, 0x00, 0xb0, 0x00,
  0xe8, 0x83, 0x15, 0x00, 0x00, 0x48, 0x83, 0x3d, 0x83, 0x72, 0x01, 0x00,
  0x00, 0x0f, 0x85, 0x0c, 0x00, 0x00, 0x00, 0xe8, 0x30, 0xd0, 0xff, 0xff,
  0x48, 0x89, 0x05, 0x71, 0x72, 0x01, 0x00, 0x48, 0x8b, 0x7d, 0xe8, 0x48,
  0x83, 0xc7, 0x14, 0xe8, 0x4c, 0xfb, 0xff, 0xff, 0x48, 0x89, 0x45, 0xe0,
  0x48, 0x8b, 0x75, 0xe0, 0x48, 0x8d, 0x3d, 0xe3, 0x30, 0x00, 0x00, 0x31,
  0xc0, 0xe8, 0x46, 0x15, 0x00, 0x00, 0x48, 0x8b, 0x45, 0xe0, 0x48, 0x89,
  0x45, 0xc0, 0x48, 0xb9, 0x43, 0x41, 0x1b, 0xee, 0x0d, 0x50, 0x00, 0x8a,
  0x48, 0x29, 0xc8, 0x0f, 0x84, 0x66, 0x01, 0x00, 0x00, 0xe9, 0x00, 0x00,
  0x00, 0x00, 0x48, 0x8b, 0x45, 0xc0, 0x48, 0xb9, 0x37, 0x14, 0x19, 0x77,
  0x27, 0xe8, 0x9f, 0x95, 0x48, 0x29, 0xc8, 0x0f, 0x84, 0x2e, 0x01, 0x00,
  0x00, 0xe9, 0x00, 0x00, 0x00, 0x00, 0x48, 0x8b, 0x45, 0xc0, 0x48, 0xb9,
  0xf6, 0x1d, 0x8d, 0xf9, 0x18, 0x8c, 0x16, 0xe6, 0x48, 0x29, 0xc8, 0x0f,
  0x84, 0xf6, 0x00, 0x00, 0x00, 0xe9, 0x00, 0x00, 0x00, 0x00, 0x48, 0x8b,
  0x45, 0xc0, 0x48, 0xb9, 0x3c, 0xdd, 0xd4, 0x76, 0x91, 0x1e, 0x59, 0xf3,
  0x48, 0x29, 0xc8, 0x0f, 0x84, 0x12, 0x01, 0x00, 0x00, 0xe9, 0x00, 0x00,
  0x00, 0x00, 0x48, 0x8b, 0x45, 0xc0, 0x48, 0xb9, 0xc0, 0x92, 0xa6, 0x7b,
  0x7e, 0xcd, 0x9e, 0x2c, 0x48, 0x29, 0xc8, 0x0f, 0x84, 0x52, 0x01, 0x00,
  0x00, 0xe9, 0x00, 0x00, 0x00, 0x00, 0x48, 0x8b, 0x45, 0xc0, 0x48, 0xb9,
  0x92, 0x04, 0xde, 0x05, 0x6a, 0xe5, 0x86, 0x61, 0x48, 0x29, 0xc8, 0x0f,
  0x84, 0xda, 0x00, 0x00, 0x00, 0xe9, 0x00, 0x00, 0x00, 0x00, 0x48, 0x8b,
  0x45, 0xc0, 0x48, 0xb9, 0xc2, 0x44, 0x32, 0xec, 0xdd, 0x2d, 0x5e, 0x62,
  0x48, 0x29, 0xc8, 0x0f, 0x85, 0x3b, 0x01, 0x00, 0x00, 0xe9, 0x00, 0x00,
  0x00, 0x00, 0x48, 0x8b, 0x05, 0x67, 0x6d, 0x01, 0x00, 0x48, 0x8b, 0x7d,
  0xf0, 0x48, 0x8b, 0x75, 0xe8, 0xff, 0xd0, 0x48, 0x89, 0x45, 0xd8, 0x48,
  0x8d, 0x05, 0x32, 0x6d, 0x01, 0x00, 0x48, 0x8b, 0x38, 0x48, 0x8b, 0x35,
  0x60, 0x71, 0x01, 0x00, 0x48, 0x8b, 0x55, 0xd8, 0xe8, 0x7f, 0xca, 0xff,
  0xff, 0x48, 0x89, 0x45, 0xd0, 0x48, 0x83, 0x7d, 0xd0, 0x00, 0x0f, 0x84,
  0x3e, 0x00, 0x00, 0x00, 0x0f, 0xbe, 0x05, 0x49, 0x71, 0x01, 0x00, 0x83,
  0xf8, 0xef, 0x0f, 0x84, 0x09, 0x00, 0x00, 0x00, 0x48, 0x8b, 0x7d, 0xd0,
  0xe8, 0xd7, 0x02, 0x00, 0x00, 0x48, 0x8b, 0x3d, 0x28, 0x71, 0x01, 0x00,
  0x48, 0x8b, 0x05, 0x29, 0x91, 0x01, 0x00, 0x89, 0xc2, 0x48, 0x8d, 0x35,
  0x20, 0x71, 0x01, 0x00, 0xe8, 0xdb, 0xc7, 0xff, 0xff, 0x48, 0x89, 0x45,
  0xf8, 0xe9, 0xcf, 0x00, 0x00, 0x00, 0xe9, 0xb5, 0x00, 0x00, 0x00, 0x48,
  0x8b, 0x3d, 0xfe, 0x70, 0x01, 0x00, 0x48, 0x8d, 0x35, 0x26, 0x38, 0x00,
  0x00, 0xe8, 0xea, 0xc8, 0xff, 0xff, 0x48, 0x89, 0x45, 0xf8, 0xe9, 0xae,
  0x00, 0x00, 0x00, 0x48, 0x8b, 0x3d, 0xe2, 0x70, 0x01, 0x00, 0x48, 0x8d,
  0x35, 0x75, 0x2f, 0x00, 0x00, 0xe8, 0xce, 0xc8, 0xff, 0xff, 0x48, 0x89,
  0x45, 0xf8, 0xe9, 0x92, 0x00, 0x00, 0x00, 0x48, 0xb8, 0x3c, 0xdd, 0xd4,
  0x76, 0x91, 0x1e, 0x59, 0xf3, 0x48, 0x89, 0x45, 0xc8, 0x48, 0xb8, 0x3c,
  0xdd, 0xd4, 0x76, 0x91, 0x1e, 0x59, 0xf3, 0x48, 0x39, 0x45, 0xe0, 0x0f,
  0x94, 0xc0, 0x24, 0x01, 0x88, 0x05, 0xf6, 0x6c, 0x01, 0x00, 0x48, 0x8b,
  0x05, 0x87, 0x6c, 0x01, 0x00, 0x48, 0x89, 0x45, 0xb8, 0x48, 0x8b, 0x45,
  0xf0, 0x48, 0x89, 0x45, 0xb0, 0x48, 0x8d, 0x3d, 0xb2, 0x49, 0x00, 0x00,
  0xe8, 0xaf, 0xc6, 0xff, 0xff, 0x48, 0x8b, 0x7d, 0xb0, 0x48, 0x89, 0xc6,
  0x48, 0x8b, 0x45, 0xb8, 0xff, 0xd0, 0x48, 0x89, 0x45, 0xf8, 0xe9, 0x36,
  0x00, 0x00, 0x00, 0x48, 0x8b, 0x3d, 0x6a, 0x70, 0x01, 0x00, 0x48, 0x8d,
  0x35, 0x8b, 0x72, 0x00, 0x00, 0xba, 0x0e, 0x01, 0x00, 0x00, 0xe8, 0x21,
  0xc7, 0xff, 0xff, 0x48, 0x89, 0x45, 0xf8, 0xe9, 0x15, 0x00, 0x00, 0x00,
  0x48, 0x8b, 0x05, 0x31, 0x6c, 0x01, 0x00, 0x48, 0x8b, 0x7d, 0xf0, 0x48,
  0x8b, 0x75, 0xe8, 0xff, 0xd0, 0x48, 0x89, 0x45, 0xf8, 0x48, 0x8b, 0x45,
  0xf8, 0x48, 0x83, 0xc4, 0x50, 0x5d, 0xc3, 0x66, 0x0f, 0x1f, 0x84, 0x00,
  0x00, 0x00, 0x00, 0x00, 0x55, 0x48, 0x89, 0xe5, 0x48, 0x81, 0xec, 0x20,
  0x0d, 0x00, 0x00, 0x84, 0xc0, 0x0f, 0x84, 0x38, 0x00, 0x00, 0x00, 0x0f,
  0x29, 0x85, 0x10, 0xf3, 0xff, 0xff, 0x0f, 0x29, 0x8d, 0x20, 0xf3, 0xff,
  0xff, 0x0f, 0x29, 0x95, 0x30, 0xf3, 0xff, 0xff, 0x0f, 0x29, 0x9d, 0x40,
  0xf3, 0xff, 0xff, 0x0f, 0x29, 0xa5, 0x50, 0xf3, 0xff, 0xff, 0x0f, 0x29,
  0xad, 0x60, 0xf3, 0xff, 0xff, 0x0f, 0x29, 0xb5, 0x70, 0xf3, 0xff, 0xff,
  0x0f, 0x29, 0xbd, 0x80, 0xf3, 0xff, 0xff, 0x4c, 0x89, 0x8d, 0x08, 0xf3,
  0xff, 0xff, 0x4c, 0x89, 0x85, 0x00, 0xf3, 0xff, 0xff, 0x48, 0x89, 0x8d,
  0xf8, 0xf2, 0xff, 0xff, 0x48, 0x89, 0x95, 0xf0, 0xf2, 0xff, 0xff, 0x48,
  0x89, 0x7d, 0xf8, 0x48, 0x89, 0x75, 0xf0, 0x48, 0x8d, 0xbd, 0xc0, 0xf3,
  0xff, 0xff, 0x31, 0xf6, 0xba, 0x30, 0x0c, 0x00, 0x00, 0xe8, 0x1e, 0x12,
  0x00, 0x00, 0x48, 0x8d, 0x85, 0xa0, 0xf3, 0xff, 0xff, 0x48, 0x8d, 0x8d,
  0xe0, 0xf2, 0xff, 0xff, 0x48, 0x89, 0x48, 0x10, 0x48, 0x8d, 0x4d, 0x10,
  0x48, 0x89, 0x48, 0x08, 0xc7, 0x40, 0x04, 0x30, 0x00, 0x00, 0x00, 0xc7,
  0x00, 0x10, 0x00, 0x00, 0x00, 0x48, 0x8d, 0xbd, 0xc0, 0xf3, 0xff, 0xff,
  0x48, 0x83, 0xc7, 0x2d, 0x48, 0x8b, 0x75, 0xf0, 0x48, 0x8d, 0x95, 0xa0,
  0xf3, 0xff, 0xff, 0xe8, 0x6c, 0x16, 0x00, 0x00, 0x89, 0x85, 0x9c, 0xf3,
  0xff, 0xff, 0x8b, 0x85, 0x9c, 0xf3, 0xff, 0xff, 0x83, 0xe8, 0x01, 0x89,
  0x85, 0x98, 0xf3, 0xff, 0xff, 0x83, 0xbd, 0x9c, 0xf3, 0xff, 0xff, 0x00,
  0x0f, 0x8e, 0x27, 0x00, 0x00, 0x00, 0x48, 0x63, 0x85, 0x98, 0xf3, 0xff,
  0xff, 0x0f, 0xbe, 0x84, 0x05, 0xed, 0xf3, 0xff, 0xff, 0x83, 0xf8, 0x0a,
  0x0f, 0x85, 0x0f, 0x00, 0x00, 0x00, 0x48, 0x63, 0x85, 0x98, 0xf3, 0xff,
  0xff, 0xc6, 0x84, 0x05, 0xed, 0xf3, 0xff, 0xff, 0x00, 0x48, 0x8d, 0x85,
  0xa0, 0xf3, 0xff, 0xff, 0x48, 0x8d, 0xb5, 0xc0, 0xf3, 0xff, 0xff, 0x48,
  0x83, 0xc6, 0x2d, 0x48, 0x8d, 0x3d, 0xba, 0x3d, 0x00, 0x00, 0xb0, 0x00,
  0xe8, 0xf3, 0x11, 0x00, 0x00, 0xc7, 0x85, 0xc0, 0xf3, 0xff, 0xff, 0x00,
  0x00, 0x00, 0x00, 0xc7, 0x85, 0xe8, 0xf3, 0xff, 0xff, 0x00, 0x00, 0x00,
  0x00, 0xc6, 0x85, 0xec, 0xf3, 0xff, 0xff, 0x01, 0xc7, 0x85, 0xd0, 0xf3,
  0xff, 0xff, 0xff, 0xff, 0xff, 0xff, 0x48, 0x83, 0x7d, 0xf8, 0x00, 0x0f,
  0x84, 0x2e, 0x00, 0x00, 0x00, 0x48, 0x8b, 0x45, 0xf8, 0x80, 0x38, 0x00,
  0x0f, 0x84, 0x21, 0x00, 0x00, 0x00, 0x48, 0x8d, 0xbd, 0xc0, 0xf3, 0xff,
  0xff, 0x48, 0x81, 0xc7, 0x2d, 0x04, 0x00, 0x00, 0x48, 0x8b, 0x75, 0xf8,
  0xba, 0x00, 0x04, 0x00, 0x00, 0xe8, 0x4a, 0x14, 0x00, 0x00, 0xe9, 0x1f,
  0x00, 0x00, 0x00, 0x48, 0x8d, 0xbd, 0xc0, 0xf3, 0xff, 0xff, 0x48, 0x81,
  0xc7, 0x2d, 0x04, 0x00, 0x00, 0x48, 0x8d, 0x35, 0x60, 0x37, 0x00, 0x00,
  0xba, 0x26, 0x00, 0x00, 0x00, 0xe8, 0x26, 0x14, 0x00, 0x00, 0x48, 0x8d,
  0xb5, 0xc0, 0xf3, 0xff, 0xff, 0xba, 0x30, 0x0c, 0x00, 0x00, 0x31, 0xc9,
  0x89, 0xcf, 0xe8, 0x81, 0x15, 0x00, 0x00, 0x48, 0x81, 0xc4, 0x20, 0x0d,
  0x00, 0x00, 0x5d, 0xc3, 0x0f, 0x1f, 0x84, 0x00, 0x00, 0x00, 0x00, 0x00,
  0x55, 0x48, 0x89, 0xe5, 0x48, 0x81, 0xec, 0x40, 0x40, 0x00, 0x00, 0x48,
  0x89, 0x7d, 0xf8, 0x48, 0x8d, 0xbd, 0xf0, 0xdf, 0xff, 0xff, 0x31, 0xf6,
  0xba, 0x00, 0x20, 0x00, 0x00, 0xe8, 0xae, 0x10, 0x00, 0x00, 0x48, 0x8d,
  0xbd, 0xf0, 0xbf, 0xff, 0xff, 0x31, 0xf6, 0xba, 0x00, 0x20, 0x00, 0x00,
  0xe8, 0x9b, 0x10, 0x00, 0x00, 0x48, 0x8d, 0x3d, 0x24, 0x6e, 0x01, 0x00,
  0x31, 0xf6, 0xba, 0x00, 0x20, 0x00, 0x00, 0xe8, 0x88, 0x10, 0x00, 0x00,
  0x48, 0x8b, 0x7d, 0xf8, 0x48, 0x8d, 0x8d, 0xf0, 0xdf, 0xff, 0xff, 0x48,
  0x8d, 0x35, 0x47, 0x3f, 0x00, 0x00, 0x48, 0x8d, 0x15, 0xcc, 0x48, 0x00,
  0x00, 0x41, 0xb8, 0x00, 0x20, 0x00, 0x00, 0x41, 0xb9, 0x01, 0x00, 0x00,
  0x00, 0xe8, 0x2e, 0x01, 0x00, 0x00, 0x48, 0x8d, 0x85, 0xf0, 0xbf, 0xff,
  0xff, 0x48, 0x89, 0x85, 0xc8, 0xbf, 0xff, 0xff, 0x48, 0x8d, 0x85, 0xf0,
  0xdf, 0xff, 0xff, 0x48, 0x89, 0x85, 0xd0, 0xbf, 0xff, 0xff, 0x48, 0x8d,
  0xbd, 0xf0, 0xdf, 0xff, 0xff, 0xe8, 0xc6, 0x10, 0x00, 0x00, 0x48, 0x8b,
  0xbd, 0xc8, 0xbf, 0xff, 0xff, 0x48, 0x8b, 0xb5, 0xd0, 0xbf, 0xff, 0xff,
  0x48, 0x89, 0xc2, 0xe8, 0xd0, 0x14, 0x00, 0x00, 0x48, 0x8d, 0xbd, 0xf0,
  0xdf, 0xff, 0xff, 0x48, 0x8d, 0x8d, 0xf0, 0xbf, 0xff, 0xff, 0x48, 0x8d,
  0x35, 0x4e, 0x38, 0x00, 0x00, 0x48, 0x8d, 0x15, 0x32, 0x43, 0x00, 0x00,
  0x41, 0xb8, 0x00, 0x20, 0x00, 0x00, 0x41, 0xb9, 0x03, 0x00, 0x00, 0x00,
  0xe8, 0xc3, 0x00, 0x00, 0x00, 0x48, 0x8b, 0x7d, 0xf8, 0xe8, 0x5a, 0x13,
  0x00, 0x00, 0x48, 0x8d, 0xbd, 0xf0, 0xdf, 0xff, 0xff, 0x31, 0xf6, 0xba,
  0x00, 0x20, 0x00, 0x00, 0xe8, 0xd7, 0x0f, 0x00, 0x00, 0x66, 0x8b, 0x05,
  0x8f, 0x70, 0x00, 0x00, 0x66, 0x89, 0x85, 0xf0, 0xdf, 0xff, 0xff, 0x8a,
  0x05, 0x84, 0x70, 0x00, 0x00, 0x88, 0x85, 0xf2, 0xdf, 0xff, 0xff, 0x48,
  0x8d, 0x85, 0xf0, 0xdf, 0xff, 0xff, 0x48, 0x89, 0x85, 0xd8, 0xbf, 0xff,
  0xff, 0x48, 0x8d, 0x85, 0xf0, 0xbf, 0xff, 0xff, 0x48, 0x89, 0x85, 0xe0,
  0xbf, 0xff, 0xff, 0x48, 0x8d, 0xbd, 0xf0, 0xbf, 0xff, 0xff, 0xe8, 0x25,
  0x10, 0x00, 0x00, 0x48, 0x8b, 0xbd, 0xd8, 0xbf, 0xff, 0xff, 0x48, 0x8b,
  0xb5, 0xe0, 0xbf, 0xff, 0xff, 0x48, 0x89, 0xc2, 0xe8, 0x2f, 0x14, 0x00,
  0x00, 0x48, 0x8d, 0x85, 0xf0, 0xdf, 0xff, 0xff, 0x48, 0x89, 0x85, 0xe8,
  0xbf, 0xff, 0xff, 0x48, 0x8d, 0xbd, 0xf0, 0xdf, 0xff, 0xff, 0xe8, 0xf5,
  0x0f, 0x00, 0x00, 0x48, 0x8b, 0xb5, 0xe8, 0xbf, 0xff, 0xff, 0x48, 0x89,
  0xc2, 0x48, 0x8d, 0x3d, 0xe4, 0x6c, 0x01, 0x00, 0xe8, 0x5f, 0x10, 0x00,
  0x00, 0x48, 0x8d, 0x3d, 0xd8, 0x6c, 0x01, 0x00, 0xe8, 0xd3, 0x0f, 0x00,
  0x00, 0x48, 0x89, 0x05, 0xcc, 0x8c, 0x01, 0x00, 0x48, 0x81, 0xc4, 0x40,
  0x40, 0x00, 0x00, 0x5d, 0xc3, 0x0f, 0x1f, 0x00, 0x55, 0x48, 0x89, 0xe5,
  0x48, 0x81, 0xec, 0x80, 0x00, 0x00, 0x00, 0x48, 0x89, 0x7d, 0xf8, 0x48,
  0x89, 0x75, 0xf0, 0x48, 0x89, 0x55, 0xe8, 0x48, 0x89, 0x4d, 0xe0, 0x4c,
  0x89, 0x45, 0xd8, 0x44, 0x89, 0x4d, 0xd4, 0x48, 0x8b, 0x45, 0xf8, 0x48,
  0x89, 0x45, 0xc8, 0x48, 0x8b, 0x7d, 0xf0, 0xe8, 0x8c, 0x0f, 0x00, 0x00,
  0x48, 0x89, 0x45, 0xc0, 0x48, 0x8b, 0x7d, 0xe8, 0xe8, 0x7f, 0x0f, 0x00,
  0x00, 0x48, 0x89, 0x45, 0xb8, 0x48, 0xc7, 0x45, 0xb0, 0x00, 0x00, 0x00,
  0x00, 0x48, 0x8b, 0x4d, 0xc8, 0x31, 0xc0, 0x80, 0x39, 0x00, 0x88, 0x45,
  0x9f, 0x0f, 0x84, 0x15, 0x00, 0x00, 0x00, 0x48, 0x8b, 0x45, 0xb0, 0x48,
  0x8b, 0x4d, 0xd8, 0x48, 0x83, 0xe9, 0x01, 0x48, 0x39, 0xc8, 0x0f, 0x92,
  0xc0, 0x88, 0x45, 0x9f, 0x8a, 0x45, 0x9f, 0xa8, 0x01, 0x0f, 0x85, 0x05,
  0x00, 0x00, 0x00, 0xe9, 0xf1, 0x02, 0x00, 0x00, 0x48, 0x8b, 0x7d, 0xc8,
  0x48, 0x8b, 0x75, 0xf0, 0x48, 0x8b, 0x55, 0xc0, 0xe8, 0xfb, 0x10, 0x00,
  0x00, 0x83, 0xf8, 0x00, 0x0f, 0x85, 0xab, 0x02, 0x00, 0x00, 0x8b, 0x45,
  0xd4, 0x48, 0x89, 0x45, 0x90, 0x48, 0x83, 0xe8, 0x03, 0x0f, 0x87, 0x6e,
  0x02, 0x00, 0x00, 0x48, 0x8b, 0x45, 0x90, 0x48, 0x8d, 0x0d, 0x86, 0x6d,
  0x00, 0x00, 0x48, 0x63, 0x04, 0x81, 0x48, 0x01, 0xc8, 0xff, 0xe0, 0x48,
  0x8b, 0x45, 0xb0, 0x48, 0x03, 0x45, 0xb8, 0x48, 0x8b, 0x4d, 0xd8, 0x48,
  0x83, 0xe9, 0x01, 0x48, 0x39, 0xc8, 0x0f, 0x82, 0x05, 0x00, 0x00, 0x00,
  0xe9, 0x99, 0x02, 0x00, 0x00, 0x48, 0x8b, 0x7d, 0xe0, 0x48, 0x03, 0x7d,
  0xb0, 0x48, 0x8b, 0x75, 0xe8, 0x48, 0x8b, 0x55, 0xb8, 0xe8, 0x6a, 0x11,
  0x00, 0x00, 0x48, 0x8b, 0x45, 0xb8, 0x48, 0x03, 0x45, 0xb0, 0x48, 0x89,
  0x45, 0xb0, 0x48, 0x8b, 0x45, 0xc0, 0x48, 0x03, 0x45, 0xc8, 0x48, 0x89,
  0x45, 0xc8, 0xe9, 0x31, 0x02, 0x00, 0x00, 0x48, 0x8b, 0x45, 0xb0, 0x48,
  0x03, 0x45, 0xb8, 0x48, 0x03, 0x45, 0xc0, 0x48, 0x8b, 0x4d, 0xd8, 0x48,
  0x83, 0xe9, 0x01, 0x48, 0x39, 0xc8, 0x0f, 0x82, 0x05, 0x00, 0x00, 0x00,
  0xe9, 0x45, 0x02, 0x00, 0x00, 0x48, 0x8b, 0x7d, 0xe0, 0x48, 0x03, 0x7d,
  0xb0, 0x48, 0x8b, 0x75, 0xe8, 0x48, 0x8b, 0x55, 0xb8, 0xe8, 0x16, 0x11,
  0x00, 0x00, 0x48, 0x8b, 0x45, 0xb8, 0x48, 0x03, 0x45, 0xb0, 0x48, 0x89,
  0x45, 0xb0, 0x48, 0x8b, 0x7d, 0xe0, 0x48, 0x03, 0x7d, 0xb0, 0x48, 0x8b,
  0x75, 0xc8, 0x48, 0x8b, 0x55, 0xc0, 0xe8, 0xf5, 0x10, 0x00, 0x00, 0x48,
  0x8b, 0x45, 0xc0, 0x48, 0x03, 0x45, 0xb0, 0x48, 0x89, 0x45, 0xb0, 0x48,
  0x8b, 0x45, 0xc0, 0x48, 0x03, 0x45, 0xc8, 0x48, 0x89, 0x45, 0xc8, 0xe9,
  0xbc, 0x01, 0x00, 0x00, 0x48, 0x8b, 0x45, 0xb0, 0x48, 0x03, 0x45, 0xc0,
  0x48, 0x03, 0x45, 0xb8, 0x48, 0x8b, 0x4d, 0xd8, 0x48, 0x83, 0xe9, 0x01,
  0x48, 0x39, 0xc8, 0x0f, 0x82, 0x05, 0x00, 0x00, 0x00, 0xe9, 0xd0, 0x01,
  0x00, 0x00, 0x48, 0x8b, 0x7d, 0xe0, 0x48, 0x03, 0x7d, 0xb0, 0x48, 0x8b,
  0x75, 0xc8, 0x48, 0x8b, 0x55, 0xc0, 0xe8, 0xa1, 0x10, 0x00, 0x00, 0x48,
  0x8b, 0x45, 0xc0, 0x48, 0x03, 0x45, 0xb0, 0x48, 0x89, 0x45, 0xb0, 0x48,
  0x8b, 0x7d, 0xe0, 0x48, 0x03, 0x7d, 0xb0, 0x48, 0x8b, 0x75, 0xe8, 0x48,
  0x8b, 0x55, 0xb8, 0xe8, 0x80, 0x10, 0x00, 0x00, 0x48, 0x8b, 0x45, 0xb8,
  0x48, 0x03, 0x45, 0xb0, 0x48, 0x89, 0x45, 0xb0, 0x48, 0x8b, 0x45, 0xc0,
  0x48, 0x03, 0x45, 0xc8, 0x48, 0x89, 0x45, 0xc8, 0xe9, 0x47, 0x01, 0x00,
  0x00, 0x48, 0x8b, 0x45, 0xc8, 0x48, 0x89, 0x45, 0xa8, 0x48, 0x8b, 0x4d,
  0xa8, 0x31, 0xc0, 0x48, 0x3b, 0x4d, 0xf8, 0x88, 0x45, 0x8f, 0x0f, 0x86,
  0x11, 0x00, 0x00, 0x00, 0x48, 0x8b, 0x45, 0xa8, 0x0f, 0xbe, 0x40, 0xff,
  0x83, 0xf8, 0x0a, 0x0f, 0x95, 0xc0, 0x88, 0x45, 0x8f, 0x8a, 0x45, 0x8f,
  0xa8, 0x01, 0x0f, 0x85, 0x05, 0x00, 0x00, 0x00, 0xe9, 0x11, 0x00, 0x00,
  0x00, 0x48, 0x8b, 0x45, 0xa8, 0x48, 0x83, 0xc0, 0xff, 0x48, 0x89, 0x45,
  0xa8, 0xe9, 0xbb, 0xff, 0xff, 0xff, 0x48, 0x8b, 0x45, 0xc8, 0x48, 0x89,
  0x45, 0xa0, 0x48, 0x8b, 0x4d, 0xa0, 0x31, 0xc0, 0x80, 0x39, 0x00, 0x88,
  0x45, 0x8e, 0x0f, 0x84, 0x10, 0x00, 0x00, 0x00, 0x48, 0x8b, 0x45, 0xa0,
  0x0f, 0xbe, 0x00, 0x83, 0xf8, 0x0a, 0x0f, 0x95, 0xc0, 0x88, 0x45, 0x8e,
  0x8a, 0x45, 0x8e, 0xa8, 0x01, 0x0f, 0x85, 0x05, 0x00, 0x00, 0x00, 0xe9,
  0x11, 0x00, 0x00, 0x00, 0x48, 0x8b, 0x45, 0xa0, 0x48, 0x83, 0xc0, 0x01,
  0x48, 0x89, 0x45, 0xa0, 0xe9, 0xbd, 0xff, 0xff, 0xff, 0x48, 0x8b, 0x45,
  0xb0, 0x48, 0x03, 0x45, 0xb8, 0x48, 0x83, 0xc0, 0x01, 0x48, 0x8b, 0x4d,
  0xd8, 0x48, 0x83, 0xe9, 0x01, 0x48, 0x39, 0xc8, 0x0f, 0x82, 0x05, 0x00,
  0x00, 0x00, 0xe9, 0xc3, 0x00, 0x00, 0x00, 0x48, 0x8b, 0x7d, 0xe0, 0x48,
  0x03, 0x7d, 0xb0, 0x48, 0x8b, 0x75, 0xe8, 0x48, 0x8b, 0x55, 0xb8, 0xe8,
  0x94, 0x0f, 0x00, 0x00, 0x48, 0x8b, 0x45, 0xb8, 0x48, 0x03, 0x45, 0xb0,
  0x48, 0x89, 0x45, 0xb0, 0x48, 0x8b, 0x45, 0xa0, 0x0f, 0xbe, 0x00, 0x83,
  0xf8, 0x0a, 0x0f, 0x85, 0x28, 0x00, 0x00, 0x00, 0x48, 0x8b, 0x45, 0xe0,
  0x48, 0x8b, 0x4d, 0xb0, 0x48, 0x89, 0xca, 0x48, 0x83, 0xc2, 0x01, 0x48,
  0x89, 0x55, 0xb0, 0xc6, 0x04, 0x08, 0x0a, 0x48, 0x8b, 0x45, 0xa0, 0x48,
  0x83, 0xc0, 0x01, 0x48, 0x89, 0x45, 0xc8, 0xe9, 0x08, 0x00, 0x00, 0x00,
  0x48, 0x8b, 0x45, 0xa0, 0x48, 0x89, 0x45, 0xc8, 0xe9, 0x27, 0x00, 0x00,
  0x00, 0x48, 0x8b, 0x45, 0xc8, 0x48, 0x89, 0xc1, 0x48, 0x83, 0xc1, 0x01,
  0x48, 0x89, 0x4d, 0xc8, 0x8a, 0x10, 0x48, 0x8b, 0x45, 0xe0, 0x48, 0x8b,
  0x4d, 0xb0, 0x48, 0x89, 0xce, 0x48, 0x83, 0xc6, 0x01, 0x48, 0x89, 0x75,
  0xb0, 0x88, 0x14, 0x08, 0xe9, 0x27, 0x00, 0x00, 0x00, 0x48, 0x8b, 0x45,
  0xc8, 0x48, 0x89, 0xc1, 0x48, 0x83, 0xc1, 0x01, 0x48, 0x89, 0x4d, 0xc8,
  0x8a, 0x10, 0x48, 0x8b, 0x45, 0xe0, 0x48, 0x8b, 0x4d, 0xb0, 0x48, 0x89,
  0xce, 0x48, 0x83, 0xc6, 0x01, 0x48, 0x89, 0x75, 0xb0, 0x88, 0x14, 0x08,
  0xe9, 0xd8, 0xfc, 0xff, 0xff, 0xe9, 0x00, 0x00, 0x00, 0x00, 0x48, 0x8b,
  0x45, 0xe0, 0x48, 0x8b, 0x4d, 0xb0, 0xc6, 0x04, 0x08, 0x00, 0x48, 0x81,
  0xc4, 0x80, 0x00, 0x00, 0x00, 0x5d, 0xc3, 0xcc, 0x55, 0x48, 0x89, 0xe5,
  0x48, 0x83, 0xec, 0x30, 0x48, 0x89, 0x7d, 0xf8, 0x48, 0x8d, 0x05, 0xe5,
  0x64, 0x01, 0x00, 0x48, 0x8b, 0x38, 0x48, 0x8d, 0x35, 0xa9, 0x34, 0x00,
  0x00, 0x48, 0x8d, 0x15, 0x61, 0x36, 0x00, 0x00, 0x48, 0x8d, 0x0d, 0x23,
  0x30, 0x00, 0x00, 0xe8, 0x20, 0xbe, 0xff, 0xff, 0x48, 0x89, 0x45, 0xf0,
  0x48, 0x8b, 0x4d, 0xf0, 0x48, 0x8d, 0x3d, 0xdd, 0x2f, 0x00, 0x00, 0x48,
  0x8d, 0x35, 0xc9, 0x42, 0x00, 0x00, 0xba, 0x09, 0x00, 0x00, 0x00, 0xb0,
  0x00, 0xe8, 0xce, 0x0b, 0x00, 0x00, 0x48, 0x83, 0x7d, 0xf0, 0x00, 0x0f,
  0x85, 0x05, 0x00, 0x00, 0x00, 0xe9, 0xa3, 0x00, 0x00, 0x00, 0x48, 0x8d,
  0x05, 0x8f, 0x64, 0x01, 0x00, 0x48, 0x8b, 0x38, 0x48, 0x8d, 0x35, 0x53,
  0x34, 0x00, 0x00, 0x48, 0x8d, 0x15, 0x0b, 0x36, 0x00, 0x00, 0x48, 0x8d,
  0x0d, 0x44, 0x29, 0x00, 0x00, 0x41, 0xb8, 0x01, 0x00, 0x00, 0x00, 0xe8,
  0x04, 0xbe, 0xff, 0xff, 0x48, 0x89, 0x45, 0xe8, 0x48, 0x8b, 0x4d, 0xe8,
  0x48, 0x8d, 0x3d, 0x9c, 0x32, 0x00, 0x00, 0x48, 0x8d, 0x35, 0x6d, 0x42,
  0x00, 0x00, 0xba, 0x0f, 0x00, 0x00, 0x00, 0xb0, 0x00, 0xe8, 0x72, 0x0b,
  0x00, 0x00, 0x48, 0x83, 0x7d, 0xe8, 0x00, 0x0f, 0x84, 0x4c, 0x00, 0x00,
  0x00, 0x48, 0x8b, 0x45, 0xe8, 0x48, 0x89, 0x45, 0xe0, 0x48, 0x8b, 0x4d,
  0xf8, 0x48, 0x8d, 0x3d, 0xda, 0x41, 0x00, 0x00, 0x48, 0x8d, 0x35, 0x3c,
  0x42, 0x00, 0x00, 0xba, 0x13, 0x00, 0x00, 0x00, 0xb0, 0x00, 0xe8, 0x41,
  0x0b, 0x00, 0x00, 0x48, 0x8b, 0x45, 0xe0, 0x48, 0x89, 0x45, 0xd8, 0x48,
  0x8b, 0x45, 0xf0, 0x48, 0x89, 0x45, 0xd0, 0x48, 0x8b, 0x7d, 0xf8, 0xe8,
  0x58, 0xbe, 0xff, 0xff, 0x48, 0x8b, 0x7d, 0xd0, 0x48, 0x89, 0xc6, 0x48,
  0x8b, 0x45, 0xd8, 0xff, 0xd0, 0x48, 0x83, 0xc4, 0x30, 0x5d, 0xc3, 0x0f,
  0x1f, 0x44, 0x00, 0x00, 0x55, 0x48, 0x89, 0xe5, 0x48, 0x83, 0xec, 0x40,
  0x48, 0x89, 0x7d, 0xf8, 0x48, 0x8d, 0x05, 0xd5, 0x63, 0x01, 0x00, 0x48,
  0x8b, 0x38, 0x48, 0x8d, 0x35, 0x99, 0x33, 0x00, 0x00, 0x48, 0x8d, 0x15,
  0x51, 0x35, 0x00, 0x00, 0x48, 0x8d, 0x0d, 0x13, 0x2f, 0x00, 0x00, 0xe8,
  0x10, 0xbd, 0xff, 0xff, 0x48, 0x89, 0x45, 0xf0, 0x48, 0x8b, 0x4d, 0xf0,
  0x48, 0x8d, 0x3d, 0xcd, 0x2e, 0x00, 0x00, 0x48, 0x8d, 0x35, 0xb9, 0x41,
  0x00, 0x00, 0xba, 0x1b, 0x00, 0x00, 0x00, 0xb0, 0x00, 0xe8, 0xbe, 0x0a,
  0x00, 0x00, 0x48, 0x83, 0x7d, 0xf0, 0x00, 0x0f, 0x85, 0x05, 0x00, 0x00,
  0x00, 0xe9, 0xae, 0x00, 0x00, 0x00, 0x48, 0x8d, 0x05, 0x7f, 0x63, 0x01,
  0x00, 0x48, 0x8b, 0x38, 0x48, 0x8d, 0x35, 0x43, 0x33, 0x00, 0x00, 0x48,
  0x8d, 0x15, 0xfb, 0x34, 0x00, 0x00, 0x48, 0x8d, 0x0d, 0x6e, 0x26, 0x00,
  0x00, 0x41, 0xb8, 0x02, 0x00, 0x00, 0x00, 0xe8, 0xf4, 0xbc, 0xff, 0xff,
  0x48, 0x89, 0x45, 0xe8, 0x48, 0x8b, 0x4d, 0xe8, 0x48, 0x8d, 0x3d, 0x46,
  0x3d, 0x00, 0x00, 0x48, 0x8d, 0x35, 0x5d, 0x41, 0x00, 0x00, 0xba, 0x21,
  0x00, 0x00, 0x00, 0xb0, 0x00, 0xe8, 0x62, 0x0a, 0x00, 0x00, 0x48, 0x83,
  0x7d, 0xe8, 0x00, 0x0f, 0x84, 0x57, 0x00, 0x00, 0x00, 0x48, 0x8b, 0x45,
  0xe8, 0x48, 0x89, 0x45, 0xe0, 0x48, 0x8d, 0x3d, 0x3c, 0x25, 0x00, 0x00,
  0x48, 0x8d, 0x35, 0x30, 0x41, 0x00, 0x00, 0xba, 0x25, 0x00, 0x00, 0x00,
  0xb0, 0x00, 0xe8, 0x35, 0x0a, 0x00, 0x00, 0x48, 0x8b, 0x45, 0xe0, 0x48,
  0x89, 0x45, 0xd8, 0x48, 0x8b, 0x45, 0xf0, 0x48, 0x89, 0x45, 0xc8, 0x48,
  0x8b, 0x45, 0xf8, 0x48, 0x89, 0x45, 0xd0, 0x48, 0x8d, 0x3d, 0x4a, 0x2a,
  0x00, 0x00, 0xe8, 0x41, 0xbd, 0xff, 0xff, 0x48, 0x8b, 0x7d, 0xc8, 0x48,
  0x8b, 0x75, 0xd0, 0x48, 0x89, 0xc2, 0x48, 0x8b, 0x45, 0xd8, 0xff, 0xd0,
  0x48, 0x83, 0xc4, 0x40, 0x5d, 0xc3, 0x66, 0x2e, 0x0f, 0x1f, 0x84, 0x00,
  0x00, 0x00, 0x00, 0x00, 0x55, 0x48, 0x89, 0xe5, 0x48, 0x83, 0xec, 0x40,
  0x89, 0x7d, 0xfc, 0x48, 0x89, 0x75, 0xf0, 0x48, 0x89, 0x55, 0xe8, 0x48,
  0x89, 0x4d, 0xe0, 0x4c, 0x89, 0x45, 0xd8, 0xc6, 0x45, 0xd7, 0x00, 0x48,
  0x8d, 0x05, 0x0b, 0x2f, 0x00, 0x00, 0x48, 0x89, 0x45, 0xc8, 0x8b, 0x45,
  0xfc, 0x89, 0x45, 0xc4, 0x83, 0xe8, 0x02, 0x0f, 0x84, 0x16, 0x00, 0x00,
  0x00, 0xe9, 0x00, 0x00, 0x00, 0x00, 0x8b, 0x45, 0xc4, 0x83, 0xe8, 0x08,
  0x0f, 0x84, 0x0a, 0x00, 0x00, 0x00, 0xe9, 0x15, 0x00, 0x00, 0x00, 0xe9,
  0x14, 0x00, 0x00, 0x00, 0x48, 0x8d, 0x05, 0x04, 0x34, 0x00, 0x00, 0x48,
  0x89, 0x45, 0xc8, 0xe9, 0x04, 0x00, 0x00, 0x00, 0xc6, 0x45, 0xd7, 0x01,
  0xf6, 0x45, 0xd7, 0x01, 0x0f, 0x84, 0x21, 0x00, 0x00, 0x00, 0x48, 0x8d,
  0x3d, 0xeb, 0x25, 0x00, 0x00, 0x48, 0x8d, 0x35, 0xef, 0x2a, 0x00, 0x00,
  0x48, 0x8d, 0x15, 0x58, 0x40, 0x00, 0x00, 0xb9, 0x52, 0x00, 0x00, 0x00,
  0xb0, 0x00, 0xe8, 0x5d, 0x09, 0x00, 0x00, 0x48, 0x8b, 0x7d, 0xc8, 0x48,
  0x8b, 0x75, 0xf0, 0x48, 0x8b, 0x55, 0xe8, 0x48, 0x8b, 0x4d, 0xe0, 0x4c,
  0x8b, 0x45, 0xd8, 0xe8, 0x14, 0x00, 0x00, 0x00, 0x48, 0x83, 0xc4, 0x40,
  0x5d, 0xc3, 0x66, 0x66, 0x66, 0x66, 0x66, 0x2e, 0x0f, 0x1f, 0x84, 0x00,
  0x00, 0x00, 0x00, 0x00, 0x55, 0x48, 0x89, 0xe5, 0x48, 0x81, 0xec, 0x80,
  0x00, 0x00, 0x00, 0x48, 0x89, 0x7d, 0xf8, 0x48, 0x89, 0x75, 0xf0, 0x48,
  0x89, 0x55, 0xe8, 0x48, 0x89, 0x4d, 0xe0, 0x4c, 0x89, 0x45, 0xd8, 0x48,
  0x8d, 0x05, 0xe2, 0x61, 0x01, 0x00, 0x48, 0x8b, 0x38, 0x48, 0x8b, 0x55,
  0xf8, 0x48, 0x8d, 0x35, 0xa2, 0x31, 0x00, 0x00, 0xe8, 0xd7, 0xb9, 0xff,
  0xff, 0x48, 0x89, 0x45, 0xd0, 0x48, 0x8d, 0x05, 0xc4, 0x61, 0x01, 0x00,
  0x48, 0x8b, 0x38, 0x48, 0x8d, 0x35, 0x88, 0x31, 0x00, 0x00, 0x48, 0x8d,
  0x15, 0xfa, 0x3c, 0x00, 0x00, 0xe8, 0xb6, 0xb9, 0xff, 0xff, 0x48, 0x89,
  0x45, 0xc8, 0x48, 0x8b, 0x7d, 0xd0, 0xe8, 0xb9, 0xc5, 0xff, 0xff, 0x48,
  0x89, 0x45, 0xc0, 0x48, 0x8b, 0x7d, 0xc0, 0xe8, 0xfc, 0x0c, 0x00, 0x00,
  0x48, 0x8b, 0x45, 0xc8, 0x48, 0x89, 0x45, 0x90, 0x48, 0x8b, 0x45, 0xc0,
  0x48, 0x89, 0x45, 0x98, 0x48, 0x8b, 0x7d, 0xf0, 0xe8, 0xd3, 0xbb, 0xff,
  0xff, 0x48, 0x8b, 0x7d, 0x90, 0x48, 0x8b, 0x75, 0x98, 0x48, 0x89, 0xc1,
  0x48, 0x8d, 0x15, 0x46, 0x2c, 0x00, 0x00, 0xe8, 0x5c, 0xc2, 0xff, 0xff,
  0x48, 0x8b, 0x45, 0xc8, 0x48, 0x89, 0x45, 0xa0, 0x48, 0x8b, 0x45, 0xc0,
  0x48, 0x89, 0x45, 0xa8, 0x48, 0x8b, 0x7d, 0xe8, 0xe8, 0xa3, 0xbb, 0xff,
  0xff, 0x48, 0x8b, 0x7d, 0xa0, 0x48, 0x8b, 0x75, 0xa8, 0x48, 0x89, 0xc1,
  0x48, 0x8d, 0x15, 0x93, 0x2d, 0x00, 0x00, 0xe8, 0x2c, 0xc2, 0xff, 0xff,
  0x48, 0x8b, 0x45, 0xc8, 0x48, 0x89, 0x45, 0xb0, 0x48, 0x8b, 0x45, 0xc0,
  0x48, 0x89, 0x45, 0xb8, 0x48, 0x8b, 0x7d, 0xe0, 0xe8, 0x73, 0xbb, 0xff,
  0xff, 0x48, 0x8b, 0x7d, 0xb0, 0x48, 0x8b, 0x75, 0xb8, 0x48, 0x89, 0xc1,
  0x48, 0x8d, 0x15, 0xc7, 0x36, 0x00, 0x00, 0xe8, 0xfc, 0xc1, 0xff, 0xff,
  0x48, 0x83, 0x7d, 0xd8, 0x00, 0x0f, 0x84, 0x40, 0x00, 0x00, 0x00, 0x48,
  0x8b, 0x45, 0xd8, 0x0f, 0xbe, 0x00, 0x83, 0xf8, 0x00, 0x0f, 0x84, 0x30,
  0x00, 0x00, 0x00, 0x48, 0x8b, 0x45, 0xc8, 0x48, 0x89, 0x45, 0x80, 0x48,
  0x8b, 0x45, 0xc0, 0x48, 0x89, 0x45, 0x88, 0x48, 0x8b, 0x7d, 0xd8, 0xe8,
  0x28, 0xbb, 0xff, 0xff, 0x48, 0x8b, 0x7d, 0x80, 0x48, 0x8b, 0x75, 0x88,
  0x48, 0x89, 0xc1, 0x48, 0x8d, 0x15, 0x9a, 0x2a, 0x00, 0x00, 0xe8, 0xb1,
  0xc1, 0xff, 0xff, 0x48, 0x8b, 0x45, 0xc0, 0x48, 0x81, 0xc4, 0x80, 0x00,
  0x00, 0x00, 0x5d, 0xc3, 0x0f, 0x1f, 0x40, 0x00, 0x55, 0x48, 0x89, 0xe5,
  0x48, 0x83, 0xec, 0x40, 0x48, 0x89, 0x7d, 0xf8, 0x48, 0x89, 0x75, 0xf0,
  0x48, 0x8d, 0x05, 0x91, 0x60, 0x01, 0x00, 0x48, 0x8b, 0x38, 0x48, 0x8d,
  0x35, 0x55, 0x30, 0x00, 0x00, 0x48, 0x8d, 0x15, 0x0d, 0x32, 0x00, 0x00,
  0x48, 0x8d, 0x0d, 0xcf, 0x2b, 0x00, 0x00, 0xe8, 0xcc, 0xb9, 0xff, 0xff,
  0x48, 0x89, 0x45, 0xe8, 0x48, 0x83, 0x7d, 0xe8, 0x00, 0x0f, 0x85, 0x05,
  0x00, 0x00, 0x00, 0xe9, 0xc9, 0x00, 0x00, 0x00, 0x48, 0x83, 0x3d, 0xa0,
  0x84, 0x01, 0x00, 0x00, 0x0f, 0x85, 0x31, 0x00, 0x00, 0x00, 0x48, 0x8d,
  0x05, 0x4b, 0x60, 0x01, 0x00, 0x48, 0x8b, 0x38, 0x48, 0x8d, 0x35, 0x0f,
  0x30, 0x00, 0x00, 0x48, 0x8d, 0x15, 0xc7, 0x31, 0x00, 0x00, 0x48, 0x8d,
  0x0d, 0x8a, 0x27, 0x00, 0x00, 0x41, 0xb8, 0x03, 0x00, 0x00, 0x00, 0xe8,
  0xc0, 0xb9, 0xff, 0xff, 0x48, 0x89, 0x05, 0x69, 0x84, 0x01, 0x00, 0x48,
  0x83, 0x3d, 0x61, 0x84, 0x01, 0x00, 0x00, 0x0f, 0x84, 0x7c, 0x00, 0x00,
  0x00, 0x48, 0x8b, 0x05, 0x54, 0x84, 0x01, 0x00, 0x48, 0x89, 0x45, 0xe0,
  0x48, 0x8b, 0x45, 0xe0, 0x48, 0x89, 0x45, 0xc8, 0x48, 0x8b, 0x45, 0xe8,
  0x48, 0x89, 0x45, 0xd0, 0x48, 0x8b, 0x7d, 0xf8, 0xe8, 0x47, 0xba, 0xff,
  0xff, 0x48, 0x89, 0x45, 0xd8, 0x48, 0x83, 0x7d, 0xf0, 0x00, 0x0f, 0x84,
  0x1d, 0x00, 0x00, 0x00, 0x48, 0x8b, 0x45, 0xf0, 0x0f, 0xbe, 0x00, 0x83,
  0xf8, 0x00, 0x0f, 0x84, 0x0d, 0x00, 0x00, 0x00, 0x48, 0x8b, 0x45, 0xf0,
  0x48, 0x89, 0x45, 0xc0, 0xe9, 0x10, 0x00, 0x00, 0x00, 0x48, 0x8d, 0x05,
  0x18, 0x27, 0x00, 0x00, 0x48, 0x89, 0x45, 0xc0, 0xe9, 0x00, 0x00, 0x00,
  0x00, 0x48, 0x8b, 0x7d, 0xc0, 0xe8, 0x02, 0xba, 0xff, 0xff, 0x48, 0x8b,
  0x7d, 0xd0, 0x48, 0x8b, 0x75, 0xd8, 0x48, 0x89, 0xc2, 0x48, 0x8b, 0x45,
  0xc8, 0x31, 0xc9, 0xff, 0xd0, 0x48, 0x83, 0xc4, 0x40, 0x5d, 0xc3, 0x66,
  0x0f, 0x1f, 0x84, 0x00, 0x00, 0x00, 0x00, 0x00, 0x55, 0x48, 0x89, 0xe5,
  0x48, 0x83, 0xec, 0x10, 0x48, 0x89, 0x7d, 0xf8, 0x48, 0x8b, 0x7d, 0xf8,
  0x31, 0xc0, 0x89, 0xc6, 0xe8, 0xc7, 0xfe, 0xff, 0xff, 0x48, 0x83, 0xc4,
  0x10, 0x5d, 0xc3, 0x90, 0x55, 0x48, 0x89, 0xe5, 0x48, 0x81, 0xec, 0x20,
  0x04, 0x00, 0x00, 0x48, 0x89, 0x7d, 0xf8, 0x48, 0x83, 0x3d, 0xa1, 0x83,
  0x01, 0x00, 0x00, 0x0f, 0x85, 0x31, 0x00, 0x00, 0x00, 0x48, 0x8d, 0x05,
  0x44, 0x5f, 0x01, 0x00, 0x48, 0x8b, 0x38, 0x48, 0x8d, 0x35, 0x76, 0x2a,
  0x00, 0x00, 0x48, 0x8d, 0x15, 0xc9, 0x3e, 0x00, 0x00, 0x48, 0x8d, 0x0d,
  0xfb, 0x3c, 0x00, 0x00, 0x41, 0xb8, 0x03, 0x00, 0x00, 0x00, 0xe8, 0xb9,
  0xb8, 0xff, 0xff, 0x48, 0x89, 0x05, 0x6a, 0x83, 0x01, 0x00, 0x48, 0x83,
  0x3d, 0x62, 0x83, 0x01, 0x00, 0x00, 0x0f, 0x84, 0x66, 0x00, 0x00, 0x00,
  0x48, 0x8b, 0x05, 0x55, 0x83, 0x01, 0x00, 0x48, 0x89, 0x45, 0xf0, 0x48,
  0x8d, 0xbd, 0xf0, 0xfb, 0xff, 0xff, 0x31, 0xf6, 0xba, 0x00, 0x04, 0x00,
  0x00, 0xe8, 0x96, 0x05, 0x00, 0x00, 0x48, 0x8d, 0xbd, 0xf0, 0xfb, 0xff,
  0xff, 0x48, 0x8b, 0x4d, 0xf8, 0xbe, 0xff, 0x03, 0x00, 0x00, 0x48, 0x8d,
  0x15, 0xec, 0x31, 0x00, 0x00, 0xb0, 0x00, 0xe8, 0xe8, 0x05, 0x00, 0x00,
  0x48, 0x8b, 0x45, 0xf0, 0x48, 0x89, 0x85, 0xe8, 0xfb, 0xff, 0xff, 0x48,
  0x8d, 0xbd, 0xf0, 0xfb, 0xff, 0xff, 0xe8, 0x11, 0xb9, 0xff, 0xff, 0x48,
  0x89, 0xc7, 0x48, 0x8b, 0x85, 0xe8, 0xfb, 0xff, 0xff, 0x31, 0xc9, 0x89,
  0xca, 0x48, 0x89, 0xd6, 0xff, 0xd0, 0x48, 0x81, 0xc4, 0x20, 0x04, 0x00,
  0x00, 0x5d, 0xc3, 0xcc, 0xcc, 0xcc, 0xcc, 0xcc, 0x55, 0x48, 0x89, 0xe5,
  0x48, 0x81, 0xec, 0xb0, 0x01, 0x00, 0x00, 0x84, 0xc0, 0x0f, 0x84, 0x32,
  0x00, 0x00, 0x00, 0x0f, 0x29, 0x85, 0x20, 0xff, 0xff, 0xff, 0x0f, 0x29,
  0x8d, 0x30, 0xff, 0xff, 0xff, 0x0f, 0x29, 0x95, 0x40, 0xff, 0xff, 0xff,
  0x0f, 0x29, 0x9d, 0x50, 0xff, 0xff, 0xff, 0x0f, 0x29, 0xa5, 0x60, 0xff,
  0xff, 0xff, 0x0f, 0x29, 0xad, 0x70, 0xff, 0xff, 0xff, 0x0f, 0x29, 0x75,
  0x80, 0x0f, 0x29, 0x7d, 0x90, 0x4c, 0x89, 0x8d, 0x18, 0xff, 0xff, 0xff,
  0x4c, 0x89, 0x85, 0x10, 0xff, 0xff, 0xff, 0x48, 0x89, 0x8d, 0x08, 0xff,
  0xff, 0xff, 0x48, 0x89, 0x95, 0x00, 0xff, 0xff, 0xff, 0x48, 0x89, 0xb5,
  0xf8, 0xfe, 0xff, 0xff, 0x48, 0x89, 0x7d, 0xf0, 0x48, 0x8d, 0x45, 0xd0,
  0x48, 0x8d, 0x8d, 0xf0, 0xfe, 0xff, 0xff, 0x48, 0x89, 0x48, 0x10, 0x48,
  0x8d, 0x4d, 0x10, 0x48, 0x89, 0x48, 0x08, 0xc7, 0x40, 0x04, 0x30, 0x00,
  0x00, 0x00, 0xc7, 0x00, 0x08, 0x00, 0x00, 0x00, 0x48, 0x8d, 0x45, 0xd0,
  0x48, 0x89, 0x85, 0xe0, 0xfe, 0xff, 0xff, 0x8b, 0x45, 0xd0, 0x89, 0x85,
  0xec, 0xfe, 0xff, 0xff, 0x83, 0xf8, 0x28, 0x0f, 0x87, 0x25, 0x00, 0x00,
  0x00, 0x48, 0x8b, 0x8d, 0xe0, 0xfe, 0xff, 0xff, 0x8b, 0x95, 0xec, 0xfe,
  0xff, 0xff, 0x48, 0x63, 0xc2, 0x48, 0x03, 0x41, 0x10, 0x83, 0xc2, 0x08,
  0x89, 0x11, 0x48, 0x89, 0x85, 0xd8, 0xfe, 0xff, 0xff, 0xe9, 0x1d, 0x00,
  0x00, 0x00, 0x48, 0x8b, 0x8d, 0xe0, 0xfe, 0xff, 0xff, 0x48, 0x8b, 0x41,
  0x08, 0x48, 0x89, 0xc2, 0x48, 0x83, 0xc2, 0x08, 0x48, 0x89, 0x51, 0x08,
  0x48, 0x89, 0x85, 0xd8, 0xfe, 0xff, 0xff, 0x48, 0x8b, 0x85, 0xd8, 0xfe,
  0xff, 0xff, 0x48, 0x8b, 0x00, 0x48, 0x89, 0x45, 0xc8, 0x48, 0x8d, 0x45,
  0xd0, 0x48, 0x89, 0x85, 0xc8, 0xfe, 0xff, 0xff, 0x8b, 0x45, 0xd0, 0x89,
  0x85, 0xd4, 0xfe, 0xff, 0xff, 0x83, 0xf8, 0x28, 0x0f, 0x87, 0x25, 0x00,
  0x00, 0x00, 0x48, 0x8b, 0x8d, 0xc8, 0xfe, 0xff, 0xff, 0x8b, 0x95, 0xd4,
  0xfe, 0xff, 0xff, 0x48, 0x63, 0xc2, 0x48, 0x03, 0x41, 0x10, 0x83, 0xc2,
  0x08, 0x89, 0x11, 0x48, 0x89, 0x85, 0xc0, 0xfe, 0xff, 0xff, 0xe9, 0x1d,
  0x00, 0x00, 0x00, 0x48, 0x8b, 0x8d, 0xc8, 0xfe, 0xff, 0xff, 0x48, 0x8b,
  0x41, 0x08, 0x48, 0x89, 0xc2, 0x48, 0x83, 0xc2, 0x08, 0x48, 0x89, 0x51,
  0x08, 0x48, 0x89, 0x85, 0xc0, 0xfe, 0xff, 0xff, 0x48, 0x8b, 0x85, 0xc0,
  0xfe, 0xff, 0xff, 0x48, 0x8b, 0x00, 0x48, 0x89, 0x45, 0xc0, 0x48, 0x8d,
  0x45, 0xd0, 0x48, 0x89, 0x85, 0xb0, 0xfe, 0xff, 0xff, 0x8b, 0x45, 0xd0,
  0x89, 0x85, 0xbc, 0xfe, 0xff, 0xff, 0x83, 0xf8, 0x28, 0x0f, 0x87, 0x25,
  0x00, 0x00, 0x00, 0x48, 0x8b, 0x8d, 0xb0, 0xfe, 0xff, 0xff, 0x8b, 0x95,
  0xbc, 0xfe, 0xff, 0xff, 0x48, 0x63, 0xc2, 0x48, 0x03, 0x41, 0x10, 0x83,
  0xc2, 0x08, 0x89, 0x11, 0x48, 0x89, 0x85, 0xa8, 0xfe, 0xff, 0xff, 0xe9,
  0x1d, 0x00, 0x00, 0x00, 0x48, 0x8b, 0x8d, 0xb0, 0xfe, 0xff, 0xff, 0x48,
  0x8b, 0x41, 0x08, 0x48, 0x89, 0xc2, 0x48, 0x83, 0xc2, 0x08, 0x48, 0x89,
  0x51, 0x08, 0x48, 0x89, 0x85, 0xa8, 0xfe, 0xff, 0xff, 0x48, 0x8b, 0x85,
  0xa8, 0xfe, 0xff, 0xff, 0x48, 0x8b, 0x00, 0x48, 0x89, 0x45, 0xb8, 0x48,
  0x8d, 0x45, 0xd0, 0x48, 0x89, 0x85, 0x98, 0xfe, 0xff, 0xff, 0x8b, 0x45,
  0xd0, 0x89, 0x85, 0xa4, 0xfe, 0xff, 0xff, 0x83, 0xf8, 0x28, 0x0f, 0x87,
  0x25, 0x00, 0x00, 0x00, 0x48, 0x8b, 0x8d, 0x98, 0xfe, 0xff, 0xff, 0x8b,
  0x95, 0xa4, 0xfe, 0xff, 0xff, 0x48, 0x63, 0xc2, 0x48, 0x03, 0x41, 0x10,
  0x83, 0xc2, 0x08, 0x89, 0x11, 0x48, 0x89, 0x85, 0x90, 0xfe, 0xff, 0xff,
  0xe9, 0x1d, 0x00, 0x00, 0x00, 0x48, 0x8b, 0x8d, 0x98, 0xfe, 0xff, 0xff,
  0x48, 0x8b, 0x41, 0x08, 0x48, 0x89, 0xc2, 0x48, 0x83, 0xc2, 0x08, 0x48,
  0x89, 0x51, 0x08, 0x48, 0x89, 0x85, 0x90, 0xfe, 0xff, 0xff, 0x48, 0x8b,
  0x85, 0x90, 0xfe, 0xff, 0xff, 0x48, 0x8b, 0x00, 0x48, 0x89, 0x45, 0xb0,
  0x48, 0x8d, 0x45, 0xd0, 0x48, 0x89, 0x85, 0x80, 0xfe, 0xff, 0xff, 0x8b,
  0x45, 0xd0, 0x89, 0x85, 0x8c, 0xfe, 0xff, 0xff, 0x83, 0xf8, 0x28, 0x0f,
  0x87, 0x25, 0x00, 0x00, 0x00, 0x48, 0x8b, 0x8d, 0x80, 0xfe, 0xff, 0xff,
  0x8b, 0x95, 0x8c, 0xfe, 0xff, 0xff, 0x48, 0x63, 0xc2, 0x48, 0x03, 0x41,
  0x10, 0x83, 0xc2, 0x08, 0x89, 0x11, 0x48, 0x89, 0x85, 0x78, 0xfe, 0xff,
  0xff, 0xe9, 0x1d, 0x00, 0x00, 0x00, 0x48, 0x8b, 0x8d, 0x80, 0xfe, 0xff,
  0xff, 0x48, 0x8b, 0x41, 0x08, 0x48, 0x89, 0xc2, 0x48, 0x83, 0xc2, 0x08,
  0x48, 0x89, 0x51, 0x08, 0x48, 0x89, 0x85, 0x78, 0xfe, 0xff, 0xff, 0x48,
  0x8b, 0x85, 0x78, 0xfe, 0xff, 0xff, 0x48, 0x8b, 0x00, 0x48, 0x89, 0x45,
  0xa8, 0x48, 0x8d, 0x45, 0xd0, 0x48, 0x89, 0x85, 0x68, 0xfe, 0xff, 0xff,
  0x8b, 0x45, 0xd0, 0x89, 0x85, 0x74, 0xfe, 0xff, 0xff, 0x83, 0xf8, 0x28,
  0x0f, 0x87, 0x25, 0x00, 0x00, 0x00, 0x48, 0x8b, 0x8d, 0x68, 0xfe, 0xff,
  0xff, 0x8b, 0x95, 0x74, 0xfe, 0xff, 0xff, 0x48, 0x63, 0xc2, 0x48, 0x03,
  0x41, 0x10, 0x83, 0xc2, 0x08, 0x89, 0x11, 0x48, 0x89, 0x85, 0x60, 0xfe,
  0xff, 0xff, 0xe9, 0x1d, 0x00, 0x00, 0x00, 0x48, 0x8b, 0x8d, 0x68, 0xfe,
  0xff, 0xff, 0x48, 0x8b, 0x41, 0x08, 0x48, 0x89, 0xc2, 0x48, 0x83, 0xc2,
  0x08, 0x48, 0x89, 0x51, 0x08, 0x48, 0x89, 0x85, 0x60, 0xfe, 0xff, 0xff,
  0x48, 0x8b, 0x85, 0x60, 0xfe, 0xff, 0xff, 0x48, 0x8b, 0x00, 0x48, 0x89,
  0x45, 0xa0, 0x48, 0x8d, 0x45, 0xd0, 0x48, 0x8b, 0x7d, 0xf0, 0x48, 0x8b,
  0x75, 0xc8, 0x48, 0x8b, 0x55, 0xc0, 0x48, 0x8b, 0x4d, 0xb8, 0x4c, 0x8b,
  0x45, 0xb0, 0x4c, 0x8b, 0x4d, 0xa8, 0x48, 0x8b, 0x45, 0xa0, 0x48, 0x89,
  0x04, 0x24, 0xe8, 0x49, 0x00, 0x00, 0x00, 0x89, 0x45, 0xec, 0x83, 0x7d,
  0xec, 0x00, 0x0f, 0x8d, 0x1b, 0x00, 0x00, 0x00, 0x31, 0xc9, 0x2b, 0x4d,
  0xec, 0x48, 0x8b, 0x05, 0x90, 0xd8, 0x00, 0x00, 0x89, 0x08, 0x48, 0xc7,
  0x45, 0xf8, 0xff, 0xff, 0xff, 0xff, 0xe9, 0x08, 0x00, 0x00, 0x00, 0x48,
  0x63, 0x45, 0xec, 0x48, 0x89, 0x45, 0xf8, 0x48, 0x8b, 0x45, 0xf8, 0x48,
  0x81, 0xc4, 0xb0, 0x01, 0x00, 0x00, 0x5d, 0xc3, 0x66, 0x66, 0x66, 0x2e,
  0x0f, 0x1f, 0x84, 0x00, 0x00, 0x00, 0x00, 0x00, 0x55, 0x48, 0x89, 0xe5,
  0x48, 0x8b, 0x45, 0x10, 0x48, 0x89, 0x7d, 0xf8, 0x48, 0x89, 0x75, 0xf0,
  0x48, 0x89, 0x55, 0xe8, 0x48, 0x89, 0x4d, 0xe0, 0x4c, 0x89, 0x45, 0xd8,
  0x4c, 0x89, 0x4d, 0xd0, 0x48, 0x8b, 0x45, 0xd8, 0x48, 0x89, 0x45, 0xb8,
  0x48, 0x8b, 0x45, 0xd0, 0x48, 0x89, 0x45, 0xb0, 0x48, 0x8b, 0x45, 0x10,
  0x48, 0x89, 0x45, 0xa8, 0x4c, 0x8b, 0x55, 0xb8, 0x4c, 0x8b, 0x45, 0xb0,
  0x4c, 0x8b, 0x4d, 0xa8, 0x48, 0x8b, 0x45, 0xf8, 0x48, 0x8b, 0x7d, 0xf0,
  0x48, 0x8b, 0x75, 0xe8, 0x48, 0x8b, 0x55, 0xe0, 0x0f, 0x05, 0x48, 0x89,
  0xc1, 0x0f, 0x92, 0xc0, 0x48, 0x89, 0x4d, 0xc8, 0x88, 0x45, 0xc7, 0x4c,
  0x89, 0x55, 0xb8, 0x4c, 0x89, 0x45, 0xb0, 0x4c, 0x89, 0x4d, 0xa8, 0x0f,
  0xbe, 0x45, 0xc7, 0x83, 0xf8, 0x00, 0x0f, 0x84, 0x0f, 0x00, 0x00, 0x00,
  0x31, 0xc0, 0x48, 0x2b, 0x45, 0xc8, 0x48, 0x89, 0x45, 0xa0, 0xe9, 0x08,
  0x00, 0x00, 0x00, 0x48, 0x8b, 0x45, 0xc8, 0x48, 0x89, 0x45, 0xa0, 0x48,
  0x8b, 0x45, 0xa0, 0x5d, 0xc3, 0x0f, 0x1f, 0x80, 0x00, 0x00, 0x00, 0x00,
  0x55, 0x48, 0x89, 0xe5, 0x48, 0x83, 0xec, 0x20, 0x89, 0x7d, 0xfc, 0x48,
  0x89, 0x75, 0xf0, 0x48, 0x89, 0x55, 0xe8, 0x8b, 0x75, 0xfc, 0x48, 0x8b,
  0x55, 0xf0, 0x48, 0x8b, 0x4d, 0xe8, 0xbf, 0x4f, 0x02, 0x00, 0x00, 0xb0,
  0x00, 0xe8, 0xa6, 0xfb, 0xff, 0xff, 0x48, 0x83, 0xc4, 0x20, 0x5d, 0xc3,
  0x55, 0x48, 0x89, 0xe5, 0x48, 0x83, 0xec, 0x10, 0x48, 0x89, 0x7d, 0xf8,
  0x48, 0x89, 0x75, 0xf0, 0x48, 0x8b, 0x75, 0xf8, 0x48, 0x8b, 0x4d, 0xf0,
  0xbf, 0x52, 0x02, 0x00, 0x00, 0x45, 0x31, 0xc0, 0x44, 0x89, 0xc2, 0xb0,
  0x00, 0xe8, 0x76, 0xfb, 0xff, 0xff, 0x48, 0x83, 0xc4, 0x10, 0x5d, 0xc3,
  0x55, 0x48, 0x89, 0xe5, 0x48, 0x83, 0xec, 0x10, 0x89, 0x7d, 0xfc, 0x8b,
  0x75, 0xfc, 0xbf, 0x53, 0x02, 0x00, 0x00, 0xb0, 0x00, 0xe8, 0x56, 0xfb,
  0xff, 0xff, 0x48, 0x83, 0xc4, 0x10, 0x5d, 0xc3, 0x55, 0x48, 0x89, 0xe5,
  0x48, 0x83, 0xec, 0x20, 0x48, 0x89, 0x7d, 0xf8, 0x48, 0x89, 0x75, 0xf0,
  0x48, 0x8d, 0x05, 0x29, 0x7e, 0x01, 0x00, 0x48, 0x89, 0x45, 0xe8, 0x48,
  0x8d, 0x05, 0x26, 0x7e, 0x01, 0x00, 0x48, 0x39, 0x45, 0xe8, 0x0f, 0x84,
  0x17, 0x00, 0x00, 0x00, 0x48, 0x8b, 0x45, 0xe8, 0xff, 0x10, 0x48, 0x8b,
  0x45, 0xe8, 0x48, 0x83, 0xc0, 0x08, 0x48, 0x89, 0x45, 0xe8, 0xe9, 0xd8,
  0xff, 0xff, 0xff, 0x31, 0xc0, 0x48, 0x83, 0xc4, 0x20, 0x5d, 0xc3, 0x0f,
  0x1f, 0x44, 0x00, 0x00, 0x55, 0x48, 0x89, 0xe5, 0x48, 0x89, 0x7d, 0xf8,
  0x48, 0x89, 0x75, 0xf0, 0x31, 0xc0, 0x5d, 0xc3, 0x55, 0x48, 0x89, 0xe5,
  0x31, 0xc0, 0x5d, 0xc3, 0x0f, 0x1f, 0x84, 0x00, 0x00, 0x00, 0x00, 0x00,
  0x55, 0x48, 0x89, 0xe5, 0x31, 0xc0, 0x5d, 0xc3, 0x00, 0x00, 0x00, 0x00,
  0x00, 0x00, 0x00, 0x00, 0xff, 0x35, 0xc2, 0x16, 0x01, 0x00, 0xff, 0x25,
  0xc4, 0x16, 0x01, 0x00, 0x0f, 0x1f, 0x40, 0x00, 0xff, 0x25, 0xc2, 0x16,
  0x01, 0x00, 0x68, 0x00, 0x00, 0x00, 0x00, 0xe9, 0xe0, 0xff, 0xff, 0xff,
  0xff, 0x25, 0xba, 0x16, 0x01, 0x00, 0x68, 0x01, 0x00, 0x00, 0x00, 0xe9,
  0xd0, 0xff, 0xff, 0xff, 0xff, 0x25, 0xb2, 0x16, 0x01, 0x00, 0x68, 0x02,
  0x00, 0x00, 0x00, 0xe9, 0xc0, 0xff, 0xff, 0xff, 0xff, 0x25, 0xaa, 0x16,
  0x01, 0x00, 0x68, 0x03, 0x00, 0x00, 0x00, 0xe9, 0xb0, 0xff, 0xff, 0xff,
  0xff, 0x25, 0xa2, 0x16, 0x01, 0x00, 0x68, 0x04, 0x00, 0x00, 0x00, 0xe9,
  0xa0, 0xff, 0xff, 0xff, 0xff, 0x25, 0x9a, 0x16, 0x01, 0x00, 0x68, 0x05,
  0x00, 0x00, 0x00, 0xe9, 0x90, 0xff, 0xff, 0xff, 0xff, 0x25, 0x92, 0x16,
  0x01, 0x00, 0x68, 0x06, 0x00, 0x00, 0x00, 0xe9, 0x80, 0xff, 0xff, 0xff,
  0xff, 0x25, 0x8a, 0x16, 0x01, 0x00, 0x68, 0x07, 0x00, 0x00, 0x00, 0xe9,
  0x70, 0xff, 0xff, 0xff, 0xff, 0x25, 0x82, 0x16, 0x01, 0x00, 0x68, 0x08,
  0x00, 0x00, 0x00, 0xe9, 0x60, 0xff, 0xff, 0xff, 0xff, 0x25, 0x7a, 0x16,
  0x01, 0x00, 0x68, 0x09, 0x00, 0x00, 0x00, 0xe9, 0x50, 0xff, 0xff, 0xff,
  0xff, 0x25, 0x72, 0x16, 0x01, 0x00, 0x68, 0x0a, 0x00, 0x00, 0x00, 0xe9,
  0x40, 0xff, 0xff, 0xff, 0xff, 0x25, 0x6a, 0x16, 0x01, 0x00, 0x68, 0x0b,
  0x00, 0x00, 0x00, 0xe9, 0x30, 0xff, 0xff, 0xff, 0xff, 0x25, 0x62, 0x16,
  0x01, 0x00, 0x68, 0x0c, 0x00, 0x00, 0x00, 0xe9, 0x20, 0xff, 0xff, 0xff,
  0xff, 0x25, 0x5a, 0x16, 0x01, 0x00, 0x68, 0x0d, 0x00, 0x00, 0x00, 0xe9,
  0x10, 0xff, 0xff, 0xff, 0xff, 0x25, 0x52, 0x16, 0x01, 0x00, 0x68, 0x0e,
  0x00, 0x00, 0x00, 0xe9, 0x00, 0xff, 0xff, 0xff, 0xff, 0x25, 0x4a, 0x16,
  0x01, 0x00, 0x68, 0x0f, 0x00, 0x00, 0x00, 0xe9, 0xf0, 0xfe, 0xff, 0xff,
  0xff, 0x25, 0x42, 0x16, 0x01, 0x00, 0x68, 0x10, 0x00, 0x00, 0x00, 0xe9,
  0xe0, 0xfe, 0xff, 0xff, 0xff, 0x25, 0x3a, 0x16, 0x01, 0x00, 0x68, 0x11,
  0x00, 0x00, 0x00, 0xe9, 0xd0, 0xfe, 0xff, 0xff, 0xff, 0x25, 0x32, 0x16,
  0x01, 0x00, 0x68, 0x12, 0x00, 0x00, 0x00, 0xe9, 0xc0, 0xfe, 0xff, 0xff,
  0xff, 0x25, 0x2a, 0x16, 0x01, 0x00, 0x68, 0x13, 0x00, 0x00, 0x00, 0xe9,
  0xb0, 0xfe, 0xff, 0xff, 0xff, 0x25, 0x22, 0x16, 0x01, 0x00, 0x68, 0x14,
  0x00, 0x00, 0x00, 0xe9, 0xa0, 0xfe, 0xff, 0xff, 0xff, 0x25, 0x1a, 0x16,
  0x01, 0x00, 0x68, 0x15, 0x00, 0x00, 0x00, 0xe9, 0x90, 0xfe, 0xff, 0xff,
  0xff, 0x25, 0x12, 0x16, 0x01, 0x00, 0x68, 0x16, 0x00, 0x00, 0x00, 0xe9,
  0x80, 0xfe, 0xff, 0xff, 0xff, 0x25, 0x0a, 0x16, 0x01, 0x00, 0x68, 0x17,
  0x00, 0x00, 0x00, 0xe9, 0x70, 0xfe, 0xff, 0xff, 0xff, 0x25, 0x02, 0x16,
  0x01, 0x00, 0x68, 0x18, 0x00, 0x00, 0x00, 0xe9, 0x60, 0xfe, 0xff, 0xff,
  0xff, 0x25, 0xfa, 0x15, 0x01, 0x00, 0x68, 0x19, 0x00, 0x00, 0x00, 0xe9,
  0x50, 0xfe, 0xff, 0xff, 0xff, 0x25, 0xf2, 0x15, 0x01, 0x00, 0x68, 0x1a,
  0x00, 0x00, 0x00, 0xe9, 0x40, 0xfe, 0xff, 0xff, 0xff, 0x25, 0xea, 0x15,
  0x01, 0x00, 0x68, 0x1b, 0x00, 0x00, 0x00, 0xe9, 0x30, 0xfe, 0xff, 0xff,
  0xff, 0x25, 0xe2, 0x15, 0x01, 0x00, 0x68, 0x1c, 0x00, 0x00, 0x00, 0xe9,
  0x20, 0xfe, 0xff, 0xff, 0xff, 0x25, 0xda, 0x15, 0x01, 0x00, 0x68, 0x1d,
  0x00, 0x00, 0x00, 0xe9, 0x10, 0xfe, 0xff, 0xff, 0xff, 0x25, 0xd2, 0x15,
  0x01, 0x00, 0x68, 0x1e, 0x00, 0x00, 0x00, 0xe9, 0x00, 0xfe, 0xff, 0xff,
  0xff, 0x25, 0xca, 0x15, 0x01, 0x00, 0x68, 0x1f, 0x00, 0x00, 0x00, 0xe9,
  0xf0, 0xfd, 0xff, 0xff, 0xff, 0x25, 0xc2, 0x15, 0x01, 0x00, 0x68, 0x20,
  0x00, 0x00, 0x00, 0xe9, 0xe0, 0xfd, 0xff, 0xff, 0xff, 0x25, 0xba, 0x15,
  0x01, 0x00, 0x68, 0x21, 0x00, 0x00, 0x00, 0xe9, 0xd0, 0xfd, 0xff, 0xff,
  0xff, 0x25, 0xb2, 0x15, 0x01, 0x00, 0x68, 0x22, 0x00, 0x00, 0x00, 0xe9,
  0xc0, 0xfd, 0xff, 0xff, 0xff, 0x25, 0xaa, 0x15, 0x01, 0x00, 0x68, 0x23,
  0x00, 0x00, 0x00, 0xe9, 0xb0, 0xfd, 0xff, 0xff, 0xff, 0x25, 0xa2, 0x15,
  0x01, 0x00, 0x68, 0x24, 0x00, 0x00, 0x00, 0xe9, 0xa0, 0xfd, 0xff, 0xff,
  0xff, 0x25, 0x9a, 0x15, 0x01, 0x00, 0x68, 0x25, 0x00, 0x00, 0x00, 0xe9,
  0x90, 0xfd, 0xff, 0xff, 0xff, 0x25, 0x92, 0x15, 0x01, 0x00, 0x68, 0x26,
  0x00, 0x00, 0x00, 0xe9, 0x80, 0xfd, 0xff, 0xff, 0xff, 0x25, 0x8a, 0x15,
  0x01, 0x00, 0x68, 0x27, 0x00, 0x00, 0x00, 0xe9, 0x70, 0xfd, 0xff, 0xff,
  0xff, 0x25, 0x82, 0x15, 0x01, 0x00, 0x68, 0x28, 0x00, 0x00, 0x00, 0xe9,
  0x60, 0xfd, 0xff, 0xff, 0xff, 0x25, 0x7a, 0x15, 0x01, 0x00, 0x68, 0x29,
  0x00, 0x00, 0x00, 0xe9, 0x50, 0xfd, 0xff, 0xff, 0xff, 0x25, 0x72, 0x15,
  0x01, 0x00, 0x68, 0x2a, 0x00, 0x00, 0x00, 0xe9, 0x40, 0xfd, 0xff, 0xff,
  0xff, 0x25, 0x6a, 0x15, 0x01, 0x00, 0x68, 0x2b, 0x00, 0x00, 0x00, 0xe9,
  0x30, 0xfd, 0xff, 0xff, 0xff, 0x25, 0x62, 0x15, 0x01, 0x00, 0x68, 0x2c,
  0x00, 0x00, 0x00, 0xe9, 0x20, 0xfd, 0xff, 0xff, 0xff, 0x25, 0x5a, 0x15,
  0x01, 0x00, 0x68, 0x2d, 0x00, 0x00, 0x00, 0xe9, 0x10, 0xfd, 0xff, 0xff,
  0xff, 0x25, 0x52, 0x15, 0x01, 0x00, 0x68, 0x2e, 0x00, 0x00, 0x00, 0xe9,
  0x00, 0xfd, 0xff, 0xff, 0xff, 0x25, 0x4a, 0x15, 0x01, 0x00, 0x68, 0x2f,
  0x00, 0x00, 0x00, 0xe9, 0xf0, 0xfc, 0xff, 0xff, 0xff, 0x25, 0x42, 0x15,
  0x01, 0x00, 0x68, 0x30, 0x00, 0x00, 0x00, 0xe9, 0xe0, 0xfc, 0xff, 0xff,
  0xff, 0x25, 0x3a, 0x15, 0x01, 0x00, 0x68, 0x31, 0x00, 0x00, 0x00, 0xe9,
  0xd0, 0xfc, 0xff, 0xff, 0xff, 0x25, 0x32, 0x15, 0x01, 0x00, 0x68, 0x32,
  0x00, 0x00, 0x00, 0xe9, 0xc0, 0xfc, 0xff, 0xff, 0xff, 0x25, 0x2a, 0x15,
  0x01, 0x00, 0x68, 0x33, 0x00, 0x00, 0x00, 0xe9, 0xb0, 0xfc, 0xff, 0xff,
  0xff, 0x25, 0x22, 0x15, 0x01, 0x00, 0x68, 0x34, 0x00, 0x00, 0x00, 0xe9,
  0xa0, 0xfc, 0xff, 0xff, 0xff, 0x25, 0x1a, 0x15, 0x01, 0x00, 0x68, 0x35,
  0x00, 0x00, 0x00, 0xe9, 0x90, 0xfc, 0xff, 0xff, 0xff, 0x25, 0x12, 0x15,
  0x01, 0x00, 0x68, 0x36, 0x00, 0x00, 0x00, 0xe9, 0x80, 0xfc, 0xff, 0xff,
  0xff, 0x25, 0x0a, 0x15, 0x01, 0x00, 0x68, 0x37, 0x00, 0x00, 0x00, 0xe9,
  0x70, 0xfc, 0xff, 0xff, 0xff, 0x25, 0x02, 0x15, 0x01, 0x00, 0x68, 0x38,
  0x00, 0x00, 0x00, 0xe9, 0x60, 0xfc, 0xff, 0xff, 0xff, 0x25, 0xfa, 0x14,
  0x01, 0x00, 0x68, 0x39, 0x00, 0x00, 0x00, 0xe9, 0x50, 0xfc, 0xff, 0xff,
  0xff, 0x25, 0xf2, 0x14, 0x01, 0x00, 0x68, 0x3a, 0x00, 0x00, 0x00, 0xe9,
  0x40, 0xfc, 0xff, 0xff, 0xff, 0x25, 0xea, 0x14, 0x01, 0x00, 0x68, 0x3b,
  0x00, 0x00, 0x00, 0xe9, 0x30, 0xfc, 0xff, 0xff, 0xff, 0x25, 0xe2, 0x14,
  0x01, 0x00, 0x68, 0x3c, 0x00, 0x00, 0x00, 0xe9, 0x20, 0xfc, 0xff, 0xff,
  0xff, 0x25, 0xda, 0x14, 0x01, 0x00, 0x68, 0x3d, 0x00, 0x00, 0x00, 0xe9,
  0x10, 0xfc, 0xff, 0xff, 0xff, 0x25, 0xd2, 0x14, 0x01, 0x00, 0x68, 0x3e,
  0x00, 0x00, 0x00, 0xe9, 0x00, 0xfc, 0xff, 0xff, 0xff, 0x25, 0xca, 0x14,
  0x01, 0x00, 0x68, 0x3f, 0x00, 0x00, 0x00, 0xe9, 0xf0, 0xfb, 0xff, 0xff,
  0xff, 0x25, 0xc2, 0x14, 0x01, 0x00, 0x68, 0x40, 0x00, 0x00, 0x00, 0xe9,
  0xe0, 0xfb, 0xff, 0xff, 0xff, 0x25, 0xba, 0x14, 0x01, 0x00, 0x68, 0x41,
  0x00, 0x00, 0x00, 0xe9, 0xd0, 0xfb, 0xff, 0xff, 0xff, 0x25, 0xb2, 0x14,
  0x01, 0x00, 0x68, 0x42, 0x00, 0x00, 0x00, 0xe9, 0xc0, 0xfb, 0xff, 0xff,
  0xff, 0x25, 0xaa, 0x14, 0x01, 0x00, 0x68, 0x43, 0x00, 0x00, 0x00, 0xe9,
  0xb0, 0xfb, 0xff, 0xff, 0xff, 0x25, 0xa2, 0x14, 0x01, 0x00, 0x68, 0x44,
  0x00, 0x00, 0x00, 0xe9, 0xa0, 0xfb, 0xff, 0xff, 0xff, 0x25, 0x9a, 0x14,
  0x01, 0x00, 0x68, 0x45, 0x00, 0x00, 0x00, 0xe9, 0x90, 0xfb, 0xff, 0xff,
  0xff, 0x25, 0x92, 0x14, 0x01, 0x00, 0x68, 0x46, 0x00, 0x00, 0x00, 0xe9,
  0x80, 0xfb, 0xff, 0xff, 0xff, 0x25, 0x8a, 0x14, 0x01, 0x00, 0x68, 0x47,
  0x00, 0x00, 0x00, 0xe9, 0x70, 0xfb, 0xff, 0xff, 0xff, 0x25, 0x82, 0x14,
  0x01, 0x00, 0x68, 0x48, 0x00, 0x00, 0x00, 0xe9, 0x60, 0xfb, 0xff, 0xff,
  0xff, 0x25, 0x7a, 0x14, 0x01, 0x00, 0x68, 0x49, 0x00, 0x00, 0x00, 0xe9,
  0x50, 0xfb, 0xff, 0xff, 0xff, 0x25, 0x72, 0x14, 0x01, 0x00, 0x68, 0x4a,
  0x00, 0x00, 0x00, 0xe9, 0x40, 0xfb, 0xff, 0xff, 0xff, 0x25, 0x6a, 0x14,
  0x01, 0x00, 0x68, 0x4b, 0x00, 0x00, 0x00, 0xe9, 0x30, 0xfb, 0xff, 0xff,
  0xff, 0x25, 0x62, 0x14, 0x01, 0x00, 0x68, 0x4c, 0x00, 0x00, 0x00, 0xe9,
  0x20, 0xfb, 0xff, 0xff, 0x00, 0x00, 0x00, 0x00, 0x00, 0x00, 0x00, 0x00,
  0x00, 0x00, 0x00, 0x00, 0x00, 0x00, 0x00, 0x00, 0x00, 0x00, 0x00, 0x00,
  0x00, 0x00, 0x00, 0x00, 0x01, 0x00, 0x00, 0x00, 0x12, 0x00, 0x00, 0x00,
  0x00, 0x00, 0x00, 0x00, 0x00, 0x00, 0x00, 0x00, 0x00, 0x00, 0x00, 0x00,
  0x00, 0x00, 0x00, 0x00, 0x08, 0x00, 0x00, 0x00, 0x12, 0x00, 0x00, 0x00,
  0x00, 0x00, 0x00, 0x00, 0x00, 0x00, 0x00, 0x00, 0x00, 0x00, 0x00, 0x00,
  0x00, 0x00, 0x00, 0x00, 0x0d, 0x00, 0x00, 0x00, 0x12, 0x00, 0x00, 0x00,
  0x00, 0x00, 0x00, 0x00, 0x00, 0x00, 0x00, 0x00, 0x00, 0x00, 0x00, 0x00,
  0x00, 0x00, 0x00, 0x00, 0x13, 0x00, 0x00, 0x00, 0x12, 0x00, 0x00, 0x00,
  0x00, 0x00, 0x00, 0x00, 0x00, 0x00, 0x00, 0x00, 0x00, 0x00, 0x00, 0x00,
  0x00, 0x00, 0x00, 0x00, 0x19, 0x00, 0x00, 0x00, 0x12, 0x00, 0x00, 0x00,
  0x00, 0x00, 0x00, 0x00, 0x00, 0x00, 0x00, 0x00, 0x00, 0x00, 0x00, 0x00,
  0x00, 0x00, 0x00, 0x00, 0x20, 0x00, 0x00, 0x00, 0x12, 0x00, 0x00, 0x00,
  0x00, 0x00, 0x00, 0x00, 0x00, 0x00, 0x00, 0x00, 0x00, 0x00, 0x00, 0x00,
  0x00, 0x00, 0x00, 0x00, 0x27, 0x00, 0x00, 0x00, 0x12, 0x00, 0x00, 0x00,
  0x00, 0x00, 0x00, 0x00, 0x00, 0x00, 0x00, 0x00, 0x00, 0x00, 0x00, 0x00,
  0x00, 0x00, 0x00, 0x00, 0x2e, 0x00, 0x00, 0x00, 0x12, 0x00, 0x00, 0x00,
  0x00, 0x00, 0x00, 0x00, 0x00, 0x00, 0x00, 0x00, 0x00, 0x00, 0x00, 0x00,
  0x00, 0x00, 0x00, 0x00, 0x37, 0x00, 0x00, 0x00, 0x12, 0x00, 0x00, 0x00,
  0x00, 0x00, 0x00, 0x00, 0x00, 0x00, 0x00, 0x00, 0x00, 0x00, 0x00, 0x00,
  0x00, 0x00, 0x00, 0x00, 0x3e, 0x00, 0x00, 0x00, 0x12, 0x00, 0x00, 0x00,
  0x00, 0x00, 0x00, 0x00, 0x00, 0x00, 0x00, 0x00, 0x00, 0x00, 0x00, 0x00,
  0x00, 0x00, 0x00, 0x00, 0x45, 0x00, 0x00, 0x00, 0x12, 0x00, 0x00, 0x00,
  0x00, 0x00, 0x00, 0x00, 0x00, 0x00, 0x00, 0x00, 0x00, 0x00, 0x00, 0x00,
  0x00, 0x00, 0x00, 0x00, 0x4d, 0x00, 0x00, 0x00, 0x12, 0x00, 0x00, 0x00,
  0x00, 0x00, 0x00, 0x00, 0x00, 0x00, 0x00, 0x00, 0x00, 0x00, 0x00, 0x00,
  0x00, 0x00, 0x00, 0x00, 0x54, 0x00, 0x00, 0x00, 0x12, 0x00, 0x00, 0x00,
  0x00, 0x00, 0x00, 0x00, 0x00, 0x00, 0x00, 0x00, 0x00, 0x00, 0x00, 0x00,
  0x00, 0x00, 0x00, 0x00, 0x5b, 0x00, 0x00, 0x00, 0x12, 0x00, 0x00, 0x00,
  0x00, 0x00, 0x00, 0x00, 0x00, 0x00, 0x00, 0x00, 0x00, 0x00, 0x00, 0x00,
  0x00, 0x00, 0x00, 0x00, 0x61, 0x00, 0x00, 0x00, 0x12, 0x00, 0x00, 0x00,
  0x00, 0x00, 0x00, 0x00, 0x00, 0x00, 0x00, 0x00, 0x00, 0x00, 0x00, 0x00,
  0x00, 0x00, 0x00, 0x00, 0x69, 0x00, 0x00, 0x00, 0x12, 0x00, 0x00, 0x00,
  0x00, 0x00, 0x00, 0x00, 0x00, 0x00, 0x00, 0x00, 0x00, 0x00, 0x00, 0x00,
  0x00, 0x00, 0x00, 0x00, 0x70, 0x00, 0x00, 0x00, 0x12, 0x00, 0x00, 0x00,
  0x00, 0x00, 0x00, 0x00, 0x00, 0x00, 0x00, 0x00, 0x00, 0x00, 0x00, 0x00,
  0x00, 0x00, 0x00, 0x00, 0x77, 0x00, 0x00, 0x00, 0x12, 0x00, 0x00, 0x00,
  0x00, 0x00, 0x00, 0x00, 0x00, 0x00, 0x00, 0x00, 0x00, 0x00, 0x00, 0x00,
  0x00, 0x00, 0x00, 0x00, 0x7f, 0x00, 0x00, 0x00, 0x12, 0x00, 0x00, 0x00,
  0x00, 0x00, 0x00, 0x00, 0x00, 0x00, 0x00, 0x00, 0x00, 0x00, 0x00, 0x00,
  0x00, 0x00, 0x00, 0x00, 0x84, 0x00, 0x00, 0x00, 0x12, 0x00, 0x00, 0x00,
  0x00, 0x00, 0x00, 0x00, 0x00, 0x00, 0x00, 0x00, 0x00, 0x00, 0x00, 0x00,
  0x00, 0x00, 0x00, 0x00, 0x8c, 0x00, 0x00, 0x00, 0x12, 0x00, 0x00, 0x00,
  0x00, 0x00, 0x00, 0x00, 0x00, 0x00, 0x00, 0x00, 0x00, 0x00, 0x00, 0x00,
  0x00, 0x00, 0x00, 0x00, 0x93, 0x00, 0x00, 0x00, 0x12, 0x00, 0x00, 0x00,
  0x00, 0x00, 0x00, 0x00, 0x00, 0x00, 0x00, 0x00, 0x00, 0x00, 0x00, 0x00,
  0x00, 0x00, 0x00, 0x00, 0xb3, 0x00, 0x00, 0x00, 0x12, 0x00, 0x00, 0x00,
  0x00, 0x00, 0x00, 0x00, 0x00, 0x00, 0x00, 0x00, 0x00, 0x00, 0x00, 0x00,
  0x00, 0x00, 0x00, 0x00, 0xba, 0x00, 0x00, 0x00, 0x12, 0x00, 0x00, 0x00,
  0x00, 0x00, 0x00, 0x00, 0x00, 0x00, 0x00, 0x00, 0x00, 0x00, 0x00, 0x00,
  0x00, 0x00, 0x00, 0x00, 0xc0, 0x00, 0x00, 0x00, 0x12, 0x00, 0x00, 0x00,
  0x00, 0x00, 0x00, 0x00, 0x00, 0x00, 0x00, 0x00, 0x00, 0x00, 0x00, 0x00,
  0x00, 0x00, 0x00, 0x00, 0xc5, 0x00, 0x00, 0x00, 0x12, 0x00, 0x00, 0x00,
  0x00, 0x00, 0x00, 0x00, 0x00, 0x00, 0x00, 0x00, 0x00, 0x00, 0x00, 0x00,
  0x00, 0x00, 0x00, 0x00, 0xca, 0x00, 0x00, 0x00, 0x12, 0x00, 0x00, 0x00,
  0x00, 0x00, 0x00, 0x00, 0x00, 0x00, 0x00, 0x00, 0x00, 0x00, 0x00, 0x00,
  0x00, 0x00, 0x00, 0x00, 0xcf, 0x00, 0x00, 0x00, 0x12, 0x00, 0x00, 0x00,
  0x00, 0x00, 0x00, 0x00, 0x00, 0x00, 0x00, 0x00, 0x00, 0x00, 0x00, 0x00,
  0x00, 0x00, 0x00, 0x00, 0xd5, 0x00, 0x00, 0x00, 0x12, 0x00, 0x00, 0x00,
  0x00, 0x00, 0x00, 0x00, 0x00, 0x00, 0x00, 0x00, 0x00, 0x00, 0x00, 0x00,
  0x00, 0x00, 0x00, 0x00, 0xe4, 0x00, 0x00, 0x00, 0x12, 0x00, 0x00, 0x00,
  0x00, 0x00, 0x00, 0x00, 0x00, 0x00, 0x00, 0x00, 0x00, 0x00, 0x00, 0x00,
  0x00, 0x00, 0x00, 0x00, 0xeb, 0x00, 0x00, 0x00, 0x12, 0x00, 0x00, 0x00,
  0x00, 0x00, 0x00, 0x00, 0x00, 0x00, 0x00, 0x00, 0x00, 0x00, 0x00, 0x00,
  0x00, 0x00, 0x00, 0x00, 0x00, 0x01, 0x00, 0x00, 0x12, 0x00, 0x00, 0x00,
  0x00, 0x00, 0x00, 0x00, 0x00, 0x00, 0x00, 0x00, 0x00, 0x00, 0x00, 0x00,
  0x00, 0x00, 0x00, 0x00, 0x17, 0x01, 0x00, 0x00, 0x12, 0x00, 0x00, 0x00,
  0x00, 0x00, 0x00, 0x00, 0x00, 0x00, 0x00, 0x00, 0x00, 0x00, 0x00, 0x00,
  0x00, 0x00, 0x00, 0x00, 0x20, 0x01, 0x00, 0x00, 0x12, 0x00, 0x00, 0x00,
  0x00, 0x00, 0x00, 0x00, 0x00, 0x00, 0x00, 0x00, 0x00, 0x00, 0x00, 0x00,
  0x00, 0x00, 0x00, 0x00, 0x28, 0x01, 0x00, 0x00, 0x12, 0x00, 0x00, 0x00,
  0x00, 0x00, 0x00, 0x00, 0x00, 0x00, 0x00, 0x00, 0x00, 0x00, 0x00, 0x00,
  0x00, 0x00, 0x00, 0x00, 0x2f, 0x01, 0x00, 0x00, 0x12, 0x00, 0x00, 0x00,
  0x00, 0x00, 0x00, 0x00, 0x00, 0x00, 0x00, 0x00, 0x00, 0x00, 0x00, 0x00,
  0x00, 0x00, 0x00, 0x00, 0x36, 0x01, 0x00, 0x00, 0x12, 0x00, 0x00, 0x00,
  0x00, 0x00, 0x00, 0x00, 0x00, 0x00, 0x00, 0x00, 0x00, 0x00, 0x00, 0x00,
  0x00, 0x00, 0x00, 0x00, 0x46, 0x01, 0x00, 0x00, 0x12, 0x00, 0x00, 0x00,
  0x00, 0x00, 0x00, 0x00, 0x00, 0x00, 0x00, 0x00, 0x00, 0x00, 0x00, 0x00,
  0x00, 0x00, 0x00, 0x00, 0x5f, 0x01, 0x00, 0x00, 0x12, 0x00, 0x00, 0x00,
  0x00, 0x00, 0x00, 0x00, 0x00, 0x00, 0x00, 0x00, 0x00, 0x00, 0x00, 0x00,
  0x00, 0x00, 0x00, 0x00, 0x67, 0x01, 0x00, 0x00, 0x12, 0x00, 0x00, 0x00,
  0x00, 0x00, 0x00, 0x00, 0x00, 0x00, 0x00, 0x00, 0x00, 0x00, 0x00, 0x00,
  0x00, 0x00, 0x00, 0x00, 0x81, 0x01, 0x00, 0x00, 0x12, 0x00, 0x00, 0x00,
  0x00, 0x00, 0x00, 0x00, 0x00, 0x00, 0x00, 0x00, 0x00, 0x00, 0x00, 0x00,
  0x00, 0x00, 0x00, 0x00, 0x99, 0x01, 0x00, 0x00, 0x12, 0x00, 0x00, 0x00,
  0x00, 0x00, 0x00, 0x00, 0x00, 0x00, 0x00, 0x00, 0x00, 0x00, 0x00, 0x00,
  0x00, 0x00, 0x00, 0x00, 0xae, 0x01, 0x00, 0x00, 0x12, 0x00, 0x00, 0x00,
  0x00, 0x00, 0x00, 0x00, 0x00, 0x00, 0x00, 0x00, 0x00, 0x00, 0x00, 0x00,
  0x00, 0x00, 0x00, 0x00, 0xd0, 0x01, 0x00, 0x00, 0x12, 0x00, 0x00, 0x00,
  0x00, 0x00, 0x00, 0x00, 0x00, 0x00, 0x00, 0x00, 0x00, 0x00, 0x00, 0x00,
  0x00, 0x00, 0x00, 0x00, 0xed, 0x01, 0x00, 0x00, 0x12, 0x00, 0x00, 0x00,
  0x00, 0x00, 0x00, 0x00, 0x00, 0x00, 0x00, 0x00, 0x00, 0x00, 0x00, 0x00,
  0x00, 0x00, 0x00, 0x00, 0x01, 0x02, 0x00, 0x00, 0x12, 0x00, 0x00, 0x00,
  0x00, 0x00, 0x00, 0x00, 0x00, 0x00, 0x00, 0x00, 0x00, 0x00, 0x00, 0x00,
  0x00, 0x00, 0x00, 0x00, 0x21, 0x02, 0x00, 0x00, 0x12, 0x00, 0x00, 0x00,
  0x00, 0x00, 0x00, 0x00, 0x00, 0x00, 0x00, 0x00, 0x00, 0x00, 0x00, 0x00,
  0x00, 0x00, 0x00, 0x00, 0x35, 0x02, 0x00, 0x00, 0x12, 0x00, 0x00, 0x00,
  0x00, 0x00, 0x00, 0x00, 0x00, 0x00, 0x00, 0x00, 0x00, 0x00, 0x00, 0x00,
  0x00, 0x00, 0x00, 0x00, 0x45, 0x02, 0x00, 0x00, 0x12, 0x00, 0x00, 0x00,
  0x00, 0x00, 0x00, 0x00, 0x00, 0x00, 0x00, 0x00, 0x00, 0x00, 0x00, 0x00,
  0x00, 0x00, 0x00, 0x00, 0x59, 0x02, 0x00, 0x00, 0x12, 0x00, 0x00, 0x00,
  0x00, 0x00, 0x00, 0x00, 0x00, 0x00, 0x00, 0x00, 0x00, 0x00, 0x00, 0x00,
  0x00, 0x00, 0x00, 0x00, 0x68, 0x02, 0x00, 0x00, 0x12, 0x00, 0x00, 0x00,
  0x00, 0x00, 0x00, 0x00, 0x00, 0x00, 0x00, 0x00, 0x00, 0x00, 0x00, 0x00,
  0x00, 0x00, 0x00, 0x00, 0x82, 0x02, 0x00, 0x00, 0x12, 0x00, 0x00, 0x00,
  0x00, 0x00, 0x00, 0x00, 0x00, 0x00, 0x00, 0x00, 0x00, 0x00, 0x00, 0x00,
  0x00, 0x00, 0x00, 0x00, 0x89, 0x02, 0x00, 0x00, 0x12, 0x00, 0x00, 0x00,
  0x00, 0x00, 0x00, 0x00, 0x00, 0x00, 0x00, 0x00, 0x00, 0x00, 0x00, 0x00,
  0x00, 0x00, 0x00, 0x00, 0x99, 0x02, 0x00, 0x00, 0x12, 0x00, 0x00, 0x00,
  0x00, 0x00, 0x00, 0x00, 0x00, 0x00, 0x00, 0x00, 0x00, 0x00, 0x00, 0x00,
  0x00, 0x00, 0x00, 0x00, 0xaf, 0x02, 0x00, 0x00, 0x12, 0x00, 0x00, 0x00,
  0x00, 0x00, 0x00, 0x00, 0x00, 0x00, 0x00, 0x00, 0x00, 0x00, 0x00, 0x00,
  0x00, 0x00, 0x00, 0x00, 0xc3, 0x02, 0x00, 0x00, 0x12, 0x00, 0x00, 0x00,
  0x00, 0x00, 0x00, 0x00, 0x00, 0x00, 0x00, 0x00, 0x00, 0x00, 0x00, 0x00,
  0x00, 0x00, 0x00, 0x00, 0xcd, 0x02, 0x00, 0x00, 0x12, 0x00, 0x00, 0x00,
  0x00, 0x00, 0x00, 0x00, 0x00, 0x00, 0x00, 0x00, 0x00, 0x00, 0x00, 0x00,
  0x00, 0x00, 0x00, 0x00, 0xea, 0x02, 0x00, 0x00, 0x12, 0x00, 0x00, 0x00,
  0x00, 0x00, 0x00, 0x00, 0x00, 0x00, 0x00, 0x00, 0x00, 0x00, 0x00, 0x00,
  0x00, 0x00, 0x00, 0x00, 0xf5, 0x02, 0x00, 0x00, 0x12, 0x00, 0x00, 0x00,
  0x00, 0x00, 0x00, 0x00, 0x00, 0x00, 0x00, 0x00, 0x00, 0x00, 0x00, 0x00,
  0x00, 0x00, 0x00, 0x00, 0xff, 0x02, 0x00, 0x00, 0x12, 0x00, 0x00, 0x00,
  0x00, 0x00, 0x00, 0x00, 0x00, 0x00, 0x00, 0x00, 0x00, 0x00, 0x00, 0x00,
  0x00, 0x00, 0x00, 0x00, 0x0b, 0x03, 0x00, 0x00, 0x12, 0x00, 0x00, 0x00,
  0x00, 0x00, 0x00, 0x00, 0x00, 0x00, 0x00, 0x00, 0x00, 0x00, 0x00, 0x00,
  0x00, 0x00, 0x00, 0x00, 0x1b, 0x03, 0x00, 0x00, 0x12, 0x00, 0x00, 0x00,
  0x00, 0x00, 0x00, 0x00, 0x00, 0x00, 0x00, 0x00, 0x00, 0x00, 0x00, 0x00,
  0x00, 0x00, 0x00, 0x00, 0x20, 0x03, 0x00, 0x00, 0x12, 0x00, 0x00, 0x00,
  0x00, 0x00, 0x00, 0x00, 0x00, 0x00, 0x00, 0x00, 0x00, 0x00, 0x00, 0x00,
  0x00, 0x00, 0x00, 0x00, 0x2f, 0x03, 0x00, 0x00, 0x12, 0x00, 0x00, 0x00,
  0x00, 0x00, 0x00, 0x00, 0x00, 0x00, 0x00, 0x00, 0x00, 0x00, 0x00, 0x00,
  0x00, 0x00, 0x00, 0x00, 0x3c, 0x03, 0x00, 0x00, 0x12, 0x00, 0x00, 0x00,
  0x00, 0x00, 0x00, 0x00, 0x00, 0x00, 0x00, 0x00, 0x00, 0x00, 0x00, 0x00,
  0x00, 0x00, 0x00, 0x00, 0x4b, 0x03, 0x00, 0x00, 0x12, 0x00, 0x00, 0x00,
  0x00, 0x00, 0x00, 0x00, 0x00, 0x00, 0x00, 0x00, 0x00, 0x00, 0x00, 0x00,
  0x00, 0x00, 0x00, 0x00, 0x58, 0x03, 0x00, 0x00, 0x12, 0x00, 0x00, 0x00,
  0x00, 0x00, 0x00, 0x00, 0x00, 0x00, 0x00, 0x00, 0x00, 0x00, 0x00, 0x00,
  0x00, 0x00, 0x00, 0x00, 0x5f, 0x03, 0x00, 0x00, 0x12, 0x00, 0x00, 0x00,
  0x00, 0x00, 0x00, 0x00, 0x00, 0x00, 0x00, 0x00, 0x00, 0x00, 0x00, 0x00,
  0x00, 0x00, 0x00, 0x00, 0x66, 0x03, 0x00, 0x00, 0x12, 0x00, 0x00, 0x00,
  0x00, 0x00, 0x00, 0x00, 0x00, 0x00, 0x00, 0x00, 0x00, 0x00, 0x00, 0x00,
  0x00, 0x00, 0x00, 0x00, 0x80, 0x03, 0x00, 0x00, 0x12, 0x00, 0x00, 0x00,
  0x00, 0x00, 0x00, 0x00, 0x00, 0x00, 0x00, 0x00, 0x00, 0x00, 0x00, 0x00,
  0x00, 0x00, 0x00, 0x00, 0x88, 0x03, 0x00, 0x00, 0x12, 0x00, 0x00, 0x00,
  0x00, 0x00, 0x00, 0x00, 0x00, 0x00, 0x00, 0x00, 0x00, 0x00, 0x00, 0x00,
  0x00, 0x00, 0x00, 0x00, 0x8f, 0x03, 0x00, 0x00, 0x12, 0x00, 0x00, 0x00,
  0x00, 0x00, 0x00, 0x00, 0x00, 0x00, 0x00, 0x00, 0x00, 0x00, 0x00, 0x00,
  0x00, 0x00, 0x00, 0x00, 0x97, 0x03, 0x00, 0x00, 0x12, 0x00, 0x00, 0x00,
  0x00, 0x00, 0x00, 0x00, 0x00, 0x00, 0x00, 0x00, 0x00, 0x00, 0x00, 0x00,
  0x00, 0x00, 0x00, 0x00, 0xa0, 0x03, 0x00, 0x00, 0x12, 0x00, 0x00, 0x00,
  0x00, 0x00, 0x00, 0x00, 0x00, 0x00, 0x00, 0x00, 0x00, 0x00, 0x00, 0x00,
  0x00, 0x00, 0x00, 0x00, 0xa9, 0x03, 0x00, 0x00, 0x12, 0x00, 0x00, 0x00,
  0x00, 0x00, 0x00, 0x00, 0x00, 0x00, 0x00, 0x00, 0x00, 0x00, 0x00, 0x00,
  0x00, 0x00, 0x00, 0x00, 0xca, 0x03, 0x00, 0x00, 0x12, 0x00, 0x00, 0x00,
  0x00, 0x00, 0x00, 0x00, 0x00, 0x00, 0x00, 0x00, 0x00, 0x00, 0x00, 0x00,
  0x00, 0x00, 0x00, 0x00, 0xd2, 0x03, 0x00, 0x00, 0x12, 0x00, 0x00, 0x00,
  0x00, 0x00, 0x00, 0x00, 0x00, 0x00, 0x00, 0x00, 0x00, 0x00, 0x00, 0x00,
  0x00, 0x00, 0x00, 0x00, 0xeb, 0x03, 0x00, 0x00, 0x12, 0x00, 0x00, 0x00,
  0x00, 0x00, 0x00, 0x00, 0x00, 0x00, 0x00, 0x00, 0x00, 0x00, 0x00, 0x00,
  0x00, 0x00, 0x00, 0x00, 0x01, 0x00, 0x00, 0x00, 0x4f, 0x00, 0x00, 0x00,
  0x01, 0x00, 0x00, 0x00, 0x1a, 0x00, 0x00, 0x00, 0x00, 0x00, 0x00, 0x00,
  0x00, 0x00, 0x00, 0x00, 0x00, 0x00, 0x00, 0x00, 0x4f, 0x00, 0x00, 0x00,
  0x4f, 0x00, 0x00, 0x00, 0x00, 0x00, 0x00, 0x00, 0x45, 0x00, 0x00, 0x00,
  0x10, 0x00, 0x00, 0x00, 0x2f, 0x00, 0x00, 0x00, 0x00, 0x00, 0x00, 0x00,
  0x00, 0x00, 0x00, 0x00, 0x43, 0x00, 0x00, 0x00, 0x00, 0x00, 0x00, 0x00,
  0x00, 0x00, 0x00, 0x00, 0x17, 0x00, 0x00, 0x00, 0x4a, 0x00, 0x00, 0x00,
  0x00, 0x00, 0x00, 0x00, 0x00, 0x00, 0x00, 0x00, 0x15, 0x00, 0x00, 0x00,
  0x3b, 0x00, 0x00, 0x00, 0x00, 0x00, 0x00, 0x00, 0x30, 0x00, 0x00, 0x00,
  0x26, 0x00, 0x00, 0x00, 0x24, 0x00, 0x00, 0x00, 0x3e, 0x00, 0x00, 0x00,
  0x4c, 0x00, 0x00, 0x00, 0x1b, 0x00, 0x00, 0x00, 0x3d, 0x00, 0x00, 0x00,
  0x1d, 0x00, 0x00, 0x00, 0x0f, 0x00, 0x00, 0x00, 0x4e, 0x00, 0x00, 0x00,
  0x21, 0x00, 0x00, 0x00, 0x00, 0x00, 0x00, 0x00, 0x00, 0x00, 0x00, 0x00,
  0x37, 0x00, 0x00, 0x00, 0x00, 0x00, 0x00, 0x00, 0x48, 0x00, 0x00, 0x00,
  0x35, 0x00, 0x00, 0x00, 0x36, 0x00, 0x00, 0x00, 0x00, 0x00, 0x00, 0x00,
  0x1f, 0x00, 0x00, 0x00, 0x1e, 0x00, 0x00, 0x00, 0x44, 0x00, 0x00, 0x00,
  0x00, 0x00, 0x00, 0x00, 0x00, 0x00, 0x00, 0x00, 0x4b, 0x00, 0x00, 0x00,
  0x12, 0x00, 0x00, 0x00, 0x00, 0x00, 0x00, 0x00, 0x3a, 0x00, 0x00, 0x00,
  0x25, 0x00, 0x00, 0x00, 0x2c, 0x00, 0x00, 0x00, 0x00, 0x00, 0x00, 0x00,
  0x38, 0x00, 0x00, 0x00, 0x00, 0x00, 0x00, 0x00, 0x32, 0x00, 0x00, 0x00,
  0x2a, 0x00, 0x00, 0x00, 0x00, 0x00, 0x00, 0x00, 0x13, 0x00, 0x00, 0x00,
  0x00, 0x00, 0x00, 0x00, 0x0a, 0x00, 0x00, 0x00, 0x23, 0x00, 0x00, 0x00,
  0x00, 0x00, 0x00, 0x00, 0x16, 0x00, 0x00, 0x00, 0x00, 0x00, 0x00, 0x00,
  0x00, 0x00, 0x00, 0x00, 0x42, 0x00, 0x00, 0x00, 0x00, 0x00, 0x00, 0x00,
  0x49, 0x00, 0x00, 0x00, 0x2d, 0x00, 0x00, 0x00, 0x33, 0x00, 0x00, 0x00,
  0x00, 0x00, 0x00, 0x00, 0x00, 0x00, 0x00, 0x00, 0x2b, 0x00, 0x00, 0x00,
  0x00, 0x00, 0x00, 0x00, 0x05, 0x00, 0x00, 0x00, 0x0d, 0x00, 0x00, 0x00,
  0x00, 0x00, 0x00, 0x00, 0x41, 0x00, 0x00, 0x00, 0x4d, 0x00, 0x00, 0x00,
  0x46, 0x00, 0x00, 0x00, 0x00, 0x00, 0x00, 0x00, 0x2e, 0x00, 0x00, 0x00,
  0x0c, 0x00, 0x00, 0x00, 0x3f, 0x00, 0x00, 0x00, 0x00, 0x00, 0x00, 0x00,
  0x00, 0x00, 0x00, 0x00, 0x00, 0x00, 0x00, 0x00, 0x00, 0x00, 0x00, 0x00,
  0x00, 0x00, 0x00, 0x00, 0x00, 0x00, 0x00, 0x00, 0x00, 0x00, 0x00, 0x00,
  0x00, 0x00, 0x00, 0x00, 0x00, 0x00, 0x00, 0x00, 0x04, 0x00, 0x00, 0x00,
  0x00, 0x00, 0x00, 0x00, 0x00, 0x00, 0x00, 0x00, 0x01, 0x00, 0x00, 0x00,
  0x00, 0x00, 0x00, 0x00, 0x00, 0x00, 0x00, 0x00, 0x00, 0x00, 0x00, 0x00,
  0x03, 0x00, 0x00, 0x00, 0x00, 0x00, 0x00, 0x00, 0x00, 0x00, 0x00, 0x00,
  0x00, 0x00, 0x00, 0x00, 0x00, 0x00, 0x00, 0x00, 0x00, 0x00, 0x00, 0x00,
  0x00, 0x00, 0x00, 0x00, 0x06, 0x00, 0x00, 0x00, 0x08, 0x00, 0x00, 0x00,
  0x00, 0x00, 0x00, 0x00, 0x00, 0x00, 0x00, 0x00, 0x00, 0x00, 0x00, 0x00,
  0x00, 0x00, 0x00, 0x00, 0x00, 0x00, 0x00, 0x00, 0x00, 0x00, 0x00, 0x00,
  0x07, 0x00, 0x00, 0x00, 0x19, 0x00, 0x00, 0x00, 0x14, 0x00, 0x00, 0x00,
  0x00, 0x00, 0x00, 0x00, 0x0e, 0x00, 0x00, 0x00, 0x00, 0x00, 0x00, 0x00,
  0x00, 0x00, 0x00, 0x00, 0x22, 0x00, 0x00, 0x00, 0x00, 0x00, 0x00, 0x00,
  0x00, 0x00, 0x00, 0x00, 0x00, 0x00, 0x00, 0x00, 0x00, 0x00, 0x00, 0x00,
  0x00, 0x00, 0x00, 0x00, 0x00, 0x00, 0x00, 0x00, 0x00, 0x00, 0x00, 0x00,
  0x00, 0x00, 0x00, 0x00, 0x00, 0x00, 0x00, 0x00, 0x0b, 0x00, 0x00, 0x00,
  0x29, 0x00, 0x00, 0x00, 0x00, 0x00, 0x00, 0x00, 0x28, 0x00, 0x00, 0x00,
  0x00, 0x00, 0x00, 0x00, 0x00, 0x00, 0x00, 0x00, 0x34, 0x00, 0x00, 0x00,
  0x00, 0x00, 0x00, 0x00, 0x18, 0x00, 0x00, 0x00, 0x00, 0x00, 0x00, 0x00,
  0x02, 0x00, 0x00, 0x00, 0x11, 0x00, 0x00, 0x00, 0x00, 0x00, 0x00, 0x00,
  0x00, 0x00, 0x00, 0x00, 0x00, 0x00, 0x00, 0x00, 0x09, 0x00, 0x00, 0x00,
  0x00, 0x00, 0x00, 0x00, 0x00, 0x00, 0x00, 0x00, 0x00, 0x00, 0x00, 0x00,
  0x20, 0x00, 0x00, 0x00, 0x31, 0x00, 0x00, 0x00, 0x27, 0x00, 0x00, 0x00,
  0x00, 0x00, 0x00, 0x00, 0x3c, 0x00, 0x00, 0x00, 0x39, 0x00, 0x00, 0x00,
  0x00, 0x00, 0x00, 0x00, 0x00, 0x00, 0x00, 0x00, 0x40, 0x00, 0x00, 0x00,
  0x1c, 0x00, 0x00, 0x00, 0x1a, 0x00, 0x00, 0x00, 0x47, 0x00, 0x00, 0x00,
  0x00, 0x6d, 0x65, 0x6d, 0x73, 0x65, 0x74, 0x00, 0x73, 0x74, 0x61, 0x74,
  0x00, 0x66, 0x6f, 0x70, 0x65, 0x6e, 0x00, 0x66, 0x72, 0x65, 0x61, 0x64,
  0x00, 0x66, 0x63, 0x6c, 0x6f, 0x73, 0x65, 0x00, 0x66, 0x77, 0x72, 0x69,
  0x74, 0x65, 0x00, 0x61, 0x63, 0x63, 0x65, 0x73, 0x73, 0x00, 0x73, 0x6e,
  0x70, 0x72, 0x69, 0x6e, 0x74, 0x66, 0x00, 0x70, 0x72, 0x69, 0x6e, 0x74,
  0x66, 0x00, 0x73, 0x74, 0x72, 0x6c, 0x65, 0x6e, 0x00, 0x74, 0x6f, 0x75,
  0x70, 0x70, 0x65, 0x72, 0x00, 0x6d, 0x61, 0x6c, 0x6c, 0x6f, 0x63, 0x00,
  0x73, 0x74, 0x72, 0x63, 0x70, 0x79, 0x00, 0x66, 0x67, 0x65, 0x74, 0x73,
  0x00, 0x73, 0x74, 0x72, 0x63, 0x73, 0x70, 0x6e, 0x00, 0x73, 0x74, 0x72,
  0x64, 0x75, 0x70, 0x00, 0x73, 0x74, 0x72, 0x63, 0x68, 0x72, 0x00, 0x73,
  0x74, 0x72, 0x6e, 0x63, 0x70, 0x79, 0x00, 0x66, 0x72, 0x65, 0x65, 0x00,
  0x66, 0x70, 0x72, 0x69, 0x6e, 0x74, 0x66, 0x00, 0x73, 0x74, 0x72, 0x63,
  0x6d, 0x70, 0x00, 0x73, 0x63, 0x65, 0x4b, 0x65, 0x72, 0x6e, 0x65, 0x6c,
  0x47, 0x65, 0x74, 0x46, 0x73, 0x53, 0x61, 0x6e, 0x64, 0x62, 0x6f, 0x78,
  0x52, 0x61, 0x6e, 0x64, 0x6f, 0x6d, 0x57, 0x6f, 0x72, 0x64, 0x00, 0x67,
  0x65, 0x74, 0x70, 0x69, 0x64, 0x00, 0x6d, 0x6b, 0x64, 0x69, 0x72, 0x00,
  0x70, 0x75, 0x74, 0x73, 0x00, 0x6f, 0x70, 0x65, 0x6e, 0x00, 0x64, 0x75,
  0x70, 0x32, 0x00, 0x63, 0x6c, 0x6f, 0x73, 0x65, 0x00, 0x73, 0x63, 0x65,
  0x4b, 0x65, 0x72, 0x6e, 0x65, 0x6c, 0x44, 0x6c, 0x73, 0x79, 0x6d, 0x00,
  0x73, 0x74, 0x72, 0x73, 0x74, 0x72, 0x00, 0x6d, 0x6f, 0x6e, 0x6f, 0x5f,
  0x67, 0x65, 0x74, 0x5f, 0x72, 0x6f, 0x6f, 0x74, 0x5f, 0x64, 0x6f, 0x6d,
  0x61, 0x69, 0x6e, 0x00, 0x73, 0x63, 0x65, 0x4b, 0x65, 0x72, 0x6e, 0x65,
  0x6c, 0x47, 0x65, 0x74, 0x4d, 0x6f, 0x64, 0x75, 0x6c, 0x65, 0x49, 0x6e,
  0x66, 0x6f, 0x00, 0x73, 0x74, 0x72, 0x74, 0x6f, 0x75, 0x6c, 0x6c, 0x00,
  0x69, 0x73, 0x70, 0x72, 0x69, 0x6e, 0x74, 0x00, 0x6d, 0x65, 0x6d, 0x63,
  0x6d, 0x70, 0x00, 0x73, 0x79, 0x73, 0x63, 0x74, 0x6c, 0x00, 0x73, 0x63,
  0x65, 0x4b, 0x65, 0x72, 0x6e, 0x65, 0x6c, 0x55, 0x73, 0x6c, 0x65, 0x65,
  0x70, 0x00, 0x73, 0x63, 0x65, 0x4b, 0x65, 0x72, 0x6e, 0x65, 0x6c, 0x4c,
  0x6f, 0x61, 0x64, 0x53, 0x74, 0x61, 0x72, 0x74, 0x4d, 0x6f, 0x64, 0x75,
  0x6c, 0x65, 0x00, 0x73, 0x74, 0x72, 0x6e, 0x63, 0x6d, 0x70, 0x00, 0x6d,
  0x6f, 0x6e, 0x6f, 0x5f, 0x64, 0x6f, 0x6d, 0x61, 0x69, 0x6e, 0x5f, 0x61,
  0x73, 0x73, 0x65, 0x6d, 0x62, 0x6c, 0x79, 0x5f, 0x6f, 0x70, 0x65, 0x6e,
  0x00, 0x6d, 0x6f, 0x6e, 0x6f, 0x5f, 0x61, 0x73, 0x73, 0x65, 0x6d, 0x62,
  0x6c, 0x79, 0x5f, 0x67, 0x65, 0x74, 0x5f, 0x69, 0x6d, 0x61, 0x67, 0x65,
  0x00, 0x6d, 0x6f, 0x6e, 0x6f, 0x5f, 0x63, 0x6c, 0x61, 0x73, 0x73, 0x5f,
  0x66, 0x72, 0x6f, 0x6d, 0x5f, 0x6e, 0x61, 0x6d, 0x65, 0x00, 0x6d, 0x6f,
  0x6e, 0x6f, 0x5f, 0x63, 0x6c, 0x61, 0x73, 0x73, 0x5f, 0x67, 0x65, 0x74,
  0x5f, 0x70, 0x72, 0x6f, 0x70, 0x65, 0x72, 0x74, 0x79, 0x5f, 0x66, 0x72,
  0x6f, 0x6d, 0x5f, 0x6e, 0x61, 0x6d, 0x65, 0x00, 0x6d, 0x6f, 0x6e, 0x6f,
  0x5f, 0x70, 0x72, 0x6f, 0x70, 0x65, 0x72, 0x74, 0x79, 0x5f, 0x67, 0x65,
  0x74, 0x5f, 0x67, 0x65, 0x74, 0x5f, 0x6d, 0x65, 0x74, 0x68, 0x6f, 0x64,
  0x00, 0x6d, 0x6f, 0x6e, 0x6f, 0x5f, 0x72, 0x75, 0x6e, 0x74, 0x69, 0x6d,
  0x65, 0x5f, 0x69, 0x6e, 0x76, 0x6f, 0x6b, 0x65, 0x00, 0x6d, 0x6f, 0x6e,
  0x6f, 0x5f, 0x63, 0x6c, 0x61, 0x73, 0x73, 0x5f, 0x67, 0x65, 0x74, 0x5f,
  0x6d, 0x65, 0x74, 0x68, 0x6f, 0x64, 0x5f, 0x66, 0x72, 0x6f, 0x6d, 0x5f,
  0x6e, 0x61, 0x6d, 0x65, 0x00, 0x6d, 0x6f, 0x6e, 0x6f, 0x5f, 0x61, 0x6f,
  0x74, 0x5f, 0x67, 0x65, 0x74, 0x5f, 0x6d, 0x65, 0x74, 0x68, 0x6f, 0x64,
  0x00, 0x6d, 0x6f, 0x6e, 0x6f, 0x5f, 0x73, 0x74, 0x72, 0x69, 0x6e, 0x67,
  0x5f, 0x6e, 0x65, 0x77, 0x00, 0x6d, 0x6f, 0x6e, 0x6f, 0x5f, 0x67, 0x65,
  0x74, 0x5f, 0x62, 0x79, 0x74, 0x65, 0x5f, 0x63, 0x6c, 0x61, 0x73, 0x73,
  0x00, 0x6d, 0x6f, 0x6e, 0x6f, 0x5f, 0x61, 0x72, 0x72, 0x61, 0x79, 0x5f,
  0x6e, 0x65, 0x77, 0x00, 0x6d, 0x6f, 0x6e, 0x6f, 0x5f, 0x61, 0x72, 0x72,
  0x61, 0x79, 0x5f, 0x61, 0x64, 0x64, 0x72, 0x5f, 0x77, 0x69, 0x74, 0x68,
  0x5f, 0x73, 0x69, 0x7a, 0x65, 0x00, 0x6d, 0x65, 0x6d, 0x63, 0x70, 0x79,
  0x00, 0x6d, 0x6f, 0x6e, 0x6f, 0x5f, 0x6f, 0x62, 0x6a, 0x65, 0x63, 0x74,
  0x5f, 0x6e, 0x65, 0x77, 0x00, 0x6d, 0x6f, 0x6e, 0x6f, 0x5f, 0x6f, 0x62,
  0x6a, 0x65, 0x63, 0x74, 0x5f, 0x74, 0x6f, 0x5f, 0x73, 0x74, 0x72, 0x69,
  0x6e, 0x67, 0x00, 0x6d, 0x6f, 0x6e, 0x6f, 0x5f, 0x73, 0x74, 0x72, 0x69,
  0x6e, 0x67, 0x5f, 0x74, 0x6f, 0x5f, 0x75, 0x74, 0x66, 0x38, 0x00, 0x6d,
  0x6f, 0x6e, 0x6f, 0x5f, 0x66, 0x72, 0x65, 0x65, 0x00, 0x6d, 0x6f, 0x6e,
  0x6f, 0x5f, 0x70, 0x72, 0x6f, 0x70, 0x65, 0x72, 0x74, 0x79, 0x5f, 0x67,
  0x65, 0x74, 0x5f, 0x73, 0x65, 0x74, 0x5f, 0x6d, 0x65, 0x74, 0x68, 0x6f,
  0x64, 0x00, 0x67, 0x65, 0x74, 0x69, 0x66, 0x61, 0x64, 0x64, 0x72, 0x73,
  0x00, 0x69, 0x6e, 0x65, 0x74, 0x5f, 0x6e, 0x74, 0x6f, 0x70, 0x00, 0x66,
  0x72, 0x65, 0x65, 0x69, 0x66, 0x61, 0x64, 0x64, 0x72, 0x73, 0x00, 0x73,
  0x63, 0x65, 0x52, 0x65, 0x67, 0x4d, 0x67, 0x72, 0x47, 0x65, 0x74, 0x53,
  0x74, 0x72, 0x00, 0x6b, 0x69, 0x6c, 0x6c, 0x00, 0x70, 0x74, 0x68, 0x72,
  0x65, 0x61, 0x64, 0x5f, 0x63, 0x61, 0x6e, 0x63, 0x65, 0x6c, 0x00, 0x70,
  0x74, 0x68, 0x72, 0x65, 0x61, 0x64, 0x5f, 0x6a, 0x6f, 0x69, 0x6e, 0x00,
  0x70, 0x74, 0x68, 0x72, 0x65, 0x61, 0x64, 0x5f, 0x63, 0x72, 0x65, 0x61,
  0x74, 0x65, 0x00, 0x70, 0x74, 0x68, 0x72, 0x65, 0x61, 0x64, 0x5f, 0x65,
  0x78, 0x69, 0x74, 0x00, 0x77, 0x63, 0x73, 0x73, 0x74, 0x72, 0x00, 0x75,
  0x6e, 0x6c, 0x69, 0x6e, 0x6b, 0x00, 0x73, 0x63, 0x65, 0x4b, 0x65, 0x72,
  0x6e, 0x65, 0x6c, 0x53, 0x74, 0x6f, 0x70, 0x55, 0x6e, 0x6c, 0x6f, 0x61,
  0x64, 0x4d, 0x6f, 0x64, 0x75, 0x6c, 0x65, 0x00, 0x6f, 0x70, 0x65, 0x6e,
  0x64, 0x69, 0x72, 0x00, 0x70, 0x65, 0x72, 0x72, 0x6f, 0x72, 0x00, 0x72,
  0x65, 0x61, 0x64, 0x64, 0x69, 0x72, 0x00, 0x63, 0x6c, 0x6f, 0x73, 0x65,
  0x64, 0x69, 0x72, 0x00, 0x76, 0x73, 0x70, 0x72, 0x69, 0x6e, 0x74, 0x66,
  0x00, 0x73, 0x63, 0x65, 0x4b, 0x65, 0x72, 0x6e, 0x65, 0x6c, 0x53, 0x65,
  0x6e, 0x64, 0x4e, 0x6f, 0x74, 0x69, 0x66, 0x69, 0x63, 0x61, 0x74, 0x69,
  0x6f, 0x6e, 0x52, 0x65, 0x71, 0x75, 0x65, 0x73, 0x74, 0x00, 0x73, 0x74,
  0x72, 0x6e, 0x63, 0x61, 0x74, 0x00, 0x6d, 0x6f, 0x6e, 0x6f, 0x5f, 0x72,
  0x75, 0x6e, 0x74, 0x69, 0x6d, 0x65, 0x5f, 0x6f, 0x62, 0x6a, 0x65, 0x63,
  0x74, 0x5f, 0x69, 0x6e, 0x69, 0x74, 0x00, 0x65, 0x72, 0x72, 0x6e, 0x6f,
  0x00, 0x6c, 0x69, 0x62, 0x53, 0x63, 0x65, 0x4c, 0x69, 0x62, 0x63, 0x49,
  0x6e, 0x74, 0x65, 0x72, 0x6e, 0x61, 0x6c, 0x2e, 0x73, 0x6f, 0x00, 0x6c,
  0x69, 0x62, 0x6b, 0x65, 0x72, 0x6e, 0x65, 0x6c, 0x2e, 0x73, 0x6f, 0x00,
  0x6c, 0x69, 0x62, 0x53, 0x63, 0x65, 0x50, 0x73, 0x6d, 0x2e, 0x73, 0x6f,
  0x00, 0x6c, 0x69, 0x62, 0x6d, 0x6f, 0x6e, 0x6f, 0x73, 0x67, 0x65, 0x6e,
  0x2e, 0x73, 0x6f, 0x00, 0x6c, 0x69, 0x62, 0x53, 0x63, 0x65, 0x52, 0x65,
  0x67, 0x4d, 0x67, 0x72, 0x2e, 0x73, 0x6f, 0x00, 0x00, 0x00, 0x00, 0x00,
  0x00, 0x40, 0x01, 0x00, 0x00, 0x00, 0x00, 0x00, 0x08, 0x00, 0x00, 0x00,
  0x00, 0x00, 0x00, 0x00, 0x20, 0x0a, 0x01, 0x00, 0x00, 0x00, 0x00, 0x00,
  0x10, 0x40, 0x01, 0x00, 0x00, 0x00, 0x00, 0x00, 0x08, 0x00, 0x00, 0x00,
  0x00, 0x00, 0x00, 0x00, 0x90, 0x0a, 0x01, 0x00, 0x00, 0x00, 0x00, 0x00,
  0x20, 0x40, 0x01, 0x00, 0x00, 0x00, 0x00, 0x00, 0x08, 0x00, 0x00, 0x00,
  0x00, 0x00, 0x00, 0x00, 0xb2, 0x0a, 0x01, 0x00, 0x00, 0x00, 0x00, 0x00,
  0x30, 0x40, 0x01, 0x00, 0x00, 0x00, 0x00, 0x00, 0x08, 0x00, 0x00, 0x00,
  0x00, 0x00, 0x00, 0x00, 0x78, 0x0a, 0x01, 0x00, 0x00, 0x00, 0x00, 0x00,
  0x40, 0x40, 0x01, 0x00, 0x00, 0x00, 0x00, 0x00, 0x08, 0x00, 0x00, 0x00,
  0x00, 0x00, 0x00, 0x00, 0x56, 0x0a, 0x01, 0x00, 0x00, 0x00, 0x00, 0x00,
  0x20, 0x00, 0x02, 0x00, 0x00, 0x00, 0x00, 0x00, 0x08, 0x00, 0x00, 0x00,
  0x00, 0x00, 0x00, 0x00, 0xae, 0xd2, 0x00, 0x00, 0x00, 0x00, 0x00, 0x00,
  0x28, 0x00, 0x02, 0x00, 0x00, 0x00, 0x00, 0x00, 0x08, 0x00, 0x00, 0x00,
  0x00, 0x00, 0x00, 0x00, 0xb2, 0xd8, 0x00, 0x00, 0x00, 0x00, 0x00, 0x00,
  0x30, 0x00, 0x02, 0x00, 0x00, 0x00, 0x00, 0x00, 0x08, 0x00, 0x00, 0x00,
  0x00, 0x00, 0x00, 0x00, 0x8c, 0xdf, 0x00, 0x00, 0x00, 0x00, 0x00, 0x00,
  0x38, 0x00, 0x02, 0x00, 0x00, 0x00, 0x00, 0x00, 0x08, 0x00, 0x00, 0x00,
  0x00, 0x00, 0x00, 0x00, 0xe9, 0xd5, 0x00, 0x00, 0x00, 0x00, 0x00, 0x00,
  0x00, 0x80, 0x01, 0x00, 0x00, 0x00, 0x00, 0x00, 0x06, 0x00, 0x00, 0x00,
  0x4e, 0x00, 0x00, 0x00, 0x00, 0x00, 0x00, 0x00, 0x00, 0x00, 0x00, 0x00,
  0x18, 0xc0, 0x01, 0x00, 0x00, 0x00, 0x00, 0x00, 0x07, 0x00, 0x00, 0x00,
  0x01, 0x00, 0x00, 0x00, 0x00, 0x00, 0x00, 0x00, 0x00, 0x00, 0x00, 0x00,
  0x20, 0xc0, 0x01, 0x00, 0x00, 0x00, 0x00, 0x00, 0x07, 0x00, 0x00, 0x00,
  0x02, 0x00, 0x00, 0x00, 0x00, 0x00, 0x00, 0x00, 0x00, 0x00, 0x00, 0x00,
  0x28, 0xc0, 0x01, 0x00, 0x00, 0x00, 0x00, 0x00, 0x07, 0x00, 0x00, 0x00,
  0x03, 0x00, 0x00, 0x00, 0x00, 0x00, 0x00, 0x00, 0x00, 0x00, 0x00, 0x00,
  0x30, 0xc0, 0x01, 0x00, 0x00, 0x00, 0x00, 0x00, 0x07, 0x00, 0x00, 0x00,
  0x04, 0x00, 0x00, 0x00, 0x00, 0x00, 0x00, 0x00, 0x00, 0x00, 0x00, 0x00,
  0x38, 0xc0, 0x01, 0x00, 0x00, 0x00, 0x00, 0x00, 0x07, 0x00, 0x00, 0x00,
  0x05, 0x00, 0x00, 0x00, 0x00, 0x00, 0x00, 0x00, 0x00, 0x00, 0x00, 0x00,
  0x40, 0xc0, 0x01, 0x00, 0x00, 0x00, 0x00, 0x00, 0x07, 0x00, 0x00, 0x00,
  0x06, 0x00, 0x00, 0x00, 0x00, 0x00, 0x00, 0x00, 0x00, 0x00, 0x00, 0x00,
  0x48, 0xc0, 0x01, 0x00, 0x00, 0x00, 0x00, 0x00, 0x07, 0x00, 0x00, 0x00,
  0x07, 0x00, 0x00, 0x00, 0x00, 0x00, 0x00, 0x00, 0x00, 0x00, 0x00, 0x00,
  0x50, 0xc0, 0x01, 0x00, 0x00, 0x00, 0x00, 0x00, 0x07, 0x00, 0x00, 0x00,
  0x08, 0x00, 0x00, 0x00, 0x00, 0x00, 0x00, 0x00, 0x00, 0x00, 0x00, 0x00,
  0x58, 0xc0, 0x01, 0x00, 0x00, 0x00, 0x00, 0x00, 0x07, 0x00, 0x00, 0x00,
  0x09, 0x00, 0x00, 0x00, 0x00, 0x00, 0x00, 0x00, 0x00, 0x00, 0x00, 0x00,
  0x60, 0xc0, 0x01, 0x00, 0x00, 0x00, 0x00, 0x00, 0x07, 0x00, 0x00, 0x00,
  0x0a, 0x00, 0x00, 0x00, 0x00, 0x00, 0x00, 0x00, 0x00, 0x00, 0x00, 0x00,
  0x68, 0xc0, 0x01, 0x00, 0x00, 0x00, 0x00, 0x00, 0x07, 0x00, 0x00, 0x00,
  0x0b, 0x00, 0x00, 0x00, 0x00, 0x00, 0x00, 0x00, 0x00, 0x00, 0x00, 0x00,
  0x70, 0xc0, 0x01, 0x00, 0x00, 0x00, 0x00, 0x00, 0x07, 0x00, 0x00, 0x00,
  0x0c, 0x00, 0x00, 0x00, 0x00, 0x00, 0x00, 0x00, 0x00, 0x00, 0x00, 0x00,
  0x78, 0xc0, 0x01, 0x00, 0x00, 0x00, 0x00, 0x00, 0x07, 0x00, 0x00, 0x00,
  0x0d, 0x00, 0x00, 0x00, 0x00, 0x00, 0x00, 0x00, 0x00, 0x00, 0x00, 0x00,
  0x80, 0xc0, 0x01, 0x00, 0x00, 0x00, 0x00, 0x00, 0x07, 0x00, 0x00, 0x00,
  0x0e, 0x00, 0x00, 0x00, 0x00, 0x00, 0x00, 0x00, 0x00, 0x00, 0x00, 0x00,
  0x88, 0xc0, 0x01, 0x00, 0x00, 0x00, 0x00, 0x00, 0x07, 0x00, 0x00, 0x00,
  0x0f, 0x00, 0x00, 0x00, 0x00, 0x00, 0x00, 0x00, 0x00, 0x00, 0x00, 0x00,
  0x90, 0xc0, 0x01, 0x00, 0x00, 0x00, 0x00, 0x00, 0x07, 0x00, 0x00, 0x00,
  0x10, 0x00, 0x00, 0x00, 0x00, 0x00, 0x00, 0x00, 0x00, 0x00, 0x00, 0x00,
  0x98, 0xc0, 0x01, 0x00, 0x00, 0x00, 0x00, 0x00, 0x07, 0x00, 0x00, 0x00,
  0x11, 0x00, 0x00, 0x00, 0x00, 0x00, 0x00, 0x00, 0x00, 0x00, 0x00, 0x00,
  0xa0, 0xc0, 0x01, 0x00, 0x00, 0x00, 0x00, 0x00, 0x07, 0x00, 0x00, 0x00,
  0x12, 0x00, 0x00, 0x00, 0x00, 0x00, 0x00, 0x00, 0x00, 0x00, 0x00, 0x00,
  0xa8, 0xc0, 0x01, 0x00, 0x00, 0x00, 0x00, 0x00, 0x07, 0x00, 0x00, 0x00,
  0x13, 0x00, 0x00, 0x00, 0x00, 0x00, 0x00, 0x00, 0x00, 0x00, 0x00, 0x00,
  0xb0, 0xc0, 0x01, 0x00, 0x00, 0x00, 0x00, 0x00, 0x07, 0x00, 0x00, 0x00,
  0x14, 0x00, 0x00, 0x00, 0x00, 0x00, 0x00, 0x00, 0x00, 0x00, 0x00, 0x00,
  0xb8, 0xc0, 0x01, 0x00, 0x00, 0x00, 0x00, 0x00, 0x07, 0x00, 0x00, 0x00,
  0x15, 0x00, 0x00, 0x00, 0x00, 0x00, 0x00, 0x00, 0x00, 0x00, 0x00, 0x00,
  0xc0, 0xc0, 0x01, 0x00, 0x00, 0x00, 0x00, 0x00, 0x07, 0x00, 0x00, 0x00,
  0x16, 0x00, 0x00, 0x00, 0x00, 0x00, 0x00, 0x00, 0x00, 0x00, 0x00, 0x00,
  0xc8, 0xc0, 0x01, 0x00, 0x00, 0x00, 0x00, 0x00, 0x07, 0x00, 0x00, 0x00,
  0x17, 0x00, 0x00, 0x00, 0x00, 0x00, 0x00, 0x00, 0x00, 0x00, 0x00, 0x00,
  0xd0, 0xc0, 0x01, 0x00, 0x00, 0x00, 0x00, 0x00, 0x07, 0x00, 0x00, 0x00,
  0x18, 0x00, 0x00, 0x00, 0x00, 0x00, 0x00, 0x00, 0x00, 0x00, 0x00, 0x00,
  0xd8, 0xc0, 0x01, 0x00, 0x00, 0x00, 0x00, 0x00, 0x07, 0x00, 0x00, 0x00,
  0x19, 0x00, 0x00, 0x00, 0x00, 0x00, 0x00, 0x00, 0x00, 0x00, 0x00, 0x00,
  0xe0, 0xc0, 0x01, 0x00, 0x00, 0x00, 0x00, 0x00, 0x07, 0x00, 0x00, 0x00,
  0x1a, 0x00, 0x00, 0x00, 0x00, 0x00, 0x00, 0x00, 0x00, 0x00, 0x00, 0x00,
  0xe8, 0xc0, 0x01, 0x00, 0x00, 0x00, 0x00, 0x00, 0x07, 0x00, 0x00, 0x00,
  0x1b, 0x00, 0x00, 0x00, 0x00, 0x00, 0x00, 0x00, 0x00, 0x00, 0x00, 0x00,
  0xf0, 0xc0, 0x01, 0x00, 0x00, 0x00, 0x00, 0x00, 0x07, 0x00, 0x00, 0x00,
  0x1c, 0x00, 0x00, 0x00, 0x00, 0x00, 0x00, 0x00, 0x00, 0x00, 0x00, 0x00,
  0xf8, 0xc0, 0x01, 0x00, 0x00, 0x00, 0x00, 0x00, 0x07, 0x00, 0x00, 0x00,
  0x1d, 0x00, 0x00, 0x00, 0x00, 0x00, 0x00, 0x00, 0x00, 0x00, 0x00, 0x00,
  0x00, 0xc1, 0x01, 0x00, 0x00, 0x00, 0x00, 0x00, 0x07, 0x00, 0x00, 0x00,
  0x1e, 0x00, 0x00, 0x00, 0x00, 0x00, 0x00, 0x00, 0x00, 0x00, 0x00, 0x00,
  0x08, 0xc1, 0x01, 0x00, 0x00, 0x00, 0x00, 0x00, 0x07, 0x00, 0x00, 0x00,
  0x1f, 0x00, 0x00, 0x00, 0x00, 0x00, 0x00, 0x00, 0x00, 0x00, 0x00, 0x00,
  0x10, 0xc1, 0x01, 0x00, 0x00, 0x00, 0x00, 0x00, 0x07, 0x00, 0x00, 0x00,
  0x20, 0x00, 0x00, 0x00, 0x00, 0x00, 0x00, 0x00, 0x00, 0x00, 0x00, 0x00,
  0x18, 0xc1, 0x01, 0x00, 0x00, 0x00, 0x00, 0x00, 0x07, 0x00, 0x00, 0x00,
  0x21, 0x00, 0x00, 0x00, 0x00, 0x00, 0x00, 0x00, 0x00, 0x00, 0x00, 0x00,
  0x20, 0xc1, 0x01, 0x00, 0x00, 0x00, 0x00, 0x00, 0x07, 0x00, 0x00, 0x00,
  0x22, 0x00, 0x00, 0x00, 0x00, 0x00, 0x00, 0x00, 0x00, 0x00, 0x00, 0x00,
  0x28, 0xc1, 0x01, 0x00, 0x00, 0x00, 0x00, 0x00, 0x07, 0x00, 0x00, 0x00,
  0x23, 0x00, 0x00, 0x00, 0x00, 0x00, 0x00, 0x00, 0x00, 0x00, 0x00, 0x00,
  0x30, 0xc1, 0x01, 0x00, 0x00, 0x00, 0x00, 0x00, 0x07, 0x00, 0x00, 0x00,
  0x24, 0x00, 0x00, 0x00, 0x00, 0x00, 0x00, 0x00, 0x00, 0x00, 0x00, 0x00,
  0x38, 0xc1, 0x01, 0x00, 0x00, 0x00, 0x00, 0x00, 0x07, 0x00, 0x00, 0x00,
  0x25, 0x00, 0x00, 0x00, 0x00, 0x00, 0x00, 0x00, 0x00, 0x00, 0x00, 0x00,
  0x40, 0xc1, 0x01, 0x00, 0x00, 0x00, 0x00, 0x00, 0x07, 0x00, 0x00, 0x00,
  0x26, 0x00, 0x00, 0x00, 0x00, 0x00, 0x00, 0x00, 0x00, 0x00, 0x00, 0x00,
  0x48, 0xc1, 0x01, 0x00, 0x00, 0x00, 0x00, 0x00, 0x07, 0x00, 0x00, 0x00,
  0x27, 0x00, 0x00, 0x00, 0x00, 0x00, 0x00, 0x00, 0x00, 0x00, 0x00, 0x00,
  0x50, 0xc1, 0x01, 0x00, 0x00, 0x00, 0x00, 0x00, 0x07, 0x00, 0x00, 0x00,
  0x28, 0x00, 0x00, 0x00, 0x00, 0x00, 0x00, 0x00, 0x00, 0x00, 0x00, 0x00,
  0x58, 0xc1, 0x01, 0x00, 0x00, 0x00, 0x00, 0x00, 0x07, 0x00, 0x00, 0x00,
  0x29, 0x00, 0x00, 0x00, 0x00, 0x00, 0x00, 0x00, 0x00, 0x00, 0x00, 0x00,
  0x60, 0xc1, 0x01, 0x00, 0x00, 0x00, 0x00, 0x00, 0x07, 0x00, 0x00, 0x00,
  0x2a, 0x00, 0x00, 0x00, 0x00, 0x00, 0x00, 0x00, 0x00, 0x00, 0x00, 0x00,
  0x68, 0xc1, 0x01, 0x00, 0x00, 0x00, 0x00, 0x00, 0x07, 0x00, 0x00, 0x00,
  0x2b, 0x00, 0x00, 0x00, 0x00, 0x00, 0x00, 0x00, 0x00, 0x00, 0x00, 0x00,
  0x70, 0xc1, 0x01, 0x00, 0x00, 0x00, 0x00, 0x00, 0x07, 0x00, 0x00, 0x00,
  0x2c, 0x00, 0x00, 0x00, 0x00, 0x00, 0x00, 0x00, 0x00, 0x00, 0x00, 0x00,
  0x78, 0xc1, 0x01, 0x00, 0x00, 0x00, 0x00, 0x00, 0x07, 0x00, 0x00, 0x00,
  0x2d, 0x00, 0x00, 0x00, 0x00, 0x00, 0x00, 0x00, 0x00, 0x00, 0x00, 0x00,
  0x80, 0xc1, 0x01, 0x00, 0x00, 0x00, 0x00, 0x00, 0x07, 0x00, 0x00, 0x00,
  0x2e, 0x00, 0x00, 0x00, 0x00, 0x00, 0x00, 0x00, 0x00, 0x00, 0x00, 0x00,
  0x88, 0xc1, 0x01, 0x00, 0x00, 0x00, 0x00, 0x00, 0x07, 0x00, 0x00, 0x00,
  0x2f, 0x00, 0x00, 0x00, 0x00, 0x00, 0x00, 0x00, 0x00, 0x00, 0x00, 0x00,
  0x90, 0xc1, 0x01, 0x00, 0x00, 0x00, 0x00, 0x00, 0x07, 0x00, 0x00, 0x00,
  0x30, 0x00, 0x00, 0x00, 0x00, 0x00, 0x00, 0x00, 0x00, 0x00, 0x00, 0x00,
  0x98, 0xc1, 0x01, 0x00, 0x00, 0x00, 0x00, 0x00, 0x07, 0x00, 0x00, 0x00,
  0x31, 0x00, 0x00, 0x00, 0x00, 0x00, 0x00, 0x00, 0x00, 0x00, 0x00, 0x00,
  0xa0, 0xc1, 0x01, 0x00, 0x00, 0x00, 0x00, 0x00, 0x07, 0x00, 0x00, 0x00,
  0x32, 0x00, 0x00, 0x00, 0x00, 0x00, 0x00, 0x00, 0x00, 0x00, 0x00, 0x00,
  0xa8, 0xc1, 0x01, 0x00, 0x00, 0x00, 0x00, 0x00, 0x07, 0x00, 0x00, 0x00,
  0x33, 0x00, 0x00, 0x00, 0x00, 0x00, 0x00, 0x00, 0x00, 0x00, 0x00, 0x00,
  0xb0, 0xc1, 0x01, 0x00, 0x00, 0x00, 0x00, 0x00, 0x07, 0x00, 0x00, 0x00,
  0x34, 0x00, 0x00, 0x00, 0x00, 0x00, 0x00, 0x00, 0x00, 0x00, 0x00, 0x00,
  0xb8, 0xc1, 0x01, 0x00, 0x00, 0x00, 0x00, 0x00, 0x07, 0x00, 0x00, 0x00,
  0x35, 0x00, 0x00, 0x00, 0x00, 0x00, 0x00, 0x00, 0x00, 0x00, 0x00, 0x00,
  0xc0, 0xc1, 0x01, 0x00, 0x00, 0x00, 0x00, 0x00, 0x07, 0x00, 0x00, 0x00,
  0x36, 0x00, 0x00, 0x00, 0x00, 0x00, 0x00, 0x00, 0x00, 0x00, 0x00, 0x00,
  0xc8, 0xc1, 0x01, 0x00, 0x00, 0x00, 0x00, 0x00, 0x07, 0x00, 0x00, 0x00,
  0x37, 0x00, 0x00, 0x00, 0x00, 0x00, 0x00, 0x00, 0x00, 0x00, 0x00, 0x00,
  0xd0, 0xc1, 0x01, 0x00, 0x00, 0x00, 0x00, 0x00, 0x07, 0x00, 0x00, 0x00,
  0x38, 0x00, 0x00, 0x00, 0x00, 0x00, 0x00, 0x00, 0x00, 0x00, 0x00, 0x00,
  0xd8, 0xc1, 0x01, 0x00, 0x00, 0x00, 0x00, 0x00, 0x07, 0x00, 0x00, 0x00,
  0x39, 0x00, 0x00, 0x00, 0x00, 0x00, 0x00, 0x00, 0x00, 0x00, 0x00, 0x00,
  0xe0, 0xc1, 0x01, 0x00, 0x00, 0x00, 0x00, 0x00, 0x07, 0x00, 0x00, 0x00,
  0x3a, 0x00, 0x00, 0x00, 0x00, 0x00, 0x00, 0x00, 0x00, 0x00, 0x00, 0x00,
  0xe8, 0xc1, 0x01, 0x00, 0x00, 0x00, 0x00, 0x00, 0x07, 0x00, 0x00, 0x00,
  0x3b, 0x00, 0x00, 0x00, 0x00, 0x00, 0x00, 0x00, 0x00, 0x00, 0x00, 0x00,
  0xf0, 0xc1, 0x01, 0x00, 0x00, 0x00, 0x00, 0x00, 0x07, 0x00, 0x00, 0x00,
  0x3c, 0x00, 0x00, 0x00, 0x00, 0x00, 0x00, 0x00, 0x00, 0x00, 0x00, 0x00,
  0xf8, 0xc1, 0x01, 0x00, 0x00, 0x00, 0x00, 0x00, 0x07, 0x00, 0x00, 0x00,
  0x3d, 0x00, 0x00, 0x00, 0x00, 0x00, 0x00, 0x00, 0x00, 0x00, 0x00, 0x00,
  0x00, 0xc2, 0x01, 0x00, 0x00, 0x00, 0x00, 0x00, 0x07, 0x00, 0x00, 0x00,
  0x3e, 0x00, 0x00, 0x00, 0x00, 0x00, 0x00, 0x00, 0x00, 0x00, 0x00, 0x00,
  0x08, 0xc2, 0x01, 0x00, 0x00, 0x00, 0x00, 0x00, 0x07, 0x00, 0x00, 0x00,
  0x3f, 0x00, 0x00, 0x00, 0x00, 0x00, 0x00, 0x00, 0x00, 0x00, 0x00, 0x00,
  0x10, 0xc2, 0x01, 0x00, 0x00, 0x00, 0x00, 0x00, 0x07, 0x00, 0x00, 0x00,
  0x40, 0x00, 0x00, 0x00, 0x00, 0x00, 0x00, 0x00, 0x00, 0x00, 0x00, 0x00,
  0x18, 0xc2, 0x01, 0x00, 0x00, 0x00, 0x00, 0x00, 0x07, 0x00, 0x00, 0x00,
  0x41, 0x00, 0x00, 0x00, 0x00, 0x00, 0x00, 0x00, 0x00, 0x00, 0x00, 0x00,
  0x20, 0xc2, 0x01, 0x00, 0x00, 0x00, 0x00, 0x00, 0x07, 0x00, 0x00, 0x00,
  0x42, 0x00, 0x00, 0x00, 0x00, 0x00, 0x00, 0x00, 0x00, 0x00, 0x00, 0x00,
  0x28, 0xc2, 0x01, 0x00, 0x00, 0x00, 0x00, 0x00, 0x07, 0x00, 0x00, 0x00,
  0x43, 0x00, 0x00, 0x00, 0x00, 0x00, 0x00, 0x00, 0x00, 0x00, 0x00, 0x00,
  0x30, 0xc2, 0x01, 0x00, 0x00, 0x00, 0x00, 0x00, 0x07, 0x00, 0x00, 0x00,
  0x44, 0x00, 0x00, 0x00, 0x00, 0x00, 0x00, 0x00, 0x00, 0x00, 0x00, 0x00,
  0x38, 0xc2, 0x01, 0x00, 0x00, 0x00, 0x00, 0x00, 0x07, 0x00, 0x00, 0x00,
  0x45, 0x00, 0x00, 0x00, 0x00, 0x00, 0x00, 0x00, 0x00, 0x00, 0x00, 0x00,
  0x40, 0xc2, 0x01, 0x00, 0x00, 0x00, 0x00, 0x00, 0x07, 0x00, 0x00, 0x00,
  0x46, 0x00, 0x00, 0x00, 0x00, 0x00, 0x00, 0x00, 0x00, 0x00, 0x00, 0x00,
  0x48, 0xc2, 0x01, 0x00, 0x00, 0x00, 0x00, 0x00, 0x07, 0x00, 0x00, 0x00,
  0x47, 0x00, 0x00, 0x00, 0x00, 0x00, 0x00, 0x00, 0x00, 0x00, 0x00, 0x00,
  0x50, 0xc2, 0x01, 0x00, 0x00, 0x00, 0x00, 0x00, 0x07, 0x00, 0x00, 0x00,
  0x48, 0x00, 0x00, 0x00, 0x00, 0x00, 0x00, 0x00, 0x00, 0x00, 0x00, 0x00,
  0x58, 0xc2, 0x01, 0x00, 0x00, 0x00, 0x00, 0x00, 0x07, 0x00, 0x00, 0x00,
  0x49, 0x00, 0x00, 0x00, 0x00, 0x00, 0x00, 0x00, 0x00, 0x00, 0x00, 0x00,
  0x60, 0xc2, 0x01, 0x00, 0x00, 0x00, 0x00, 0x00, 0x07, 0x00, 0x00, 0x00,
  0x4a, 0x00, 0x00, 0x00, 0x00, 0x00, 0x00, 0x00, 0x00, 0x00, 0x00, 0x00,
  0x68, 0xc2, 0x01, 0x00, 0x00, 0x00, 0x00, 0x00, 0x07, 0x00, 0x00, 0x00,
  0x4b, 0x00, 0x00, 0x00, 0x00, 0x00, 0x00, 0x00, 0x00, 0x00, 0x00, 0x00,
  0x70, 0xc2, 0x01, 0x00, 0x00, 0x00, 0x00, 0x00, 0x07, 0x00, 0x00, 0x00,
  0x4c, 0x00, 0x00, 0x00, 0x00, 0x00, 0x00, 0x00, 0x00, 0x00, 0x00, 0x00,
  0x78, 0xc2, 0x01, 0x00, 0x00, 0x00, 0x00, 0x00, 0x07, 0x00, 0x00, 0x00,
  0x4d, 0x00, 0x00, 0x00, 0x00, 0x00, 0x00, 0x00, 0x00, 0x00, 0x00, 0x00,
  0x53, 0x63, 0x65, 0x2e, 0x50, 0x6c, 0x61, 0x79, 0x53, 0x74, 0x61, 0x74,
  0x69, 0x6f, 0x6e, 0x2e, 0x43, 0x6f, 0x72, 0x65, 0x2e, 0x52, 0x75, 0x6e,
  0x74, 0x69, 0x6d, 0x65, 0x00, 0x53, 0x63, 0x65, 0x53, 0x68, 0x65, 0x6c,
  0x6c, 0x43, 0x6f, 0x72, 0x65, 0x00, 0x50, 0x61, 0x74, 0x68, 0x3a, 0x20,
  0x25, 0x6c, 0x73, 0x00, 0x28, 0x25, 0x73, 0x3a, 0x25, 0x64, 0x29, 0x20,
  0x46, 0x69, 0x72, 0x69, 0x6e, 0x67, 0x20, 0x61, 0x64, 0x64, 0x21, 0x0a,
  0x00, 0x25, 0x30, 0x31, 0x36, 0x6c, 0x78, 0x3a, 0x20, 0x00, 0x47, 0x65,
  0x74, 0x5f, 0x41, 0x64, 0x64, 0x72, 0x65, 0x73, 0x73, 0x5f, 0x6f, 0x66,
  0x5f, 0x4d, 0x65, 0x74, 0x68, 0x6f, 0x64, 0x3a, 0x20, 0x66, 0x61, 0x69,
  0x6c, 0x65, 0x64, 0x20, 0x74, 0x6f, 0x20, 0x6f, 0x70, 0x65, 0x6e, 0x20,
  0x63, 0x6c, 0x61, 0x73, 0x73, 0x20, 0x22, 0x25, 0x73, 0x22, 0x20, 0x69,
  0x6e, 0x20, 0x6e, 0x61, 0x6d, 0x65, 0x73, 0x70, 0x61, 0x63, 0x65, 0x20,
  0x22, 0x25, 0x73, 0x22, 0x0a, 0x00, 0x28, 0x25, 0x73, 0x3a, 0x25, 0x64,
  0x29, 0x20, 0x25, 0x73, 0x20, 0x65, 0x78, 0x63, 0x65, 0x70, 0x74, 0x69,
  0x6f, 0x6e, 0x3a, 0x20, 0x25, 0x73, 0x0a, 0x00, 0x5b, 0x25, 0x73, 0x5d,
  0x20, 0x28, 0x25, 0x73, 0x3a, 0x25, 0x64, 0x29, 0x20, 0x66, 0x69, 0x6e,
  0x69, 0x73, 0x68, 0x20, 0x25, 0x73, 0x0a, 0x00, 0x42, 0x75, 0x73, 0x79,
  0x49, 0x6e, 0x64, 0x69, 0x63, 0x61, 0x74, 0x6f, 0x72, 0x00, 0x53, 0x49,
  0x44, 0x3a, 0x20, 0x30, 0x78, 0x25, 0x6c, 0x78, 0x0a, 0x00, 0x2f, 0x64,
  0x61, 0x74, 0x61, 0x2f, 0x68, 0x65, 0x6e, 0x2f, 0x73, 0x68, 0x65, 0x6c,
  0x6c, 0x75, 0x69, 0x5f, 0x64, 0x61, 0x74, 0x61, 0x2f, 0x65, 0x78, 0x74,
  0x65, 0x72, 0x6e, 0x61, 0x6c, 0x5f, 0x68, 0x64, 0x64, 0x2e, 0x78, 0x6d,
  0x6c, 0x00, 0x28, 0x25, 0x73, 0x3a, 0x25, 0x64, 0x29, 0x20, 0x5b, 0x25,
  0x73, 0x5d, 0x20, 0x66, 0x69, 0x6e, 0x69, 0x73, 0x68, 0x0a, 0x00, 0x49,
  0x6e, 0x73, 0x65, 0x72, 0x74, 0x4d, 0x65, 0x6e, 0x75, 0x49, 0x74, 0x65,
  0x6d, 0x00, 0x63, 0x72, 0x65, 0x61, 0x74, 0x65, 0x44, 0x65, 0x76, 0x4b,
  0x69, 0x74, 0x50, 0x61, 0x6e, 0x65, 0x6c, 0x00, 0x2f, 0x64, 0x61, 0x74,
  0x61, 0x2f, 0x68, 0x65, 0x6e, 0x2f, 0x73, 0x68, 0x65, 0x6c, 0x6c, 0x75,
  0x69, 0x5f, 0x64, 0x61, 0x74, 0x61, 0x2f, 0x69, 0x63, 0x6f, 0x6e, 0x73,
  0x2f, 0x68, 0x65, 0x6e, 0x5f, 0x73, 0x65, 0x74, 0x74, 0x69, 0x6e, 0x67,
  0x73, 0x5f, 0x69, 0x63, 0x6f, 0x6e, 0x2e, 0x70, 0x6e, 0x67, 0x00, 0x20,
  0x20, 0x20, 0x00, 0x28, 0x25, 0x73, 0x3a, 0x25, 0x64, 0x29, 0x20, 0x46,
  0x61, 0x69, 0x6c, 0x65, 0x64, 0x20, 0x74, 0x6f, 0x20, 0x67, 0x65, 0x74,
  0x20, 0x53, 0x79, 0x73, 0x74, 0x65, 0x6d, 0x2e, 0x53, 0x74, 0x72, 0x69,
  0x6e, 0x67, 0x20, 0x63, 0x6c, 0x61, 0x73, 0x73, 0x0a, 0x00, 0x49, 0x6e,
  0x69, 0x74, 0x50, 0x72, 0x6f, 0x70, 0x65, 0x72, 0x74, 0x79, 0x00, 0x44,
  0x61, 0x74, 0x61, 0x00, 0x5b, 0x25, 0x73, 0x5d, 0x20, 0x28, 0x25, 0x73,
  0x3a, 0x25, 0x64, 0x29, 0x20, 0x46, 0x61, 0x6c, 0x6c, 0x62, 0x61, 0x63,
  0x6b, 0x2c, 0x20, 0x63, 0x72, 0x65, 0x61, 0x74, 0x65, 0x20, 0x61, 0x20,
  0x62, 0x75, 0x74, 0x74, 0x6f, 0x6e, 0x20, 0x61, 0x73, 0x20, 0x64, 0x65,
  0x66, 0x61, 0x75, 0x6c, 0x74, 0x0a, 0x00, 0x4d, 0x6f, 0x64, 0x69, 0x66,
  0x69, 0x65, 0x64, 0x3a, 0x20, 0x25, 0x73, 0x0a, 0x0a, 0x00, 0x6f, 0x66,
  0x66, 0x73, 0x65, 0x74, 0x3a, 0x20, 0x25, 0x6c, 0x78, 0x0a, 0x00, 0x25,
  0x73, 0x20, 0x6c, 0x6f, 0x61, 0x64, 0x20, 0x30, 0x78, 0x25, 0x30, 0x38,
  0x78, 0x0a, 0x00, 0x63, 0x61, 0x76, 0x65, 0x50, 0x61, 0x64, 0x20, 0x73,
  0x65, 0x74, 0x75, 0x70, 0x20, 0x61, 0x74, 0x20, 0x30, 0x78, 0x25, 0x70,
  0x21, 0x20, 0x53, 0x69, 0x7a, 0x65, 0x20, 0x25, 0x6c, 0x64, 0x0a, 0x00,
  0x46, 0x61, 0x69, 0x6c, 0x65, 0x64, 0x20, 0x74, 0x6f, 0x20, 0x66, 0x69,
  0x6e, 0x64, 0x20, 0x67, 0x65, 0x74, 0x20, 0x6d, 0x65, 0x74, 0x68, 0x6f,
  0x64, 0x00, 0x28, 0x25, 0x73, 0x3a, 0x25, 0x64, 0x29, 0x20, 0x43, 0x6f,
  0x6e, 0x73, 0x74, 0x72, 0x75, 0x63, 0x74, 0x6f, 0x72, 0x20, 0x65, 0x78,
  0x63, 0x65, 0x70, 0x74, 0x69, 0x6f, 0x6e, 0x3a, 0x20, 0x25, 0x73, 0x0a,
  0x00, 0x53, 0x65, 0x74, 0x74, 0x69, 0x6e, 0x67, 0x73, 0x52, 0x6f, 0x6f,
  0x74, 0x48, 0x61, 0x6e, 0x64, 0x6c, 0x65, 0x72, 0x00, 0x28, 0x25, 0x73,
  0x3a, 0x25, 0x64, 0x29, 0x20, 0x50, 0x6b, 0x67, 0x49, 0x6e, 0x73, 0x74,
  0x61, 0x6c, 0x6c, 0x65, 0x72, 0x53, 0x65, 0x61, 0x72, 0x63, 0x68, 0x44,
  0x69, 0x72, 0x5f, 0x4f, 0x72, 0x69, 0x67, 0x69, 0x6e, 0x61, 0x6c, 0x2e,
  0x61, 0x64, 0x64, 0x72, 0x20, 0x30, 0x78, 0x25, 0x6c, 0x78, 0x0a, 0x00,
  0x28, 0x25, 0x73, 0x3a, 0x25, 0x64, 0x29, 0x20, 0x49, 0x64, 0x20, 0x25,
  0x73, 0x20, 0x56, 0x61, 0x6c, 0x75, 0x65, 0x20, 0x25, 0x73, 0x20, 0x54,
  0x79, 0x70, 0x65, 0x20, 0x25, 0x64, 0x0a, 0x00, 0x67, 0x5f, 0x70, 0x6c,
  0x75, 0x67, 0x69, 0x6e, 0x41, 0x75, 0x74, 0x68, 0x00, 0x52, 0x65, 0x73,
  0x65, 0x74, 0x4d, 0x65, 0x6e, 0x75, 0x49, 0x74, 0x65, 0x6d, 0x00, 0x77,
  0x62, 0x00, 0x3b, 0x20, 0x25, 0x73, 0x0a, 0x00, 0x73, 0x63, 0x65, 0x4b,
  0x65, 0x72, 0x6e, 0x65, 0x6c, 0x4c, 0x6f, 0x61, 0x64, 0x53, 0x74, 0x61,
  0x72, 0x74, 0x4d, 0x6f, 0x64, 0x75, 0x6c, 0x65, 0x49, 0x6e, 0x74, 0x65,
  0x72, 0x6e, 0x61, 0x6c, 0x46, 0x6f, 0x72, 0x4d, 0x6f, 0x6e, 0x6f, 0x00,
  0x66, 0x6f, 0x75, 0x6e, 0x64, 0x20, 0x64, 0x61, 0x74, 0x61, 0x20, 0x61,
  0x74, 0x20, 0x30, 0x78, 0x25, 0x6c, 0x78, 0x20, 0x30, 0x78, 0x25, 0x6c,
  0x78, 0x20, 0x63, 0x68, 0x75, 0x6e, 0x6b, 0x20, 0x6c, 0x6f, 0x63, 0x20,
  0x30, 0x78, 0x25, 0x6c, 0x78, 0x20, 0x6f, 0x66, 0x66, 0x73, 0x65, 0x74,
  0x20, 0x30, 0x78, 0x25, 0x6c, 0x78, 0x0a, 0x00, 0x47, 0x65, 0x74, 0x5f,
  0x43, 0x6c, 0x61, 0x73, 0x73, 0x3a, 0x20, 0x46, 0x61, 0x69, 0x6c, 0x65,
  0x64, 0x20, 0x74, 0x6f, 0x20, 0x6f, 0x70, 0x65, 0x6e, 0x20, 0x22, 0x25,
  0x73, 0x22, 0x20, 0x63, 0x6c, 0x61, 0x73, 0x73, 0x20, 0x66, 0x72, 0x6f,
  0x6d, 0x20, 0x22, 0x25, 0x73, 0x22, 0x20, 0x4e, 0x61, 0x6d, 0x65, 0x73,
  0x70, 0x61, 0x63, 0x65, 0x2e, 0x0a, 0x00, 0x4d, 0x65, 0x6d, 0x6f, 0x72,
  0x79, 0x53, 0x74, 0x72, 0x65, 0x61, 0x6d, 0x00, 0x46, 0x69, 0x6c, 0x65,
  0x00, 0x28, 0x25, 0x73, 0x3a, 0x25, 0x64, 0x29, 0x20, 0x50, 0x72, 0x6f,
  0x70, 0x65, 0x72, 0x74, 0x79, 0x20, 0x22, 0x25, 0x73, 0x22, 0x20, 0x6e,
  0x6f, 0x74, 0x20, 0x66, 0x6f, 0x75, 0x6e, 0x64, 0x0a, 0x00, 0x53, 0x65,
  0x74, 0x74, 0x69, 0x6e, 0x67, 0x45, 0x6c, 0x65, 0x6d, 0x65, 0x6e, 0x74,
  0x00, 0x48, 0x45, 0x4e, 0x00, 0x2f, 0x64, 0x61, 0x74, 0x61, 0x2f, 0x68,
  0x65, 0x6e, 0x2f, 0x70, 0x6c, 0x75, 0x67, 0x69, 0x6e, 0x73, 0x2f, 0x25,
  0x73, 0x00, 0x34, 0x38, 0x20, 0x38, 0x44, 0x20, 0x37, 0x44, 0x20, 0x3f,
  0x20, 0x45, 0x38, 0x20, 0x3f, 0x20, 0x3f, 0x20, 0x3f, 0x20, 0x3f, 0x20,
  0x38, 0x34, 0x20, 0x43, 0x30, 0x20, 0x37, 0x35, 0x20, 0x3f, 0x20, 0x34,
  0x38, 0x20, 0x38, 0x44, 0x20, 0x37, 0x44, 0x20, 0x3f, 0x20, 0x45, 0x38,
  0x20, 0x3f, 0x20, 0x3f, 0x20, 0x3f, 0x20, 0x3f, 0x20, 0x38, 0x34, 0x20,
  0x43, 0x30, 0x20, 0x37, 0x35, 0x20, 0x3f, 0x20, 0x34, 0x38, 0x20, 0x38,
  0x44, 0x20, 0x37, 0x44, 0x20, 0x3f, 0x20, 0x45, 0x38, 0x20, 0x3f, 0x20,
  0x3f, 0x20, 0x3f, 0x20, 0x3f, 0x20, 0x38, 0x34, 0x20, 0x43, 0x30, 0x00,
  0x74, 0x6f, 0x75, 0x63, 0x68, 0x5f, 0x74, 0x65, 0x6d, 0x70, 0x00, 0x25,
  0x73, 0x20, 0x3d, 0x20, 0x25, 0x73, 0x0a, 0x00, 0x20, 0x20, 0x7c, 0x00,
  0x52, 0x65, 0x61, 0x64, 0x57, 0x72, 0x69, 0x74, 0x65, 0x4c, 0x6f, 0x63,
  0x61, 0x6c, 0x53, 0x65, 0x74, 0x74, 0x69, 0x6e, 0x67, 0x73, 0x00, 0x4e,
  0x6f, 0x20, 0x70, 0x6c, 0x75, 0x67, 0x69, 0x6e, 0x73, 0x20, 0x66, 0x6f,
  0x75, 0x6e, 0x64, 0x2e, 0x00, 0x47, 0x65, 0x74, 0x49, 0x6d, 0x61, 0x67,
  0x65, 0x3a, 0x20, 0x46, 0x61, 0x69, 0x6c, 0x65, 0x64, 0x20, 0x74, 0x6f,
  0x20, 0x6f, 0x70, 0x65, 0x6e, 0x20, 0x22, 0x25, 0x73, 0x22, 0x20, 0x49,
  0x6d, 0x61, 0x67, 0x65, 0x2e, 0x0a, 0x00, 0x46, 0x61, 0x69, 0x6c, 0x65,
  0x64, 0x20, 0x74, 0x6f, 0x20, 0x66, 0x69, 0x6e, 0x64, 0x20, 0x67, 0x65,
  0x74, 0x20, 0x49, 0x6e, 0x73, 0x74, 0x61, 0x6e, 0x63, 0x65, 0x00, 0x53,
  0x79, 0x73, 0x74, 0x65, 0x6d, 0x00, 0x4f, 0x6e, 0x50, 0x61, 0x67, 0x65,
  0x41, 0x63, 0x74, 0x69, 0x76, 0x61, 0x74, 0x69, 0x6e, 0x67, 0x00, 0x28,
  0x25, 0x73, 0x3a, 0x25, 0x64, 0x29, 0x20, 0x46, 0x61, 0x69, 0x6c, 0x65,
  0x64, 0x20, 0x74, 0x6f, 0x20, 0x6c, 0x6f, 0x61, 0x64, 0x20, 0x60, 0x25,
  0x73, 0x60, 0x0a, 0x00, 0x77, 0x72, 0x69, 0x74, 0x65, 0x00, 0x5b, 0x25,
  0x73, 0x5d, 0x20, 0x28, 0x25, 0x73, 0x3a, 0x25, 0x64, 0x29, 0x20, 0x4d,
  0x61, 0x74, 0x63, 0x68, 0x20, 0x25, 0x6c, 0x73, 0x0a, 0x00, 0x56, 0x69,
  0x73, 0x69, 0x62, 0x6c, 0x65, 0x00, 0x5b, 0x25, 0x73, 0x5d, 0x20, 0x28,
  0x25, 0x73, 0x3a, 0x25, 0x64, 0x29, 0x20, 0x70, 0x31, 0x3a, 0x20, 0x30,
  0x78, 0x25, 0x70, 0x0a, 0x00, 0x42, 0x67, 0x66, 0x74, 0x46, 0x69, 0x78,
  0x75, 0x70, 0x54, 0x68, 0x72, 0x65, 0x61, 0x64, 0x00, 0x28, 0x25, 0x73,
  0x3a, 0x25, 0x64, 0x29, 0x20, 0x62, 0x65, 0x66, 0x6f, 0x72, 0x65, 0x20,
  0x66, 0x69, 0x78, 0x75, 0x70, 0x20, 0x25, 0x6c, 0x73, 0x0a, 0x00, 0x50,
  0x75, 0x73, 0x68, 0x00, 0x00, 0x3d, 0x3d, 0x3d, 0x3d, 0x0a, 0x0a, 0x48,
  0x65, 0x6c, 0x6c, 0x6f, 0x20, 0x66, 0x72, 0x6f, 0x6d, 0x20, 0x6d, 0x6f,
  0x6e, 0x6f, 0x20, 0x6d, 0x6f, 0x64, 0x75, 0x6c, 0x65, 0x0a, 0x0a, 0x3d,
  0x3d, 0x3d, 0x3d, 0x0a, 0x00, 0x2f, 0x61, 0x70, 0x70, 0x30, 0x2f, 0x70,
  0x73, 0x6d, 0x2f, 0x41, 0x70, 0x70, 0x6c, 0x69, 0x63, 0x61, 0x74, 0x69,
  0x6f, 0x6e, 0x2f, 0x61, 0x70, 0x70, 0x2e, 0x65, 0x78, 0x65, 0x2e, 0x73,
  0x70, 0x72, 0x78, 0x00, 0x2e, 0x00, 0x7c, 0x0a, 0x00, 0x28, 0x25, 0x73,
  0x3a, 0x25, 0x64, 0x29, 0x20, 0x63, 0x68, 0x65, 0x63, 0x6b, 0x69, 0x6e,
  0x67, 0x20, 0x65, 0x78, 0x65, 0x63, 0x75, 0x74, 0x61, 0x62, 0x6c, 0x65,
  0x20, 0x63, 0x6f, 0x64, 0x65, 0x2c, 0x20, 0x69, 0x74, 0x20, 0x72, 0x65,
  0x74, 0x75, 0x72, 0x6e, 0x65, 0x64, 0x20, 0x25, 0x64, 0x0a, 0x00, 0x47,
  0x65, 0x74, 0x5f, 0x49, 0x6e, 0x73, 0x74, 0x61, 0x6e, 0x63, 0x65, 0x3a,
  0x20, 0x4b, 0x6c, 0x61, 0x73, 0x73, 0x20, 0x77, 0x61, 0x73, 0x20, 0x6e,
  0x75, 0x6c, 0x6c, 0x2e, 0x00, 0x28, 0x25, 0x73, 0x3a, 0x25, 0x64, 0x29,
  0x20, 0x47, 0x65, 0x74, 0x20, 0x6d, 0x65, 0x74, 0x68, 0x6f, 0x64, 0x20,
  0x66, 0x6f, 0x72, 0x20, 0x22, 0x25, 0x73, 0x22, 0x20, 0x69, 0x73, 0x20,
  0x6e, 0x75, 0x6c, 0x6c, 0x00, 0x31, 0x44, 0x20, 0x30, 0x41, 0x20, 0x30,
  0x30, 0x20, 0x35, 0x33, 0x20, 0x30, 0x30, 0x20, 0x37, 0x39, 0x20, 0x30,
  0x30, 0x20, 0x37, 0x33, 0x20, 0x30, 0x30, 0x20, 0x37, 0x34, 0x20, 0x30,
  0x30, 0x20, 0x36, 0x35, 0x20, 0x30, 0x30, 0x20, 0x36, 0x44, 0x20, 0x30,
  0x30, 0x20, 0x32, 0x30, 0x20, 0x30, 0x30, 0x20, 0x34, 0x45, 0x20, 0x30,
  0x30, 0x20, 0x36, 0x31, 0x20, 0x30, 0x30, 0x20, 0x36, 0x44, 0x20, 0x30,
  0x30, 0x20, 0x36, 0x35, 0x20, 0x30, 0x30, 0x20, 0x33, 0x41, 0x20, 0x30,
  0x30, 0x20, 0x32, 0x30, 0x20, 0x30, 0x30, 0x00, 0x53, 0x63, 0x65, 0x2e,
  0x56, 0x73, 0x68, 0x2e, 0x53, 0x68, 0x65, 0x6c, 0x6c, 0x55, 0x49, 0x00,
  0x4f, 0x6e, 0x50, 0x61, 0x67, 0x65, 0x44, 0x65, 0x61, 0x63, 0x74, 0x69,
  0x76, 0x61, 0x74, 0x69, 0x6e, 0x67, 0x00, 0x4c, 0x61, 0x75, 0x6e, 0x63,
  0x68, 0x50, 0x6c, 0x75, 0x67, 0x69, 0x6e, 0x00, 0x6c, 0x6f, 0x00, 0x55,
  0x49, 0x5f, 0x4e, 0x65, 0x77, 0x45, 0x6c, 0x65, 0x6d, 0x65, 0x6e, 0x74,
  0x44, 0x61, 0x74, 0x61, 0x00, 0x63, 0x6f, 0x64, 0x65, 0x65, 0x72, 0x72,
  0x3a, 0x20, 0x25, 0x64, 0x0a, 0x00, 0x66, 0x6f, 0x75, 0x6e, 0x64, 0x20,
  0x25, 0x73, 0x20, 0x61, 0x74, 0x20, 0x30, 0x78, 0x25, 0x70, 0x20, 0x2d,
  0x3e, 0x20, 0x30, 0x78, 0x25, 0x6c, 0x78, 0x0a, 0x00, 0x28, 0x25, 0x73,
  0x3a, 0x25, 0x64, 0x29, 0x20, 0x50, 0x61, 0x74, 0x74, 0x65, 0x72, 0x6e,
  0x20, 0x73, 0x63, 0x61, 0x6e, 0x20, 0x66, 0x6f, 0x72, 0x0a, 0x25, 0x73,
  0x0a, 0x72, 0x65, 0x74, 0x75, 0x72, 0x6e, 0x65, 0x64, 0x20, 0x30, 0x78,
  0x25, 0x6c, 0x78, 0x0a, 0x00, 0x28, 0x25, 0x73, 0x3a, 0x25, 0x64, 0x29,
  0x20, 0x46, 0x61, 0x69, 0x6c, 0x65, 0x64, 0x20, 0x74, 0x6f, 0x20, 0x66,
  0x69, 0x6e, 0x64, 0x20, 0x25, 0x73, 0x2e, 0x25, 0x73, 0x20, 0x63, 0x6f,
  0x6e, 0x73, 0x74, 0x72, 0x75, 0x63, 0x74, 0x6f, 0x72, 0x2e, 0x0a, 0x00,
  0x62, 0x66, 0x20, 0x30, 0x30, 0x20, 0x30, 0x31, 0x20, 0x38, 0x36, 0x20,
  0x30, 0x32, 0x20, 0x34, 0x38, 0x20, 0x62, 0x65, 0x20, 0x66, 0x66, 0x20,
  0x66, 0x66, 0x20, 0x66, 0x66, 0x20, 0x66, 0x66, 0x20, 0x66, 0x66, 0x20,
  0x66, 0x66, 0x20, 0x66, 0x66, 0x20, 0x66, 0x66, 0x20, 0x65, 0x38, 0x20,
  0x3f, 0x20, 0x3f, 0x20, 0x3f, 0x20, 0x3f, 0x20, 0x38, 0x33, 0x20, 0x66,
  0x38, 0x20, 0x30, 0x31, 0x20, 0x30, 0x66, 0x20, 0x38, 0x34, 0x20, 0x3f,
  0x20, 0x3f, 0x20, 0x3f, 0x20, 0x3f, 0x00, 0x28, 0x25, 0x73, 0x3a, 0x25,
  0x64, 0x29, 0x20, 0x70, 0x6b, 0x67, 0x5f, 0x6e, 0x65, 0x77, 0x5f, 0x65,
  0x6c, 0x65, 0x6d, 0x65, 0x6e, 0x74, 0x20, 0x30, 0x78, 0x25, 0x6c, 0x78,
  0x0a, 0x00, 0x31, 0x32, 0x3a, 0x33, 0x34, 0x3a, 0x35, 0x36, 0x3a, 0x37,
  0x38, 0x3a, 0x61, 0x62, 0x3a, 0x63, 0x64, 0x00, 0x50, 0x61, 0x74, 0x68,
  0x3a, 0x20, 0x25, 0x73, 0x0a, 0x41, 0x75, 0x74, 0x68, 0x6f, 0x72, 0x3a,
  0x20, 0x25, 0x73, 0x0a, 0x44, 0x65, 0x73, 0x63, 0x72, 0x69, 0x70, 0x74,
  0x69, 0x6f, 0x6e, 0x3a, 0x20, 0x25, 0x73, 0x00, 0x49, 0x63, 0x6f, 0x6e,
  0x00, 0x4e, 0x6f, 0x00, 0x53, 0x63, 0x65, 0x2e, 0x56, 0x73, 0x68, 0x2e,
  0x53, 0x68, 0x65, 0x6c, 0x6c, 0x55, 0x49, 0x2e, 0x54, 0x6f, 0x70, 0x4d,
  0x65, 0x6e, 0x75, 0x00, 0x2f, 0x64, 0x61, 0x74, 0x61, 0x2f, 0x68, 0x65,
  0x6e, 0x2f, 0x73, 0x68, 0x65, 0x6c, 0x6c, 0x75, 0x69, 0x5f, 0x64, 0x61,
  0x74, 0x61, 0x2f, 0x69, 0x63, 0x6f, 0x6e, 0x73, 0x00, 0x69, 0x64, 0x78,
  0x20, 0x25, 0x64, 0x20, 0x70, 0x61, 0x67, 0x65, 0x5f, 0x69, 0x64, 0x78,
  0x20, 0x25, 0x64, 0x0a, 0x00, 0x70, 0x50, 0x61, 0x67, 0x65, 0x20, 0x30,
  0x78, 0x25, 0x6c, 0x78, 0x20, 0x73, 0x69, 0x7a, 0x65, 0x20, 0x25, 0x6c,
  0x64, 0x20, 0x62, 0x79, 0x74, 0x65, 0x73, 0x0a, 0x00, 0x4e, 0x6f, 0x20,
  0x52, 0x6f, 0x6f, 0x74, 0x5f, 0x44, 0x6f, 0x6d, 0x61, 0x69, 0x6e, 0x00,
  0x28, 0x25, 0x73, 0x3a, 0x25, 0x64, 0x29, 0x20, 0x49, 0x6e, 0x76, 0x61,
  0x6c, 0x69, 0x64, 0x20, 0x61, 0x72, 0x67, 0x75, 0x6d, 0x65, 0x6e, 0x74,
  0x73, 0x2e, 0x0a, 0x00, 0x46, 0x61, 0x69, 0x6c, 0x65, 0x64, 0x20, 0x74,
  0x6f, 0x20, 0x72, 0x65, 0x73, 0x6f, 0x6c, 0x76, 0x65, 0x20, 0x25, 0x73,
  0x2e, 0x25, 0x73, 0x21, 0x0a, 0x53, 0x65, 0x74, 0x74, 0x69, 0x6e, 0x67,
  0x73, 0x20, 0x6d, 0x65, 0x6e, 0x75, 0x20, 0x77, 0x69, 0x6c, 0x6c, 0x20,
  0x6e, 0x6f, 0x74, 0x20, 0x62, 0x65, 0x20, 0x70, 0x61, 0x74, 0x63, 0x68,
  0x65, 0x64, 0x2e, 0x0a, 0x00, 0x53, 0x74, 0x72, 0x69, 0x6e, 0x67, 0x00,
  0x53, 0x79, 0x73, 0x74, 0x65, 0x6d, 0x41, 0x72, 0x65, 0x61, 0x50, 0x6c,
  0x75, 0x67, 0x69, 0x6e, 0x42, 0x61, 0x73, 0x65, 0x00, 0x55, 0x70, 0x6c,
  0x6f, 0x61, 0x64, 0x42, 0x67, 0x66, 0x74, 0x46, 0x69, 0x78, 0x75, 0x70,
  0x00, 0x49, 0x64, 0x00, 0x5b, 0x25, 0x73, 0x5d, 0x20, 0x28, 0x25, 0x73,
  0x3a, 0x25, 0x64, 0x29, 0x20, 0x69, 0x6e, 0x69, 0x5f, 0x73, 0x65, 0x63,
  0x74, 0x69, 0x6f, 0x6e, 0x20, 0x25, 0x73, 0x0a, 0x00, 0x72, 0x65, 0x61,
  0x64, 0x00, 0x28, 0x25, 0x73, 0x3a, 0x25, 0x64, 0x29, 0x20, 0x69, 0x64,
  0x20, 0x25, 0x6c, 0x73, 0x0a, 0x00, 0x53, 0x79, 0x73, 0x74, 0x65, 0x6d,
  0x2e, 0x52, 0x65, 0x66, 0x6c, 0x65, 0x63, 0x74, 0x69, 0x6f, 0x6e, 0x00,
  0x28, 0x25, 0x73, 0x3a, 0x25, 0x64, 0x29, 0x20, 0x55, 0x49, 0x4d, 0x61,
  0x6e, 0x61, 0x67, 0x65, 0x72, 0x20, 0x30, 0x78, 0x25, 0x70, 0x0a, 0x00,
  0x53, 0x63, 0x65, 0x2e, 0x56, 0x73, 0x68, 0x2e, 0x53, 0x68, 0x65, 0x6c,
  0x6c, 0x55, 0x49, 0x2e, 0x41, 0x70, 0x70, 0x53, 0x79, 0x73, 0x74, 0x65,
  0x6d, 0x00, 0x49, 0x6e, 0x73, 0x74, 0x61, 0x6e, 0x63, 0x65, 0x00, 0x2f,
  0x64, 0x61, 0x74, 0x61, 0x2f, 0x68, 0x65, 0x6e, 0x2f, 0x73, 0x68, 0x65,
  0x6c, 0x6c, 0x75, 0x69, 0x5f, 0x64, 0x61, 0x74, 0x61, 0x2f, 0x68, 0x65,
  0x6e, 0x5f, 0x73, 0x65, 0x74, 0x74, 0x69, 0x6e, 0x67, 0x73, 0x2e, 0x78,
  0x6d, 0x6c, 0x00, 0x35, 0x35, 0x20, 0x34, 0x38, 0x20, 0x38, 0x42, 0x20,
  0x45, 0x43, 0x20, 0x34, 0x38, 0x20, 0x38, 0x33, 0x20, 0x45, 0x43, 0x20,
  0x3f, 0x20, 0x34, 0x43, 0x20, 0x38, 0x39, 0x20, 0x37, 0x44, 0x20, 0x3f,
  0x20, 0x34, 0x43, 0x20, 0x38, 0x42, 0x20, 0x46, 0x46, 0x20, 0x33, 0x33,
  0x20, 0x43, 0x30, 0x20, 0x34, 0x38, 0x20, 0x38, 0x39, 0x20, 0x34, 0x35,
  0x20, 0x3f, 0x20, 0x34, 0x38, 0x20, 0x38, 0x39, 0x20, 0x34, 0x35, 0x20,
  0x3f, 0x20, 0x34, 0x38, 0x20, 0x38, 0x39, 0x20, 0x34, 0x35, 0x20, 0x3f,
  0x20, 0x34, 0x39, 0x20, 0x38, 0x42, 0x20, 0x34, 0x37, 0x20, 0x33, 0x38,
  0x20, 0x34, 0x38, 0x20, 0x38, 0x42, 0x20, 0x46, 0x35, 0x20, 0x34, 0x38,
  0x20, 0x38, 0x33, 0x20, 0x43, 0x36, 0x20, 0x3f, 0x20, 0x34, 0x38, 0x20,
  0x38, 0x42, 0x20, 0x46, 0x38, 0x20, 0x38, 0x33, 0x20, 0x33, 0x38, 0x20,
  0x30, 0x30, 0x00, 0x53, 0x63, 0x65, 0x2e, 0x56, 0x73, 0x68, 0x2e, 0x4f,
  0x72, 0x62, 0x69, 0x73, 0x2e, 0x42, 0x67, 0x66, 0x74, 0x2e, 0x42, 0x67,
  0x66, 0x74, 0x57, 0x72, 0x61, 0x70, 0x70, 0x65, 0x72, 0x3a, 0x3a, 0x5f,
  0x44, 0x6f, 0x77, 0x6e, 0x6c, 0x6f, 0x61, 0x64, 0x52, 0x65, 0x67, 0x69,
  0x73, 0x74, 0x65, 0x72, 0x54, 0x61, 0x73, 0x6b, 0x42, 0x79, 0x53, 0x74,
  0x6f, 0x72, 0x61, 0x67, 0x65, 0x45, 0x78, 0x00, 0x25, 0x73, 0x20, 0x28,
  0x25, 0x73, 0x29, 0x00, 0x56, 0x61, 0x6c, 0x75, 0x65, 0x00, 0x54, 0x69,
  0x74, 0x6c, 0x65, 0x00, 0x66, 0x75, 0x6e, 0x63, 0x74, 0x69, 0x6f, 0x6e,
  0x00, 0x42, 0x75, 0x74, 0x74, 0x6f, 0x6e, 0x45, 0x6c, 0x65, 0x6d, 0x65,
  0x6e, 0x74, 0x44, 0x61, 0x74, 0x61, 0x00, 0x63, 0x72, 0x65, 0x61, 0x74,
  0x65, 0x44, 0x65, 0x76, 0x4b, 0x69, 0x74, 0x50, 0x61, 0x6e, 0x65, 0x6c,
  0x20, 0x30, 0x78, 0x25, 0x70, 0x0a, 0x00, 0x66, 0x72, 0x65, 0x65, 0x20,
  0x6d, 0x65, 0x6d, 0x00, 0x73, 0x79, 0x6d, 0x62, 0x6f, 0x6c, 0x20, 0x25,
  0x73, 0x20, 0x72, 0x65, 0x73, 0x6f, 0x6c, 0x76, 0x65, 0x64, 0x20, 0x74,
  0x6f, 0x20, 0x25, 0x6c, 0x78, 0x0a, 0x00, 0x5b, 0x25, 0x73, 0x5d, 0x20,
  0x28, 0x25, 0x73, 0x3a, 0x25, 0x64, 0x29, 0x20, 0x46, 0x61, 0x69, 0x6c,
  0x65, 0x64, 0x20, 0x74, 0x6f, 0x20, 0x43, 0x72, 0x65, 0x61, 0x74, 0x65,
  0x20, 0x6e, 0x65, 0x77, 0x20, 0x6f, 0x62, 0x6a, 0x65, 0x63, 0x74, 0x0a,
  0x00, 0x43, 0x6f, 0x6e, 0x66, 0x69, 0x72, 0x6d, 0x00, 0x5b, 0x25, 0x73,
  0x5d, 0x20, 0x28, 0x25, 0x73, 0x3a, 0x25, 0x64, 0x29, 0x20, 0x6d, 0x73,
  0x67, 0x2d, 0x3e, 0x73, 0x74, 0x72, 0x3a, 0x20, 0x25, 0x6c, 0x73, 0x0a,
  0x00, 0x55, 0x69, 0x00, 0x63, 0x78, 0x6d, 0x6c, 0x3a, 0x2f, 0x2f, 0x70,
  0x73, 0x6e, 0x6f, 0x74, 0x69, 0x66, 0x69, 0x63, 0x61, 0x74, 0x69, 0x6f,
  0x6e, 0x2f, 0x74, 0x65, 0x78, 0x5f, 0x69, 0x63, 0x6f, 0x6e, 0x5f, 0x73,
  0x79, 0x73, 0x74, 0x65, 0x6d, 0x00, 0x53, 0x65, 0x63, 0x6f, 0x6e, 0x64,
  0x54, 0x69, 0x74, 0x6c, 0x65, 0x00, 0x2e, 0x2e, 0x2f, 0x70, 0x6c, 0x75,
  0x67, 0x69, 0x6e, 0x5f, 0x6d, 0x6f, 0x6e, 0x6f, 0x2f, 0x73, 0x6f, 0x75,
  0x72, 0x63, 0x65, 0x2f, 0x6c, 0x69, 0x62, 0x2e, 0x63, 0x63, 0x00, 0x47,
  0x65, 0x74, 0x5f, 0x41, 0x64, 0x64, 0x72, 0x65, 0x73, 0x73, 0x5f, 0x6f,
  0x66, 0x5f, 0x4d, 0x65, 0x74, 0x68, 0x6f, 0x64, 0x3a, 0x20, 0x66, 0x61,
  0x69, 0x6c, 0x65, 0x64, 0x20, 0x74, 0x6f, 0x20, 0x66, 0x69, 0x6e, 0x64,
  0x20, 0x6d, 0x65, 0x74, 0x68, 0x6f, 0x64, 0x20, 0x22, 0x25, 0x73, 0x22,
  0x20, 0x69, 0x6e, 0x20, 0x63, 0x6c, 0x61, 0x73, 0x73, 0x20, 0x22, 0x25,
  0x73, 0x22, 0x0a, 0x00, 0x4c, 0x69, 0x76, 0x65, 0x41, 0x72, 0x65, 0x61,
  0x43, 0x6f, 0x6e, 0x66, 0x69, 0x67, 0x00, 0x30, 0x2e, 0x00, 0x28, 0x25,
  0x73, 0x3a, 0x25, 0x64, 0x29, 0x20, 0x55, 0x6e, 0x6c, 0x6f, 0x61, 0x64,
  0x20, 0x72, 0x65, 0x73, 0x75, 0x6c, 0x74, 0x20, 0x30, 0x78, 0x25, 0x30,
  0x38, 0x78, 0x0a, 0x00, 0x28, 0x25, 0x73, 0x3a, 0x25, 0x64, 0x29, 0x20,
  0x6b, 0x69, 0x6c, 0x6c, 0x28, 0x67, 0x65, 0x74, 0x70, 0x69, 0x64, 0x28,
  0x29, 0x2c, 0x20, 0x53, 0x49, 0x47, 0x4b, 0x49, 0x4c, 0x4c, 0x29, 0x20,
  0x25, 0x64, 0x0a, 0x00, 0x45, 0x6e, 0x61, 0x62, 0x6c, 0x65, 0x64, 0x00,
  0x68, 0x65, 0x6e, 0x5f, 0x73, 0x65, 0x74, 0x74, 0x69, 0x6e, 0x67, 0x73,
  0x2e, 0x78, 0x6d, 0x6c, 0x00, 0x28, 0x25, 0x73, 0x3a, 0x25, 0x64, 0x29,
  0x20, 0x70, 0x48, 0x6f, 0x6f, 0x6b, 0x20, 0x30, 0x78, 0x25, 0x6c, 0x78,
  0x0a, 0x00, 0x52, 0x65, 0x61, 0x64, 0x52, 0x65, 0x73, 0x6f, 0x75, 0x72,
  0x63, 0x65, 0x53, 0x74, 0x72, 0x65, 0x61, 0x6d, 0x00, 0x28, 0x25, 0x73,
  0x3a, 0x25, 0x64, 0x29, 0x20, 0x70, 0x61, 0x74, 0x68, 0x20, 0x25, 0x6c,
  0x73, 0x0a, 0x00, 0x28, 0x25, 0x73, 0x3a, 0x25, 0x64, 0x29, 0x20, 0x52,
  0x65, 0x73, 0x65, 0x74, 0x4d, 0x65, 0x6e, 0x75, 0x49, 0x74, 0x65, 0x6d,
  0x20, 0x30, 0x78, 0x25, 0x70, 0x0a, 0x00, 0x0d, 0x0a, 0x00, 0x59, 0x65,
  0x73, 0x00, 0x5b, 0x25, 0x73, 0x5d, 0x20, 0x28, 0x25, 0x73, 0x3a, 0x25,
  0x64, 0x29, 0x20, 0x4b, 0x6c, 0x61, 0x73, 0x73, 0x20, 0x70, 0x6f, 0x69,
  0x6e, 0x74, 0x65, 0x72, 0x20, 0x69, 0x73, 0x20, 0x6e, 0x75, 0x6c, 0x6c,
  0x2e, 0x0a, 0x00, 0x73, 0x65, 0x74, 0x49, 0x6d, 0x61, 0x67, 0x65, 0x00,
  0x28, 0x25, 0x73, 0x3a, 0x25, 0x64, 0x29, 0x20, 0x70, 0x6b, 0x67, 0x5f,
  0x6e, 0x65, 0x77, 0x5f, 0x65, 0x6c, 0x65, 0x6d, 0x65, 0x6e, 0x74, 0x5f,
  0x6f, 0x72, 0x69, 0x67, 0x69, 0x6e, 0x61, 0x6c, 0x2e, 0x61, 0x64, 0x64,
  0x72, 0x20, 0x30, 0x78, 0x25, 0x6c, 0x78, 0x0a, 0x00, 0x5b, 0x25, 0x73,
  0x5d, 0x20, 0x28, 0x25, 0x73, 0x3a, 0x25, 0x64, 0x29, 0x20, 0x65, 0x6e,
  0x74, 0x65, 0x72, 0x0a, 0x00, 0x5b, 0x25, 0x73, 0x5d, 0x20, 0x28, 0x25,
  0x73, 0x3a, 0x25, 0x64, 0x29, 0x20, 0x73, 0x65, 0x6e, 0x74, 0x20, 0x72,
  0x65, 0x73, 0x65, 0x74, 0x21, 0x0a, 0x00, 0x69, 0x6e, 0x69, 0x74, 0x69,
  0x61, 0x6c, 0x5f, 0x66, 0x6f, 0x63, 0x75, 0x73, 0x5f, 0x74, 0x6f, 0x3d,
  0x22, 0x70, 0x73, 0x6e, 0x22, 0x3e, 0x0d, 0x0a, 0x00, 0x2f, 0x2e, 0x2e,
  0x2f, 0x64, 0x61, 0x74, 0x61, 0x2f, 0x70, 0x6b, 0x67, 0x00, 0x72, 0x62,
  0x00, 0x2f, 0x64, 0x65, 0x76, 0x2f, 0x63, 0x6f, 0x6e, 0x73, 0x6f, 0x6c,
  0x65, 0x00, 0x2e, 0x2e, 0x2f, 0x70, 0x6c, 0x75, 0x67, 0x69, 0x6e, 0x5f,
  0x6d, 0x6f, 0x6e, 0x6f, 0x2f, 0x73, 0x6f, 0x75, 0x72, 0x63, 0x65, 0x2f,
  0x2e, 0x2e, 0x2f, 0x2e, 0x2e, 0x2f, 0x63, 0x6f, 0x6d, 0x6d, 0x6f, 0x6e,
  0x2f, 0x6d, 0x65, 0x6d, 0x6f, 0x72, 0x79, 0x2e, 0x63, 0x00, 0x47, 0x65,
  0x74, 0x49, 0x6d, 0x61, 0x67, 0x65, 0x3a, 0x20, 0x46, 0x61, 0x69, 0x6c,
  0x65, 0x64, 0x20, 0x74, 0x6f, 0x20, 0x6f, 0x70, 0x65, 0x6e, 0x20, 0x22,
  0x25, 0x73, 0x22, 0x20, 0x61, 0x73, 0x73, 0x65, 0x6d, 0x62, 0x6c, 0x79,
  0x2e, 0x0a, 0x00, 0x45, 0x78, 0x63, 0x65, 0x70, 0x74, 0x69, 0x6f, 0x6e,
  0x20, 0x6f, 0x63, 0x63, 0x75, 0x72, 0x72, 0x65, 0x64, 0x20, 0x77, 0x68,
  0x69, 0x6c, 0x65, 0x20, 0x6f, 0x70, 0x65, 0x6e, 0x69, 0x6e, 0x67, 0x20,
  0x66, 0x69, 0x6c, 0x65, 0x20, 0x25, 0x73, 0x0a, 0x00, 0x67, 0x5f, 0x70,
  0x6c, 0x75, 0x67, 0x69, 0x6e, 0x4e, 0x61, 0x6d, 0x65, 0x00, 0x66, 0x69,
  0x6c, 0x65, 0x5f, 0x65, 0x78, 0x69, 0x73, 0x74, 0x73, 0x5f, 0x74, 0x65,
  0x6d, 0x70, 0x00, 0x4f, 0x6e, 0x43, 0x68, 0x65, 0x63, 0x6b, 0x56, 0x69,
  0x73, 0x69, 0x62, 0x6c, 0x65, 0x00, 0x53, 0x63, 0x65, 0x2e, 0x56, 0x73,
  0x68, 0x2e, 0x53, 0x68, 0x65, 0x6c, 0x6c, 0x55, 0x49, 0x2e, 0x53, 0x65,
  0x74, 0x74, 0x69, 0x6e, 0x67, 0x73, 0x2e, 0x43, 0x6f, 0x72, 0x65, 0x00,
  0x50, 0x53, 0x34, 0x20, 0x48, 0x45, 0x4e, 0x20, 0x56, 0x65, 0x72, 0x73,
  0x69, 0x6f, 0x6e, 0x3a, 0x20, 0x25, 0x73, 0x00, 0x5b, 0x25, 0x73, 0x5d,
  0x0a, 0x00, 0x70, 0x6c, 0x75, 0x67, 0x69, 0x6e, 0x5f, 0x6d, 0x6f, 0x6e,
  0x6f, 0x00, 0x2f, 0x64, 0x61, 0x74, 0x61, 0x2f, 0x68, 0x65, 0x6e, 0x2f,
  0x70, 0x6c, 0x75, 0x67, 0x69, 0x6e, 0x73, 0x00, 0x43, 0x6f, 0x75, 0x6c,
  0x64, 0x20, 0x6e, 0x6f, 0x74, 0x20, 0x66, 0x69, 0x6e, 0x64, 0x20, 0x46,
  0x69, 0x6c, 0x65, 0x2e, 0x4f, 0x70, 0x65, 0x6e, 0x20, 0x6d, 0x65, 0x74,
  0x68, 0x6f, 0x64, 0x0a, 0x00, 0x28, 0x25, 0x73, 0x3a, 0x25, 0x64, 0x29,
  0x20, 0x53, 0x65, 0x74, 0x20, 0x6d, 0x65, 0x74, 0x68, 0x6f, 0x64, 0x20,
  0x66, 0x6f, 0x72, 0x20, 0x22, 0x25, 0x73, 0x22, 0x20, 0x69, 0x73, 0x20,
  0x6e, 0x75, 0x6c, 0x6c, 0x0a, 0x00, 0x43, 0x6f, 0x6e, 0x63, 0x61, 0x74,
  0x00, 0x4f, 0x6e, 0x50, 0x72, 0x65, 0x43, 0x72, 0x65, 0x61, 0x74, 0x65,
  0x00, 0x28, 0x25, 0x73, 0x3a, 0x25, 0x64, 0x29, 0x20, 0x49, 0x64, 0x20,
  0x25, 0x73, 0x20, 0x56, 0x61, 0x6c, 0x75, 0x65, 0x20, 0x25, 0x73, 0x20,
  0x28, 0x72, 0x65, 0x61, 0x64, 0x20, 0x25, 0x73, 0x29, 0x20, 0x54, 0x79,
  0x70, 0x65, 0x20, 0x25, 0x64, 0x0a, 0x00, 0x4e, 0x65, 0x77, 0x4f, 0x6e,
  0x50, 0x61, 0x67, 0x65, 0x44, 0x65, 0x61, 0x63, 0x74, 0x69, 0x76, 0x61,
  0x74, 0x69, 0x6e, 0x67, 0x00, 0x2e, 0x2e, 0x2f, 0x70, 0x6c, 0x75, 0x67,
  0x69, 0x6e, 0x5f, 0x6d, 0x6f, 0x6e, 0x6f, 0x2f, 0x73, 0x6f, 0x75, 0x72,
  0x63, 0x65, 0x2f, 0x2e, 0x2e, 0x2f, 0x2e, 0x2e, 0x2f, 0x63, 0x6f, 0x6d,
  0x6d, 0x6f, 0x6e, 0x2f, 0x66, 0x69, 0x6c, 0x65, 0x2e, 0x63, 0x00, 0x63,
  0x33, 0x20, 0x36, 0x36, 0x20, 0x36, 0x36, 0x20, 0x36, 0x36, 0x20, 0x36,
  0x36, 0x20, 0x36, 0x36, 0x20, 0x36, 0x36, 0x20, 0x32, 0x65, 0x20, 0x30,
  0x66, 0x20, 0x31, 0x66, 0x20, 0x38, 0x34, 0x20, 0x30, 0x30, 0x20, 0x30,
  0x30, 0x20, 0x30, 0x30, 0x20, 0x30, 0x30, 0x20, 0x30, 0x30, 0x00, 0x4f,
  0x6e, 0x50, 0x72, 0x65, 0x73, 0x73, 0x65, 0x64, 0x00, 0x2e, 0x2e, 0x2f,
  0x70, 0x6c, 0x75, 0x67, 0x69, 0x6e, 0x5f, 0x6d, 0x6f, 0x6e, 0x6f, 0x2f,
  0x73, 0x6f, 0x75, 0x72, 0x63, 0x65, 0x2f, 0x73, 0x68, 0x65, 0x6c, 0x6c,
  0x75, 0x69, 0x5f, 0x70, 0x61, 0x74, 0x63, 0x68, 0x2f, 0x64, 0x65, 0x62,
  0x75, 0x67, 0x5f, 0x73, 0x65, 0x74, 0x74, 0x69, 0x6e, 0x67, 0x73, 0x2e,
  0x63, 0x00, 0x67, 0x5f, 0x70, 0x6c, 0x75, 0x67, 0x69, 0x6e, 0x56, 0x65,
  0x72, 0x73, 0x69, 0x6f, 0x6e, 0x00, 0x68, 0x65, 0x6e, 0x5f, 0x73, 0x65,
  0x74, 0x74, 0x69, 0x6e, 0x67, 0x73, 0x00, 0x4e, 0x65, 0x77, 0x54, 0x6f,
  0x70, 0x4d, 0x65, 0x6e, 0x75, 0x50, 0x6c, 0x75, 0x67, 0x69, 0x6e, 0x47,
  0x65, 0x74, 0x53, 0x74, 0x72, 0x69, 0x6e, 0x67, 0x00, 0x55, 0x49, 0x4d,
  0x61, 0x6e, 0x61, 0x67, 0x65, 0x72, 0x00, 0x54, 0x6f, 0x67, 0x67, 0x6c,
  0x65, 0x53, 0x77, 0x69, 0x74, 0x63, 0x68, 0x45, 0x6c, 0x65, 0x6d, 0x65,
  0x6e, 0x74, 0x44, 0x61, 0x74, 0x61, 0x00, 0x44, 0x69, 0x61, 0x67, 0x6e,
  0x6f, 0x73, 0x74, 0x69, 0x63, 0x73, 0x00, 0x73, 0x63, 0x65, 0x4b, 0x65,
  0x72, 0x6e, 0x65, 0x6c, 0x4c, 0x6f, 0x61, 0x64, 0x53, 0x74, 0x61, 0x72,
  0x74, 0x4d, 0x6f, 0x64, 0x75, 0x6c, 0x65, 0x49, 0x6e, 0x74, 0x65, 0x72,
  0x6e, 0x61, 0x6c, 0x46, 0x6f, 0x72, 0x4d, 0x6f, 0x6e, 0x6f, 0x5f, 0x48,
  0x6f, 0x6f, 0x6b, 0x00, 0x25, 0x30, 0x32, 0x78, 0x20, 0x00, 0x25, 0x63,
  0x00, 0x63, 0x6f, 0x75, 0x6c, 0x64, 0x6e, 0x27, 0x74, 0x20, 0x66, 0x69,
  0x6e, 0x64, 0x20, 0x70, 0x61, 0x74, 0x74, 0x65, 0x72, 0x6e, 0x0a, 0x25,
  0x73, 0x0a, 0x70, 0x69, 0x64, 0x20, 0x25, 0x64, 0x0a, 0x00, 0x53, 0x79,
  0x73, 0x74, 0x65, 0x6d, 0x2e, 0x49, 0x4f, 0x00, 0x28, 0x25, 0x73, 0x3a,
  0x25, 0x64, 0x29, 0x20, 0x50, 0x72, 0x6f, 0x70, 0x65, 0x72, 0x74, 0x79,
  0x20, 0x22, 0x25, 0x73, 0x22, 0x20, 0x6e, 0x6f, 0x74, 0x20, 0x66, 0x6f,
  0x75, 0x6e, 0x64, 0x00, 0x69, 0x6e, 0x66, 0x6f, 0x2c, 0x20, 0x22, 0x34,
  0x35, 0x20, 0x38, 0x35, 0x20, 0x65, 0x34, 0x20, 0x37, 0x38, 0x20, 0x3f,
  0x20, 0x34, 0x38, 0x20, 0x38, 0x64, 0x20, 0x37, 0x64, 0x20, 0x3f, 0x20,
  0x65, 0x38, 0x20, 0x3f, 0x20, 0x3f, 0x20, 0x3f, 0x20, 0x3f, 0x20, 0x34,
  0x63, 0x20, 0x38, 0x39, 0x20, 0x66, 0x37, 0x20, 0x34, 0x38, 0x20, 0x38,
  0x39, 0x20, 0x63, 0x36, 0x22, 0x2c, 0x20, 0x39, 0x2c, 0x20, 0x28, 0x75,
  0x69, 0x6e, 0x74, 0x70, 0x74, 0x72, 0x5f, 0x74, 0x29, 0x45, 0x76, 0x65,
  0x6e, 0x74, 0x50, 0x72, 0x6f, 0x78, 0x79, 0x43, 0x53, 0x74, 0x72, 0x2c,
  0x20, 0x30, 0x00, 0x4f, 0x6e, 0x50, 0x72, 0x65, 0x73, 0x73, 0x00, 0x4e,
  0x65, 0x77, 0x45, 0x6c, 0x65, 0x6d, 0x65, 0x6e, 0x74, 0x44, 0x61, 0x74,
  0x61, 0x00, 0x4d, 0x65, 0x73, 0x73, 0x61, 0x67, 0x65, 0x45, 0x6c, 0x65,
  0x6d, 0x65, 0x6e, 0x74, 0x44, 0x61, 0x74, 0x61, 0x00, 0x5b, 0x25, 0x73,
  0x5d, 0x20, 0x28, 0x25, 0x73, 0x3a, 0x25, 0x64, 0x29, 0x20, 0x67, 0x5f,
  0x50, 0x6c, 0x75, 0x67, 0x69, 0x6e, 0x73, 0x46, 0x6f, 0x75, 0x6e, 0x64,
  0x4d, 0x73, 0x67, 0x20, 0x25, 0x73, 0x0a, 0x00, 0x4e, 0x6f, 0x74, 0x69,
  0x66, 0x79, 0x20, 0x6d, 0x65, 0x73, 0x73, 0x61, 0x67, 0x65, 0x3a, 0x0a,
  0x25, 0x73, 0x0a, 0x00, 0x28, 0x25, 0x73, 0x3a, 0x25, 0x64, 0x29, 0x20,
  0x61, 0x66, 0x74, 0x65, 0x72, 0x20, 0x66, 0x69, 0x78, 0x75, 0x70, 0x20,
  0x25, 0x6c, 0x73, 0x0a, 0x00, 0x70, 0x73, 0x73, 0x65, 0x74, 0x74, 0x69,
  0x6e, 0x67, 0x73, 0x3a, 0x70, 0x6c, 0x61, 0x79, 0x3f, 0x6d, 0x6f, 0x64,
  0x65, 0x3d, 0x73, 0x65, 0x74, 0x74, 0x69, 0x6e, 0x67, 0x73, 0x26, 0x66,
  0x75, 0x6e, 0x63, 0x74, 0x69, 0x6f, 0x6e, 0x3d, 0x25, 0x73, 0x00, 0x0a,
  0x00, 0x47, 0x69, 0x74, 0x20, 0x43, 0x6f, 0x6d, 0x6d, 0x69, 0x74, 0x3a,
  0x20, 0x61, 0x37, 0x31, 0x37, 0x66, 0x66, 0x64, 0x30, 0x62, 0x34, 0x36,
  0x39, 0x39, 0x64, 0x37, 0x32, 0x64, 0x34, 0x66, 0x64, 0x33, 0x33, 0x64,
  0x61, 0x62, 0x30, 0x63, 0x61, 0x34, 0x32, 0x32, 0x32, 0x37, 0x30, 0x66,
  0x63, 0x66, 0x64, 0x32, 0x35, 0x0a, 0x47, 0x69, 0x74, 0x20, 0x42, 0x72,
  0x61, 0x6e, 0x63, 0x68, 0x3a, 0x20, 0x6d, 0x61, 0x69, 0x6e, 0x0a, 0x47,
  0x69, 0x74, 0x20, 0x43, 0x6f, 0x6d, 0x6d, 0x69, 0x74, 0x20, 0x4e, 0x75,
  0x6d, 0x62, 0x65, 0x72, 0x3a, 0x20, 0x36, 0x36, 0x0a, 0x42, 0x75, 0x69,
  0x6c, 0x74, 0x3a, 0x20, 0x41, 0x75, 0x67, 0x20, 0x30, 0x38, 0x20, 0x32,
  0x30, 0x32, 0x35, 0x20, 0x40, 0x20, 0x31, 0x33, 0x3a, 0x30, 0x37, 0x3a,
  0x32, 0x39, 0x00, 0x4d, 0x6f, 0x6e, 0x6f, 0x5f, 0x4e, 0x65, 0x77, 0x5f,
  0x4f, 0x62, 0x6a, 0x65, 0x63, 0x74, 0x00, 0x53, 0x79, 0x73, 0x74, 0x65,
  0x6d, 0x41, 0x72, 0x65, 0x61, 0x49, 0x63, 0x6f, 0x6e, 0x50, 0x53, 0x50,
  0x6c, 0x75, 0x73, 0x00, 0x69, 0x64, 0x5f, 0x6c, 0x6f, 0x61, 0x64, 0x69,
  0x6e, 0x67, 0x00, 0x5b, 0x25, 0x73, 0x5d, 0x20, 0x3b, 0x20, 0x25, 0x73,
  0x0a, 0x00, 0x5b, 0x25, 0x73, 0x5d, 0x20, 0x28, 0x25, 0x73, 0x3a, 0x25,
  0x64, 0x29, 0x20, 0x61, 0x70, 0x70, 0x5f, 0x65, 0x78, 0x65, 0x3a, 0x20,
  0x30, 0x78, 0x25, 0x70, 0x0a, 0x00, 0x73, 0x63, 0x65, 0x4b, 0x65, 0x72,
  0x6e, 0x65, 0x6c, 0x47, 0x65, 0x74, 0x4d, 0x6f, 0x64, 0x75, 0x6c, 0x65,
  0x49, 0x6e, 0x66, 0x6f, 0x45, 0x78, 0x20, 0x30, 0x78, 0x25, 0x30, 0x38,
  0x78, 0x0a, 0x00, 0x4e, 0x65, 0x77, 0x20, 0x63, 0x61, 0x76, 0x65, 0x49,
  0x6e, 0x73, 0x74, 0x53, 0x69, 0x7a, 0x65, 0x3a, 0x20, 0x25, 0x6c, 0x64,
  0x0a, 0x00, 0x46, 0x61, 0x69, 0x6c, 0x65, 0x64, 0x20, 0x74, 0x6f, 0x20,
  0x66, 0x69, 0x6e, 0x64, 0x20, 0x49, 0x6e, 0x73, 0x74, 0x61, 0x6e, 0x63,
  0x65, 0x20, 0x70, 0x72, 0x6f, 0x70, 0x65, 0x72, 0x74, 0x79, 0x00, 0x2e,
  0x2e, 0x2f, 0x70, 0x6c, 0x75, 0x67, 0x69, 0x6e, 0x5f, 0x6d, 0x6f, 0x6e,
  0x6f, 0x2f, 0x73, 0x6f, 0x75, 0x72, 0x63, 0x65, 0x2f, 0x6d, 0x6f, 0x6e,
  0x6f, 0x2e, 0x63, 0x00, 0x34, 0x39, 0x3a, 0x35, 0x37, 0x3a, 0x37, 0x33,
  0x3a, 0x31, 0x31, 0x3a, 0x39, 0x30, 0x3a, 0x39, 0x32, 0x00, 0x5b, 0x25,
  0x73, 0x5d, 0x20, 0x28, 0x25, 0x73, 0x3a, 0x25, 0x64, 0x29, 0x20, 0x69,
  0x6e, 0x69, 0x5f, 0x70, 0x61, 0x74, 0x68, 0x20, 0x25, 0x73, 0x0a, 0x00,
  0x5b, 0x25, 0x73, 0x5d, 0x20, 0x28, 0x25, 0x73, 0x3a, 0x25, 0x64, 0x29,
  0x20, 0x49, 0x64, 0x20, 0x25, 0x6c, 0x73, 0x0a, 0x00, 0x72, 0x00, 0x42,
  0x6c, 0x6f, 0x63, 0x6b, 0x20, 0x73, 0x69, 0x7a, 0x65, 0x20, 0x25, 0x6c,
  0x64, 0x20, 0x69, 0x73, 0x20, 0x73, 0x6d, 0x61, 0x6c, 0x6c, 0x65, 0x72,
  0x20, 0x74, 0x68, 0x61, 0x6e, 0x20, 0x72, 0x65, 0x71, 0x75, 0x65, 0x73,
  0x74, 0x65, 0x64, 0x20, 0x73, 0x69, 0x7a, 0x65, 0x20, 0x25, 0x6c, 0x64,
  0x21, 0x0a, 0x00, 0x2f, 0x25, 0x73, 0x2f, 0x63, 0x6f, 0x6d, 0x6d, 0x6f,
  0x6e, 0x2f, 0x6c, 0x69, 0x62, 0x2f, 0x6d, 0x73, 0x63, 0x6f, 0x72, 0x6c,
  0x69, 0x62, 0x2e, 0x64, 0x6c, 0x6c, 0x00, 0x47, 0x65, 0x74, 0x53, 0x74,
  0x72, 0x69, 0x6e, 0x67, 0x00, 0x53, 0x65, 0x74, 0x74, 0x69, 0x6e, 0x67,
  0x50, 0x61, 0x67, 0x65, 0x00, 0x6f, 0x70, 0x65, 0x6e, 0x64, 0x69, 0x72,
  0x00, 0x55, 0x49, 0x5f, 0x52, 0x65, 0x71, 0x75, 0x65, 0x73, 0x74, 0x52,
  0x65, 0x73, 0x65, 0x74, 0x00, 0x4e, 0x65, 0x77, 0x53, 0x74, 0x61, 0x72,
  0x74, 0x53, 0x65, 0x74, 0x74, 0x69, 0x6e, 0x67, 0x73, 0x50, 0x61, 0x67,
  0x65, 0x00, 0xe2, 0x98, 0x85, 0x20, 0x48, 0x45, 0x4e, 0x20, 0x53, 0x65,
  0x74, 0x74, 0x69, 0x6e, 0x67, 0x73, 0x00, 0x25, 0x73, 0x20, 0x28, 0x25,
  0x6c, 0x73, 0x29, 0x0a, 0x00, 0x09, 0x09, 0x3c, 0x6c, 0x69, 0x6e, 0x6b,
  0x20, 0x69, 0x64, 0x3d, 0x22, 0x73, 0x61, 0x6e, 0x64, 0x62, 0x6f, 0x78,
  0x22, 0x20, 0x74, 0x69, 0x74, 0x6c, 0x65, 0x3d, 0x22, 0x53, 0x61, 0x6e,
  0x64, 0x62, 0x6f, 0x78, 0x22, 0x20, 0x66, 0x69, 0x6c, 0x65, 0x3d, 0x22,
  0x53, 0x61, 0x6e, 0x64, 0x62, 0x6f, 0x78, 0x2f, 0x73, 0x61, 0x6e, 0x64,
  0x62, 0x6f, 0x78, 0x2e, 0x78, 0x6d, 0x6c, 0x22, 0x20, 0x2f, 0x3e, 0x0d,
  0x0a, 0x00, 0x44, 0x65, 0x73, 0x63, 0x72, 0x69, 0x70, 0x74, 0x69, 0x6f,
  0x6e, 0x00, 0x57, 0x61, 0x72, 0x6e, 0x69, 0x6e, 0x67, 0x3a, 0x20, 0x43,
  0x6f, 0x75, 0x6c, 0x64, 0x20, 0x6e, 0x6f, 0x74, 0x20, 0x6f, 0x70, 0x65,
  0x6e, 0x20, 0x66, 0x69, 0x6c, 0x65, 0x20, 0x27, 0x25, 0x73, 0x27, 0x2e,
  0x20, 0x43, 0x72, 0x65, 0x61, 0x74, 0x69, 0x6e, 0x67, 0x20, 0x6e, 0x65,
  0x77, 0x20, 0x49, 0x4e, 0x49, 0x20, 0x73, 0x74, 0x72, 0x75, 0x63, 0x74,
  0x75, 0x72, 0x65, 0x2e, 0x0a, 0x00, 0x44, 0x65, 0x6d, 0x6f, 0x6e, 0x73,
  0x74, 0x72, 0x61, 0x74, 0x65, 0x20, 0x75, 0x73, 0x61, 0x67, 0x65, 0x20,
  0x6f, 0x66, 0x20, 0x43, 0x58, 0x58, 0x20, 0x69, 0x6e, 0x20, 0x6d, 0x6f,
  0x64, 0x75, 0x6c, 0x65, 0x2e, 0x20, 0x42, 0x61, 0x73, 0x65, 0x64, 0x20,
  0x66, 0x72, 0x6f, 0x6d, 0x20, 0x4f, 0x70, 0x65, 0x6e, 0x4f, 0x72, 0x62,
  0x69, 0x73, 0x20, 0x60, 0x6c, 0x69, 0x62, 0x72, 0x61, 0x72, 0x79, 0x5f,
  0x65, 0x78, 0x61, 0x6d, 0x70, 0x6c, 0x65, 0x60, 0x00, 0x41, 0x72, 0x65,
  0x61, 0x4d, 0x61, 0x6e, 0x61, 0x67, 0x65, 0x72, 0x00, 0x2e, 0x63, 0x74,
  0x6f, 0x72, 0x00, 0x28, 0x25, 0x73, 0x3a, 0x25, 0x64, 0x29, 0x20, 0x46,
  0x61, 0x69, 0x6c, 0x65, 0x64, 0x20, 0x74, 0x6f, 0x20, 0x66, 0x69, 0x6e,
  0x64, 0x20, 0x53, 0x79, 0x73, 0x74, 0x65, 0x6d, 0x2e, 0x53, 0x74, 0x72,
  0x69, 0x6e, 0x67, 0x3a, 0x3a, 0x43, 0x6f, 0x6e, 0x63, 0x61, 0x74, 0x28,
  0x73, 0x74, 0x72, 0x69, 0x6e, 0x67, 0x2c, 0x20, 0x73, 0x74, 0x72, 0x69,
  0x6e, 0x67, 0x29, 0x0a, 0x00, 0x28, 0x25, 0x73, 0x3a, 0x25, 0x64, 0x29,
  0x20, 0x45, 0x78, 0x63, 0x65, 0x70, 0x74, 0x69, 0x6f, 0x6e, 0x3a, 0x20,
  0x25, 0x73, 0x0a, 0x00, 0x34, 0x35, 0x20, 0x38, 0x35, 0x20, 0x65, 0x34,
  0x20, 0x37, 0x38, 0x20, 0x3f, 0x20, 0x34, 0x38, 0x20, 0x38, 0x64, 0x20,
  0x37, 0x64, 0x20, 0x3f, 0x20, 0x65, 0x38, 0x20, 0x3f, 0x20, 0x3f, 0x20,
  0x3f, 0x20, 0x3f, 0x20, 0x34, 0x63, 0x20, 0x38, 0x39, 0x20, 0x66, 0x37,
  0x20, 0x34, 0x38, 0x20, 0x38, 0x39, 0x20, 0x63, 0x36, 0x00, 0x69, 0x6e,
  0x66, 0x6f, 0x2c, 0x20, 0x22, 0x34, 0x34, 0x20, 0x38, 0x39, 0x20, 0x66,
  0x66, 0x20, 0x34, 0x38, 0x20, 0x38, 0x39, 0x20, 0x63, 0x36, 0x20, 0x34,
  0x63, 0x20, 0x38, 0x39, 0x20, 0x65, 0x32, 0x20, 0x34, 0x38, 0x20, 0x38,
  0x39, 0x20, 0x63, 0x33, 0x20, 0x63, 0x36, 0x20, 0x30, 0x30, 0x20, 0x30,
  0x30, 0x20, 0x65, 0x38, 0x20, 0x3f, 0x20, 0x3f, 0x20, 0x3f, 0x20, 0x3f,
  0x20, 0x34, 0x31, 0x20, 0x38, 0x39, 0x20, 0x63, 0x37, 0x20, 0x38, 0x35,
  0x20, 0x63, 0x30, 0x20, 0x37, 0x34, 0x20, 0x3f, 0x20, 0x63, 0x36, 0x20,
  0x30, 0x33, 0x20, 0x30, 0x30, 0x22, 0x2c, 0x20, 0x31, 0x35, 0x2c, 0x20,
  0x28, 0x75, 0x69, 0x6e, 0x74, 0x70, 0x74, 0x72, 0x5f, 0x74, 0x29, 0x52,
  0x65, 0x67, 0x4d, 0x67, 0x72, 0x53, 0x74, 0x72, 0x2c, 0x20, 0x30, 0x00,
  0x2f, 0x64, 0x61, 0x74, 0x61, 0x2f, 0x68, 0x65, 0x6e, 0x2f, 0x70, 0x6c,
  0x75, 0x67, 0x69, 0x6e, 0x73, 0x2e, 0x69, 0x6e, 0x69, 0x00, 0x30, 0x00,
  0x28, 0x25, 0x73, 0x3a, 0x25, 0x64, 0x29, 0x20, 0x49, 0x64, 0x20, 0x25,
  0x73, 0x20, 0x56, 0x61, 0x6c, 0x75, 0x65, 0x20, 0x25, 0x73, 0x0a, 0x00,
  0x73, 0x63, 0x65, 0x4b, 0x65, 0x72, 0x6e, 0x65, 0x6c, 0x47, 0x65, 0x74,
  0x48, 0x77, 0x53, 0x65, 0x72, 0x69, 0x61, 0x6c, 0x4e, 0x75, 0x6d, 0x62,
  0x65, 0x72, 0x00, 0x30, 0x66, 0x20, 0x30, 0x62, 0x20, 0x39, 0x30, 0x20,
  0x39, 0x30, 0x20, 0x39, 0x30, 0x20, 0x39, 0x30, 0x20, 0x39, 0x30, 0x20,
  0x39, 0x30, 0x20, 0x39, 0x30, 0x20, 0x39, 0x30, 0x20, 0x39, 0x30, 0x20,
  0x39, 0x30, 0x20, 0x39, 0x30, 0x20, 0x39, 0x30, 0x20, 0x39, 0x30, 0x20,
  0x39, 0x30, 0x00, 0x28, 0x25, 0x73, 0x3a, 0x25, 0x64, 0x29, 0x20, 0x69,
  0x6e, 0x70, 0x75, 0x74, 0x20, 0x25, 0x73, 0x0a, 0x00, 0x34, 0x34, 0x20,
  0x38, 0x39, 0x20, 0x66, 0x66, 0x20, 0x34, 0x38, 0x20, 0x38, 0x39, 0x20,
  0x63, 0x36, 0x20, 0x34, 0x63, 0x20, 0x38, 0x39, 0x20, 0x65, 0x32, 0x20,
  0x34, 0x38, 0x20, 0x38, 0x39, 0x20, 0x63, 0x33, 0x20, 0x63, 0x36, 0x20,
  0x30, 0x30, 0x20, 0x30, 0x30, 0x20, 0x65, 0x38, 0x20, 0x3f, 0x20, 0x3f,
  0x20, 0x3f, 0x20, 0x3f, 0x20, 0x34, 0x31, 0x20, 0x38, 0x39, 0x20, 0x63,
  0x37, 0x20, 0x38, 0x35, 0x20, 0x63, 0x30, 0x20, 0x37, 0x34, 0x20, 0x3f,
  0x20, 0x63, 0x36, 0x20, 0x30, 0x33, 0x20, 0x30, 0x30, 0x00, 0x53, 0x63,
  0x65, 0x2e, 0x56, 0x73, 0x68, 0x2e, 0x53, 0x68, 0x65, 0x6c, 0x6c, 0x55,
  0x49, 0x2e, 0x53, 0x65, 0x74, 0x74, 0x69, 0x6e, 0x67, 0x73, 0x2e, 0x50,
  0x6b, 0x67, 0x49, 0x6e, 0x73, 0x74, 0x61, 0x6c, 0x6c, 0x65, 0x72, 0x00,
  0x2e, 0x2e, 0x2f, 0x70, 0x6c, 0x75, 0x67, 0x69, 0x6e, 0x5f, 0x6d, 0x6f,
  0x6e, 0x6f, 0x2f, 0x73, 0x6f, 0x75, 0x72, 0x63, 0x65, 0x2f, 0x73, 0x68,
  0x65, 0x6c, 0x6c, 0x75, 0x69, 0x5f, 0x70, 0x61, 0x74, 0x63, 0x68, 0x2f,
  0x73, 0x65, 0x74, 0x74, 0x69, 0x6e, 0x67, 0x73, 0x5f, 0x6d, 0x65, 0x6e,
  0x75, 0x2e, 0x63, 0x00, 0x67, 0x5f, 0x70, 0x6c, 0x75, 0x67, 0x69, 0x6e,
  0x44, 0x65, 0x73, 0x63, 0x00, 0x5b, 0x25, 0x73, 0x5d, 0x20, 0x28, 0x25,
  0x73, 0x3a, 0x25, 0x64, 0x29, 0x20, 0x53, 0x65, 0x74, 0x74, 0x69, 0x6e,
  0x67, 0x73, 0x41, 0x70, 0x70, 0x5f, 0x47, 0x65, 0x74, 0x49, 0x74, 0x65,
  0x6d, 0x3a, 0x20, 0x30, 0x78, 0x25, 0x70, 0x0a, 0x00, 0x28, 0x25, 0x73,
  0x3a, 0x25, 0x64, 0x29, 0x20, 0x5b, 0x25, 0x73, 0x5d, 0x20, 0x65, 0x6e,
  0x74, 0x65, 0x72, 0x0a, 0x00, 0x28, 0x25, 0x73, 0x3a, 0x25, 0x64, 0x29,
  0x20, 0x70, 0x61, 0x74, 0x68, 0x20, 0x25, 0x6c, 0x73, 0x20, 0x72, 0x65,
  0x74, 0x20, 0x30, 0x78, 0x25, 0x70, 0x0a, 0x00, 0x25, 0x64, 0x20, 0x25,
  0x6c, 0x78, 0x20, 0x25, 0x6c, 0x78, 0x20, 0x28, 0x25, 0x6c, 0x75, 0x29,
  0x20, 0x25, 0x78, 0x0a, 0x00, 0x2e, 0x2e, 0x2f, 0x70, 0x6c, 0x75, 0x67,
  0x69, 0x6e, 0x5f, 0x6d, 0x6f, 0x6e, 0x6f, 0x2f, 0x73, 0x6f, 0x75, 0x72,
  0x63, 0x65, 0x2f, 0x73, 0x68, 0x65, 0x6c, 0x6c, 0x75, 0x69, 0x5f, 0x70,
  0x61, 0x74, 0x63, 0x68, 0x2f, 0x64, 0x65, 0x76, 0x6b, 0x69, 0x74, 0x5f,
  0x69, 0x6e, 0x66, 0x6f, 0x2e, 0x63, 0x00, 0x53, 0x65, 0x74, 0x74, 0x69,
  0x6e, 0x67, 0x73, 0x48, 0x61, 0x6e, 0x64, 0x6c, 0x65, 0x72, 0x00, 0x53,
  0x65, 0x61, 0x72, 0x63, 0x68, 0x44, 0x69, 0x72, 0x00, 0x28, 0x25, 0x73,
  0x3a, 0x25, 0x64, 0x29, 0x20, 0x53, 0x65, 0x61, 0x63, 0x68, 0x44, 0x69,
  0x72, 0x20, 0x30, 0x78, 0x25, 0x6c, 0x78, 0x0a, 0x00, 0x2f, 0x64, 0x61,
  0x74, 0x61, 0x2f, 0x68, 0x65, 0x6e, 0x2f, 0x68, 0x65, 0x6e, 0x2e, 0x69,
  0x6e, 0x69, 0x00, 0x66, 0x69, 0x6c, 0x65, 0x3a, 0x2f, 0x2f, 0x2f, 0x75,
  0x73, 0x65, 0x72, 0x2f, 0x64, 0x61, 0x74, 0x61, 0x2f, 0x68, 0x65, 0x6e,
  0x2f, 0x73, 0x68, 0x65, 0x6c, 0x6c, 0x75, 0x69, 0x5f, 0x64, 0x61, 0x74,
  0x61, 0x2f, 0x69, 0x63, 0x6f, 0x6e, 0x73, 0x2f, 0x68, 0x65, 0x6e, 0x5f,
  0x73, 0x65, 0x74, 0x74, 0x69, 0x6e, 0x67, 0x73, 0x5f, 0x69, 0x63, 0x6f,
  0x6e, 0x2e, 0x70, 0x6e, 0x67, 0x00, 0x69, 0x6e, 0x69, 0x74, 0x69, 0x61,
  0x6c, 0x5f, 0x66, 0x6f, 0x63, 0x75, 0x73, 0x5f, 0x74, 0x6f, 0x3d, 0x22,
  0x68, 0x65, 0x6e, 0x5f, 0x73, 0x65, 0x74, 0x74, 0x69, 0x6e, 0x67, 0x73,
  0x22, 0x3e, 0x0d, 0x0a, 0x00, 0x28, 0x25, 0x73, 0x3a, 0x25, 0x64, 0x29,
  0x20, 0x49, 0x6e, 0x73, 0x65, 0x72, 0x74, 0x4d, 0x65, 0x6e, 0x75, 0x49,
  0x74, 0x65, 0x6d, 0x20, 0x30, 0x78, 0x25, 0x70, 0x0a, 0x00, 0x2f, 0x61,
  0x70, 0x70, 0x30, 0x2f, 0x70, 0x73, 0x6d, 0x2f, 0x41, 0x70, 0x70, 0x6c,
  0x69, 0x63, 0x61, 0x74, 0x69, 0x6f, 0x6e, 0x2f, 0x61, 0x70, 0x70, 0x2e,
  0x65, 0x78, 0x65, 0x00, 0x2f, 0x25, 0x73, 0x2f, 0x63, 0x6f, 0x6d, 0x6d,
  0x6f, 0x6e, 0x2f, 0x6c, 0x69, 0x62, 0x2f, 0x53, 0x63, 0x65, 0x2e, 0x50,
  0x6c, 0x61, 0x79, 0x53, 0x74, 0x61, 0x74, 0x69, 0x6f, 0x6e, 0x2e, 0x43,
  0x6f, 0x72, 0x65, 0x2e, 0x64, 0x6c, 0x6c, 0x00, 0x43, 0x68, 0x65, 0x63,
  0x6b, 0x52, 0x75, 0x6e, 0x6e, 0x69, 0x6e, 0x67, 0x4f, 0x6e, 0x4d, 0x61,
  0x69, 0x6e, 0x54, 0x68, 0x72, 0x65, 0x61, 0x64, 0x00, 0x28, 0x25, 0x73,
  0x3a, 0x25, 0x64, 0x29, 0x20, 0x72, 0x65, 0x74, 0x75, 0x72, 0x6e, 0x69,
  0x6e, 0x67, 0x20, 0x74, 0x6f, 0x20, 0x30, 0x78, 0x25, 0x6c, 0x78, 0x0a,
  0x00, 0x28, 0x25, 0x73, 0x3a, 0x25, 0x64, 0x29, 0x20, 0x46, 0x61, 0x69,
  0x6c, 0x65, 0x64, 0x20, 0x74, 0x6f, 0x20, 0x61, 0x6c, 0x6c, 0x6f, 0x63,
  0x61, 0x74, 0x65, 0x20, 0x6d, 0x6f, 0x6e, 0x6f, 0x20, 0x73, 0x74, 0x72,
  0x65, 0x61, 0x6d, 0x21, 0x20, 0x42, 0x75, 0x66, 0x66, 0x65, 0x72, 0x20,
  0x30, 0x78, 0x25, 0x70, 0x20, 0x53, 0x69, 0x7a, 0x65, 0x20, 0x25, 0x75,
  0x0a, 0x00, 0x4d, 0x6f, 0x6e, 0x6f, 0x5f, 0x46, 0x69, 0x6c, 0x65, 0x5f,
  0x53, 0x74, 0x72, 0x65, 0x61, 0x6d, 0x00, 0x28, 0x25, 0x73, 0x3a, 0x25,
  0x64, 0x29, 0x20, 0x46, 0x61, 0x69, 0x6c, 0x65, 0x64, 0x20, 0x74, 0x6f,
  0x20, 0x66, 0x69, 0x6e, 0x64, 0x20, 0x25, 0x73, 0x20, 0x6d, 0x65, 0x74,
  0x68, 0x6f, 0x64, 0x2e, 0x0a, 0x00, 0x28, 0x25, 0x73, 0x3a, 0x25, 0x64,
  0x29, 0x20, 0x73, 0x79, 0x73, 0x74, 0x65, 0x6d, 0x5f, 0x6e, 0x61, 0x6d,
  0x65, 0x5f, 0x73, 0x74, 0x72, 0x20, 0x30, 0x78, 0x25, 0x6c, 0x78, 0x0a,
  0x00, 0x54, 0x6f, 0x70, 0x4d, 0x65, 0x6e, 0x75, 0x50, 0x6c, 0x75, 0x67,
  0x69, 0x6e, 0x00, 0x28, 0x25, 0x73, 0x3a, 0x25, 0x64, 0x29, 0x20, 0x73,
  0x74, 0x72, 0x5f, 0x6c, 0x65, 0x6e, 0x5f, 0x6c, 0x65, 0x31, 0x20, 0x25,
  0x64, 0x0a, 0x00, 0x45, 0x6c, 0x65, 0x6d, 0x65, 0x6e, 0x74, 0x44, 0x61,
  0x74, 0x61, 0x00, 0x77, 0x00, 0x28, 0x25, 0x73, 0x3a, 0x25, 0x64, 0x29,
  0x20, 0x41, 0x74, 0x74, 0x65, 0x6d, 0x70, 0x74, 0x69, 0x6e, 0x67, 0x20,
  0x74, 0x6f, 0x20, 0x6d, 0x65, 0x6d, 0x73, 0x65, 0x74, 0x20, 0x70, 0x69,
  0x64, 0x20, 0x25, 0x64, 0x20, 0x77, 0x69, 0x74, 0x68, 0x20, 0x6c, 0x65,
  0x6e, 0x67, 0x74, 0x68, 0x20, 0x25, 0x6c, 0x75, 0x20, 0x69, 0x73, 0x20,
  0x6c, 0x61, 0x72, 0x67, 0x65, 0x72, 0x20, 0x74, 0x68, 0x61, 0x6e, 0x20,
  0x6d, 0x61, 0x78, 0x69, 0x6d, 0x75, 0x6d, 0x20, 0x6c, 0x65, 0x6e, 0x67,
  0x74, 0x68, 0x20, 0x25, 0x6c, 0x75, 0x0a, 0x00, 0x28, 0x25, 0x73, 0x3a,
  0x25, 0x64, 0x29, 0x20, 0x69, 0x6e, 0x70, 0x75, 0x74, 0x20, 0x66, 0x6f,
  0x75, 0x6e, 0x64, 0x20, 0x30, 0x78, 0x25, 0x70, 0x0a, 0x00, 0x46, 0x61,
  0x69, 0x6c, 0x65, 0x64, 0x20, 0x74, 0x6f, 0x20, 0x61, 0x6c, 0x6c, 0x6f,
  0x63, 0x61, 0x74, 0x65, 0x20, 0x73, 0x74, 0x72, 0x69, 0x6e, 0x67, 0x20,
  0x66, 0x6f, 0x72, 0x20, 0x25, 0x73, 0x0a, 0x00, 0x63, 0x72, 0x65, 0x61,
  0x74, 0x65, 0x4f, 0x66, 0x66, 0x6c, 0x69, 0x6e, 0x65, 0x50, 0x61, 0x6e,
  0x65, 0x6c, 0x00, 0x73, 0x63, 0x65, 0x4b, 0x65, 0x72, 0x6e, 0x65, 0x6c,
  0x47, 0x65, 0x74, 0x44, 0x65, 0x62, 0x75, 0x67, 0x4d, 0x65, 0x6e, 0x75,
  0x4d, 0x6f, 0x64, 0x65, 0x46, 0x6f, 0x72, 0x52, 0x63, 0x6d, 0x67, 0x72,
  0x00, 0x7b, 0x0a, 0x20, 0x20, 0x20, 0x22, 0x68, 0x6f, 0x73, 0x74, 0x6e,
  0x61, 0x6d, 0x65, 0x22, 0x3a, 0x20, 0x22, 0x25, 0x73, 0x22, 0x2c, 0x0a,
  0x20, 0x20, 0x20, 0x22, 0x68, 0x77, 0x61, 0x64, 0x64, 0x72, 0x22, 0x3a,
  0x20, 0x22, 0x25, 0x73, 0x22, 0x2c, 0x0a, 0x20, 0x20, 0x20, 0x22, 0x69,
  0x70, 0x61, 0x64, 0x64, 0x72, 0x22, 0x3a, 0x20, 0x22, 0x25, 0x73, 0x22,
  0x0a, 0x7d, 0x0a, 0x00, 0x25, 0x73, 0x20, 0x3d, 0x20, 0x25, 0x73, 0x20,
  0x3b, 0x20, 0x25, 0x73, 0x0a, 0x00, 0x49, 0x4e, 0x49, 0x20, 0x46, 0x69,
  0x6c, 0x65, 0x3a, 0x20, 0x25, 0x73, 0x0a, 0x00, 0x4f, 0x70, 0x65, 0x6e,
  0x00, 0x53, 0x63, 0x65, 0x2e, 0x56, 0x73, 0x68, 0x2e, 0x53, 0x68, 0x65,
  0x6c, 0x6c, 0x55, 0x49, 0x2e, 0x53, 0x65, 0x74, 0x74, 0x69, 0x6e, 0x67,
  0x73, 0x2e, 0x53, 0x65, 0x74, 0x74, 0x69, 0x6e, 0x67, 0x73, 0x52, 0x6f,
  0x6f, 0x74, 0x00, 0x28, 0x25, 0x73, 0x3a, 0x25, 0x64, 0x29, 0x20, 0x5b,
  0x25, 0x73, 0x5d, 0x20, 0x61, 0x6c, 0x72, 0x65, 0x61, 0x64, 0x79, 0x20,
  0x70, 0x61, 0x74, 0x63, 0x68, 0x65, 0x64, 0x0a, 0x00, 0x53, 0x65, 0x61,
  0x72, 0x63, 0x68, 0x4a, 0x6f, 0x62, 0x00, 0x2e, 0x70, 0x72, 0x78, 0x00,
  0x28, 0x25, 0x73, 0x3a, 0x25, 0x64, 0x29, 0x20, 0x63, 0x74, 0x6f, 0x72,
  0x20, 0x30, 0x78, 0x25, 0x6c, 0x78, 0x0a, 0x00, 0x69, 0x6c, 0x6c, 0x75,
  0x73, 0x69, 0x6f, 0x6e, 0x79, 0x00, 0x2f, 0x64, 0x61, 0x74, 0x61, 0x2f,
  0x68, 0x65, 0x6e, 0x2f, 0x73, 0x68, 0x65, 0x6c, 0x6c, 0x75, 0x69, 0x5f,
  0x64, 0x61, 0x74, 0x61, 0x00, 0x28, 0x25, 0x73, 0x3a, 0x25, 0x64, 0x29,
  0x20, 0x4e, 0x75, 0x6c, 0x6c, 0x20, 0x63, 0x6c, 0x61, 0x73, 0x73, 0x20,
  0x6f, 0x72, 0x20, 0x70, 0x72, 0x6f, 0x70, 0x65, 0x72, 0x74, 0x79, 0x20,
  0x6e, 0x61, 0x6d, 0x65, 0x0a, 0x00, 0x67, 0x65, 0x74, 0x5f, 0x49, 0x74,
  0x65, 0x6d, 0x00, 0x67, 0x65, 0x74, 0x69, 0x66, 0x61, 0x64, 0x64, 0x72,
  0x73, 0x00, 0x2e, 0x73, 0x70, 0x72, 0x78, 0x00, 0x4e, 0x65, 0x77, 0x4f,
  0x6e, 0x43, 0x68, 0x65, 0x63, 0x6b, 0x56, 0x69, 0x73, 0x69, 0x62, 0x6c,
  0x65, 0x00, 0x53, 0x63, 0x65, 0x2e, 0x56, 0x73, 0x68, 0x2e, 0x53, 0x68,
  0x65, 0x6c, 0x6c, 0x55, 0x49, 0x2e, 0x73, 0x72, 0x63, 0x2e, 0x53, 0x63,
  0x65, 0x2e, 0x56, 0x73, 0x68, 0x2e, 0x53, 0x68, 0x65, 0x6c, 0x6c, 0x55,
  0x49, 0x2e, 0x53, 0x65, 0x74, 0x74, 0x69, 0x6e, 0x67, 0x73, 0x2e, 0x50,
  0x6c, 0x75, 0x67, 0x69, 0x6e, 0x73, 0x2e, 0x50, 0x6b, 0x67, 0x49, 0x6e,
  0x73, 0x74, 0x61, 0x6c, 0x6c, 0x65, 0x72, 0x2e, 0x64, 0x61, 0x74, 0x61,
  0x2e, 0x70, 0x6b, 0x67, 0x69, 0x6e, 0x73, 0x74, 0x61, 0x6c, 0x6c, 0x65,
  0x72, 0x2e, 0x78, 0x6d, 0x6c, 0x00, 0x28, 0x25, 0x73, 0x3a, 0x25, 0x64,
  0x29, 0x20, 0x46, 0x69, 0x72, 0x69, 0x6e, 0x67, 0x20, 0x72, 0x65, 0x73,
  0x65, 0x74, 0x20, 0x77, 0x69, 0x74, 0x68, 0x20, 0x69, 0x64, 0x20, 0x25,
  0x73, 0x0a, 0x00, 0x42, 0x6f, 0x6f, 0x74, 0x41, 0x6e, 0x64, 0x41, 0x64,
  0x64, 0x00, 0x28, 0x25, 0x73, 0x3a, 0x25, 0x64, 0x29, 0x20, 0x5b, 0x25,
  0x73, 0x5d, 0x20, 0x25, 0x73, 0x20, 0x72, 0x65, 0x74, 0x75, 0x72, 0x6e,
  0x20, 0x25, 0x64, 0x0a, 0x00, 0x2f, 0x64, 0x61, 0x74, 0x61, 0x2f, 0x68,
  0x65, 0x6e, 0x00, 0x50, 0x61, 0x67, 0x65, 0x44, 0x65, 0x66, 0x61, 0x75,
  0x6c, 0x74, 0x00, 0x55, 0x6e, 0x6b, 0x6e, 0x6f, 0x77, 0x6e, 0x00, 0x61,
  0x6c, 0x6c, 0x00, 0x2e, 0x2e, 0x2f, 0x70, 0x6c, 0x75, 0x67, 0x69, 0x6e,
  0x5f, 0x6d, 0x6f, 0x6e, 0x6f, 0x2f, 0x73, 0x6f, 0x75, 0x72, 0x63, 0x65,
  0x2f, 0x73, 0x68, 0x65, 0x6c, 0x6c, 0x75, 0x69, 0x5f, 0x6d, 0x6f, 0x6e,
  0x6f, 0x2e, 0x63, 0x00, 0x2f, 0x75, 0x73, 0x65, 0x72, 0x2f, 0x74, 0x65,
  0x6d, 0x70, 0x2f, 0x25, 0x73, 0x00, 0x66, 0x6f, 0x75, 0x6e, 0x64, 0x20,
  0x73, 0x79, 0x6d, 0x62, 0x6f, 0x6c, 0x20, 0x61, 0x74, 0x20, 0x30, 0x78,
  0x25, 0x70, 0x20, 0x28, 0x25, 0x73, 0x29, 0x20, 0x66, 0x75, 0x6e, 0x63,
  0x20, 0x30, 0x78, 0x25, 0x6c, 0x78, 0x0a, 0x00, 0x28, 0x25, 0x73, 0x3a,
  0x25, 0x64, 0x29, 0x20, 0x46, 0x61, 0x69, 0x6c, 0x65, 0x64, 0x20, 0x74,
  0x6f, 0x20, 0x66, 0x69, 0x6e, 0x64, 0x20, 0x25, 0x73, 0x20, 0x63, 0x6c,
  0x61, 0x73, 0x73, 0x2e, 0x0a, 0x00, 0x53, 0x65, 0x74, 0x74, 0x69, 0x6e,
  0x67, 0x73, 0x41, 0x70, 0x70, 0x6c, 0x69, 0x63, 0x61, 0x74, 0x69, 0x6f,
  0x6e, 0x00, 0x53, 0x74, 0x61, 0x72, 0x74, 0x53, 0x65, 0x74, 0x74, 0x69,
  0x6e, 0x67, 0x73, 0x50, 0x61, 0x67, 0x65, 0x00, 0x73, 0x63, 0x65, 0x4b,
  0x65, 0x72, 0x6e, 0x65, 0x6c, 0x47, 0x65, 0x74, 0x55, 0x74, 0x6f, 0x6b,
  0x65, 0x6e, 0x53, 0x74, 0x6f, 0x72, 0x65, 0x4d, 0x6f, 0x64, 0x65, 0x46,
  0x6f, 0x72, 0x52, 0x63, 0x6d, 0x67, 0x72, 0x00, 0x54, 0x79, 0x70, 0x65,
  0x00, 0x55, 0x6e, 0x61, 0x62, 0x6c, 0x65, 0x20, 0x74, 0x6f, 0x20, 0x6f,
  0x70, 0x65, 0x6e, 0x20, 0x60, 0x2f, 0x64, 0x61, 0x74, 0x61, 0x2f, 0x68,
  0x65, 0x6e, 0x2f, 0x70, 0x6c, 0x75, 0x67, 0x69, 0x6e, 0x73, 0x60, 0x2e,
  0x00, 0x09, 0x09, 0x3c, 0x6c, 0x69, 0x6e, 0x6b, 0x20, 0x69, 0x64, 0x3d,
  0x22, 0x68, 0x65, 0x6e, 0x5f, 0x73, 0x65, 0x74, 0x74, 0x69, 0x6e, 0x67,
  0x73, 0x22, 0x20, 0x74, 0x69, 0x74, 0x6c, 0x65, 0x3d, 0x22, 0xe2, 0x98,
  0x85, 0x20, 0x48, 0x45, 0x4e, 0x20, 0x53, 0x65, 0x74, 0x74, 0x69, 0x6e,
  0x67, 0x73, 0x22, 0x20, 0x66, 0x69, 0x6c, 0x65, 0x3d, 0x22, 0x68, 0x65,
  0x6e, 0x5f, 0x73, 0x65, 0x74, 0x74, 0x69, 0x6e, 0x67, 0x73, 0x2e, 0x78,
  0x6d, 0x6c, 0x22, 0x20, 0x69, 0x63, 0x6f, 0x6e, 0x3d, 0x22, 0x66, 0x69,
  0x6c, 0x65, 0x3a, 0x2f, 0x2f, 0x2f, 0x64, 0x61, 0x74, 0x61, 0x2f, 0x68,
  0x65, 0x6e, 0x2f, 0x73, 0x68, 0x65, 0x6c, 0x6c, 0x75, 0x69, 0x5f, 0x64,
  0x61, 0x74, 0x61, 0x2f, 0x69, 0x63, 0x6f, 0x6e, 0x73, 0x2f, 0x68, 0x65,
  0x6e, 0x5f, 0x73, 0x65, 0x74, 0x74, 0x69, 0x6e, 0x67, 0x73, 0x5f, 0x69,
  0x63, 0x6f, 0x6e, 0x2e, 0x70, 0x6e, 0x67, 0x22, 0x20, 0x2f, 0x3e, 0x0d,
  0x0a, 0x00, 0x42, 0x6f, 0x6f, 0x74, 0x48, 0x65, 0x6c, 0x70, 0x65, 0x72,
  0x00, 0x00, 0x00, 0x00, 0x00, 0x00, 0x00, 0x00, 0x3c, 0x3f, 0x78, 0x6d,
  0x6c, 0x20, 0x76, 0x65, 0x72, 0x73, 0x69, 0x6f, 0x6e, 0x3d, 0x22, 0x31,
  0x2e, 0x30, 0x22, 0x20, 0x65, 0x6e, 0x63, 0x6f, 0x64, 0x69, 0x6e, 0x67,
  0x3d, 0x22, 0x75, 0x74, 0x66, 0x2d, 0x38, 0x22, 0x20, 0x3f, 0x3e, 0x0a,
  0x3c, 0x73, 0x79, 0x73, 0x74, 0x65, 0x6d, 0x5f, 0x73, 0x65, 0x74, 0x74,
  0x69, 0x6e, 0x67, 0x73, 0x20, 0x76, 0x65, 0x72, 0x73, 0x69, 0x6f, 0x6e,
  0x3d, 0x22, 0x31, 0x2e, 0x30, 0x22, 0x20, 0x70, 0x6c, 0x75, 0x67, 0x69,
  0x6e, 0x3d, 0x22, 0x73, 0x65, 0x74, 0x74, 0x69, 0x6e, 0x67, 0x73, 0x5f,
  0x72, 0x6f, 0x6f, 0x74, 0x5f, 0x70, 0x6c, 0x75, 0x67, 0x69, 0x6e, 0x22,
  0x3e, 0x0a, 0x20, 0x20, 0x3c, 0x73, 0x65, 0x74, 0x74, 0x69, 0x6e, 0x67,
  0x5f, 0x6c, 0x69, 0x73, 0x74, 0x20, 0x69, 0x64, 0x3d, 0x22, 0x69, 0x64,
  0x5f, 0x68, 0x65, 0x6e, 0x5f, 0x73, 0x65, 0x74, 0x74, 0x69, 0x6e, 0x67,
  0x73, 0x22, 0x20, 0x74, 0x69, 0x74, 0x6c, 0x65, 0x3d, 0x22, 0xe2, 0x98,
  0x85, 0x20, 0x48, 0x45, 0x4e, 0x20, 0x53, 0x65, 0x74, 0x74, 0x69, 0x6e,
  0x67, 0x73, 0x22, 0x20, 0x69, 0x6e, 0x69, 0x74, 0x69, 0x61, 0x6c, 0x5f,
  0x66, 0x6f, 0x63, 0x75, 0x73, 0x5f, 0x74, 0x6f, 0x3d, 0x22, 0x69, 0x64,
  0x5f, 0x67, 0x61, 0x6d, 0x65, 0x5f, 0x70, 0x61, 0x63, 0x6b, 0x61, 0x67,
  0x65, 0x5f, 0x69, 0x6e, 0x73, 0x74, 0x61, 0x6c, 0x6c, 0x65, 0x72, 0x5f,
  0x68, 0x64, 0x64, 0x22, 0x3e, 0x0a, 0x20, 0x20, 0x20, 0x20, 0x3c, 0x73,
  0x65, 0x74, 0x74, 0x69, 0x6e, 0x67, 0x5f, 0x6c, 0x69, 0x73, 0x74, 0x20,
  0x69, 0x64, 0x3d, 0x22, 0x70, 0x61, 0x79, 0x6c, 0x6f, 0x61, 0x64, 0x5f,
  0x6f, 0x70, 0x74, 0x69, 0x6f, 0x6e, 0x73, 0x22, 0x20, 0x74, 0x69, 0x74,
  0x6c, 0x65, 0x3d, 0x22, 0xe2, 0x98, 0x85, 0x20, 0x50, 0x61, 0x79, 0x6c,
  0x6f, 0x61, 0x64, 0x20, 0x4f, 0x70, 0x74, 0x69, 0x6f, 0x6e, 0x73, 0x20,
  0x28, 0x52, 0x65, 0x73, 0x74, 0x61, 0x72, 0x74, 0x20, 0x52, 0x65, 0x71,
  0x75, 0x69, 0x72, 0x65, 0x64, 0x29, 0x22, 0x20, 0x69, 0x6e, 0x69, 0x74,
  0x69, 0x61, 0x6c, 0x5f, 0x66, 0x6f, 0x63, 0x75, 0x73, 0x5f, 0x74, 0x6f,
  0x3d, 0x22, 0x73, 0x65, 0x74, 0x74, 0x69, 0x6e, 0x67, 0x73, 0x5f, 0x65,
  0x78, 0x70, 0x6c, 0x6f, 0x69, 0x74, 0x5f, 0x66, 0x69, 0x78, 0x65, 0x73,
  0x22, 0x3e, 0x0a, 0x20, 0x20, 0x20, 0x20, 0x20, 0x20, 0x3c, 0x21, 0x2d,
  0x2d, 0x20, 0x54, 0x68, 0x65, 0x20, 0x49, 0x44, 0x73, 0x20, 0x6d, 0x75,
  0x73, 0x74, 0x20, 0x6d, 0x61, 0x74, 0x63, 0x68, 0x20, 0x69, 0x6e, 0x69,
  0x20, 0x6b, 0x65, 0x79, 0x73, 0x21, 0x20, 0x2d, 0x2d, 0x3e, 0x0a, 0x20,
  0x20, 0x20, 0x20, 0x20, 0x20, 0x3c, 0x74, 0x6f, 0x67, 0x67, 0x6c, 0x65,
  0x5f, 0x73, 0x77, 0x69, 0x74, 0x63, 0x68, 0x20, 0x69, 0x64, 0x3d, 0x22,
  0x65, 0x78, 0x70, 0x6c, 0x6f, 0x69, 0x74, 0x5f, 0x66, 0x69, 0x78, 0x65,
  0x73, 0x22, 0x20, 0x74, 0x69, 0x74, 0x6c, 0x65, 0x3d, 0x22, 0x45, 0x6e,
  0x61, 0x62, 0x6c, 0x65, 0x20, 0x65, 0x78, 0x70, 0x6c, 0x6f, 0x69, 0x74,
  0x20, 0x66, 0x69, 0x78, 0x65, 0x73, 0x22, 0x20, 0x64, 0x65, 0x73, 0x63,
  0x72, 0x69, 0x70, 0x74, 0x69, 0x6f, 0x6e, 0x3d, 0x22, 0x41, 0x74, 0x74,
  0x65, 0x6d, 0x70, 0x74, 0x73, 0x20, 0x74, 0x6f, 0x20, 0x72, 0x65, 0x70,
  0x61, 0x74, 0x63, 0x68, 0x20, 0x62, 0x61, 0x64, 0x2f, 0x6d, 0x69, 0x73,
  0x73, 0x69, 0x6e, 0x67, 0x20, 0x70, 0x61, 0x74, 0x63, 0x68, 0x65, 0x73,
  0x20, 0x74, 0x68, 0x61, 0x74, 0x20, 0x73, 0x68, 0x6f, 0x75, 0x6c, 0x64,
  0x20, 0x68, 0x61, 0x76, 0x65, 0x20, 0x62, 0x65, 0x65, 0x6e, 0x20, 0x6d,
  0x61, 0x64, 0x65, 0x20, 0x62, 0x79, 0x20, 0x74, 0x68, 0x65, 0x20, 0x65,
  0x78, 0x70, 0x6c, 0x6f, 0x69, 0x74, 0x2e, 0x26, 0x23, 0x78, 0x61, 0x3b,
  0x54, 0x68, 0x69, 0x73, 0x20, 0x68, 0x65, 0x6c, 0x70, 0x73, 0x20, 0x65,
  0x6e, 0x73, 0x75, 0x72, 0x65, 0x20, 0x73, 0x79, 0x73, 0x74, 0x65, 0x6d,
  0x20, 0x73, 0x74, 0x61, 0x62, 0x69, 0x6c, 0x69, 0x74, 0x79, 0x20, 0x61,
  0x66, 0x74, 0x65, 0x72, 0x20, 0x74, 0x68, 0x65, 0x20, 0x69, 0x6e, 0x69,
  0x74, 0x69, 0x61, 0x6c, 0x20, 0x6a, 0x61, 0x69, 0x6c, 0x62, 0x72, 0x65,
  0x61, 0x6b, 0x20, 0x70, 0x72, 0x6f, 0x63, 0x65, 0x73, 0x73, 0x2e, 0x22,
  0x20, 0x76, 0x61, 0x6c, 0x75, 0x65, 0x3d, 0x22, 0x30, 0x22, 0x2f, 0x3e,
  0x0a, 0x20, 0x20, 0x20, 0x20, 0x20, 0x20, 0x3c, 0x74, 0x6f, 0x67, 0x67,
  0x6c, 0x65, 0x5f, 0x73, 0x77, 0x69, 0x74, 0x63, 0x68, 0x20, 0x69, 0x64,
  0x3d, 0x22, 0x6d, 0x6d, 0x61, 0x70, 0x5f, 0x70, 0x61, 0x74, 0x63, 0x68,
  0x65, 0x73, 0x22, 0x20, 0x74, 0x69, 0x74, 0x6c, 0x65, 0x3d, 0x22, 0x45,
  0x6e, 0x61, 0x62, 0x6c, 0x65, 0x20, 0x6d, 0x65, 0x6d, 0x6f, 0x72, 0x79,
  0x20, 0x6d, 0x61, 0x70, 0x70, 0x69, 0x6e, 0x67, 0x20, 0x70, 0x61, 0x74,
  0x63, 0x68, 0x65, 0x73, 0x22, 0x20, 0x64, 0x65, 0x73, 0x63, 0x72, 0x69,
  0x70, 0x74, 0x69, 0x6f, 0x6e, 0x3d, 0x22, 0x45, 0x6e, 0x61, 0x62, 0x6c,
  0x65, 0x20, 0x6d, 0x65, 0x6d, 0x6f, 0x72, 0x79, 0x20, 0x6d, 0x61, 0x70,
  0x70, 0x69, 0x6e, 0x67, 0x20, 0x70, 0x61, 0x74, 0x63, 0x68, 0x65, 0x73,
  0x20, 0x66, 0x6f, 0x72, 0x20, 0x64, 0x65, 0x63, 0x72, 0x79, 0x70, 0x74,
  0x69, 0x6e, 0x67, 0x20, 0x62, 0x69, 0x6e, 0x61, 0x72, 0x79, 0x20, 0x66,
  0x69, 0x6c, 0x65, 0x73, 0x2e, 0x26, 0x23, 0x78, 0x61, 0x3b, 0x54, 0x68,
  0x65, 0x73, 0x65, 0x20, 0x70, 0x61, 0x74, 0x63, 0x68, 0x65, 0x73, 0x20,
  0x61, 0x6c, 0x6c, 0x6f, 0x77, 0x20, 0x74, 0x68, 0x65, 0x20, 0x73, 0x79,
  0x73, 0x74, 0x65, 0x6d, 0x20, 0x74, 0x6f, 0x20, 0x70, 0x72, 0x6f, 0x70,
  0x65, 0x72, 0x6c, 0x79, 0x20, 0x68, 0x61, 0x6e, 0x64, 0x6c, 0x65, 0x20,
  0x65, 0x6e, 0x63, 0x72, 0x79, 0x70, 0x74, 0x65, 0x64, 0x20, 0x65, 0x78,
  0x65, 0x63, 0x75, 0x74, 0x61, 0x62, 0x6c, 0x65, 0x73, 0x20, 0x61, 0x6e,
  0x64, 0x20, 0x6c, 0x69, 0x62, 0x72, 0x61, 0x72, 0x69, 0x65, 0x73, 0x2e,
  0x22, 0x20, 0x76, 0x61, 0x6c, 0x75, 0x65, 0x3d, 0x22, 0x30, 0x22, 0x2f,
  0x3e, 0x0a, 0x20, 0x20, 0x20, 0x20, 0x20, 0x20, 0x3c, 0x74, 0x6f, 0x67,
  0x67, 0x6c, 0x65, 0x5f, 0x73, 0x77, 0x69, 0x74, 0x63, 0x68, 0x20, 0x69,
  0x64, 0x3d, 0x22, 0x62, 0x6c, 0x6f, 0x63, 0x6b, 0x5f, 0x75, 0x70, 0x64,
  0x61, 0x74, 0x65, 0x73, 0x22, 0x20, 0x74, 0x69, 0x74, 0x6c, 0x65, 0x3d,
  0x22, 0x42, 0x6c, 0x6f, 0x63, 0x6b, 0x20, 0x66, 0x69, 0x72, 0x6d, 0x77,
  0x61, 0x72, 0x65, 0x20, 0x75, 0x70, 0x64, 0x61, 0x74, 0x65, 0x73, 0x22,
  0x20, 0x64, 0x65, 0x73, 0x63, 0x72, 0x69, 0x70, 0x74, 0x69, 0x6f, 0x6e,
  0x3d, 0x22, 0x42, 0x6c, 0x6f, 0x63, 0x6b, 0x20, 0x63, 0x6f, 0x6e, 0x73,
  0x6f, 0x6c, 0x65, 0x20, 0x66, 0x69, 0x72, 0x6d, 0x77, 0x61, 0x72, 0x65,
  0x20, 0x75, 0x70, 0x64, 0x61, 0x74, 0x65, 0x73, 0x20, 0x62, 0x79, 0x20,
  0x75, 0x6e, 0x6d, 0x6f, 0x75, 0x6e, 0x74, 0x69, 0x6e, 0x67, 0x20, 0x74,
  0x68, 0x65, 0x20, 0x60, 0x2f, 0x75, 0x70, 0x64, 0x61, 0x74, 0x65, 0x60,
  0x20, 0x70, 0x61, 0x72, 0x74, 0x69, 0x74, 0x69, 0x6f, 0x6e, 0x2e, 0x26,
  0x23, 0x78, 0x61, 0x3b, 0x54, 0x68, 0x69, 0x73, 0x20, 0x70, 0x72, 0x65,
  0x76, 0x65, 0x6e, 0x74, 0x73, 0x20, 0x61, 0x63, 0x63, 0x69, 0x64, 0x65,
  0x6e, 0x74, 0x61, 0x6c, 0x20, 0x66, 0x69, 0x72, 0x6d, 0x77, 0x61, 0x72,
  0x65, 0x20, 0x75, 0x70, 0x64, 0x61, 0x74, 0x65, 0x73, 0x20, 0x74, 0x68,
  0x61, 0x74, 0x20, 0x63, 0x6f, 0x75, 0x6c, 0x64, 0x20, 0x70, 0x61, 0x74,
  0x63, 0x68, 0x20, 0x74, 0x68, 0x65, 0x20, 0x65, 0x78, 0x70, 0x6c, 0x6f,
  0x69, 0x74, 0x73, 0x2e, 0x22, 0x20, 0x76, 0x61, 0x6c, 0x75, 0x65, 0x3d,
  0x22, 0x30, 0x22, 0x20, 0x63, 0x6f, 0x6e, 0x66, 0x69, 0x72, 0x6d, 0x3d,
  0x22, 0x41, 0x72, 0x65, 0x20, 0x79, 0x6f, 0x75, 0x20, 0x73, 0x75, 0x72,
  0x65, 0x20, 0x79, 0x6f, 0x75, 0x20, 0x77, 0x61, 0x6e, 0x74, 0x20, 0x74,
  0x6f, 0x20, 0x64, 0x69, 0x73, 0x61, 0x62, 0x6c, 0x65, 0x20, 0x74, 0x68,
  0x69, 0x73, 0x20, 0x73, 0x65, 0x74, 0x74, 0x69, 0x6e, 0x67, 0x3f, 0x20,
  0x44, 0x69, 0x73, 0x61, 0x62, 0x6c, 0x69, 0x6e, 0x67, 0x20, 0x6d, 0x69,
  0x67, 0x68, 0x74, 0x20, 0x6c, 0x65, 0x61, 0x64, 0x20, 0x74, 0x6f, 0x20,
  0x61, 0x63, 0x63, 0x69, 0x64, 0x65, 0x6e, 0x74, 0x61, 0x6c, 0x20, 0x75,
  0x70, 0x64, 0x61, 0x74, 0x65, 0x73, 0x2e, 0x22, 0x20, 0x63, 0x6f, 0x6e,
  0x66, 0x69, 0x72, 0x6d, 0x5f, 0x70, 0x68, 0x72, 0x61, 0x73, 0x65, 0x3d,
  0x22, 0x59, 0x65, 0x73, 0x2c, 0x4e, 0x6f, 0x22, 0x20, 0x2f, 0x3e, 0x0a,
  0x20, 0x20, 0x20, 0x20, 0x20, 0x20, 0x3c, 0x74, 0x6f, 0x67, 0x67, 0x6c,
  0x65, 0x5f, 0x73, 0x77, 0x69, 0x74, 0x63, 0x68, 0x20, 0x69, 0x64, 0x3d,
  0x22, 0x64, 0x69, 0x73, 0x61, 0x62, 0x6c, 0x65, 0x5f, 0x61, 0x73, 0x6c,
  0x72, 0x22, 0x20, 0x74, 0x69, 0x74, 0x6c, 0x65, 0x3d, 0x22, 0x44, 0x69,
  0x73, 0x61, 0x62, 0x6c, 0x65, 0x20, 0x75, 0x73, 0x65, 0x72, 0x6c, 0x61,
  0x6e, 0x64, 0x20, 0x41, 0x53, 0x4c, 0x52, 0x22, 0x20, 0x64, 0x65, 0x73,
  0x63, 0x72, 0x69, 0x70, 0x74, 0x69, 0x6f, 0x6e, 0x3d, 0x22, 0x44, 0x69,
  0x73, 0x61, 0x62, 0x6c, 0x65, 0x20, 0x75, 0x73, 0x65, 0x72, 0x6c, 0x61,
  0x6e, 0x64, 0x20, 0x41, 0x53, 0x4c, 0x52, 0x20, 0x28, 0x41, 0x64, 0x64,
  0x72, 0x65, 0x73, 0x73, 0x20, 0x53, 0x70, 0x61, 0x63, 0x65, 0x20, 0x4c,
  0x61, 0x79, 0x6f, 0x75, 0x74, 0x20, 0x52, 0x61, 0x6e, 0x64, 0x6f, 0x6d,
  0x69, 0x7a, 0x61, 0x74, 0x69, 0x6f, 0x6e, 0x29, 0x2e, 0x26, 0x23, 0x78,
  0x61, 0x3b, 0x44, 0x69, 0x73, 0x61, 0x62, 0x6c, 0x69, 0x6e, 0x67, 0x20,
  0x69, 0x74, 0x20, 0x63, 0x61, 0x6e, 0x20, 0x69, 0x6d, 0x70, 0x72, 0x6f,
  0x76, 0x65, 0x20, 0x63, 0x6f, 0x6d, 0x70, 0x61, 0x74, 0x69, 0x62, 0x69,
  0x6c, 0x69, 0x74, 0x79, 0x20, 0x77, 0x69, 0x74, 0x68, 0x20, 0x68, 0x6f,
  0x6d, 0x65, 0x62, 0x72, 0x65, 0x77, 0x20, 0x61, 0x70, 0x70, 0x6c, 0x69,
  0x63, 0x61, 0x74, 0x69, 0x6f, 0x6e, 0x73, 0x2c, 0x20, 0x64, 0x65, 0x62,
  0x75, 0x67, 0x67, 0x65, 0x72, 0x73, 0x2c, 0x20, 0x61, 0x6e, 0x64, 0x20,
  0x63, 0x68, 0x65, 0x61, 0x74, 0x73, 0x2e, 0x22, 0x20, 0x76, 0x61, 0x6c,
  0x75, 0x65, 0x3d, 0x22, 0x30, 0x22, 0x2f, 0x3e, 0x0a, 0x20, 0x20, 0x20,
  0x20, 0x20, 0x20, 0x3c, 0x74, 0x6f, 0x67, 0x67, 0x6c, 0x65, 0x5f, 0x73,
  0x77, 0x69, 0x74, 0x63, 0x68, 0x20, 0x69, 0x64, 0x3d, 0x22, 0x6e, 0x6f,
  0x62, 0x64, 0x5f, 0x70, 0x61, 0x74, 0x63, 0x68, 0x65, 0x73, 0x22, 0x20,
  0x74, 0x69, 0x74, 0x6c, 0x65, 0x3d, 0x22, 0x45, 0x6e, 0x61, 0x62, 0x6c,
  0x65, 0x20, 0x4e, 0x6f, 0x42, 0x44, 0x20, 0x70, 0x61, 0x74, 0x63, 0x68,
  0x65, 0x73, 0x22, 0x20, 0x64, 0x65, 0x73, 0x63, 0x72, 0x69, 0x70, 0x74,
  0x69, 0x6f, 0x6e, 0x3d, 0x22, 0x4e, 0x6f, 0x42, 0x44, 0x20, 0x28, 0x4e,
  0x6f, 0x20, 0x42, 0x6c, 0x75, 0x2d, 0x72, 0x61, 0x79, 0x20, 0x44, 0x72,
  0x69, 0x76, 0x65, 0x29, 0x20, 0x70, 0x61, 0x74, 0x63, 0x68, 0x65, 0x73,
  0x20, 0x2d, 0x20, 0x61, 0x6c, 0x6c, 0x6f, 0x77, 0x73, 0x20, 0x73, 0x79,
  0x73, 0x74, 0x65, 0x6d, 0x20, 0x75, 0x70, 0x64, 0x61, 0x74, 0x65, 0x73,
  0x20, 0x77, 0x69, 0x74, 0x68, 0x6f, 0x75, 0x74, 0x20, 0x61, 0x20, 0x77,
  0x6f, 0x72, 0x6b, 0x69, 0x6e, 0x67, 0x20, 0x42, 0x6c, 0x75, 0x2d, 0x72,
  0x61, 0x79, 0x20, 0x64, 0x72, 0x69, 0x76, 0x65, 0x2e, 0x22, 0x20, 0x76,
  0x61, 0x6c, 0x75, 0x65, 0x3d, 0x22, 0x30, 0x22, 0x2f, 0x3e, 0x0a, 0x20,
  0x20, 0x20, 0x20, 0x3c, 0x6c, 0x69, 0x73, 0x74, 0x20, 0x69, 0x64, 0x3d,
  0x22, 0x74, 0x61, 0x72, 0x67, 0x65, 0x74, 0x5f, 0x69, 0x64, 0x22, 0x20,
  0x74, 0x69, 0x74, 0x6c, 0x65, 0x3d, 0x22, 0x54, 0x61, 0x72, 0x67, 0x65,
  0x74, 0x20, 0x49, 0x44, 0x20, 0x73, 0x70, 0x6f, 0x6f, 0x66, 0x65, 0x72,
  0x22, 0x20, 0x64, 0x65, 0x73, 0x63, 0x72, 0x69, 0x70, 0x74, 0x69, 0x6f,
  0x6e, 0x3d, 0x22, 0x43, 0x68, 0x61, 0x6e, 0x67, 0x65, 0x73, 0x20, 0x74,
  0x68, 0x65, 0x20, 0x63, 0x6f, 0x6e, 0x73, 0x6f, 0x6c, 0x65, 0x27, 0x73,
  0x20, 0x72, 0x65, 0x70, 0x6f, 0x72, 0x74, 0x65, 0x64, 0x20, 0x54, 0x61,
  0x72, 0x67, 0x65, 0x74, 0x20, 0x49, 0x44, 0x20, 0x66, 0x6f, 0x72, 0x20,
  0x64, 0x65, 0x76, 0x65, 0x6c, 0x6f, 0x70, 0x6d, 0x65, 0x6e, 0x74, 0x20,
  0x6f, 0x72, 0x20, 0x72, 0x65, 0x67, 0x69, 0x6f, 0x6e, 0x2d, 0x73, 0x70,
  0x65, 0x63, 0x69, 0x66, 0x69, 0x63, 0x20, 0x66, 0x75, 0x6e, 0x63, 0x74,
  0x69, 0x6f, 0x6e, 0x61, 0x6c, 0x69, 0x74, 0x79, 0x2e, 0x22, 0x3e, 0x0a,
  0x20, 0x20, 0x20, 0x20, 0x20, 0x20, 0x3c, 0x6c, 0x69, 0x73, 0x74, 0x5f,
  0x69, 0x74, 0x65, 0x6d, 0x20, 0x69, 0x64, 0x3d, 0x22, 0x74, 0x61, 0x72,
  0x67, 0x65, 0x74, 0x5f, 0x69, 0x64, 0x5f, 0x30, 0x78, 0x30, 0x30, 0x22,
  0x20, 0x74, 0x69, 0x74, 0x6c, 0x65, 0x3d, 0x22, 0x4e, 0x6f, 0x6e, 0x65,
  0x22, 0x20, 0x76, 0x61, 0x6c, 0x75, 0x65, 0x3d, 0x22, 0x30, 0x22, 0x2f,
  0x3e, 0x0a, 0x20, 0x20, 0x20, 0x20, 0x20, 0x20, 0x3c, 0x6c, 0x69, 0x73,
  0x74, 0x5f, 0x69, 0x74, 0x65, 0x6d, 0x20, 0x69, 0x64, 0x3d, 0x22, 0x74,
  0x61, 0x72, 0x67, 0x65, 0x74, 0x5f, 0x69, 0x64, 0x5f, 0x30, 0x78, 0x38,
  0x30, 0x22, 0x20, 0x74, 0x69, 0x74, 0x6c, 0x65, 0x3d, 0x22, 0x44, 0x69,
  0x61, 0x67, 0x6e, 0x6f, 0x73, 0x74, 0x69, 0x63, 0x22, 0x20, 0x76, 0x61,
  0x6c, 0x75, 0x65, 0x3d, 0x22, 0x30, 0x78, 0x38, 0x30, 0x22, 0x2f, 0x3e,
  0x0a, 0x20, 0x20, 0x20, 0x20, 0x20, 0x20, 0x3c, 0x6c, 0x69, 0x73, 0x74,
  0x5f, 0x69, 0x74, 0x65, 0x6d, 0x20, 0x69, 0x64, 0x3d, 0x22, 0x74, 0x61,
  0x72, 0x67, 0x65, 0x74, 0x5f, 0x69, 0x64, 0x5f, 0x30, 0x78, 0x38, 0x31,
  0x22, 0x20, 0x74, 0x69, 0x74, 0x6c, 0x65, 0x3d, 0x22, 0x44, 0x65, 0x76,
  0x6b, 0x69, 0x74, 0x22, 0x20, 0x76, 0x61, 0x6c, 0x75, 0x65, 0x3d, 0x22,
  0x30, 0x78, 0x38, 0x31, 0x22, 0x2f, 0x3e, 0x0a, 0x20, 0x20, 0x20, 0x20,
  0x20, 0x20, 0x3c, 0x6c, 0x69, 0x73, 0x74, 0x5f, 0x69, 0x74, 0x65, 0x6d,
  0x20, 0x69, 0x64, 0x3d, 0x22, 0x74, 0x61, 0x72, 0x67, 0x65, 0x74, 0x5f,
  0x69, 0x64, 0x5f, 0x30, 0x78, 0x38, 0x32, 0x22, 0x20, 0x74, 0x69, 0x74,
  0x6c, 0x65, 0x3d, 0x22, 0x54, 0x65, 0x73, 0x74, 0x6b, 0x69, 0x74, 0x22,
  0x20, 0x76, 0x61, 0x6c, 0x75, 0x65, 0x3d, 0x22, 0x30, 0x78, 0x38, 0x32,
  0x22, 0x2f, 0x3e, 0x0a, 0x20, 0x20, 0x20, 0x20, 0x20, 0x20, 0x3c, 0x6c,
  0x69, 0x73, 0x74, 0x5f, 0x69, 0x74, 0x65, 0x6d, 0x20, 0x69, 0x64, 0x3d,
  0x22, 0x74, 0x61, 0x72, 0x67, 0x65, 0x74, 0x5f, 0x69, 0x64, 0x5f, 0x30,
  0x78, 0x38, 0x33, 0x22, 0x20, 0x74, 0x69, 0x74, 0x6c, 0x65, 0x3d, 0x22,
  0x4a, 0x61, 0x70, 0x61, 0x6e, 0x22, 0x20, 0x76, 0x61, 0x6c, 0x75, 0x65,
  0x3d, 0x22, 0x30, 0x78, 0x38, 0x33, 0x22, 0x2f, 0x3e, 0x0a, 0x20, 0x20,
  0x20, 0x20, 0x20, 0x20, 0x3c, 0x6c, 0x69, 0x73, 0x74, 0x5f, 0x69, 0x74,
  0x65, 0x6d, 0x20, 0x69, 0x64, 0x3d, 0x22, 0x74, 0x61, 0x72, 0x67, 0x65,
  0x74, 0x5f, 0x69, 0x64, 0x5f, 0x30, 0x78, 0x38, 0x34, 0x22, 0x20, 0x74,
  0x69, 0x74, 0x6c, 0x65, 0x3d, 0x22, 0x55, 0x53, 0x41, 0x22, 0x20, 0x76,
  0x61, 0x6c, 0x75, 0x65, 0x3d, 0x22, 0x30, 0x78, 0x38, 0x34, 0x22, 0x2f,
  0x3e, 0x0a, 0x20, 0x20, 0x20, 0x20, 0x20, 0x20, 0x3c, 0x6c, 0x69, 0x73,
  0x74, 0x5f, 0x69, 0x74, 0x65, 0x6d, 0x20, 0x69, 0x64, 0x3d, 0x22, 0x74,
  0x61, 0x72, 0x67, 0x65, 0x74, 0x5f, 0x69, 0x64, 0x5f, 0x30, 0x78, 0x38,
  0x35, 0x22, 0x20, 0x74, 0x69, 0x74, 0x6c, 0x65, 0x3d, 0x22, 0x45, 0x75,
  0x72, 0x6f, 0x70, 0x65, 0x22, 0x20, 0x76, 0x61, 0x6c, 0x75, 0x65, 0x3d,
  0x22, 0x30, 0x78, 0x38, 0x35, 0x22, 0x2f, 0x3e, 0x0a, 0x20, 0x20, 0x20,
  0x20, 0x20, 0x20, 0x3c, 0x6c, 0x69, 0x73, 0x74, 0x5f, 0x69, 0x74, 0x65,
  0x6d, 0x20, 0x69, 0x64, 0x3d, 0x22, 0x74, 0x61, 0x72, 0x67, 0x65, 0x74,
  0x5f, 0x69, 0x64, 0x5f, 0x30, 0x78, 0x38, 0x36, 0x22, 0x20, 0x74, 0x69,
  0x74, 0x6c, 0x65, 0x3d, 0x22, 0x4b, 0x6f, 0x72, 0x65, 0x61, 0x22, 0x20,
  0x76, 0x61, 0x6c, 0x75, 0x65, 0x3d, 0x22, 0x30, 0x78, 0x38, 0x36, 0x22,
  0x2f, 0x3e, 0x0a, 0x20, 0x20, 0x20, 0x20, 0x20, 0x20, 0x3c, 0x6c, 0x69,
  0x73, 0x74, 0x5f, 0x69, 0x74, 0x65, 0x6d, 0x20, 0x69, 0x64, 0x3d, 0x22,
  0x74, 0x61, 0x72, 0x67, 0x65, 0x74, 0x5f, 0x69, 0x64, 0x5f, 0x30, 0x78,
  0x38, 0x37, 0x22, 0x20, 0x74, 0x69, 0x74, 0x6c, 0x65, 0x3d, 0x22, 0x55,
  0x6e, 0x69, 0x74, 0x65, 0x64, 0x20, 0x4b, 0x69, 0x6e, 0x67, 0x64, 0x6f,
  0x6d, 0x22, 0x20, 0x76, 0x61, 0x6c, 0x75, 0x65, 0x3d, 0x22, 0x30, 0x78,
  0x38, 0x37, 0x22, 0x2f, 0x3e, 0x0a, 0x20, 0x20, 0x20, 0x20, 0x20, 0x20,
  0x3c, 0x6c, 0x69, 0x73, 0x74, 0x5f, 0x69, 0x74, 0x65, 0x6d, 0x20, 0x69,
  0x64, 0x3d, 0x22, 0x74, 0x61, 0x72, 0x67, 0x65, 0x74, 0x5f, 0x69, 0x64,
  0x5f, 0x30, 0x78, 0x38, 0x38, 0x22, 0x20, 0x74, 0x69, 0x74, 0x6c, 0x65,
  0x3d, 0x22, 0x4d, 0x65, 0x78, 0x69, 0x63, 0x6f, 0x22, 0x20, 0x76, 0x61,
  0x6c, 0x75, 0x65, 0x3d, 0x22, 0x30, 0x78, 0x38, 0x38, 0x22, 0x2f, 0x3e,
  0x0a, 0x20, 0x20, 0x20, 0x20, 0x20, 0x20, 0x3c, 0x6c, 0x69, 0x73, 0x74,
  0x5f, 0x69, 0x74, 0x65, 0x6d, 0x20, 0x69, 0x64, 0x3d, 0x22, 0x74, 0x61,
  0x72, 0x67, 0x65, 0x74, 0x5f, 0x69, 0x64, 0x5f, 0x30, 0x78, 0x38, 0x39,
  0x22, 0x20, 0x74, 0x69, 0x74, 0x6c, 0x65, 0x3d, 0x22, 0x41, 0x75, 0x73,
  0x74, 0x72, 0x61, 0x6c, 0x69, 0x61, 0x20, 0x26, 0x61, 0x6d, 0x70, 0x3b,
  0x20, 0x4e, 0x65, 0x77, 0x20, 0x5a, 0x65, 0x61, 0x6c, 0x61, 0x6e, 0x64,
  0x22, 0x20, 0x76, 0x61, 0x6c, 0x75, 0x65, 0x3d, 0x22, 0x30, 0x78, 0x38,
  0x39, 0x22, 0x2f, 0x3e, 0x0a, 0x20, 0x20, 0x20, 0x20, 0x20, 0x20, 0x3c,
  0x6c, 0x69, 0x73, 0x74, 0x5f, 0x69, 0x74, 0x65, 0x6d, 0x20, 0x69, 0x64,
  0x3d, 0x22, 0x74, 0x61, 0x72, 0x67, 0x65, 0x74, 0x5f, 0x69, 0x64, 0x5f,
  0x30, 0x78, 0x38, 0x41, 0x22, 0x20, 0x74, 0x69, 0x74, 0x6c, 0x65, 0x3d,
  0x22, 0x53, 0x6f, 0x75, 0x74, 0x68, 0x20, 0x41, 0x73, 0x69, 0x61, 0x22,
  0x20, 0x76, 0x61, 0x6c, 0x75, 0x65, 0x3d, 0x22, 0x30, 0x78, 0x38, 0x41,
  0x22, 0x2f, 0x3e, 0x0a, 0x20, 0x20, 0x20, 0x20, 0x20, 0x20, 0x3c, 0x6c,
  0x69, 0x73, 0x74, 0x5f, 0x69, 0x74, 0x65, 0x6d, 0x20, 0x69, 0x64, 0x3d,
  0x22, 0x74, 0x61, 0x72, 0x67, 0x65, 0x74, 0x5f, 0x69, 0x64, 0x5f, 0x30,
  0x78, 0x38, 0x42, 0x22, 0x20, 0x74, 0x69, 0x74, 0x6c, 0x65, 0x3d, 0x22,
  0x54, 0x61, 0x69, 0x77, 0x61, 0x6e, 0x22, 0x20, 0x76, 0x61, 0x6c, 0x75,
  0x65, 0x3d, 0x22, 0x30, 0x78, 0x38, 0x42, 0x22, 0x2f, 0x3e, 0x0a, 0x20,
  0x20, 0x20, 0x20, 0x20, 0x20, 0x3c, 0x6c, 0x69, 0x73, 0x74, 0x5f, 0x69,
  0x74, 0x65, 0x6d, 0x20, 0x69, 0x64, 0x3d, 0x22, 0x74, 0x61, 0x72, 0x67,
  0x65, 0x74, 0x5f, 0x69, 0x64, 0x5f, 0x30, 0x78, 0x38, 0x43, 0x22, 0x20,
  0x74, 0x69, 0x74, 0x6c, 0x65, 0x3d, 0x22, 0x52, 0x75, 0x73, 0x73, 0x69,
  0x61, 0x22, 0x20, 0x76, 0x61, 0x6c, 0x75, 0x65, 0x3d, 0x22, 0x30, 0x78,
  0x38, 0x43, 0x22, 0x2f, 0x3e, 0x0a, 0x20, 0x20, 0x20, 0x20, 0x20, 0x20,
  0x3c, 0x6c, 0x69, 0x73, 0x74, 0x5f, 0x69, 0x74, 0x65, 0x6d, 0x20, 0x69,
  0x64, 0x3d, 0x22, 0x74, 0x61, 0x72, 0x67, 0x65, 0x74, 0x5f, 0x69, 0x64,
  0x5f, 0x30, 0x78, 0x38, 0x44, 0x22, 0x20, 0x74, 0x69, 0x74, 0x6c, 0x65,
  0x3d, 0x22, 0x43, 0x68, 0x69, 0x6e, 0x61, 0x22, 0x20, 0x76, 0x61, 0x6c,
  0x75, 0x65, 0x3d, 0x22, 0x30, 0x78, 0x38, 0x44, 0x22, 0x2f, 0x3e, 0x0a,
  0x20, 0x20, 0x20, 0x20, 0x20, 0x20, 0x3c, 0x6c, 0x69, 0x73, 0x74, 0x5f,
  0x69, 0x74, 0x65, 0x6d, 0x20, 0x69, 0x64, 0x3d, 0x22, 0x74, 0x61, 0x72,
  0x67, 0x65, 0x74, 0x5f, 0x69, 0x64, 0x5f, 0x30, 0x78, 0x38, 0x45, 0x22,
  0x20, 0x74, 0x69, 0x74, 0x6c, 0x65, 0x3d, 0x22, 0x48, 0x6f, 0x6e, 0x67,
  0x20, 0x4b, 0x6f, 0x6e, 0x67, 0x22, 0x20, 0x76, 0x61, 0x6c, 0x75, 0x65,
  0x3d, 0x22, 0x30, 0x78, 0x38, 0x45, 0x22, 0x2f, 0x3e, 0x0a, 0x20, 0x20,
  0x20, 0x20, 0x20, 0x20, 0x3c, 0x6c, 0x69, 0x73, 0x74, 0x5f, 0x69, 0x74,
  0x65, 0x6d, 0x20, 0x69, 0x64, 0x3d, 0x22, 0x74, 0x61, 0x72, 0x67, 0x65,
  0x74, 0x5f, 0x69, 0x64, 0x5f, 0x30, 0x78, 0x38, 0x46, 0x22, 0x20, 0x74,
  0x69, 0x74, 0x6c, 0x65, 0x3d, 0x22, 0x42, 0x72, 0x61, 0x7a, 0x69, 0x6c,
  0x22, 0x20, 0x76, 0x61, 0x6c, 0x75, 0x65, 0x3d, 0x22, 0x30, 0x78, 0x38,
  0x46, 0x22, 0x2f, 0x3e, 0x0a, 0x20, 0x20, 0x20, 0x20, 0x20, 0x20, 0x3c,
  0x6c, 0x69, 0x73, 0x74, 0x5f, 0x69, 0x74, 0x65, 0x6d, 0x20, 0x69, 0x64,
  0x3d, 0x22, 0x74, 0x61, 0x72, 0x67, 0x65, 0x74, 0x5f, 0x69, 0x64, 0x5f,
  0x30, 0x78, 0x41, 0x30, 0x22, 0x20, 0x74, 0x69, 0x74, 0x6c, 0x65, 0x3d,
  0x22, 0x4b, 0x72, 0x61, 0x74, 0x6f, 0x73, 0x20, 0x28, 0x41, 0x72, 0x63,
  0x61, 0x64, 0x65, 0x20, 0x43, 0x61, 0x62, 0x69, 0x6e, 0x65, 0x74, 0x29,
  0x22, 0x20, 0x76, 0x61, 0x6c, 0x75, 0x65, 0x3d, 0x22, 0x30, 0x78, 0x41,
  0x30, 0x22, 0x2f, 0x3e, 0x0a, 0x20, 0x20, 0x20, 0x20, 0x3c, 0x2f, 0x6c,
  0x69, 0x73, 0x74, 0x3e, 0x0a, 0x20, 0x20, 0x20, 0x20, 0x20, 0x20, 0x3c,
  0x74, 0x6f, 0x67, 0x67, 0x6c, 0x65, 0x5f, 0x73, 0x77, 0x69, 0x74, 0x63,
  0x68, 0x20, 0x69, 0x64, 0x3d, 0x22, 0x73, 0x6b, 0x69, 0x70, 0x5f, 0x70,
  0x61, 0x74, 0x63, 0x68, 0x65, 0x73, 0x22, 0x20, 0x74, 0x69, 0x74, 0x6c,
  0x65, 0x3d, 0x22, 0x53, 0x6b, 0x69, 0x70, 0x20, 0x75, 0x73, 0x65, 0x72,
  0x6c, 0x61, 0x6e, 0x64, 0x20, 0x70, 0x61, 0x74, 0x63, 0x68, 0x65, 0x73,
  0x22, 0x20, 0x64, 0x65, 0x73, 0x63, 0x72, 0x69, 0x70, 0x74, 0x69, 0x6f,
  0x6e, 0x3d, 0x22, 0x53, 0x6b, 0x69, 0x70, 0x20, 0x61, 0x70, 0x70, 0x6c,
  0x79, 0x69, 0x6e, 0x67, 0x20, 0x53, 0x63, 0x65, 0x53, 0x68, 0x65, 0x6c,
  0x6c, 0x43, 0x6f, 0x72, 0x65, 0x2c, 0x20, 0x53, 0x63, 0x65, 0x53, 0x68,
  0x65, 0x6c, 0x6c, 0x55, 0x49, 0x2c, 0x20, 0x61, 0x6e, 0x64, 0x20, 0x52,
  0x65, 0x6d, 0x6f, 0x74, 0x65, 0x50, 0x6c, 0x61, 0x79, 0x20, 0x70, 0x61,
  0x74, 0x63, 0x68, 0x65, 0x73, 0x2e, 0x26, 0x23, 0x78, 0x61, 0x3b, 0x55,
  0x73, 0x65, 0x66, 0x75, 0x6c, 0x20, 0x66, 0x6f, 0x72, 0x20, 0x74, 0x65,
  0x73, 0x74, 0x6b, 0x69, 0x74, 0x20, 0x75, 0x73, 0x65, 0x72, 0x73, 0x2e,
  0x22, 0x20, 0x76, 0x61, 0x6c, 0x75, 0x65, 0x3d, 0x22, 0x30, 0x22, 0x20,
  0x63, 0x6f, 0x6e, 0x66, 0x69, 0x72, 0x6d, 0x3d, 0x22, 0x41, 0x72, 0x65,
  0x20, 0x79, 0x6f, 0x75, 0x20, 0x73, 0x75, 0x72, 0x65, 0x20, 0x79, 0x6f,
  0x75, 0x20, 0x77, 0x61, 0x6e, 0x74, 0x20, 0x74, 0x6f, 0x20, 0x65, 0x6e,
  0x61, 0x62, 0x6c, 0x65, 0x20, 0x74, 0x68, 0x69, 0x73, 0x3f, 0x20, 0x45,
  0x6e, 0x61, 0x62, 0x6c, 0x69, 0x6e, 0x67, 0x20, 0x74, 0x68, 0x69, 0x73,
  0x20, 0x77, 0x69, 0x6c, 0x6c, 0x20, 0x6e, 0x6f, 0x74, 0x20, 0x61, 0x6c,
  0x6c, 0x6f, 0x77, 0x20, 0x68, 0x6f, 0x6d, 0x65, 0x62, 0x72, 0x65, 0x77,
  0x20, 0x61, 0x70, 0x70, 0x73, 0x20, 0x74, 0x6f, 0x20, 0x6c, 0x61, 0x75,
  0x6e, 0x63, 0x68, 0x2e, 0x22, 0x20, 0x63, 0x6f, 0x6e, 0x66, 0x69, 0x72,
  0x6d, 0x5f, 0x70, 0x68, 0x72, 0x61, 0x73, 0x65, 0x3d, 0x22, 0x59, 0x65,
  0x73, 0x2c, 0x4e, 0x6f, 0x22, 0x2f, 0x3e, 0x0a, 0x20, 0x20, 0x20, 0x20,
  0x20, 0x20, 0x3c, 0x74, 0x6f, 0x67, 0x67, 0x6c, 0x65, 0x5f, 0x73, 0x77,
  0x69, 0x74, 0x63, 0x68, 0x20, 0x69, 0x64, 0x3d, 0x22, 0x75, 0x70, 0x6c,
  0x6f, 0x61, 0x64, 0x5f, 0x70, 0x72, 0x78, 0x22, 0x20, 0x74, 0x69, 0x74,
  0x6c, 0x65, 0x3d, 0x22, 0x57, 0x72, 0x69, 0x74, 0x65, 0x20, 0x48, 0x45,
  0x4e, 0x20, 0x70, 0x6c, 0x75, 0x67, 0x69, 0x6e, 0x20, 0x66, 0x69, 0x6c,
  0x65, 0x73, 0x20, 0x74, 0x6f, 0x20, 0x48, 0x44, 0x44, 0x22, 0x20, 0x64,
  0x65, 0x73, 0x63, 0x72, 0x69, 0x70, 0x74, 0x69, 0x6f, 0x6e, 0x3d, 0x22,
  0x57, 0x72, 0x69, 0x74, 0x65, 0x20, 0x74, 0x68, 0x65, 0x20, 0x64, 0x65,
  0x66, 0x61, 0x75, 0x6c, 0x74, 0x20, 0x48, 0x45, 0x4e, 0x20, 0x70, 0x6c,
  0x75, 0x67, 0x69, 0x6e, 0x20, 0x50, 0x52, 0x58, 0x20, 0x66, 0x69, 0x6c,
  0x65, 0x73, 0x20, 0x74, 0x6f, 0x20, 0x74, 0x68, 0x65, 0x20, 0x63, 0x6f,
  0x6e, 0x73, 0x6f, 0x6c, 0x65, 0x27, 0x73, 0x20, 0x68, 0x61, 0x72, 0x64,
  0x20, 0x64, 0x72, 0x69, 0x76, 0x65, 0x2e, 0x26, 0x23, 0x78, 0x61, 0x3b,
  0x45, 0x6e, 0x61, 0x62, 0x6c, 0x69, 0x6e, 0x67, 0x20, 0x74, 0x68, 0x69,
  0x73, 0x20, 0x69, 0x73, 0x20, 0x72, 0x65, 0x63, 0x6f, 0x6d, 0x6d, 0x65,
  0x6e, 0x64, 0x65, 0x64, 0x20, 0x66, 0x6f, 0x72, 0x20, 0x66, 0x69, 0x72,
  0x73, 0x74, 0x2d, 0x74, 0x69, 0x6d, 0x65, 0x20, 0x73, 0x65, 0x74, 0x75,
  0x70, 0x2e, 0x22, 0x20, 0x76, 0x61, 0x6c, 0x75, 0x65, 0x3d, 0x22, 0x30,
  0x22, 0x2f, 0x3e, 0x0a, 0x20, 0x20, 0x20, 0x20, 0x20, 0x20, 0x3c, 0x74,
  0x6f, 0x67, 0x67, 0x6c, 0x65, 0x5f, 0x73, 0x77, 0x69, 0x74, 0x63, 0x68,
  0x20, 0x69, 0x64, 0x3d, 0x22, 0x65, 0x6e, 0x61, 0x62, 0x6c, 0x65, 0x5f,
  0x70, 0x6c, 0x75, 0x67, 0x69, 0x6e, 0x73, 0x22, 0x20, 0x74, 0x69, 0x74,
  0x6c, 0x65, 0x3d, 0x22, 0x45, 0x6e, 0x61, 0x62, 0x6c, 0x65, 0x20, 0x70,
  0x6c, 0x75, 0x67, 0x69, 0x6e, 0x20, 0x73, 0x79, 0x73, 0x74, 0x65, 0x6d,
  0x22, 0x20, 0x64, 0x65, 0x73, 0x63, 0x72, 0x69, 0x70, 0x74, 0x69, 0x6f,
  0x6e, 0x3d, 0x22, 0x45, 0x6e, 0x61, 0x62, 0x6c, 0x65, 0x20, 0x48, 0x45,
  0x4e, 0x20, 0x70, 0x6c, 0x75, 0x67, 0x69, 0x6e, 0x20, 0x66, 0x69, 0x6c,
  0x65, 0x20, 0x6c, 0x6f, 0x61, 0x64, 0x69, 0x6e, 0x67, 0x20, 0x61, 0x6e,
  0x64, 0x20, 0x65, 0x78, 0x65, 0x63, 0x75, 0x74, 0x69, 0x6f, 0x6e, 0x20,
  0x73, 0x79, 0x73, 0x74, 0x65, 0x6d, 0x2e, 0x26, 0x23, 0x78, 0x61, 0x3b,
  0x54, 0x68, 0x69, 0x73, 0x20, 0x66, 0x65, 0x61, 0x74, 0x75, 0x72, 0x65,
  0x20, 0x61, 0x63, 0x74, 0x69, 0x76, 0x61, 0x74, 0x65, 0x73, 0x20, 0x74,
  0x68, 0x65, 0x20, 0x70, 0x6c, 0x75, 0x67, 0x69, 0x6e, 0x20, 0x73, 0x75,
  0x62, 0x73, 0x79, 0x73, 0x74, 0x65, 0x6d, 0x20, 0x74, 0x68, 0x61, 0x74,
  0x20, 0x61, 0x6c, 0x6c, 0x6f, 0x77, 0x73, 0x20, 0x6c, 0x6f, 0x61, 0x64,
  0x69, 0x6e, 0x67, 0x20, 0x6f, 0x66, 0x20, 0x61, 0x64, 0x64, 0x69, 0x74,
  0x69, 0x6f, 0x6e, 0x61, 0x6c, 0x20, 0x50, 0x52, 0x58, 0x20, 0x6d, 0x6f,
  0x64, 0x75, 0x6c, 0x65, 0x73, 0x20, 0x74, 0x6f, 0x20, 0x65, 0x78, 0x74,
  0x65, 0x6e, 0x64, 0x20, 0x48, 0x45, 0x4e, 0x27, 0x73, 0x20, 0x63, 0x61,
  0x70, 0x61, 0x62, 0x69, 0x6c, 0x69, 0x74, 0x69, 0x65, 0x73, 0x2e, 0x26,
  0x23, 0x78, 0x61, 0x3b, 0x53, 0x75, 0x63, 0x68, 0x20, 0x61, 0x73, 0x20,
  0x74, 0x68, 0x69, 0x73, 0x20, 0x65, 0x78, 0x74, 0x65, 0x6e, 0x64, 0x65,
  0x64, 0x20, 0x73, 0x65, 0x74, 0x74, 0x69, 0x6e, 0x67, 0x73, 0x20, 0x6d,
  0x65, 0x6e, 0x75, 0x2e, 0x22, 0x20, 0x20, 0x63, 0x6f, 0x6e, 0x66, 0x69,
  0x72, 0x6d, 0x3d, 0x22, 0x41, 0x72, 0x65, 0x20, 0x79, 0x6f, 0x75, 0x20,
  0x73, 0x75, 0x72, 0x65, 0x20, 0x79, 0x6f, 0x75, 0x20, 0x77, 0x61, 0x6e,
  0x74, 0x20, 0x74, 0x6f, 0x20, 0x64, 0x69, 0x73, 0x61, 0x62, 0x6c, 0x65,
  0x20, 0x74, 0x68, 0x69, 0x73, 0x20, 0x73, 0x65, 0x74, 0x74, 0x69, 0x6e,
  0x67, 0x3f, 0x20, 0x44, 0x69, 0x73, 0x61, 0x62, 0x6c, 0x69, 0x6e, 0x67,
  0x20, 0x74, 0x68, 0x69, 0x73, 0x20, 0x77, 0x69, 0x6c, 0x6c, 0x20, 0x6e,
  0x6f, 0x74, 0x20, 0x61, 0x6c, 0x6c, 0x6f, 0x77, 0x20, 0x74, 0x68, 0x65,
  0x20, 0x66, 0x6f, 0x6c, 0x6c, 0x6f, 0x77, 0x69, 0x6e, 0x67, 0x20, 0x66,
  0x65, 0x61, 0x74, 0x75, 0x72, 0x65, 0x73, 0x3a, 0x26, 0x23, 0x78, 0x61,
  0x3b, 0xe2, 0x98, 0x85, 0x20, 0x48, 0x45, 0x4e, 0x20, 0x53, 0x65, 0x74,
  0x74, 0x69, 0x6e, 0x67, 0x73, 0x20, 0x4d, 0x65, 0x6e, 0x75, 0x26, 0x23,
  0x78, 0x61, 0x3b, 0x46, 0x54, 0x50, 0x20, 0x53, 0x65, 0x72, 0x76, 0x65,
  0x72, 0x26, 0x23, 0x78, 0x61, 0x3b, 0x4b, 0x65, 0x72, 0x6e, 0x65, 0x6c,
  0x20, 0x4c, 0x6f, 0x67, 0x20, 0x53, 0x65, 0x72, 0x76, 0x65, 0x72, 0x26,
  0x23, 0x78, 0x61, 0x3b, 0x50, 0x6c, 0x75, 0x67, 0x69, 0x6e, 0x73, 0x20,
  0x6c, 0x6f, 0x61, 0x64, 0x20, 0x66, 0x6f, 0x72, 0x20, 0x61, 0x70, 0x70,
  0x73, 0x22, 0x20, 0x63, 0x6f, 0x6e, 0x66, 0x69, 0x72, 0x6d, 0x5f, 0x70,
  0x68, 0x72, 0x61, 0x73, 0x65, 0x3d, 0x22, 0x59, 0x65, 0x73, 0x2c, 0x4e,
  0x6f, 0x22, 0x20, 0x76, 0x61, 0x6c, 0x75, 0x65, 0x3d, 0x22, 0x30, 0x22,
  0x2f, 0x3e, 0x0a, 0x20, 0x20, 0x20, 0x20, 0x3c, 0x2f, 0x73, 0x65, 0x74,
  0x74, 0x69, 0x6e, 0x67, 0x5f, 0x6c, 0x69, 0x73, 0x74, 0x3e, 0x0a, 0x20,
  0x20, 0x20, 0x20, 0x3c, 0x6c, 0x69, 0x6e, 0x6b, 0x20, 0x69, 0x64, 0x3d,
  0x22, 0x69, 0x64, 0x5f, 0x70, 0x6c, 0x75, 0x67, 0x69, 0x6e, 0x5f, 0x6d,
  0x61, 0x6e, 0x61, 0x67, 0x65, 0x72, 0x22, 0x20, 0x74, 0x69, 0x74, 0x6c,
  0x65, 0x3d, 0x22, 0x50, 0x6c, 0x75, 0x67, 0x69, 0x6e, 0x20, 0x4d, 0x61,
  0x6e, 0x61, 0x67, 0x65, 0x72, 0x22, 0x20, 0x64, 0x65, 0x73, 0x63, 0x72,
  0x69, 0x70, 0x74, 0x69, 0x6f, 0x6e, 0x3d, 0x22, 0x4d, 0x61, 0x6e, 0x61,
  0x67, 0x65, 0x73, 0x20, 0x70, 0x6c, 0x75, 0x67, 0x69, 0x6e, 0x73, 0x20,
  0x69, 0x6e, 0x73, 0x74, 0x61, 0x6c, 0x6c, 0x65, 0x64, 0x20, 0x75, 0x6e,
  0x64, 0x65, 0x72, 0x20, 0x60, 0x2f, 0x64, 0x61, 0x74, 0x61, 0x2f, 0x68,
  0x65, 0x6e, 0x2f, 0x70, 0x6c, 0x75, 0x67, 0x69, 0x6e, 0x73, 0x60, 0x2e,
  0x26, 0x23, 0x78, 0x61, 0x3b, 0x50, 0x6c, 0x75, 0x67, 0x69, 0x6e, 0x73,
  0x20, 0x77, 0x69, 0x6c, 0x6c, 0x20, 0x62, 0x65, 0x20, 0x6c, 0x6f, 0x61,
  0x64, 0x65, 0x64, 0x20, 0x6f, 0x6e, 0x20, 0x67, 0x61, 0x6d, 0x65, 0x20,
  0x28, 0x42, 0x69, 0x67, 0x41, 0x70, 0x70, 0x29, 0x20, 0x6c, 0x61, 0x75,
  0x6e, 0x63, 0x68, 0x2e, 0x26, 0x23, 0x78, 0x61, 0x3b, 0x43, 0x75, 0x72,
  0x72, 0x65, 0x6e, 0x74, 0x6c, 0x79, 0x20, 0x6f, 0x6e, 0x6c, 0x79, 0x20,
  0x73, 0x75, 0x70, 0x70, 0x6f, 0x72, 0x74, 0x73, 0x20, 0x65, 0x6e, 0x61,
  0x62, 0x6c, 0x69, 0x6e, 0x67, 0x20, 0x66, 0x72, 0x6f, 0x6d, 0x20, 0x60,
  0x61, 0x6c, 0x6c, 0x60, 0x20, 0x73, 0x65, 0x63, 0x74, 0x69, 0x6f, 0x6e,
  0x20, 0x66, 0x6f, 0x72, 0x20, 0x6e, 0x6f, 0x77, 0x2e, 0x22, 0x20, 0x66,
  0x69, 0x6c, 0x65, 0x3d, 0x22, 0x48, 0x45, 0x4e, 0x2f, 0x64, 0x61, 0x74,
  0x61, 0x2f, 0x50, 0x6c, 0x75, 0x67, 0x69, 0x6e, 0x4d, 0x61, 0x6e, 0x61,
  0x67, 0x65, 0x72, 0x2e, 0x78, 0x6d, 0x6c, 0x22, 0x20, 0x2f, 0x3e, 0x0a,
  0x20, 0x20, 0x20, 0x20, 0x3c, 0x6c, 0x69, 0x6e, 0x6b, 0x20, 0x69, 0x64,
  0x3d, 0x22, 0x69, 0x64, 0x5f, 0x67, 0x61, 0x6d, 0x65, 0x5f, 0x70, 0x61,
  0x63, 0x6b, 0x61, 0x67, 0x65, 0x5f, 0x69, 0x6e, 0x73, 0x74, 0x61, 0x6c,
  0x6c, 0x65, 0x72, 0x5f, 0x68, 0x64, 0x64, 0x22, 0x20, 0x74, 0x69, 0x74,
  0x6c, 0x65, 0x3d, 0x22, 0x49, 0x6e, 0x73, 0x74, 0x61, 0x6c, 0x6c, 0x20,
  0x50, 0x61, 0x63, 0x6b, 0x61, 0x67, 0x65, 0x20, 0x66, 0x72, 0x6f, 0x6d,
  0x20, 0x48, 0x61, 0x72, 0x64, 0x20, 0x44, 0x69, 0x73, 0x6b, 0x22, 0x20,
  0x64, 0x65, 0x73, 0x63, 0x72, 0x69, 0x70, 0x74, 0x69, 0x6f, 0x6e, 0x3d,
  0x22, 0x50, 0x6c, 0x61, 0x63, 0x65, 0x20, 0x70, 0x61, 0x63, 0x6b, 0x61,
  0x67, 0x65, 0x20, 0x66, 0x69, 0x6c, 0x65, 0x73, 0x20, 0x69, 0x6e, 0x74,
  0x6f, 0x20, 0x2f, 0x64, 0x61, 0x74, 0x61, 0x2f, 0x70, 0x6b, 0x67, 0x2e,
  0x26, 0x23, 0x78, 0x61, 0x3b, 0x52, 0x65, 0x63, 0x75, 0x72, 0x73, 0x69,
  0x76, 0x65, 0x20, 0x70, 0x61, 0x74, 0x68, 0x20, 0x6e, 0x6f, 0x74, 0x20,
  0x73, 0x75, 0x70, 0x70, 0x6f, 0x72, 0x74, 0x65, 0x64, 0x2e, 0x22, 0x20,
  0x66, 0x69, 0x6c, 0x65, 0x3d, 0x22, 0x50, 0x6b, 0x67, 0x49, 0x6e, 0x73,
  0x74, 0x61, 0x6c, 0x6c, 0x65, 0x72, 0x2f, 0x64, 0x61, 0x74, 0x61, 0x2f,
  0x70, 0x6b, 0x67, 0x69, 0x6e, 0x73, 0x74, 0x61, 0x6c, 0x6c, 0x65, 0x72,
  0x5f, 0x68, 0x64, 0x64, 0x2e, 0x78, 0x6d, 0x6c, 0x22, 0x20, 0x2f, 0x3e,
  0x0a, 0x20, 0x20, 0x20, 0x20, 0x3c, 0x6c, 0x69, 0x6e, 0x6b, 0x20, 0x69,
  0x64, 0x3d, 0x22, 0x69, 0x64, 0x5f, 0x67, 0x61, 0x6d, 0x65, 0x5f, 0x70,
  0x61, 0x63, 0x6b, 0x61, 0x67, 0x65, 0x5f, 0x69, 0x6e, 0x73, 0x74, 0x61,
  0x6c, 0x6c, 0x65, 0x72, 0x5f, 0x75, 0x73, 0x62, 0x22, 0x20, 0x74, 0x69,
  0x74, 0x6c, 0x65, 0x3d, 0x22, 0x49, 0x6e, 0x73, 0x74, 0x61, 0x6c, 0x6c,
  0x20, 0x50, 0x61, 0x63, 0x6b, 0x61, 0x67, 0x65, 0x20, 0x66, 0x72, 0x6f,
  0x6d, 0x20, 0x55, 0x53, 0x42, 0x20, 0x53, 0x74, 0x6f, 0x72, 0x61, 0x67,
  0x65, 0x22, 0x20, 0x64, 0x65, 0x73, 0x63, 0x72, 0x69, 0x70, 0x74, 0x69,
  0x6f, 0x6e, 0x3d, 0x22, 0x50, 0x6c, 0x61, 0x63, 0x65, 0x20, 0x70, 0x61,
  0x63, 0x6b, 0x61, 0x67, 0x65, 0x20, 0x66, 0x69, 0x6c, 0x65, 0x73, 0x20,
  0x69, 0x6e, 0x74, 0x6f, 0x20, 0x72, 0x6f, 0x6f, 0x74, 0x20, 0x6f, 0x66,
  0x20, 0x55, 0x53, 0x42, 0x20, 0x53, 0x74, 0x6f, 0x72, 0x61, 0x67, 0x65,
  0x2e, 0x26, 0x23, 0x78, 0x61, 0x3b, 0x52, 0x65, 0x63, 0x75, 0x72, 0x73,
  0x69, 0x76, 0x65, 0x20, 0x70, 0x61, 0x74, 0x68, 0x20, 0x6e, 0x6f, 0x74,
  0x20, 0x73, 0x75, 0x70, 0x70, 0x6f, 0x72, 0x74, 0x65, 0x64, 0x2e, 0x22,
  0x20, 0x66, 0x69, 0x6c, 0x65, 0x3d, 0x22, 0x50, 0x6b, 0x67, 0x49, 0x6e,
  0x73, 0x74, 0x61, 0x6c, 0x6c, 0x65, 0x72, 0x2f, 0x64, 0x61, 0x74, 0x61,
  0x2f, 0x70, 0x6b, 0x67, 0x69, 0x6e, 0x73, 0x74, 0x61, 0x6c, 0x6c, 0x65,
  0x72, 0x5f, 0x75, 0x73, 0x62, 0x2e, 0x78, 0x6d, 0x6c, 0x22, 0x20, 0x2f,
  0x3e, 0x0a, 0x20, 0x20, 0x20, 0x20, 0x3c, 0x62, 0x75, 0x74, 0x74, 0x6f,
  0x6e, 0x20, 0x69, 0x64, 0x3d, 0x22, 0x69, 0x64, 0x5f, 0x72, 0x65, 0x73,
  0x74, 0x61, 0x72, 0x74, 0x5f, 0x73, 0x68, 0x65, 0x6c, 0x6c, 0x75, 0x69,
  0x22, 0x20, 0x74, 0x69, 0x74, 0x6c, 0x65, 0x3d, 0x22, 0x52, 0x65, 0x73,
  0x74, 0x61, 0x72, 0x74, 0x20, 0x53, 0x68, 0x65, 0x6c, 0x6c, 0x55, 0x49,
  0x22, 0x20, 0x64, 0x65, 0x73, 0x63, 0x72, 0x69, 0x70, 0x74, 0x69, 0x6f,
  0x6e, 0x3d, 0x22, 0x52, 0x65, 0x73, 0x74, 0x61, 0x72, 0x74, 0x73, 0x20,
  0x53, 0x68, 0x65, 0x6c, 0x6c, 0x55, 0x49, 0x2e, 0x22, 0x2f, 0x3e, 0x0a,
  0x20, 0x20, 0x3c, 0x2f, 0x73, 0x65, 0x74, 0x74, 0x69, 0x6e, 0x67, 0x5f,
  0x6c, 0x69, 0x73, 0x74, 0x3e, 0x0a, 0x3c, 0x2f, 0x73, 0x79, 0x73, 0x74,
  0x65, 0x6d, 0x5f, 0x73, 0x65, 0x74, 0x74, 0x69, 0x6e, 0x67, 0x73, 0x3e,
  0x0a, 0x00, 0x00, 0x00, 0x89, 0x50, 0x4e, 0x47, 0x0d, 0x0a, 0x1a, 0x0a,
  0x00, 0x00, 0x00, 0x0d, 0x49, 0x48, 0x44, 0x52, 0x00, 0x00, 0x00, 0x80,
  0x00, 0x00, 0x00, 0x80, 0x08, 0x06, 0x00, 0x00, 0x00, 0xc3, 0x3e, 0x61,
  0xcb, 0x00, 0x00, 0x00, 0x09, 0x70, 0x48, 0x59, 0x73, 0x00, 0x00, 0x0b,
  0x13, 0x00, 0x00, 0x0b, 0x13, 0x01, 0x00, 0x9a, 0x9c, 0x18, 0x00, 0x00,
  0x00, 0x01, 0x73, 0x52, 0x47, 0x42, 0x00, 0xae, 0xce, 0x1c, 0xe9, 0x00,
  0x00, 0x00, 0x04, 0x73, 0x42, 0x49, 0x54, 0x08, 0x08, 0x08, 0x08, 0x7c,
  0x08, 0x64, 0x88, 0x00, 0x00, 0x11, 0x8f, 0x49, 0x44, 0x41, 0x54, 0x78,
  0x9c, 0xed, 0x5c, 0x7b, 0x8c, 0x5e, 0xc5, 0x75, 0xff, 0xcd, 0xbd, 0x77,
  0x77, 0xb3, 0xbb, 0xf8, 0xc1, 0xda, 0x6b, 0x1b, 0x53, 0x08, 0x24, 0x3c,
  0x0a, 0xb8, 0x25, 0x38, 0xc8, 0x18, 0x41, 0x14, 0x83, 0x4d, 0x6d, 0x37,
  0x81, 0x42, 0x44, 0x30, 0xd4, 0x7d, 0x44, 0x94, 0x24, 0x25, 0xaa, 0x1a,
  0xaa, 0xa6, 0xa8, 0x49, 0xe3, 0xb6, 0x42, 0xaa, 0x04, 0x45, 0x24, 0x88,
  0x24, 0x6d, 0x90, 0xd5, 0x96, 0x46, 0x45, 0xa4, 0x24, 0x22, 0x25, 0x41,
  0x21, 0xb1, 0x9b, 0x9a, 0xa4, 0x4e, 0xb1, 0xb1, 0x6b, 0x52, 0x37, 0x49,
  0xeb, 0x80, 0x4c, 0x9c, 0x42, 0xfc, 0x7e, 0xec, 0xeb, 0xdb, 0xfd, 0x1e,
  0x77, 0xa6, 0x7f, 0xcc, 0xcc, 0x77, 0xe7, 0x3e, 0x66, 0xee, 0xdc, 0xef,
  0xfb, 0xd6, 0x9b, 0x3f, 0xce, 0x4f, 0xba, 0xda, 0xc7, 0xcc, 0x9c, 0x39,
  0x73, 0xe6, 0xdc, 0x33, 0x67, 0xce, 0x9c, 0x3b, 0x00, 0x81, 0x40, 0x20,
  0x10, 0x08, 0x04, 0x02, 0x81, 0x40, 0x20, 0x10, 0x08, 0x04, 0x02, 0x81,
  0x40, 0x20, 0x10, 0x08, 0x04, 0x02, 0x81, 0x40, 0x20, 0x10, 0x08, 0x04,
  0x02, 0x81, 0x40, 0x20, 0x10, 0x08, 0x04, 0x02, 0x81, 0x40, 0x20, 0x10,
  0x08, 0x04, 0x02, 0x81, 0x40, 0x20, 0x10, 0x08, 0x04, 0x02, 0x81, 0x40,
  0x20, 0x10, 0x08, 0x04, 0x02, 0x81, 0x40, 0x20, 0x10, 0x08, 0x04, 0x02,
  0x81, 0x40, 0x20, 0x10, 0x7e, 0x81, 0xc0, 0x3a, 0xac, 0x6f, 0x6b, 0x27,
  0x32, 0x3f, 0xab, 0xa2, 0x5b, 0xfa, 0xac, 0xe0, 0xf7, 0xaa, 0x63, 0xf4,
  0x41, 0x11, 0x1f, 0x45, 0x3c, 0xf9, 0xf0, 0xd0, 0x8d, 0xcc, 0x5c, 0xf4,
  0xcb, 0x78, 0x03, 0x00, 0x44, 0x55, 0x3a, 0xbb, 0xfb, 0x3f, 0xc6, 0xaf,
  0x07, 0xf8, 0x20, 0x8f, 0x5b, 0x4c, 0xc4, 0x31, 0x13, 0x71, 0xcc, 0x00,
  0xa0, 0x39, 0x33, 0x76, 0xf8, 0xf9, 0xf7, 0x5d, 0x71, 0x40, 0x75, 0xc4,
  0xd5, 0x4f, 0xfd, 0x78, 0xd1, 0x06, 0x80, 0x7b, 0x76, 0x4f, 0xdc, 0x24,
  0xe2, 0x98, 0x65, 0xe9, 0x7f, 0x75, 0xed, 0xf2, 0xef, 0x66, 0x68, 0xf3,
  0x82, 0x81, 0xb1, 0x0f, 0xee, 0x38, 0xb6, 0x34, 0x1a, 0x1a, 0xbc, 0x32,
  0x6e, 0xd4, 0x03, 0xdd, 0x5e, 0xf0, 0x56, 0xcf, 0x15, 0x80, 0x05, 0x91,
  0x50, 0x3c, 0xd9, 0xf8, 0x61, 0x00, 0xd8, 0x3d, 0xbb, 0x27, 0xd6, 0xc4,
  0x8d, 0x7a, 0x00, 0x00, 0xbc, 0xd1, 0x08, 0x34, 0x2f, 0x46, 0x7b, 0xdd,
  0x96, 0x1b, 0xe4, 0x7d, 0x64, 0x96, 0xa3, 0xaf, 0xc7, 0xcb, 0x81, 0x99,
  0xe7, 0xd6, 0x2e, 0xdf, 0x85, 0xb4, 0xbc, 0xac, 0x74, 0x7d, 0x85, 0xc3,
  0x36, 0xef, 0x6b, 0x70, 0x57, 0x85, 0x66, 0x6d, 0xe2, 0xb3, 0xcf, 0xde,
  0xb8, 0x68, 0x0b, 0x80, 0x16, 0x80, 0x18, 0x69, 0x45, 0x28, 0x1d, 0xcc,
  0xe6, 0x7d, 0x8d, 0xd8, 0x55, 0xe9, 0xe9, 0x95, 0xfd, 0x0b, 0x14, 0xed,
  0x2c, 0x7d, 0x00, 0x60, 0x1b, 0x9f, 0xf8, 0x66, 0xff, 0xc8, 0x8d, 0xeb,
  0x66, 0x4a, 0x47, 0xd2, 0x43, 0x3c, 0xbd, 0xb2, 0x7f, 0xbe, 0xc1, 0x93,
  0x39, 0x91, 0xa5, 0xe3, 0x51, 0xed, 0xb3, 0x63, 0xf2, 0x79, 0x71, 0x7c,
  0xe5, 0x35, 0x2f, 0xc3, 0x5b, 0x21, 0x5d, 0x1f, 0x0b, 0xc0, 0x00, 0xb0,
  0x48, 0x70, 0x5c, 0x39, 0x2f, 0xc0, 0x83, 0x97, 0xf6, 0xe5, 0x2a, 0x7c,
  0x68, 0x5f, 0x1d, 0x41, 0xd4, 0xb7, 0x01, 0xc0, 0xc3, 0x00, 0x66, 0x00,
  0x34, 0x8c, 0x41, 0xf9, 0x80, 0x45, 0x82, 0xe3, 0xa9, 0x95, 0x03, 0x85,
  0x85, 0x1f, 0xda, 0x57, 0x07, 0x80, 0xf9, 0x8a, 0xf6, 0x0c, 0x80, 0x26,
  0x92, 0x81, 0x01, 0x00, 0x5b, 0xf8, 0xae, 0x55, 0x1b, 0x5d, 0x34, 0x7a,
  0x0d, 0xc5, 0xd3, 0x39, 0x8a, 0x9f, 0xba, 0xe2, 0x49, 0x0b, 0x38, 0x28,
  0xe3, 0x45, 0xb5, 0x5f, 0x08, 0x60, 0x5a, 0xb5, 0xaf, 0x22, 0x33, 0x2b,
  0xfd, 0x27, 0x0e, 0x36, 0xb1, 0xef, 0x0c, 0x07, 0x80, 0x61, 0xc5, 0x1b,
  0x53, 0xbc, 0x99, 0x2f, 0x4c, 0x42, 0xc8, 0xa3, 0x33, 0x00, 0x08, 0x42,
  0x21, 0x10, 0x88, 0x62, 0xc5, 0x0c, 0x85, 0x00, 0x6b, 0x35, 0xfa, 0x21,
  0x07, 0x34, 0x04, 0xa0, 0x5f, 0xd1, 0xf6, 0xb1, 0x30, 0x4c, 0xd3, 0xb7,
  0x41, 0x95, 0x2d, 0x86, 0x54, 0x82, 0x41, 0x48, 0xc5, 0x35, 0xe9, 0x33,
  0xd6, 0x6a, 0x38, 0x69, 0xf4, 0x1a, 0xaa, 0xaf, 0x11, 0x48, 0x25, 0x18,
  0xc8, 0xf0, 0x54, 0xca, 0xcb, 0x20, 0x13, 0xb8, 0x77, 0xef, 0xf4, 0x21,
  0x00, 0xe7, 0x42, 0x4e, 0x56, 0x3f, 0x80, 0x10, 0xe5, 0x72, 0x73, 0xd2,
  0x0f, 0x44, 0x9b, 0xb7, 0x2c, 0x5d, 0x56, 0x44, 0xd7, 0x47, 0x01, 0xda,
  0x1d, 0x06, 0x16, 0xcb, 0x14, 0x0a, 0x81, 0xa0, 0xd9, 0x8a, 0x90, 0x08,
  0xc4, 0xd9, 0x69, 0x01, 0xfd, 0xd0, 0x43, 0x01, 0x96, 0x20, 0x51, 0xb0,
  0x3e, 0x83, 0x77, 0x06, 0x20, 0x60, 0xcd, 0x99, 0xb9, 0x50, 0x80, 0x45,
  0x90, 0x4a, 0xf9, 0x36, 0x24, 0x0a, 0x10, 0x00, 0x88, 0xca, 0x78, 0xf9,
  0xdb, 0x6b, 0xde, 0xa6, 0x69, 0x8c, 0x02, 0x58, 0x00, 0xa9, 0xd8, 0xe6,
  0xb8, 0x8a, 0xa0, 0xe5, 0x69, 0x95, 0x57, 0x20, 0x84, 0xc9, 0xdb, 0x3c,
  0x24, 0xca, 0x59, 0x38, 0x0f, 0xde, 0x0a, 0x10, 0x81, 0x23, 0xb4, 0x28,
  0x40, 0x04, 0x0e, 0x16, 0x37, 0x22, 0x48, 0xad, 0xd3, 0x0a, 0xa0, 0x05,
  0x52, 0x46, 0x1b, 0x00, 0xc2, 0x08, 0x76, 0x17, 0x43, 0x95, 0x99, 0x0a,
  0x90, 0xb5, 0x30, 0x0c, 0x8d, 0x19, 0x27, 0x8d, 0x5e, 0x43, 0xf5, 0xa5,
  0xdf, 0xb2, 0x01, 0xa4, 0x15, 0xde, 0x8b, 0x97, 0x08, 0x1c, 0xf7, 0xef,
  0x99, 0xdc, 0x89, 0xb4, 0x25, 0x29, 0xb3, 0x02, 0x81, 0x8b, 0x7e, 0x08,
  0xae, 0x79, 0xcb, 0xd2, 0xec, 0x58, 0x01, 0x00, 0x65, 0x01, 0x6c, 0x5a,
  0x17, 0x0a, 0x01, 0xd6, 0x6c, 0x86, 0x98, 0xcb, 0x25, 0xa0, 0x3e, 0x27,
  0x16, 0x60, 0x08, 0x69, 0xf3, 0xdf, 0x7e, 0x7c, 0x78, 0xf9, 0x9b, 0x6b,
  0x87, 0x8b, 0xc6, 0xe6, 0x63, 0x05, 0xec, 0x4b, 0x00, 0xaa, 0x2d, 0x01,
  0x95, 0x9c, 0xc0, 0x50, 0x14, 0xf3, 0x15, 0x09, 0x8e, 0x80, 0x37, 0x43,
  0x24, 0x6f, 0x83, 0xcf, 0xdb, 0x9f, 0xa3, 0x6f, 0x83, 0x2a, 0x9b, 0x8f,
  0x44, 0xb9, 0x4c, 0xfa, 0x72, 0x60, 0xad, 0x56, 0x60, 0xa3, 0xf1, 0x83,
  0x53, 0x4d, 0xfc, 0xe3, 0xeb, 0xd3, 0x9e, 0xec, 0xf8, 0x21, 0x4a, 0xfa,
  0x2e, 0x82, 0x95, 0x97, 0x1c, 0x1d, 0xc1, 0xf1, 0xc0, 0xee, 0xb1, 0xe7,
  0x1f, 0xbf, 0x6e, 0xc1, 0xcd, 0x00, 0xa6, 0x20, 0x9d, 0x42, 0xed, 0xb4,
  0x15, 0x3a, 0x6e, 0x2e, 0xfa, 0xa1, 0xe0, 0x5a, 0x5e, 0x7a, 0x2e, 0xb4,
  0x42, 0x15, 0xf2, 0xea, 0x1b, 0x07, 0x60, 0x65, 0x4e, 0x60, 0x10, 0x73,
  0x86, 0xf4, 0xe4, 0xf8, 0xac, 0xff, 0x29, 0xfa, 0x36, 0xa8, 0xb2, 0x01,
  0xa4, 0x1d, 0x25, 0x28, 0xfa, 0x02, 0x00, 0x0b, 0x93, 0x7a, 0x79, 0xe2,
  0xaa, 0xec, 0xb1, 0xd5, 0x0b, 0x77, 0x01, 0x98, 0x80, 0x14, 0xb4, 0xde,
  0x4d, 0xd8, 0x84, 0x9c, 0x05, 0x87, 0xf4, 0xd2, 0x6b, 0x00, 0xce, 0x00,
  0x38, 0xae, 0x7e, 0xd7, 0xde, 0xbb, 0xa6, 0xc3, 0xca, 0xc6, 0x63, 0xe2,
  0xb3, 0xab, 0xe6, 0xe3, 0x13, 0xbb, 0xc7, 0x00, 0xf9, 0xc6, 0x8e, 0x2b,
  0xde, 0x1a, 0x48, 0xb6, 0xba, 0x45, 0xc3, 0xb1, 0xd2, 0x37, 0x9c, 0xc0,
  0xec, 0xe4, 0x77, 0xa5, 0x00, 0x08, 0x05, 0x47, 0x60, 0x5b, 0x77, 0x04,
  0x47, 0x08, 0x1e, 0x20, 0x6d, 0x0a, 0xab, 0x04, 0x60, 0x58, 0xe8, 0x78,
  0x63, 0x54, 0x59, 0x84, 0xf4, 0xfa, 0x98, 0xa2, 0x1f, 0xb4, 0x9a, 0x56,
  0x1a, 0x4c, 0x08, 0x4d, 0x63, 0x1c, 0xc0, 0x49, 0x00, 0xa7, 0x21, 0x05,
  0x5d, 0x87, 0x9c, 0x3c, 0x1f, 0x08, 0x55, 0x77, 0x06, 0xc0, 0x24, 0x80,
  0x53, 0x8a, 0xce, 0xa4, 0xa2, 0xa3, 0x27, 0x2c, 0x28, 0x1b, 0x4f, 0x16,
  0xa1, 0xe0, 0xf8, 0x93, 0xef, 0x9f, 0x78, 0xe6, 0xd1, 0x1b, 0x16, 0x6f,
  0x80, 0x54, 0x50, 0xad, 0x9c, 0x7a, 0x4b, 0x98, 0x9d, 0x6d, 0x2b, 0xfd,
  0x00, 0xdc, 0x94, 0x57, 0xe9, 0x8b, 0xe8, 0xad, 0x00, 0x11, 0x04, 0x42,
  0x47, 0x59, 0x24, 0x79, 0xac, 0xf2, 0xd6, 0xe7, 0x68, 0x94, 0x94, 0x39,
  0x07, 0x13, 0x3a, 0x68, 0x04, 0x49, 0xd9, 0x29, 0x00, 0x87, 0x01, 0x1c,
  0x03, 0x30, 0x86, 0xc4, 0xdc, 0xfa, 0xbc, 0xae, 0x02, 0x72, 0x42, 0x9a,
  0xaa, 0xdd, 0xa4, 0xa2, 0x31, 0x81, 0x44, 0x91, 0xda, 0x74, 0x6c, 0xbc,
  0x1c, 0xad, 0xc5, 0x58, 0x3a, 0x94, 0x96, 0xe4, 0x23, 0xab, 0xcf, 0xc5,
  0x9f, 0xed, 0x3a, 0xd5, 0x0f, 0xb9, 0x1b, 0x38, 0x83, 0x44, 0xa9, 0xac,
  0x71, 0x01, 0x1b, 0x7d, 0x43, 0x0e, 0x0c, 0x1e, 0xf3, 0x51, 0xcd, 0x02,
  0x38, 0xd6, 0x9d, 0x80, 0x77, 0xe7, 0x81, 0x7b, 0x58, 0x00, 0x77, 0x7b,
  0xc4, 0xd6, 0x7a, 0x0c, 0x6d, 0x0b, 0x70, 0x12, 0xc0, 0x11, 0x00, 0x6f,
  0xa9, 0xdf, 0xa7, 0x90, 0x2c, 0x03, 0x65, 0xd0, 0x91, 0xb4, 0x18, 0xd2,
  0x44, 0xd7, 0x21, 0x15, 0x41, 0x07, 0x82, 0xf4, 0x32, 0x10, 0xba, 0x78,
  0xfe, 0xc2, 0x7f, 0x9d, 0xc6, 0x43, 0xd7, 0x2f, 0xce, 0xf3, 0x2f, 0x38,
  0xfe, 0xf8, 0xc5, 0x03, 0x9f, 0x7f, 0x6c, 0xe3, 0xe5, 0x9b, 0x91, 0xb6,
  0x02, 0x85, 0x4b, 0x94, 0xd5, 0x02, 0x08, 0xee, 0x25, 0x2f, 0x8d, 0x0a,
  0x0a, 0x20, 0x10, 0x58, 0xde, 0x13, 0xb9, 0x43, 0xf0, 0xee, 0xd3, 0x4a,
  0xa3, 0x93, 0x32, 0x8d, 0xc0, 0x51, 0x8f, 0x25, 0x65, 0xe3, 0x90, 0x56,
  0xe0, 0xb8, 0x7a, 0x26, 0x20, 0x27, 0xd3, 0x57, 0x62, 0x66, 0xec, 0xbe,
  0x85, 0x24, 0x22, 0x99, 0x0b, 0xb7, 0xba, 0x76, 0x4c, 0x2d, 0x2e, 0x10,
  0x05, 0xe9, 0x17, 0xf3, 0xcf, 0xaf, 0x5b, 0x84, 0xbf, 0xda, 0x25, 0xce,
  0x87, 0xb4, 0x02, 0x63, 0x48, 0xfc, 0x0b, 0x33, 0x44, 0x9c, 0xa2, 0x53,
  0x04, 0xc3, 0x07, 0xf0, 0x82, 0xaf, 0xa7, 0x8e, 0x48, 0x08, 0x7b, 0x1c,
  0xc0, 0xb1, 0x45, 0xac, 0x42, 0xbf, 0x93, 0x32, 0x8d, 0x30, 0x8e, 0xad,
  0xf5, 0x98, 0x68, 0xd3, 0xa8, 0x43, 0x0a, 0x76, 0x02, 0x52, 0xc8, 0x63,
  0x90, 0x26, 0xd7, 0xf7, 0x19, 0x83, 0x54, 0x22, 0xed, 0x48, 0xea, 0x10,
  0x70, 0xf6, 0x6c, 0xc2, 0xca, 0x4b, 0x24, 0x04, 0x1e, 0x79, 0xf9, 0x78,
  0xfe, 0xff, 0x01, 0x43, 0x24, 0x04, 0x3e, 0xf6, 0x77, 0xdb, 0x1f, 0x40,
  0x7a, 0x4b, 0x58, 0xb8, 0x87, 0xb7, 0xd1, 0x0f, 0x21, 0xbc, 0xe4, 0xa5,
  0xe1, 0xad, 0x00, 0xa1, 0xc3, 0xb4, 0x18, 0x5b, 0x8f, 0x8e, 0xd1, 0xfd,
  0x12, 0x60, 0xaf, 0x67, 0x2c, 0x01, 0x2d, 0xc8, 0xb7, 0x4a, 0x9b, 0xf0,
  0x99, 0x0e, 0x1e, 0x1d, 0xb7, 0xd7, 0x6f, 0xbf, 0xe5, 0x0d, 0x75, 0x38,
  0xcc, 0x96, 0xb2, 0x8f, 0x5c, 0x33, 0x82, 0x0b, 0x2e, 0x5b, 0x71, 0x13,
  0xa4, 0x15, 0x38, 0x07, 0xe9, 0x08, 0x63, 0x4a, 0x09, 0xec, 0x4b, 0x80,
  0xa8, 0xb4, 0x04, 0xf8, 0x2b, 0x00, 0x84, 0xb5, 0x72, 0x08, 0x01, 0x26,
  0xe2, 0xae, 0x4c, 0x80, 0xcd, 0xba, 0x94, 0x95, 0x25, 0x75, 0xec, 0xf5,
  0x58, 0x52, 0xa6, 0xcd, 0x77, 0xdc, 0x83, 0xc7, 0xdc, 0xa7, 0xe7, 0xd7,
  0x68, 0xab, 0x93, 0x26, 0x2d, 0xe9, 0xa3, 0x3b, 0x0f, 0xe7, 0xca, 0x46,
  0x87, 0x22, 0x84, 0x10, 0xb8, 0xeb, 0x93, 0x8f, 0xdf, 0x0a, 0x19, 0xc6,
  0x1d, 0x84, 0x25, 0x90, 0x63, 0xa3, 0x1f, 0xc0, 0x6e, 0xa9, 0x8b, 0xeb,
  0x7b, 0x22, 0x72, 0x68, 0x6e, 0x24, 0x38, 0x22, 0xd6, 0x5d, 0xe2, 0x85,
  0x47, 0x20, 0xc8, 0x89, 0x00, 0xb1, 0xb5, 0x1e, 0x83, 0xe8, 0xda, 0x42,
  0x55, 0x85, 0xad, 0xbf, 0x48, 0x70, 0x3c, 0xf3, 0x97, 0xf7, 0xef, 0xb5,
  0x95, 0xaf, 0x7f, 0xe7, 0x7c, 0xac, 0xde, 0x78, 0xe7, 0x87, 0x21, 0xad,
  0x80, 0x35, 0xb0, 0x66, 0x6b, 0x1f, 0x54, 0xb4, 0xc6, 0x15, 0x96, 0x00,
  0x77, 0x20, 0xa8, 0x5b, 0x1f, 0xa0, 0x5b, 0x27, 0xd0, 0x19, 0x08, 0xaa,
  0xe8, 0x18, 0xf5, 0x02, 0x2e, 0x27, 0xf0, 0xc2, 0x4b, 0x57, 0x0c, 0x84,
  0x42, 0xe0, 0x89, 0xef, 0xbd, 0x99, 0x2b, 0xff, 0xd5, 0xf3, 0x64, 0x78,
  0x78, 0xd5, 0xfa, 0x3b, 0x57, 0x20, 0x1f, 0x1e, 0x66, 0x26, 0x9d, 0x62,
  0xfa, 0xb3, 0xe4, 0x04, 0xca, 0x40, 0x90, 0xad, 0xd3, 0xf6, 0x16, 0x91,
  0x21, 0x13, 0x13, 0xf7, 0x7d, 0xba, 0xf6, 0x01, 0x62, 0xbb, 0x85, 0x32,
  0x7c, 0x00, 0x6d, 0x46, 0x3b, 0xe2, 0xd1, 0x78, 0x4a, 0xf7, 0xd8, 0x2e,
  0x1f, 0xe0, 0xbc, 0x8b, 0x2e, 0x19, 0xfa, 0xf8, 0x7b, 0x2f, 0xf8, 0xa2,
  0xad, 0xce, 0x55, 0x4b, 0x07, 0xf1, 0x3b, 0x9f, 0x7c, 0xec, 0x61, 0x48,
  0x05, 0xc8, 0x5a, 0x01, 0xe6, 0xa2, 0x6f, 0x04, 0x82, 0xbc, 0x50, 0x6d,
  0x17, 0xe0, 0xf0, 0x6c, 0xfb, 0x64, 0x59, 0xa4, 0x9e, 0x3e, 0xc8, 0xb5,
  0xab, 0x5f, 0x31, 0xef, 0x7a, 0xfa, 0x01, 0xf4, 0x77, 0xbd, 0x0b, 0x70,
  0xd4, 0x0b, 0x92, 0xb2, 0x50, 0xf1, 0x66, 0xf2, 0xe7, 0xcd, 0xa3, 0x7a,
  0xfa, 0x90, 0x8e, 0x4a, 0x16, 0x46, 0x3d, 0x5d, 0xbb, 0x80, 0xd1, 0xd1,
  0xf3, 0x86, 0x00, 0xd4, 0x22, 0x21, 0xf0, 0xe4, 0x4b, 0x87, 0x72, 0x75,
  0xd6, 0x5e, 0xbe, 0x08, 0x91, 0x10, 0x98, 0xb7, 0x68, 0x74, 0x09, 0x12,
  0x5f, 0x20, 0x65, 0x05, 0xac, 0x63, 0x15, 0x7e, 0xf2, 0x6a, 0xf3, 0xe3,
  0x5b, 0x51, 0x3a, 0x81, 0x76, 0xc7, 0x66, 0xd1, 0xe8, 0xb2, 0x91, 0xad,
  0x3b, 0xde, 0x78, 0xd4, 0xbb, 0xe7, 0x1c, 0xba, 0x75, 0x02, 0x63, 0x87,
  0x13, 0x28, 0x1d, 0xa3, 0xad, 0x3b, 0xde, 0x78, 0xa8, 0x63, 0xf6, 0x0c,
  0x08, 0x21, 0xc6, 0x3e, 0x72, 0xf3, 0x3b, 0x96, 0x23, 0xed, 0x10, 0x66,
  0xf8, 0xb1, 0xcb, 0x6a, 0xc1, 0x82, 0x73, 0x07, 0x01, 0xcc, 0xfc, 0xfe,
  0x4d, 0x17, 0xfd, 0xe9, 0xd6, 0x1d, 0x6f, 0x3c, 0x5c, 0x54, 0x6f, 0x64,
  0x30, 0xc2, 0x67, 0xbe, 0xfa, 0xca, 0x53, 0x1f, 0xbe, 0xe9, 0xe2, 0x8d,
  0x90, 0x5b, 0xcf, 0x1a, 0x92, 0x68, 0x23, 0xeb, 0x95, 0x13, 0x58, 0x31,
  0x12, 0x58, 0x4c, 0xf8, 0xbe, 0x35, 0x17, 0x79, 0x77, 0xd8, 0x09, 0x7c,
  0x4c, 0x5a, 0xe0, 0xa8, 0x77, 0xf1, 0xe8, 0x30, 0xee, 0x5b, 0x33, 0xdc,
  0x13, 0x5e, 0xfe, 0xf3, 0xe0, 0x29, 0xec, 0x3f, 0x74, 0x46, 0x3b, 0x68,
  0xd9, 0x54, 0x2e, 0x63, 0x8d, 0xb6, 0x2f, 0x01, 0xc3, 0x43, 0xc3, 0x83,
  0xaa, 0xdd, 0x54, 0x28, 0x38, 0x9e, 0xfe, 0xf7, 0x9f, 0x62, 0xf3, 0x7b,
  0x2e, 0x4a, 0xd5, 0xfb, 0xe0, 0x75, 0xe7, 0xe3, 0x1f, 0x76, 0x1c, 0x04,
  0xe4, 0x11, 0xbb, 0x0e, 0x0f, 0xeb, 0xbe, 0xec, 0x67, 0x01, 0xb3, 0xb5,
  0x0d, 0xec, 0x45, 0xb0, 0xa7, 0x53, 0xf8, 0x05, 0x82, 0xaa, 0x99, 0xbe,
  0x4e, 0x11, 0x88, 0x76, 0xa0, 0x65, 0x21, 0xf2, 0xe7, 0xed, 0x6d, 0xb8,
  0x96, 0x80, 0x81, 0x30, 0x08, 0xa1, 0xce, 0x14, 0xee, 0xbd, 0xf9, 0x9d,
  0xbf, 0xc5, 0x9b, 0xc5, 0x69, 0x80, 0x03, 0x0c, 0xf8, 0xd2, 0x77, 0x5e,
  0x7f, 0x06, 0x79, 0x5f, 0x80, 0xcd, 0x4d, 0x20, 0xa8, 0xe3, 0x74, 0xff,
  0xee, 0xd0, 0xed, 0x59, 0x40, 0x2f, 0x61, 0x38, 0x94, 0x23, 0x48, 0x67,
  0x03, 0xa5, 0x64, 0xe9, 0x0c, 0x9a, 0x81, 0x05, 0x90, 0x16, 0xa3, 0x0e,
  0x60, 0x32, 0x14, 0x1c, 0xdf, 0xd9, 0x97, 0xdf, 0x11, 0xfc, 0xe6, 0x9a,
  0x77, 0x68, 0x3a, 0x0b, 0x91, 0x04, 0x86, 0xfa, 0x00, 0x84, 0x67, 0x3f,
  0x10, 0xe4, 0xd8, 0x06, 0xce, 0x36, 0x94, 0xe5, 0x71, 0xc6, 0x19, 0x5c,
  0xdb, 0xc0, 0x5e, 0xc2, 0x88, 0xb5, 0x17, 0x59, 0x00, 0x8f, 0x6d, 0x5a,
  0xdb, 0x92, 0xea, 0x43, 0xa5, 0xda, 0x96, 0xfb, 0xef, 0xb8, 0xf3, 0xc4,
  0xa9, 0x9a, 0xb5, 0xfe, 0x97, 0xb7, 0x1f, 0xf8, 0x67, 0x24, 0x56, 0xa0,
  0x1f, 0x7e, 0x39, 0x81, 0x7e, 0xe3, 0xf1, 0xad, 0xe8, 0xca, 0x09, 0x9c,
  0x6d, 0xf8, 0xe4, 0xd7, 0x05, 0x88, 0xbd, 0xea, 0x75, 0x8b, 0x00, 0x42,
  0xf7, 0x53, 0xb8, 0x3d, 0xd3, 0xb0, 0xf1, 0x12, 0x81, 0xa3, 0x8f, 0x09,
  0x7d, 0xa8, 0xd4, 0x02, 0x30, 0x73, 0xf0, 0xb5, 0x1f, 0x1d, 0x8d, 0xc0,
  0xf1, 0xc3, 0xd7, 0xf3, 0x67, 0x04, 0x9b, 0xd6, 0x5d, 0xa6, 0x69, 0xa5,
  0xac, 0x80, 0x3d, 0x27, 0x50, 0x54, 0x92, 0x43, 0xc5, 0xd3, 0xc0, 0x62,
  0x05, 0xf8, 0x97, 0xed, 0xff, 0xe3, 0xdd, 0xa1, 0x0b, 0xb7, 0xdf, 0x72,
  0x85, 0xb5, 0xef, 0x32, 0x84, 0xb1, 0xbd, 0xde, 0x5b, 0x47, 0xc7, 0xb1,
  0x67, 0xff, 0x5b, 0x5d, 0xf1, 0x96, 0xea, 0x4b, 0xfe, 0xc8, 0xc6, 0x04,
  0xd2, 0x75, 0x5c, 0x16, 0x80, 0xb1, 0x10, 0x49, 0x82, 0x49, 0x03, 0x40,
  0x73, 0xfb, 0xf3, 0xcf, 0x3c, 0x10, 0xde, 0x76, 0xf7, 0xe3, 0x2b, 0x2e,
  0x19, 0x2d, 0x6c, 0xf3, 0xb5, 0x6d, 0x3f, 0xfe, 0xca, 0x1d, 0xbf, 0x76,
  0xe5, 0x2d, 0x50, 0x67, 0x12, 0xf6, 0x9c, 0xc0, 0x6a, 0x16, 0xa0, 0x27,
  0x0a, 0x10, 0x0a, 0x81, 0xe3, 0xc7, 0x8e, 0x34, 0xbf, 0xf8, 0xb9, 0x87,
  0x0e, 0x86, 0x61, 0x58, 0x0b, 0xc2, 0x70, 0x3a, 0x60, 0xac, 0xc9, 0x58,
  0x20, 0x0f, 0x4a, 0x98, 0xc5, 0x74, 0x08, 0x29, 0x38, 0x21, 0x44, 0xf8,
  0xe0, 0xa7, 0x3f, 0xb3, 0xc6, 0xd5, 0x77, 0x29, 0x7f, 0xe0, 0xa5, 0xc7,
  0xc1, 0xb7, 0xad, 0xbf, 0xea, 0x55, 0xc8, 0x13, 0xbd, 0x49, 0xa4, 0x73,
  0xef, 0x5c, 0x1d, 0xe8, 0xb7, 0xb5, 0x09, 0x79, 0x02, 0x78, 0x06, 0x32,
  0xa9, 0x44, 0x7f, 0x00, 0x93, 0x3b, 0x09, 0x74, 0xf1, 0x9c, 0xf9, 0xbf,
  0xa6, 0x3b, 0xfd, 0xe4, 0xe7, 0x1f, 0xfa, 0xde, 0xfb, 0x6e, 0xdd, 0x84,
  0x23, 0xc7, 0x26, 0xb0, 0x6c, 0xc9, 0xbc, 0x54, 0x9b, 0xdb, 0x6f, 0xb9,
  0x02, 0xdf, 0xd8, 0xf6, 0x63, 0x40, 0x5a, 0x81, 0x9a, 0x8b, 0x7e, 0xd5,
  0x25, 0xc0, 0x3f, 0x23, 0xc8, 0xe1, 0x04, 0x46, 0x82, 0x03, 0xcd, 0x99,
  0xd6, 0x9e, 0x57, 0xbe, 0xfb, 0x33, 0xc8, 0x44, 0x0b, 0xf3, 0x3c, 0xdb,
  0x25, 0x60, 0xfd, 0xf6, 0xf4, 0x7f, 0x4a, 0xf0, 0x35, 0xae, 0xbe, 0xcb,
  0x10, 0x3a, 0xea, 0x49, 0xcf, 0x9d, 0x03, 0x32, 0x85, 0xab, 0x28, 0x25,
  0xac, 0x4c, 0x62, 0xfa, 0x00, 0x69, 0x1a, 0x72, 0x4f, 0x7e, 0x02, 0x49,
  0x46, 0x91, 0x79, 0x66, 0x5f, 0xca, 0x73, 0x24, 0x38, 0x38, 0x8f, 0xcd,
  0x13, 0x44, 0xed, 0x0c, 0xf2, 0x9f, 0xbe, 0xf6, 0xc3, 0x27, 0x23, 0xc1,
  0x3f, 0xba, 0x71, 0xfd, 0x8a, 0xc2, 0x76, 0x5f, 0x7f, 0xe1, 0xd5, 0x7f,
  0xba, 0xed, 0xfd, 0xd7, 0xdc, 0x0e, 0x80, 0xdb, 0x93, 0x42, 0xab, 0x9d,
  0x7b, 0xf4, 0xcc, 0x02, 0x44, 0x08, 0x62, 0xc8, 0x54, 0xab, 0x23, 0x90,
  0x42, 0xd6, 0x59, 0x2d, 0x39, 0xe1, 0x18, 0xd0, 0x61, 0xd9, 0x01, 0x8f,
  0xb3, 0x00, 0xe7, 0x24, 0x79, 0x26, 0x84, 0x9c, 0x80, 0x7c, 0x7b, 0x8f,
  0x23, 0x99, 0xc0, 0x32, 0x05, 0xc8, 0x66, 0x02, 0xd5, 0x20, 0x95, 0x40,
  0x5b, 0x12, 0x9d, 0x0f, 0x98, 0x3a, 0x15, 0x74, 0xa6, 0xd0, 0x27, 0x65,
  0x9a, 0x6e, 0x13, 0x40, 0xeb, 0x0f, 0xff, 0x60, 0xd3, 0x17, 0xbe, 0xfd,
  0xe2, 0xfe, 0x8f, 0xd6, 0xeb, 0x4d, 0x0c, 0x0c, 0xa4, 0x3f, 0xc1, 0xdb,
  0xb8, 0x7e, 0x05, 0xb6, 0x7d, 0xeb, 0xbf, 0x07, 0x20, 0x0f, 0x89, 0x5a,
  0x67, 0x7f, 0x09, 0x00, 0x47, 0xe8, 0xfa, 0x18, 0x41, 0x1e, 0x06, 0x1c,
  0x87, 0x14, 0xf0, 0x61, 0x48, 0x53, 0x59, 0x96, 0x73, 0x27, 0x4f, 0x6a,
  0x81, 0x41, 0x1b, 0x6d, 0x4d, 0xbf, 0x9c, 0xbf, 0xd8, 0x5a, 0x4f, 0x46,
  0x02, 0x53, 0x29, 0x61, 0x3f, 0x47, 0xb5, 0x94, 0x30, 0xd3, 0x69, 0x6b,
  0x40, 0x2a, 0xf6, 0x34, 0x1c, 0x16, 0xc0, 0x25, 0x2b, 0x96, 0x94, 0x69,
  0xa5, 0xd1, 0x19, 0x45, 0x53, 0x63, 0x67, 0x8e, 0x7f, 0x7f, 0xe7, 0x0e,
  0x7e, 0xc3, 0xda, 0x0d, 0x57, 0x17, 0xb6, 0x7d, 0xf6, 0xe9, 0x7f, 0xfd,
  0xeb, 0xbb, 0x36, 0xaf, 0x7b, 0xc0, 0x46, 0x3f, 0x48, 0xc6, 0xea, 0x85,
  0x0a, 0x4b, 0x80, 0x3d, 0xed, 0x2b, 0x12, 0x02, 0x7d, 0x72, 0x54, 0x63,
  0x90, 0x4a, 0x70, 0x04, 0x32, 0xf5, 0x4a, 0x0b, 0xb8, 0x4c, 0x01, 0x86,
  0xba, 0x3e, 0x0b, 0xe0, 0xf6, 0x7a, 0x2c, 0xa1, 0xa1, 0xb3, 0x82, 0x8f,
  0x2a, 0x3e, 0xf5, 0x1b, 0x5c, 0x66, 0x01, 0xf4, 0x4f, 0xbd, 0x14, 0xe8,
  0x74, 0x30, 0xf3, 0x23, 0xd5, 0xcc, 0x12, 0x60, 0x0f, 0x04, 0xc5, 0xe9,
  0x32, 0xd3, 0xc7, 0x98, 0xbe, 0xeb, 0x9e, 0xb5, 0xf7, 0xbf, 0xf4, 0xcd,
  0x57, 0xf7, 0xb7, 0x13, 0xcc, 0x0d, 0xac, 0xb9, 0xe5, 0x57, 0xb0, 0x73,
  0xdb, 0xfe, 0x0b, 0x01, 0x2c, 0xb0, 0x06, 0x82, 0x44, 0xb5, 0x40, 0x50,
  0xcf, 0x92, 0x42, 0x43, 0x39, 0x10, 0x33, 0x5b, 0x56, 0xaf, 0xb3, 0x0d,
  0xb8, 0x15, 0x20, 0x02, 0xd0, 0x98, 0xd5, 0xa4, 0xd0, 0x24, 0x38, 0x32,
  0xad, 0x78, 0xd2, 0x26, 0x7c, 0x1c, 0x7e, 0x39, 0x81, 0xa6, 0x12, 0xe8,
  0x09, 0x33, 0x1f, 0xfd, 0x7f, 0xaf, 0x50, 0x30, 0xd2, 0x65, 0xa6, 0x75,
  0x01, 0x80, 0x29, 0xde, 0xac, 0x9f, 0xd8, 0xf9, 0xe2, 0xbe, 0xc5, 0x37,
  0xfe, 0xfa, 0xca, 0x74, 0xdb, 0x30, 0x40, 0x28, 0x38, 0x3e, 0xf7, 0xc8,
  0xd6, 0x7b, 0x3d, 0x02, 0x41, 0x5e, 0x5a, 0x50, 0xcd, 0x02, 0x38, 0x72,
  0x02, 0x03, 0x1e, 0x73, 0x24, 0xa9, 0x56, 0x3a, 0xdd, 0x4a, 0x9b, 0xc8,
  0x32, 0x05, 0x08, 0x66, 0xf3, 0x34, 0xd0, 0xb0, 0x00, 0xda, 0x84, 0x9b,
  0xe9, 0x60, 0x75, 0x54, 0x4b, 0x0a, 0x75, 0xfd, 0x2c, 0xe5, 0x39, 0x12,
  0x02, 0x11, 0x0b, 0xb2, 0x19, 0xf6, 0xda, 0x17, 0x10, 0x00, 0xa6, 0x6f,
  0xfe, 0x8d, 0xd5, 0xeb, 0x5e, 0x7e, 0x61, 0xef, 0x0f, 0x8a, 0xda, 0x5f,
  0x73, 0xc3, 0x2f, 0x23, 0x12, 0xe2, 0x3d, 0x98, 0x8b, 0x50, 0xb0, 0xdd,
  0x09, 0xe4, 0xe8, 0x03, 0x63, 0xe8, 0x22, 0xdd, 0xaa, 0x5b, 0x0b, 0x10,
  0xc4, 0x5e, 0x69, 0xe1, 0x26, 0x7f, 0x2d, 0x54, 0xe3, 0xd1, 0xac, 0xef,
  0x4c, 0x07, 0x73, 0xf1, 0x1c, 0x0a, 0x0e, 0xc4, 0x85, 0xc1, 0xff, 0x76,
  0x60, 0x08, 0x32, 0x3c, 0xcc, 0xf7, 0xbc, 0xb0, 0x27, 0x57, 0x69, 0x78,
  0xc1, 0x90, 0x33, 0xaf, 0x70, 0x96, 0x73, 0x02, 0xed, 0x5a, 0x97, 0xb1,
  0x0e, 0xa2, 0xea, 0x73, 0x96, 0x72, 0x02, 0xb3, 0xa8, 0xc2, 0x63, 0x25,
  0x94, 0xe5, 0x04, 0x5a, 0xf8, 0x68, 0x7f, 0x78, 0xb2, 0xea, 0xd6, 0x55,
  0xef, 0xb6, 0xd1, 0x78, 0xfb, 0x55, 0x17, 0xcc, 0x45, 0x4e, 0xa0, 0x3b,
  0x21, 0x64, 0xce, 0xd3, 0xc2, 0x1d, 0xf5, 0xaa, 0x26, 0x49, 0xf4, 0x02,
  0xce, 0x25, 0xc0, 0xce, 0x8b, 0x76, 0x06, 0x67, 0x00, 0x4c, 0x46, 0x42,
  0x60, 0xff, 0x37, 0x76, 0xe7, 0x2a, 0x2d, 0xb9, 0x78, 0x19, 0x22, 0x21,
  0x50, 0x9f, 0xca, 0xdf, 0x88, 0x13, 0x54, 0x74, 0x02, 0x7b, 0xb6, 0x04,
  0xd8, 0x1c, 0xc4, 0x2a, 0xf4, 0x3b, 0x29, 0x6b, 0xd7, 0x71, 0xa4, 0x42,
  0x19, 0x4b, 0xc0, 0x59, 0x43, 0x07, 0x69, 0xe1, 0xb9, 0x78, 0xc3, 0xd5,
  0xb7, 0xad, 0x5e, 0x69, 0xa3, 0x33, 0xb2, 0x7c, 0x04, 0xf5, 0xf1, 0xfc,
  0x01, 0xd2, 0xac, 0x9e, 0x06, 0x5a, 0xcd, 0x9a, 0x68, 0x7f, 0x1b, 0xd8,
  0x31, 0xba, 0xfe, 0x32, 0xc8, 0x71, 0x16, 0x60, 0x04, 0x82, 0xce, 0x1a,
  0x5c, 0x81, 0x20, 0xc7, 0x1b, 0x6a, 0xc6, 0x05, 0xea, 0x00, 0xa6, 0x42,
  0x21, 0x70, 0xe0, 0xeb, 0x2f, 0xe7, 0x2a, 0xfe, 0xd2, 0xbb, 0x2f, 0x45,
  0x63, 0x7c, 0x2a, 0x4f, 0xbf, 0x62, 0x20, 0xa8, 0x52, 0x5a, 0xb8, 0xcd,
  0x02, 0x44, 0x82, 0x83, 0x71, 0xde, 0x95, 0x84, 0xbb, 0x4d, 0x0b, 0x0f,
  0x5d, 0x69, 0xe1, 0x49, 0x78, 0x94, 0xcd, 0xc2, 0x53, 0x89, 0xe7, 0x48,
  0x70, 0xf4, 0xcb, 0xc3, 0x20, 0x1b, 0xb4, 0xa3, 0xda, 0x00, 0x50, 0xbb,
  0xe2, 0xf6, 0x1b, 0xae, 0x0d, 0x79, 0x71, 0xc2, 0xc8, 0xe2, 0xcb, 0x2f,
  0xc8, 0xfd, 0xcf, 0x08, 0x7b, 0x7b, 0xa1, 0x92, 0x13, 0xe8, 0x76, 0x6c,
  0xba, 0x5c, 0x02, 0xce, 0x8e, 0x13, 0x28, 0x3f, 0x9e, 0x2d, 0x4e, 0x0c,
  0xf5, 0x7d, 0x74, 0x52, 0x68, 0xf6, 0x53, 0xf8, 0xf4, 0x97, 0x3b, 0xd5,
  0x9c, 0xc0, 0x2c, 0x52, 0xbe, 0x40, 0x08, 0x81, 0xff, 0xdb, 0xf6, 0x4a,
  0x59, 0x1b, 0x00, 0x29, 0x27, 0xd0, 0xeb, 0x3b, 0x8d, 0x9e, 0xe4, 0x04,
  0xca, 0x2c, 0x97, 0xee, 0x3e, 0x0c, 0x39, 0x1b, 0x5f, 0x07, 0x1f, 0x7a,
  0xee, 0xa5, 0x9e, 0x24, 0x85, 0x2a, 0xc4, 0x6f, 0xff, 0xc0, 0x9a, 0x79,
  0x48, 0x6f, 0x0b, 0x13, 0x7e, 0x1c, 0x3e, 0x80, 0x3a, 0x0c, 0xb2, 0xc1,
  0x8c, 0x38, 0xd6, 0x01, 0xd4, 0xae, 0xfd, 0xdd, 0xf7, 0x5f, 0xff, 0xea,
  0x53, 0x05, 0xeb, 0x40, 0x01, 0xaa, 0xfa, 0x00, 0x3d, 0x0b, 0x04, 0xcd,
  0xf5, 0x2e, 0x20, 0x70, 0xd4, 0x1b, 0x3a, 0x7f, 0x14, 0x17, 0xde, 0xf1,
  0xde, 0x4e, 0x59, 0x2b, 0xc4, 0xcf, 0x9f, 0x7b, 0x49, 0x5f, 0x89, 0xa3,
  0xbf, 0x35, 0x4c, 0xdf, 0x0f, 0xe0, 0xd8, 0x05, 0x78, 0x2e, 0x96, 0x3a,
  0x2e, 0x30, 0x7d, 0x6a, 0x7c, 0xfc, 0x4c, 0x24, 0x04, 0x4e, 0xef, 0xfe,
  0x11, 0xce, 0xbd, 0xee, 0x2a, 0x67, 0xa3, 0x59, 0x0c, 0x04, 0x95, 0x5c,
  0x11, 0xc3, 0xbb, 0xd3, 0x80, 0xae, 0xbf, 0x0c, 0x72, 0x38, 0x81, 0xb3,
  0x81, 0xb2, 0xb4, 0x30, 0x97, 0x13, 0xd8, 0xe7, 0xf6, 0x01, 0x80, 0xfc,
  0xe1, 0x53, 0x6d, 0xcb, 0xd6, 0xc7, 0x3f, 0xd0, 0x78, 0xf3, 0x58, 0x29,
  0x5f, 0xb3, 0x96, 0x12, 0x56, 0xbe, 0x04, 0x88, 0xd9, 0x5e, 0x02, 0x9c,
  0xa3, 0x3a, 0x5b, 0x49, 0xa1, 0xed, 0xfe, 0x64, 0x5f, 0xfa, 0x2e, 0x3e,
  0xf3, 0x2b, 0x5e, 0xb3, 0xbc, 0xb8, 0x5d, 0xdc, 0x72, 0x1d, 0x91, 0x9b,
  0x68, 0x1f, 0x12, 0xfd, 0xfd, 0xb7, 0x9e, 0x3f, 0x10, 0x0a, 0x8e, 0xe9,
  0x9f, 0xfc, 0xcc, 0xd9, 0x60, 0xf6, 0xd2, 0xc2, 0x1d, 0xce, 0x4b, 0x04,
  0x81, 0x3e, 0x19, 0x9c, 0x2e, 0xcc, 0x8e, 0xf1, 0xa5, 0x5f, 0x52, 0xe6,
  0x0c, 0xbf, 0xf6, 0x05, 0x81, 0xe8, 0x76, 0x2b, 0x5a, 0x05, 0xaa, 0x2f,
  0x7d, 0x17, 0x9f, 0x56, 0x80, 0xb6, 0x05, 0xb0, 0xf1, 0x62, 0x5c, 0xa7,
  0x63, 0x8e, 0xa7, 0x08, 0xd9, 0xb8, 0xc0, 0xd4, 0xbf, 0xed, 0xdd, 0xb5,
  0xa5, 0xbe, 0xff, 0x27, 0x4e, 0xbe, 0x42, 0x7f, 0xfa, 0x00, 0xfc, 0x15,
  0x40, 0x94, 0x9e, 0x06, 0xca, 0x2c, 0x87, 0xa2, 0x8b, 0x9c, 0xbd, 0xe9,
  0xdb, 0xa0, 0xca, 0xf4, 0x37, 0xf9, 0x45, 0xdf, 0xe3, 0x8b, 0x39, 0xb2,
  0x00, 0xfa, 0xea, 0xba, 0xec, 0x45, 0x0e, 0xd6, 0xf1, 0x18, 0x81, 0x20,
  0x1f, 0x59, 0xa5, 0xc2, 0xc3, 0x9b, 0x1e, 0xf9, 0xf4, 0x73, 0xa1, 0xe0,
  0x88, 0x4f, 0x8f, 0x5b, 0xf9, 0x0a, 0x92, 0xa0, 0x57, 0xf6, 0xe2, 0x8a,
  0xc2, 0x3e, 0x7c, 0x9c, 0x40, 0x19, 0xab, 0x17, 0x02, 0x38, 0x7a, 0x12,
  0xb5, 0x67, 0xbf, 0x9d, 0x1f, 0x14, 0x80, 0xe9, 0x5a, 0x6d, 0x1c, 0x49,
  0x02, 0x48, 0x15, 0x25, 0x68, 0xd3, 0x2f, 0xa2, 0xad, 0xe9, 0x43, 0x66,
  0xe2, 0x98, 0x37, 0x72, 0xa4, 0x06, 0x35, 0x3e, 0x3e, 0x7e, 0x2c, 0x5c,
  0x6e, 0xa7, 0xd1, 0x6b, 0x28, 0x9e, 0xf4, 0xc4, 0x9b, 0x5b, 0x41, 0x01,
  0x80, 0xdb, 0xc6, 0x13, 0x02, 0x98, 0xac, 0x4d, 0xe9, 0x9c, 0x44, 0x6b,
  0x4e, 0xa1, 0x42, 0x2e, 0x30, 0xf4, 0xc6, 0xe1, 0x37, 0xbf, 0x7c, 0xc9,
  0xf6, 0x97, 0xef, 0xf6, 0xe0, 0x2d, 0x4b, 0xbf, 0x10, 0xde, 0x16, 0x60,
  0x78, 0xd3, 0x86, 0x25, 0xae, 0x0a, 0xef, 0xfa, 0xa3, 0xfb, 0x9e, 0x80,
  0x3c, 0x5f, 0xf7, 0x4d, 0xb6, 0x34, 0xc1, 0x1f, 0xfb, 0xda, 0x57, 0x56,
  0xda, 0x0a, 0xff, 0xf7, 0xad, 0x43, 0xaf, 0x41, 0xe6, 0x17, 0xe8, 0x34,
  0x33, 0xf3, 0xa6, 0x70, 0x01, 0x40, 0xac, 0xfb, 0x8b, 0x4f, 0xec, 0x8d,
  0x39, 0x3f, 0xed, 0xd9, 0x5f, 0xd7, 0xb8, 0xec, 0x63, 0xbf, 0xfd, 0x29,
  0xa4, 0x3f, 0x0b, 0x33, 0x0f, 0x8e, 0xf8, 0xc9, 0xc9, 0x89, 0x2f, 0xd9,
  0xda, 0x2e, 0xbf, 0xf7, 0xce, 0x2d, 0x90, 0xb2, 0xca, 0x5e, 0x04, 0x65,
  0x53, 0x82, 0xb6, 0x2f, 0x70, 0xf5, 0xc7, 0x7f, 0xaf, 0x74, 0x2b, 0x3b,
  0xbc, 0x69, 0xc3, 0x83, 0x48, 0xe6, 0xc2, 0x7a, 0xcf, 0x10, 0xe0, 0xb7,
  0x77, 0x0f, 0x20, 0x35, 0x7d, 0x10, 0xd2, 0xeb, 0x1d, 0x05, 0xb0, 0x4c,
  0xfd, 0x9c, 0x0f, 0x65, 0x00, 0x20, 0x33, 0x80, 0x8e, 0xaa, 0xe7, 0x24,
  0xf2, 0xf9, 0x72, 0x45, 0xd0, 0x39, 0x81, 0xfd, 0x90, 0xde, 0xf4, 0x08,
  0xe4, 0x9d, 0xc0, 0x4b, 0x21, 0xaf, 0x4f, 0x1d, 0x56, 0x6d, 0x27, 0x21,
  0xf3, 0xf9, 0x8e, 0x42, 0xe6, 0x1d, 0xea, 0x64, 0x13, 0x9d, 0x6d, 0x14,
  0x42, 0xae, 0xc3, 0xf3, 0x55, 0xbb, 0x65, 0x19, 0x1e, 0xcd, 0xeb, 0x65,
  0x4d, 0x41, 0x54, 0x5a, 0xa6, 0xa0, 0xb6, 0x65, 0x90, 0x8a, 0x78, 0xdc,
  0xe0, 0xe7, 0x04, 0x92, 0x09, 0x15, 0x4a, 0x5e, 0xe7, 0x40, 0x3a, 0x89,
  0x4b, 0x91, 0xdc, 0x73, 0xdc, 0x0f, 0x39, 0x21, 0x67, 0x54, 0xbb, 0xa3,
  0x4a, 0x6e, 0xfa, 0xaa, 0x39, 0x9b, 0xac, 0xf4, 0x1d, 0x8c, 0x7a, 0x8c,
  0x9a, 0xae, 0x96, 0xd3, 0x7c, 0x55, 0xde, 0x52, 0x7c, 0x68, 0xde, 0x74,
  0x7e, 0xe6, 0x38, 0x2c, 0x09, 0xb0, 0xbe, 0x71, 0x80, 0xf6, 0x9e, 0x54,
  0x11, 0x0b, 0x14, 0xc1, 0x61, 0xe3, 0xf7, 0x09, 0x24, 0x17, 0x27, 0x3a,
  0xb5, 0xce, 0x40, 0xfb, 0x8d, 0x41, 0x92, 0x76, 0xad, 0xdf, 0xe2, 0x69,
  0x35, 0x60, 0xfd, 0xfb, 0x38, 0xa4, 0xe0, 0x6a, 0xc8, 0xbf, 0x35, 0x7a,
  0xad, 0xd4, 0x7c, 0x44, 0xea, 0xef, 0x29, 0xe4, 0x2f, 0x73, 0xee, 0x14,
  0x66, 0x1f, 0x35, 0x24, 0x59, 0x4f, 0x59, 0xab, 0x94, 0x72, 0xdc, 0x20,
  0x27, 0x20, 0x56, 0xf5, 0xfa, 0x14, 0xef, 0x3a, 0x6b, 0x4a, 0x67, 0x26,
  0x97, 0xed, 0x0a, 0x4c, 0x5f, 0xa0, 0x86, 0xb6, 0x95, 0x47, 0x03, 0x52,
  0x2e, 0xc3, 0xc6, 0x98, 0xa7, 0x15, 0x6d, 0xad, 0x58, 0x3a, 0x31, 0xb7,
  0x70, 0x19, 0xf0, 0xf5, 0x01, 0xcc, 0xd0, 0xe4, 0x18, 0x92, 0x2b, 0x53,
  0xf5, 0xa5, 0xd0, 0xba, 0xac, 0x86, 0xf4, 0x55, 0xa7, 0xbe, 0x3e, 0x80,
  0x99, 0x71, 0x0b, 0x45, 0x4f, 0x0b, 0x4c, 0x0f, 0x74, 0x5a, 0x95, 0x17,
  0x2d, 0x31, 0x5a, 0x41, 0xeb, 0x90, 0xc2, 0xe5, 0x06, 0xaf, 0xa5, 0xf7,
  0xe5, 0x7a, 0xc2, 0xdc, 0x9b, 0xeb, 0x3b, 0x02, 0xa7, 0x90, 0x4e, 0x2f,
  0xd7, 0x42, 0xd6, 0xe3, 0x99, 0x54, 0xed, 0x1a, 0x8a, 0x97, 0x10, 0x69,
  0x25, 0xf2, 0x95, 0x95, 0xe9, 0x0b, 0xe8, 0x33, 0xe0, 0x38, 0x33, 0xc6,
  0x48, 0xf5, 0xaf, 0xe5, 0x38, 0x85, 0xfc, 0x55, 0x73, 0x39, 0xf8, 0xde,
  0xe6, 0xad, 0x4d, 0xb5, 0x79, 0xf9, 0x83, 0x8e, 0x89, 0x33, 0x24, 0x19,
  0x33, 0x66, 0x54, 0xcc, 0xd7, 0x11, 0x6c, 0x5f, 0xb1, 0xae, 0xe8, 0x99,
  0x31, 0x77, 0xed, 0xa3, 0x68, 0xed, 0xb7, 0xdd, 0xce, 0x55, 0xc4, 0x9f,
  0xc9, 0x63, 0xd5, 0xbb, 0x8b, 0x6d, 0xd0, 0xca, 0xaa, 0x27, 0x58, 0xf3,
  0x93, 0x75, 0xe6, 0x02, 0x35, 0x1e, 0xf3, 0xcc, 0x41, 0xcb, 0x4a, 0x4f,
  0xa4, 0x6e, 0xeb, 0xeb, 0x34, 0xbb, 0xe4, 0x64, 0x2e, 0x6f, 0xa6, 0xac,
  0xcc, 0x9d, 0x53, 0x21, 0x7d, 0xef, 0xcb, 0x9c, 0x91, 0xbe, 0x5a, 0xc5,
  0xbc, 0x1d, 0x43, 0x0b, 0x46, 0xc7, 0xaf, 0xb3, 0xc9, 0x92, 0x55, 0xe9,
  0x87, 0x48, 0x7b, 0xd6, 0x9a, 0xbe, 0xa6, 0x5d, 0xb4, 0xb5, 0x61, 0x0e,
  0x1a, 0xbd, 0x9a, 0x7c, 0xcd, 0x87, 0xb9, 0xe4, 0x98, 0x3c, 0x65, 0x97,
  0x3b, 0xf3, 0x4a, 0x19, 0x73, 0x3c, 0xdd, 0xc8, 0xaa, 0x68, 0x1e, 0xb2,
  0xb4, 0x4d, 0xfa, 0xd9, 0x73, 0x8a, 0x8e, 0x15, 0xc0, 0xac, 0x9b, 0x3d,
  0x0a, 0x35, 0x3b, 0x06, 0xd2, 0x42, 0xaa, 0x82, 0x2c, 0x4d, 0xf3, 0x6f,
  0x81, 0x3c, 0xdd, 0x2c, 0xfd, 0xa2, 0xb6, 0x2c, 0x53, 0xd6, 0x0b, 0x14,
  0x8d, 0xb3, 0x88, 0x27, 0x17, 0x0f, 0xdd, 0xc8, 0xca, 0x35, 0xce, 0x32,
  0xfe, 0xac, 0xc4, 0xaa, 0xc2, 0xd6, 0xae, 0x57, 0xa1, 0xb8, 0x6e, 0xe9,
  0xf7, 0x72, 0xc2, 0xcb, 0xe0, 0xfb, 0xe6, 0x76, 0xda, 0xb6, 0x13, 0xba,
  0xbd, 0xa2, 0x4f, 0x20, 0x10, 0x08, 0x04, 0x02, 0x81, 0x40, 0x20, 0x10,
  0x08, 0x04, 0x02, 0x81, 0x40, 0x20, 0x10, 0x08, 0x04, 0x02, 0x81, 0x40,
  0x20, 0x10, 0x08, 0x04, 0x02, 0x81, 0x40, 0x20, 0x10, 0x08, 0x04, 0x02,
  0x81, 0x40, 0x20, 0x10, 0x08, 0x04, 0x02, 0x81, 0x40, 0x20, 0x10, 0x08,
  0x04, 0x02, 0x81, 0x40, 0x20, 0x10, 0x08, 0x04, 0x02, 0xe1, 0x17, 0x00,
  0xff, 0x0f, 0xfc, 0x56, 0x1b, 0x9f, 0x3c, 0x23, 0xd7, 0x67, 0x00, 0x00,
  0x00, 0x00, 0x49, 0x45, 0x4e, 0x44, 0xae, 0x42, 0x60, 0x82, 0x00, 0x00,
  0x7b, 0x22, 0xff, 0xff, 0xa3, 0x22, 0xff, 0xff, 0x7b, 0x22, 0xff, 0xff,
  0xa3, 0x22, 0xff, 0xff, 0xff, 0x25, 0x00, 0x00, 0x00, 0x00, 0xb8, 0x01,
  0x00, 0x00, 0x00, 0xc3, 0x53, 0x79, 0x73, 0x74, 0x65, 0x6d, 0x2e, 0x49,
  0x4f, 0x00, 0x53, 0x74, 0x72, 0x65, 0x61, 0x6d, 0x52, 0x65, 0x61, 0x64,
  0x65, 0x72, 0x00, 0x52, 0x65, 0x61, 0x64, 0x54, 0x6f, 0x45, 0x6e, 0x64,
  0x00, 0x00, 0x00, 0x00, 0x00, 0x00, 0x00, 0x00, 0x83, 0x92, 0xff, 0xff,
  0xd3, 0x92, 0xff, 0xff, 0x48, 0x93, 0xff, 0xff, 0xbd, 0x93, 0xff, 0xff,
  0x02, 0x0a, 0x00, 0x00, 0x00, 0x48, 0xe9, 0xb8, 0x01, 0x00, 0x00, 0x00,
  0xc3, 0x00, 0x00, 0x00, 0x2f, 0x64, 0x61, 0x74, 0x61, 0x2f, 0x68, 0x65,
  0x6e, 0x2f, 0x76, 0x65, 0x72, 0x73, 0x69, 0x6f, 0x6e, 0x2e, 0x74, 0x78,
  0x74, 0x00, 0x00, 0x00, 0x00, 0x00, 0x00, 0x00, 0x00, 0x00, 0x00, 0x00,
  0x2f, 0x64, 0x61, 0x74, 0x61, 0x2f, 0x68, 0x65, 0x6e, 0x2f, 0x70, 0x6c,
  0x75, 0x67, 0x69, 0x6e, 0x5f, 0x6d, 0x6f, 0x6e, 0x6f, 0x5f, 0x72, 0x65,
  0x6c, 0x6f, 0x61, 0x64, 0x2e, 0x70, 0x72, 0x78, 0x00, 0x70, 0x6c, 0x75,
  0x67, 0x69, 0x6e, 0x5f, 0x6c, 0x6f, 0x61, 0x64, 0x00, 0x41, 0x73, 0x73,
  0x65, 0x6d, 0x62, 0x6c, 0x79, 0x00, 0x00, 0x00, 0x00, 0x00, 0x00, 0x00,
  0x00, 0x00, 0x00, 0x00, 0x47, 0x65, 0x74, 0x4d, 0x61, 0x6e, 0x69, 0x66,
  0x65, 0x73, 0x74, 0x52, 0x65, 0x73, 0x6f, 0x75, 0x72, 0x63, 0x65, 0x53,
  0x74, 0x72, 0x65, 0x61, 0x6d, 0x00, 0x00, 0x00, 0x00, 0x00, 0x00, 0x00,
  0x3c, 0x3f, 0x78, 0x6d, 0x6c, 0x20, 0x76, 0x65, 0x72, 0x73, 0x69, 0x6f,
  0x6e, 0x3d, 0x22, 0x31, 0x2e, 0x30, 0x22, 0x20, 0x65, 0x6e, 0x63, 0x6f,
  0x64, 0x69, 0x6e, 0x67, 0x3d, 0x22, 0x75, 0x74, 0x66, 0x2d, 0x38, 0x22,
  0x20, 0x3f, 0x3e, 0x0a, 0x3c, 0x73, 0x79, 0x73, 0x74, 0x65, 0x6d, 0x5f,
  0x73, 0x65, 0x74, 0x74, 0x69, 0x6e, 0x67, 0x73, 0x20, 0x76, 0x65, 0x72,
  0x73, 0x69, 0x6f, 0x6e, 0x3d, 0x22, 0x31, 0x2e, 0x30, 0x22, 0x20, 0x70,
  0x6c, 0x75, 0x67, 0x69, 0x6e, 0x3d, 0x22, 0x73, 0x65, 0x74, 0x74, 0x69,
  0x6e, 0x67, 0x73, 0x5f, 0x72, 0x6f, 0x6f, 0x74, 0x5f, 0x70, 0x6c, 0x75,
  0x67, 0x69, 0x6e, 0x22, 0x3e, 0x0a, 0x20, 0x20, 0x3c, 0x73, 0x65, 0x74,
  0x74, 0x69, 0x6e, 0x67, 0x5f, 0x6c, 0x69, 0x73, 0x74, 0x20, 0x69, 0x64,
  0x3d, 0x22, 0x69, 0x64, 0x5f, 0x70, 0x6c, 0x75, 0x67, 0x69, 0x6e, 0x5f,
  0x6d, 0x61, 0x6e, 0x61, 0x67, 0x65, 0x72, 0x22, 0x20, 0x74, 0x69, 0x74,
  0x6c, 0x65, 0x3d, 0x22, 0x50, 0x6c, 0x75, 0x67, 0x69, 0x6e, 0x73, 0x20,
  0x4d, 0x61, 0x6e, 0x61, 0x67, 0x65, 0x72, 0x22, 0x3e, 0x0a, 0x20, 0x20,
  0x3c, 0x6d, 0x65, 0x73, 0x73, 0x61, 0x67, 0x65, 0x20, 0x69, 0x64, 0x3d,
  0x22, 0x69, 0x64, 0x5f, 0x6c, 0x6f, 0x61, 0x64, 0x69, 0x6e, 0x67, 0x22,
  0x20, 0x74, 0x69, 0x74, 0x6c, 0x65, 0x3d, 0x22, 0x6d, 0x73, 0x67, 0x5f,
  0x77, 0x61, 0x69, 0x74, 0x22, 0x20, 0x62, 0x75, 0x73, 0x79, 0x69, 0x6e,
  0x64, 0x69, 0x63, 0x61, 0x74, 0x6f, 0x72, 0x3d, 0x22, 0x74, 0x72, 0x75,
  0x65, 0x22, 0x2f, 0x3e, 0x0a, 0x20, 0x20, 0x3c, 0x2f, 0x73, 0x65, 0x74,
  0x74, 0x69, 0x6e, 0x67, 0x5f, 0x6c, 0x69, 0x73, 0x74, 0x3e, 0x0a, 0x3c,
  0x2f, 0x73, 0x79, 0x73, 0x74, 0x65, 0x6d, 0x5f, 0x73, 0x65, 0x74, 0x74,
  0x69, 0x6e, 0x67, 0x73, 0x3e, 0x0a, 0x00, 0xef, 0xbb, 0xbf, 0xb8, 0x01,
  0x00, 0x00, 0x00, 0x2f, 0x6d, 0x6e, 0x74, 0x2f, 0x2e, 0x2e, 0x00, 0x00,
  0x6d, 0x00, 0x5f, 0x00, 0x66, 0x00, 0x72, 0x00, 0x69, 0x00, 0x65, 0x00,
  0x6e, 0x00, 0x64, 0x00, 0x50, 0x00, 0x61, 0x00, 0x6e, 0x00, 0x65, 0x00,
  0x6c, 0x00, 0x00, 0x00, 0x2f, 0x00, 0x6d, 0x00, 0x6e, 0x00, 0x74, 0x00,
  0x2f, 0x00, 0x2e, 0x00, 0x2e, 0x00, 0x2f, 0x00, 0x64, 0x00, 0x61, 0x00,
  0x74, 0x00, 0x61, 0x00, 0x00, 0x00, 0x6d, 0x00, 0x5f, 0x00, 0x70, 0x00,
  0x61, 0x00, 0x72, 0x00, 0x74, 0x00, 0x79, 0x00, 0x42, 0x00, 0x61, 0x00,
  0x73, 0x00, 0x65, 0x00, 0x50, 0x00, 0x61, 0x00, 0x6e, 0x00, 0x65, 0x00,
  0x6c, 0x00, 0x00, 0x00, 0x6d, 0x00, 0x5f, 0x00, 0x6d, 0x00, 0x61, 0x00,
  0x69, 0x00, 0x6c, 0x00, 0x50, 0x00, 0x61, 0x00, 0x6e, 0x00, 0x65, 0x00,
  0x6c, 0x00, 0x00, 0x00, 0x6d, 0x00, 0x5f, 0x00, 0x65, 0x00, 0x76, 0x00,
  0x65, 0x00, 0x6e, 0x00, 0x74, 0x00, 0x42, 0x00, 0x61, 0x00, 0x73, 0x00,
  0x65, 0x00, 0x50, 0x00, 0x61, 0x00, 0x6e, 0x00, 0x65, 0x00, 0x6c, 0x00,
  0x00, 0x00, 0x6d, 0x00, 0x5f, 0x00, 0x63, 0x00, 0x6f, 0x00, 0x6d, 0x00,
  0x6d, 0x00, 0x75, 0x00, 0x6e, 0x00, 0x69, 0x00, 0x74, 0x00, 0x79, 0x00,
  0x50, 0x00, 0x61, 0x00, 0x6e, 0x00, 0x65, 0x00, 0x6c, 0x00, 0x00, 0x00,
  0x00, 0x00, 0x00, 0x00, 0x14, 0x00, 0x00, 0x00, 0x00, 0x00, 0x00, 0x00,
  0x01, 0x7a, 0x52, 0x00, 0x01, 0x78, 0x10, 0x01, 0x1b, 0x0c, 0x07, 0x08,
  0x90, 0x01, 0x00, 0x00, 0x1c, 0x00, 0x00, 0x00, 0x1c, 0x00, 0x00, 0x00,
  0x28, 0xf5, 0xfe, 0xff, 0x8b, 0x00, 0x00, 0x00, 0x00, 0x41, 0x0e, 0x10,
  0x86, 0x02, 0x43, 0x0d, 0x06, 0x02, 0x86, 0x0c, 0x07, 0x08, 0x00, 0x00,
  0x1c, 0x00, 0x00, 0x00, 0x3c, 0x00, 0x00, 0x00, 0x98, 0xf5, 0xfe, 0xff,
  0xbe, 0x00, 0x00, 0x00, 0x00, 0x41, 0x0e, 0x10, 0x86, 0x02, 0x43, 0x0d,
  0x06, 0x02, 0xb9, 0x0c, 0x07, 0x08, 0x00, 0x00, 0x1c, 0x00, 0x00, 0x00,
  0x5c, 0x00, 0x00, 0x00, 0x38, 0xf6, 0xfe, 0xff, 0xaf, 0x00, 0x00, 0x00,
  0x00, 0x41, 0x0e, 0x10, 0x86, 0x02, 0x43, 0x0d, 0x06, 0x02, 0xaa, 0x0c,
  0x07, 0x08, 0x00, 0x00, 0x1c, 0x00, 0x00, 0x00, 0x7c, 0x00, 0x00, 0x00,
  0xc8, 0xf6, 0xfe, 0xff, 0x3c, 0x00, 0x00, 0x00, 0x00, 0x41, 0x0e, 0x10,
  0x86, 0x02, 0x43, 0x0d, 0x06, 0x77, 0x0c, 0x07, 0x08, 0x00, 0x00, 0x00,
  0x1c, 0x00, 0x00, 0x00, 0x9c, 0x00, 0x00, 0x00, 0xe8, 0xf6, 0xfe, 0xff,
  0x50, 0x00, 0x00, 0x00, 0x00, 0x41, 0x0e, 0x10, 0x86, 0x02, 0x43, 0x0d,
  0x06, 0x02, 0x4b, 0x0c, 0x07, 0x08, 0x00, 0x00, 0x1c, 0x00, 0x00, 0x00,
  0xbc, 0x00, 0x00, 0x00, 0x18, 0xf7, 0xfe, 0xff, 0x90, 0x00, 0x00, 0x00,
  0x00, 0x41, 0x0e, 0x10, 0x86, 0x02, 0x43, 0x0d, 0x06, 0x02, 0x8b, 0x0c,
  0x07, 0x08, 0x00, 0x00, 0x1c, 0x00, 0x00, 0x00, 0xdc, 0x00, 0x00, 0x00,
  0x88, 0xf7, 0xfe, 0xff, 0x90, 0x00, 0x00, 0x00, 0x00, 0x41, 0x0e, 0x10,
  0x86, 0x02, 0x43, 0x0d, 0x06, 0x02, 0x8b, 0x0c, 0x07, 0x08, 0x00, 0x00,
  0x1c, 0x00, 0x00, 0x00, 0xfc, 0x00, 0x00, 0x00, 0xf8, 0xf7, 0xfe, 0xff,
  0xd0, 0x00, 0x00, 0x00, 0x00, 0x41, 0x0e, 0x10, 0x86, 0x02, 0x43, 0x0d,
  0x06, 0x02, 0xcb, 0x0c, 0x07, 0x08, 0x00, 0x00, 0x1c, 0x00, 0x00, 0x00,
  0x1c, 0x01, 0x00, 0x00, 0xa8, 0xf8, 0xfe, 0xff, 0x43, 0x05, 0x00, 0x00,
  0x00, 0x41, 0x0e, 0x10, 0x86, 0x02, 0x43, 0x0d, 0x06, 0x03, 0x3e, 0x05,
  0x0c, 0x07, 0x08, 0x00, 0x1c, 0x00, 0x00, 0x00, 0x3c, 0x01, 0x00, 0x00,
  0xd8, 0xfd, 0xfe, 0xff, 0xd5, 0x00, 0x00, 0x00, 0x00, 0x41, 0x0e, 0x10,
  0x86, 0x02, 0x43, 0x0d, 0x06, 0x02, 0xd0, 0x0c, 0x07, 0x08, 0x00, 0x00,
  0x1c, 0x00, 0x00, 0x00, 0x5c, 0x01, 0x00, 0x00, 0x98, 0xfe, 0xfe, 0xff,
  0x91, 0x00, 0x00, 0x00, 0x00, 0x41, 0x0e, 0x10, 0x86, 0x02, 0x43, 0x0d,
  0x06, 0x02, 0x8c, 0x0c, 0x07, 0x08, 0x00, 0x00, 0x1c, 0x00, 0x00, 0x00,
  0x7c, 0x01, 0x00, 0x00, 0x18, 0xff, 0xfe, 0xff, 0x1b, 0x01, 0x00, 0x00,
  0x00, 0x41, 0x0e, 0x10, 0x86, 0x02, 0x43, 0x0d, 0x06, 0x03, 0x16, 0x01,
  0x0c, 0x07, 0x08, 0x00, 0x1c, 0x00, 0x00, 0x00, 0x9c, 0x01, 0x00, 0x00,
  0x18, 0x00, 0xff, 0xff, 0xab, 0x00, 0x00, 0x00, 0x00, 0x41, 0x0e, 0x10,
  0x86, 0x02, 0x43, 0x0d, 0x06, 0x02, 0xa6, 0x0c, 0x07, 0x08, 0x00, 0x00,
  0x1c, 0x00, 0x00, 0x00, 0xbc, 0x01, 0x00, 0x00, 0xa8, 0x00, 0xff, 0xff,
  0xaf, 0x00, 0x00, 0x00, 0x00, 0x41, 0x0e, 0x10, 0x86, 0x02, 0x43, 0x0d,
  0x06, 0x02, 0xaa, 0x0c, 0x07, 0x08, 0x00, 0x00, 0x1c, 0x00, 0x00, 0x00,
  0xdc, 0x01, 0x00, 0x00, 0x38, 0x01, 0xff, 0xff, 0xdf, 0x00, 0x00, 0x00,
  0x00, 0x41, 0x0e, 0x10, 0x86, 0x02, 0x43, 0x0d, 0x06, 0x02, 0xda, 0x0c,
  0x07, 0x08, 0x00, 0x00, 0x1c, 0x00, 0x00, 0x00, 0xfc, 0x01, 0x00, 0x00,
  0xf8, 0x01, 0xff, 0xff, 0x42, 0x00, 0x00, 0x00, 0x00, 0x41, 0x0e, 0x10,
  0x86, 0x02, 0x43, 0x0d, 0x06, 0x7d, 0x0c, 0x07, 0x08, 0x00, 0x00, 0x00,
  0x1c, 0x00, 0x00, 0x00, 0x1c, 0x02, 0x00, 0x00, 0x28, 0x02, 0xff, 0xff,
  0xf8, 0x02, 0x00, 0x00, 0x00, 0x41, 0x0e, 0x10, 0x86, 0x02, 0x43, 0x0d,
  0x06, 0x03, 0xf3, 0x02, 0x0c, 0x07, 0x08, 0x00, 0x1c, 0x00, 0x00, 0x00,
  0x3c, 0x02, 0x00, 0x00, 0x08, 0x05, 0xff, 0xff, 0x96, 0x00, 0x00, 0x00,
  0x00, 0x41, 0x0e, 0x10, 0x86, 0x02, 0x43, 0x0d, 0x06, 0x02, 0x91, 0x0c,
  0x07, 0x08, 0x00, 0x00, 0x1c, 0x00, 0x00, 0x00, 0x5c, 0x02, 0x00, 0x00,
  0x88, 0x05, 0xff, 0xff, 0x6f, 0x00, 0x00, 0x00, 0x00, 0x41, 0x0e, 0x10,
  0x86, 0x02, 0x43, 0x0d, 0x06, 0x02, 0x6a, 0x0c, 0x07, 0x08, 0x00, 0x00,
  0x1c, 0x00, 0x00, 0x00, 0x7c, 0x02, 0x00, 0x00, 0xd8, 0x05, 0xff, 0xff,
  0x73, 0x00, 0x00, 0x00, 0x00, 0x41, 0x0e, 0x10, 0x86, 0x02, 0x43, 0x0d,
  0x06, 0x02, 0x6e, 0x0c, 0x07, 0x08, 0x00, 0x00, 0x1c, 0x00, 0x00, 0x00,
  0x9c, 0x02, 0x00, 0x00, 0x38, 0x06, 0xff, 0xff, 0x38, 0x00, 0x00, 0x00,
  0x00, 0x41, 0x0e, 0x10, 0x86, 0x02, 0x43, 0x0d, 0x06, 0x73, 0x0c, 0x07,
  0x08, 0x00, 0x00, 0x00, 0x1c, 0x00, 0x00, 0x00, 0xbc, 0x02, 0x00, 0x00,
  0x58, 0x06, 0xff, 0xff, 0x54, 0x01, 0x00, 0x00, 0x00, 0x41, 0x0e, 0x10,
  0x86, 0x02, 0x43, 0x0d, 0x06, 0x03, 0x4f, 0x01, 0x0c, 0x07, 0x08, 0x00,
  0x1c, 0x00, 0x00, 0x00, 0xdc, 0x02, 0x00, 0x00, 0x98, 0x07, 0xff, 0xff,
  0xae, 0x00, 0x00, 0x00, 0x00, 0x41, 0x0e, 0x10, 0x86, 0x02, 0x43, 0x0d,
  0x06, 0x02, 0xa9, 0x0c, 0x07, 0x08, 0x00, 0x00, 0x1c, 0x00, 0x00, 0x00,
  0xfc, 0x02, 0x00, 0x00, 0x28, 0x08, 0xff, 0xff, 0xa8, 0x00, 0x00, 0x00,
  0x00, 0x41, 0x0e, 0x10, 0x86, 0x02, 0x43, 0x0d, 0x06, 0x02, 0xa3, 0x0c,
  0x07, 0x08, 0x00, 0x00, 0x1c, 0x00, 0x00, 0x00, 0x1c, 0x03, 0x00, 0x00,
  0xb8, 0x08, 0xff, 0xff, 0x13, 0x01, 0x00, 0x00, 0x00, 0x41, 0x0e, 0x10,
  0x86, 0x02, 0x43, 0x0d, 0x06, 0x03, 0x0e, 0x01, 0x0c, 0x07, 0x08, 0x00,
  0x1c, 0x00, 0x00, 0x00, 0x3c, 0x03, 0x00, 0x00, 0xb8, 0x09, 0xff, 0xff,
  0x2e, 0x01, 0x00, 0x00, 0x00, 0x41, 0x0e, 0x10, 0x86, 0x02, 0x43, 0x0d,
  0x06, 0x03, 0x29, 0x01, 0x0c, 0x07, 0x08, 0x00, 0x1c, 0x00, 0x00, 0x00,
  0x5c, 0x03, 0x00, 0x00, 0xc8, 0x0a, 0xff, 0xff, 0xa9, 0x02, 0x00, 0x00,
  0x00, 0x41, 0x0e, 0x10, 0x86, 0x02, 0x43, 0x0d, 0x06, 0x03, 0xa4, 0x02,
  0x0c, 0x07, 0x08, 0x00, 0x1c, 0x00, 0x00, 0x00, 0x7c, 0x03, 0x00, 0x00,
  0x58, 0x0d, 0xff, 0xff, 0x2f, 0x00, 0x00, 0x00, 0x00, 0x41, 0x0e, 0x10,
  0x86, 0x02, 0x43, 0x0d, 0x06, 0x6a, 0x0c, 0x07, 0x08, 0x00, 0x00, 0x00,
  0x1c, 0x00, 0x00, 0x00, 0x9c, 0x03, 0x00, 0x00, 0x68, 0x0d, 0xff, 0xff,
  0x70, 0x00, 0x00, 0x00, 0x00, 0x41, 0x0e, 0x10, 0x86, 0x02, 0x43, 0x0d,
  0x06, 0x02, 0x6b, 0x0c, 0x07, 0x08, 0x00, 0x00, 0x1c, 0x00, 0x00, 0x00,
  0xbc, 0x03, 0x00, 0x00, 0xb8, 0x0d, 0xff, 0xff, 0xd1, 0x00, 0x00, 0x00,
  0x00, 0x41, 0x0e, 0x10, 0x86, 0x02, 0x43, 0x0d, 0x06, 0x02, 0xcc, 0x0c,
  0x07, 0x08, 0x00, 0x00, 0x1c, 0x00, 0x00, 0x00, 0xdc, 0x03, 0x00, 0x00,
  0x78, 0x0e, 0xff, 0xff, 0xe7, 0x00, 0x00, 0x00, 0x00, 0x41, 0x0e, 0x10,
  0x86, 0x02, 0x43, 0x0d, 0x06, 0x02, 0xe2, 0x0c, 0x07, 0x08, 0x00, 0x00,
  0x1c, 0x00, 0x00, 0x00, 0xfc, 0x03, 0x00, 0x00, 0x48, 0x0f, 0xff, 0xff,
  0xbe, 0x00, 0x00, 0x00, 0x00, 0x41, 0x0e, 0x10, 0x86, 0x02, 0x43, 0x0d,
  0x06, 0x02, 0xb9, 0x0c, 0x07, 0x08, 0x00, 0x00, 0x1c, 0x00, 0x00, 0x00,
  0x1c, 0x04, 0x00, 0x00, 0xe8, 0x0f, 0xff, 0xff, 0x63, 0x00, 0x00, 0x00,
  0x00, 0x41, 0x0e, 0x10, 0x86, 0x02, 0x43, 0x0d, 0x06, 0x02, 0x5e, 0x0c,
  0x07, 0x08, 0x00, 0x00, 0x1c, 0x00, 0x00, 0x00, 0x3c, 0x04, 0x00, 0x00,
  0x38, 0x10, 0xff, 0xff, 0x83, 0x00, 0x00, 0x00, 0x00, 0x41, 0x0e, 0x10,
  0x86, 0x02, 0x43, 0x0d, 0x06, 0x02, 0x7e, 0x0c, 0x07, 0x08, 0x00, 0x00,
  0x1c, 0x00, 0x00, 0x00, 0x5c, 0x04, 0x00, 0x00, 0xa8, 0x10, 0xff, 0xff,
  0xa5, 0x01, 0x00, 0x00, 0x00, 0x41, 0x0e, 0x10, 0x86, 0x02, 0x43, 0x0d,
  0x06, 0x03, 0xa0, 0x01, 0x0c, 0x07, 0x08, 0x00, 0x1c, 0x00, 0x00, 0x00,
  0x7c, 0x04, 0x00, 0x00, 0x38, 0x12, 0xff, 0xff, 0x3b, 0x01, 0x00, 0x00,
  0x00, 0x41, 0x0e, 0x10, 0x86, 0x02, 0x43, 0x0d, 0x06, 0x03, 0x36, 0x01,
  0x0c, 0x07, 0x08, 0x00, 0x1c, 0x00, 0x00, 0x00, 0x9c, 0x04, 0x00, 0x00,
  0x58, 0x13, 0xff, 0xff, 0x49, 0x00, 0x00, 0x00, 0x00, 0x41, 0x0e, 0x10,
  0x86, 0x02, 0x43, 0x0d, 0x06, 0x02, 0x44, 0x0c, 0x07, 0x08, 0x00, 0x00,
  0x1c, 0x00, 0x00, 0x00, 0xbc, 0x04, 0x00, 0x00, 0x88, 0x13, 0xff, 0xff,
  0xb1, 0x0e, 0x00, 0x00, 0x00, 0x41, 0x0e, 0x10, 0x86, 0x02, 0x43, 0x0d,
  0x06, 0x03, 0xac, 0x0e, 0x0c, 0x07, 0x08, 0x00, 0x1c, 0x00, 0x00, 0x00,
  0xdc, 0x04, 0x00, 0x00, 0x28, 0x22, 0xff, 0xff, 0xa6, 0x01, 0x00, 0x00,
  0x00, 0x41, 0x0e, 0x10, 0x86, 0x02, 0x43, 0x0d, 0x06, 0x03, 0xa1, 0x01,
  0x0c, 0x07, 0x08, 0x00, 0x1c, 0x00, 0x00, 0x00, 0xfc, 0x04, 0x00, 0x00,
  0xb8, 0x23, 0xff, 0xff, 0xed, 0x00, 0x00, 0x00, 0x00, 0x41, 0x0e, 0x10,
  0x86, 0x02, 0x43, 0x0d, 0x06, 0x02, 0xe8, 0x0c, 0x07, 0x08, 0x00, 0x00,
  0x1c, 0x00, 0x00, 0x00, 0x1c, 0x05, 0x00, 0x00, 0x88, 0x24, 0xff, 0xff,
  0xe0, 0x00, 0x00, 0x00, 0x00, 0x41, 0x0e, 0x10, 0x86, 0x02, 0x43, 0x0d,
  0x06, 0x02, 0xdb, 0x0c, 0x07, 0x08, 0x00, 0x00, 0x1c, 0x00, 0x00, 0x00,
  0x3c, 0x05, 0x00, 0x00, 0x48, 0x25, 0xff, 0xff, 0x9c, 0x00, 0x00, 0x00,
  0x00, 0x41, 0x0e, 0x10, 0x86, 0x02, 0x43, 0x0d, 0x06, 0x02, 0x97, 0x0c,
  0x07, 0x08, 0x00, 0x00, 0x1c, 0x00, 0x00, 0x00, 0x5c, 0x05, 0x00, 0x00,
  0xc8, 0x25, 0xff, 0xff, 0x40, 0x00, 0x00, 0x00, 0x00, 0x41, 0x0e, 0x10,
  0x86, 0x02, 0x43, 0x0d, 0x06, 0x7b, 0x0c, 0x07, 0x08, 0x00, 0x00, 0x00,
  0x1c, 0x00, 0x00, 0x00, 0x7c, 0x05, 0x00, 0x00, 0xe8, 0x25, 0xff, 0xff,
  0x42, 0x00, 0x00, 0x00, 0x00, 0x41, 0x0e, 0x10, 0x86, 0x02, 0x43, 0x0d,
  0x06, 0x7d, 0x0c, 0x07, 0x08, 0x00, 0x00, 0x00, 0x1c, 0x00, 0x00, 0x00,
  0x9c, 0x05, 0x00, 0x00, 0x18, 0x26, 0xff, 0xff, 0x56, 0x00, 0x00, 0x00,
  0x00, 0x41, 0x0e, 0x10, 0x86, 0x02, 0x43, 0x0d, 0x06, 0x02, 0x51, 0x0c,
  0x07, 0x08, 0x00, 0x00, 0x1c, 0x00, 0x00, 0x00, 0xbc, 0x05, 0x00, 0x00,
  0x58, 0x26, 0xff, 0xff, 0x2a, 0x00, 0x00, 0x00, 0x00, 0x41, 0x0e, 0x10,
  0x86, 0x02, 0x43, 0x0d, 0x06, 0x65, 0x0c, 0x07, 0x08, 0x00, 0x00, 0x00,
  0x1c, 0x00, 0x00, 0x00, 0xdc, 0x05, 0x00, 0x00, 0x68, 0x26, 0xff, 0xff,
  0xbd, 0x00, 0x00, 0x00, 0x00, 0x41, 0x0e, 0x10, 0x86, 0x02, 0x43, 0x0d,
  0x06, 0x02, 0xb8, 0x0c, 0x07, 0x08, 0x00, 0x00, 0x1c, 0x00, 0x00, 0x00,
  0xfc, 0x05, 0x00, 0x00, 0x08, 0x27, 0xff, 0xff, 0xf3, 0x00, 0x00, 0x00,
  0x00, 0x41, 0x0e, 0x10, 0x86, 0x02, 0x43, 0x0d, 0x06, 0x02, 0xee, 0x0c,
  0x07, 0x08, 0x00, 0x00, 0x1c, 0x00, 0x00, 0x00, 0x1c, 0x06, 0x00, 0x00,
  0xe8, 0x27, 0xff, 0xff, 0x9f, 0x01, 0x00, 0x00, 0x00, 0x41, 0x0e, 0x10,
  0x86, 0x02, 0x43, 0x0d, 0x06, 0x03, 0x9a, 0x01, 0x0c, 0x07, 0x08, 0x00,
  0x1c, 0x00, 0x00, 0x00, 0x3c, 0x06, 0x00, 0x00, 0x68, 0x29, 0xff, 0xff,
  0x8f, 0x00, 0x00, 0x00, 0x00, 0x41, 0x0e, 0x10, 0x86, 0x02, 0x43, 0x0d,
  0x06, 0x02, 0x8a, 0x0c, 0x07, 0x08, 0x00, 0x00, 0x1c, 0x00, 0x00, 0x00,
  0x5c, 0x06, 0x00, 0x00, 0xd8, 0x29, 0xff, 0xff, 0x98, 0x00, 0x00, 0x00,
  0x00, 0x41, 0x0e, 0x10, 0x86, 0x02, 0x43, 0x0d, 0x06, 0x02, 0x93, 0x0c,
  0x07, 0x08, 0x00, 0x00, 0x1c, 0x00, 0x00, 0x00, 0x7c, 0x06, 0x00, 0x00,
  0x58, 0x2a, 0xff, 0xff, 0xef, 0x02, 0x00, 0x00, 0x00, 0x41, 0x0e, 0x10,
  0x86, 0x02, 0x43, 0x0d, 0x06, 0x03, 0xea, 0x02, 0x0c, 0x07, 0x08, 0x00,
  0x1c, 0x00, 0x00, 0x00, 0x9c, 0x06, 0x00, 0x00, 0x28, 0x2d, 0xff, 0xff,
  0x97, 0x01, 0x00, 0x00, 0x00, 0x41, 0x0e, 0x10, 0x86, 0x02, 0x43, 0x0d,
  0x06, 0x03, 0x92, 0x01, 0x0c, 0x07, 0x08, 0x00, 0x1c, 0x00, 0x00, 0x00,
  0xbc, 0x06, 0x00, 0x00, 0xa8, 0x2e, 0xff, 0xff, 0x96, 0x01, 0x00, 0x00,
  0x00, 0x41, 0x0e, 0x10, 0x86, 0x02, 0x43, 0x0d, 0x06, 0x03, 0x91, 0x01,
  0x0c, 0x07, 0x08, 0x00, 0x1c, 0x00, 0x00, 0x00, 0xdc, 0x06, 0x00, 0x00,
  0x28, 0x30, 0xff, 0xff, 0x12, 0x02, 0x00, 0x00, 0x00, 0x41, 0x0e, 0x10,
  0x86, 0x02, 0x43, 0x0d, 0x06, 0x03, 0x0d, 0x02, 0x0c, 0x07, 0x08, 0x00,
  0x1c, 0x00, 0x00, 0x00, 0xfc, 0x06, 0x00, 0x00, 0x28, 0x32, 0xff, 0xff,
  0xa5, 0x00, 0x00, 0x00, 0x00, 0x41, 0x0e, 0x10, 0x86, 0x02, 0x43, 0x0d,
  0x06, 0x02, 0xa0, 0x0c, 0x07, 0x08, 0x00, 0x00, 0x1c, 0x00, 0x00, 0x00,
  0x1c, 0x07, 0x00, 0x00, 0xb8, 0x32, 0xff, 0xff, 0x42, 0x01, 0x00, 0x00,
  0x00, 0x41, 0x0e, 0x10, 0x86, 0x02, 0x43, 0x0d, 0x06, 0x03, 0x3d, 0x01,
  0x0c, 0x07, 0x08, 0x00, 0x1c, 0x00, 0x00, 0x00, 0x3c, 0x07, 0x00, 0x00,
  0xe8, 0x33, 0xff, 0xff, 0xb2, 0x00, 0x00, 0x00, 0x00, 0x41, 0x0e, 0x10,
  0x86, 0x02, 0x43, 0x0d, 0x06, 0x02, 0xad, 0x0c, 0x07, 0x08, 0x00, 0x00,
  0x1c, 0x00, 0x00, 0x00, 0x5c, 0x07, 0x00, 0x00, 0x88, 0x34, 0xff, 0xff,
  0x80, 0x01, 0x00, 0x00, 0x00, 0x41, 0x0e, 0x10, 0x86, 0x02, 0x43, 0x0d,
  0x06, 0x03, 0x7b, 0x01, 0x0c, 0x07, 0x08, 0x00, 0x1c, 0x00, 0x00, 0x00,
  0x7c, 0x07, 0x00, 0x00, 0xe8, 0x35, 0xff, 0xff, 0xa8, 0x00, 0x00, 0x00,
  0x00, 0x41, 0x0e, 0x10, 0x86, 0x02, 0x43, 0x0d, 0x06, 0x02, 0xa3, 0x0c,
  0x07, 0x08, 0x00, 0x00, 0x1c, 0x00, 0x00, 0x00, 0x9c, 0x07, 0x00, 0x00,
  0x78, 0x36, 0xff, 0xff, 0xa7, 0x00, 0x00, 0x00, 0x00, 0x41, 0x0e, 0x10,
  0x86, 0x02, 0x43, 0x0d, 0x06, 0x02, 0xa2, 0x0c, 0x07, 0x08, 0x00, 0x00,
  0x1c, 0x00, 0x00, 0x00, 0xbc, 0x07, 0x00, 0x00, 0x08, 0x37, 0xff, 0xff,
  0x4f, 0x00, 0x00, 0x00, 0x00, 0x41, 0x0e, 0x10, 0x86, 0x02, 0x43, 0x0d,
  0x06, 0x02, 0x4a, 0x0c, 0x07, 0x08, 0x00, 0x00, 0x14, 0x00, 0x00, 0x00,
  0xdc, 0x07, 0x00, 0x00, 0x38, 0x37, 0xff, 0xff, 0x00, 0x10, 0x00, 0x00,
  0x00, 0x00, 0x00, 0x00, 0x00, 0x00, 0x00, 0x00, 0x1c, 0x00, 0x00, 0x00,
  0xf4, 0x07, 0x00, 0x00, 0x20, 0x47, 0xff, 0xff, 0xba, 0x00, 0x00, 0x00,
  0x00, 0x41, 0x0e, 0x10, 0x86, 0x02, 0x43, 0x0d, 0x06, 0x02, 0xb5, 0x0c,
  0x07, 0x08, 0x00, 0x00, 0x1c, 0x00, 0x00, 0x00, 0x14, 0x08, 0x00, 0x00,
  0xc0, 0x47, 0xff, 0xff, 0x54, 0x00, 0x00, 0x00, 0x00, 0x41, 0x0e, 0x10,
  0x86, 0x02, 0x43, 0x0d, 0x06, 0x02, 0x4f, 0x0c, 0x07, 0x08, 0x00, 0x00,
  0x1c, 0x00, 0x00, 0x00, 0x34, 0x08, 0x00, 0x00, 0x00, 0x48, 0xff, 0xff,
  0xe7, 0x00, 0x00, 0x00, 0x00, 0x41, 0x0e, 0x10, 0x86, 0x02, 0x43, 0x0d,
  0x06, 0x02, 0xe2, 0x0c, 0x07, 0x08, 0x00, 0x00, 0x1c, 0x00, 0x00, 0x00,
  0x54, 0x08, 0x00, 0x00, 0xd0, 0x48, 0xff, 0xff, 0x3b, 0x00, 0x00, 0x00,
  0x00, 0x41, 0x0e, 0x10, 0x86, 0x02, 0x43, 0x0d, 0x06, 0x76, 0x0c, 0x07,
  0x08, 0x00, 0x00, 0x00, 0x1c, 0x00, 0x00, 0x00, 0x74, 0x08, 0x00, 0x00,
  0xf0, 0x48, 0xff, 0xff, 0xbf, 0x00, 0x00, 0x00, 0x00, 0x41, 0x0e, 0x10,
  0x86, 0x02, 0x43, 0x0d, 0x06, 0x02, 0xba, 0x0c, 0x07, 0x08, 0x00, 0x00,
  0x1c, 0x00, 0x00, 0x00, 0x94, 0x08, 0x00, 0x00, 0x90, 0x49, 0xff, 0xff,
  0x22, 0x00, 0x00, 0x00, 0x00, 0x41, 0x0e, 0x10, 0x86, 0x02, 0x43, 0x0d,
  0x06, 0x5d, 0x0c, 0x07, 0x08, 0x00, 0x00, 0x00, 0x1c, 0x00, 0x00, 0x00,
  0xb4, 0x08, 0x00, 0x00, 0xa0, 0x49, 0xff, 0xff, 0x66, 0x00, 0x00, 0x00,
  0x00, 0x41, 0x0e, 0x10, 0x86, 0x02, 0x43, 0x0d, 0x06, 0x02, 0x61, 0x0c,
  0x07, 0x08, 0x00, 0x00, 0x1c, 0x00, 0x00, 0x00, 0xd4, 0x08, 0x00, 0x00,
  0xf0, 0x49, 0xff, 0xff, 0x2c, 0x01, 0x00, 0x00, 0x00, 0x41, 0x0e, 0x10,
  0x86, 0x02, 0x43, 0x0d, 0x06, 0x03, 0x27, 0x01, 0x0c, 0x07, 0x08, 0x00,
  0x1c, 0x00, 0x00, 0x00, 0xf4, 0x08, 0x00, 0x00, 0x00, 0x4b, 0xff, 0xff,
  0x2e, 0x01, 0x00, 0x00, 0x00, 0x41, 0x0e, 0x10, 0x86, 0x02, 0x43, 0x0d,
  0x06, 0x03, 0x29, 0x01, 0x0c, 0x07, 0x08, 0x00, 0x1c, 0x00, 0x00, 0x00,
  0x14, 0x09, 0x00, 0x00, 0x10, 0x4c, 0xff, 0xff, 0x8d, 0x02, 0x00, 0x00,
  0x00, 0x41, 0x0e, 0x10, 0x86, 0x02, 0x43, 0x0d, 0x06, 0x03, 0x88, 0x02,
  0x0c, 0x07, 0x08, 0x00, 0x1c, 0x00, 0x00, 0x00, 0x34, 0x09, 0x00, 0x00,
  0x80, 0x4e, 0xff, 0xff, 0x05, 0x01, 0x00, 0x00, 0x00, 0x41, 0x0e, 0x10,
  0x86, 0x02, 0x43, 0x0d, 0x06, 0x03, 0x00, 0x01, 0x0c, 0x07, 0x08, 0x00,
  0x1c, 0x00, 0x00, 0x00, 0x54, 0x09, 0x00, 0x00, 0x70, 0x4f, 0xff, 0xff,
  0xea, 0x00, 0x00, 0x00, 0x00, 0x41, 0x0e, 0x10, 0x86, 0x02, 0x43, 0x0d,
  0x06, 0x02, 0xe5, 0x0c, 0x07, 0x08, 0x00, 0x00, 0x1c, 0x00, 0x00, 0x00,
  0x74, 0x09, 0x00, 0x00, 0x40, 0x50, 0xff, 0xff, 0xc7, 0x00, 0x00, 0x00,
  0x00, 0x41, 0x0e, 0x10, 0x86, 0x02, 0x43, 0x0d, 0x06, 0x02, 0xc2, 0x0c,
  0x07, 0x08, 0x00, 0x00, 0x1c, 0x00, 0x00, 0x00, 0x94, 0x09, 0x00, 0x00,
  0xf0, 0x50, 0xff, 0xff, 0x58, 0x01, 0x00, 0x00, 0x00, 0x41, 0x0e, 0x10,
  0x86, 0x02, 0x43, 0x0d, 0x06, 0x03, 0x53, 0x01, 0x0c, 0x07, 0x08, 0x00,
  0x1c, 0x00, 0x00, 0x00, 0xb4, 0x09, 0x00, 0x00, 0x30, 0x52, 0xff, 0xff,
  0x97, 0x00, 0x00, 0x00, 0x00, 0x41, 0x0e, 0x10, 0x86, 0x02, 0x43, 0x0d,
  0x06, 0x02, 0x92, 0x0c, 0x07, 0x08, 0x00, 0x00, 0x1c, 0x00, 0x00, 0x00,
  0xd4, 0x09, 0x00, 0x00, 0xb0, 0x52, 0xff, 0xff, 0x3a, 0x00, 0x00, 0x00,
  0x00, 0x41, 0x0e, 0x10, 0x86, 0x02, 0x43, 0x0d, 0x06, 0x75, 0x0c, 0x07,
  0x08, 0x00, 0x00, 0x00, 0x1c, 0x00, 0x00, 0x00, 0xf4, 0x09, 0x00, 0x00,
  0xd0, 0x52, 0xff, 0xff, 0xbd, 0x01, 0x00, 0x00, 0x00, 0x41, 0x0e, 0x10,
  0x86, 0x02, 0x43, 0x0d, 0x06, 0x03, 0xb8, 0x01, 0x0c, 0x07, 0x08, 0x00,
  0x1c, 0x00, 0x00, 0x00, 0x14, 0x0a, 0x00, 0x00, 0x70, 0x54, 0xff, 0xff,
  0x2d, 0x01, 0x00, 0x00, 0x00, 0x41, 0x0e, 0x10, 0x86, 0x02, 0x43, 0x0d,
  0x06, 0x03, 0x28, 0x01, 0x0c, 0x07, 0x08, 0x00, 0x1c, 0x00, 0x00, 0x00,
  0x34, 0x0a, 0x00, 0x00, 0x80, 0x55, 0xff, 0xff, 0x31, 0x01, 0x00, 0x00,
  0x00, 0x41, 0x0e, 0x10, 0x86, 0x02, 0x43, 0x0d, 0x06, 0x03, 0x2c, 0x01,
  0x0c, 0x07, 0x08, 0x00, 0x1c, 0x00, 0x00, 0x00, 0x54, 0x0a, 0x00, 0x00,
  0xa0, 0x56, 0xff, 0xff, 0x3a, 0x01, 0x00, 0x00, 0x00, 0x41, 0x0e, 0x10,
  0x86, 0x02, 0x43, 0x0d, 0x06, 0x03, 0x35, 0x01, 0x0c, 0x07, 0x08, 0x00,
  0x1c, 0x00, 0x00, 0x00, 0x74, 0x0a, 0x00, 0x00, 0xc0, 0x57, 0xff, 0xff,
  0x0b, 0x07, 0x00, 0x00, 0x00, 0x41, 0x0e, 0x10, 0x86, 0x02, 0x43, 0x0d,
  0x06, 0x03, 0x06, 0x07, 0x0c, 0x07, 0x08, 0x00, 0x1c, 0x00, 0x00, 0x00,
  0x94, 0x0a, 0x00, 0x00, 0xb0, 0x5e, 0xff, 0xff, 0x1d, 0x02, 0x00, 0x00,
  0x00, 0x41, 0x0e, 0x10, 0x86, 0x02, 0x43, 0x0d, 0x06, 0x03, 0x18, 0x02,
  0x0c, 0x07, 0x08, 0x00, 0x1c, 0x00, 0x00, 0x00, 0xb4, 0x0a, 0x00, 0x00,
  0xb0, 0x60, 0xff, 0xff, 0x53, 0x03, 0x00, 0x00, 0x00, 0x41, 0x0e, 0x10,
  0x86, 0x02, 0x43, 0x0d, 0x06, 0x03, 0x4e, 0x03, 0x0c, 0x07, 0x08, 0x00,
  0x1c, 0x00, 0x00, 0x00, 0xd4, 0x0a, 0x00, 0x00, 0xf0, 0x63, 0xff, 0xff,
  0x1e, 0x01, 0x00, 0x00, 0x00, 0x41, 0x0e, 0x10, 0x86, 0x02, 0x43, 0x0d,
  0x06, 0x03, 0x19, 0x01, 0x0c, 0x07, 0x08, 0x00, 0x1c, 0x00, 0x00, 0x00,
  0xf4, 0x0a, 0x00, 0x00, 0xf0, 0x64, 0xff, 0xff, 0x21, 0x02, 0x00, 0x00,
  0x00, 0x41, 0x0e, 0x10, 0x86, 0x02, 0x43, 0x0d, 0x06, 0x03, 0x1c, 0x02,
  0x0c, 0x07, 0x08, 0x00, 0x1c, 0x00, 0x00, 0x00, 0x14, 0x0b, 0x00, 0x00,
  0x00, 0x67, 0xff, 0xff, 0xe8, 0x00, 0x00, 0x00, 0x00, 0x41, 0x0e, 0x10,
  0x86, 0x02, 0x43, 0x0d, 0x06, 0x02, 0xe3, 0x0c, 0x07, 0x08, 0x00, 0x00,
  0x1c, 0x00, 0x00, 0x00, 0x34, 0x0b, 0x00, 0x00, 0xd0, 0x67, 0xff, 0xff,
  0x94, 0x00, 0x00, 0x00, 0x00, 0x41, 0x0e, 0x10, 0x86, 0x02, 0x43, 0x0d,
  0x06, 0x02, 0x8f, 0x0c, 0x07, 0x08, 0x00, 0x00, 0x1c, 0x00, 0x00, 0x00,
  0x54, 0x0b, 0x00, 0x00, 0x50, 0x68, 0xff, 0xff, 0x97, 0x00, 0x00, 0x00,
  0x00, 0x41, 0x0e, 0x10, 0x86, 0x02, 0x43, 0x0d, 0x06, 0x02, 0x92, 0x0c,
  0x07, 0x08, 0x00, 0x00, 0x1c, 0x00, 0x00, 0x00, 0x74, 0x0b, 0x00, 0x00,
  0xd0, 0x68, 0xff, 0xff, 0xc5, 0x01, 0x00, 0x00, 0x00, 0x41, 0x0e, 0x10,
  0x86, 0x02, 0x43, 0x0d, 0x06, 0x03, 0xc0, 0x01, 0x0c, 0x07, 0x08, 0x00,
  0x1c, 0x00, 0x00, 0x00, 0x94, 0x0b, 0x00, 0x00, 0x80, 0x6a, 0xff, 0xff,
  0xe6, 0x00, 0x00, 0x00, 0x00, 0x41, 0x0e, 0x10, 0x86, 0x02, 0x43, 0x0d,
  0x06, 0x02, 0xe1, 0x0c, 0x07, 0x08, 0x00, 0x00, 0x1c, 0x00, 0x00, 0x00,
  0xb4, 0x0b, 0x00, 0x00, 0x50, 0x6b, 0xff, 0xff, 0x10, 0x00, 0x00, 0x00,
  0x00, 0x41, 0x0e, 0x10, 0x86, 0x02, 0x43, 0x0d, 0x06, 0x4b, 0x0c, 0x07,
  0x08, 0x00, 0x00, 0x00, 0x1c, 0x00, 0x00, 0x00, 0xd4, 0x0b, 0x00, 0x00,
  0x40, 0x6b, 0xff, 0xff, 0x0b, 0x00, 0x00, 0x00, 0x00, 0x41, 0x0e, 0x10,
  0x86, 0x02, 0x43, 0x0d, 0x06, 0x46, 0x0c, 0x07, 0x08, 0x00, 0x00, 0x00,
  0x1c, 0x00, 0x00, 0x00, 0xf4, 0x0b, 0x00, 0x00, 0x30, 0x6b, 0xff, 0xff,
  0xf6, 0x00, 0x00, 0x00, 0x00, 0x41, 0x0e, 0x10, 0x86, 0x02, 0x43, 0x0d,
  0x06, 0x02, 0xf1, 0x0c, 0x07, 0x08, 0x00, 0x00, 0x1c, 0x00, 0x00, 0x00,
  0x14, 0x0c, 0x00, 0x00, 0x10, 0x6c, 0xff, 0xff, 0x93, 0x00, 0x00, 0x00,
  0x00, 0x41, 0x0e, 0x10, 0x86, 0x02, 0x43, 0x0d, 0x06, 0x02, 0x8e, 0x0c,
  0x07, 0x08, 0x00, 0x00, 0x1c, 0x00, 0x00, 0x00, 0x34, 0x0c, 0x00, 0x00,
  0x90, 0x6c, 0xff, 0xff, 0x38, 0x00, 0x00, 0x00, 0x00, 0x41, 0x0e, 0x10,
  0x86, 0x02, 0x43, 0x0d, 0x06, 0x73, 0x0c, 0x07, 0x08, 0x00, 0x00, 0x00,
  0x1c, 0x00, 0x00, 0x00, 0x54, 0x0c, 0x00, 0x00, 0xb0, 0x6c, 0xff, 0xff,
  0x90, 0x00, 0x00, 0x00, 0x00, 0x41, 0x0e, 0x10, 0x86, 0x02, 0x43, 0x0d,
  0x06, 0x02, 0x8b, 0x0c, 0x07, 0x08, 0x00, 0x00, 0x1c, 0x00, 0x00, 0x00,
  0x74, 0x0c, 0x00, 0x00, 0x20, 0x6d, 0xff, 0xff, 0xa2, 0x00, 0x00, 0x00,
  0x00, 0x41, 0x0e, 0x10, 0x86, 0x02, 0x43, 0x0d, 0x06, 0x02, 0x9d, 0x0c,
  0x07, 0x08, 0x00, 0x00, 0x1c, 0x00, 0x00, 0x00, 0x94, 0x0c, 0x00, 0x00,
  0xb0, 0x6d, 0xff, 0xff, 0xa7, 0x00, 0x00, 0x00, 0x00, 0x41, 0x0e, 0x10,
  0x86, 0x02, 0x43, 0x0d, 0x06, 0x02, 0xa2, 0x0c, 0x07, 0x08, 0x00, 0x00,
  0x18, 0x00, 0x00, 0x00, 0xb4, 0x0c, 0x00, 0x00, 0x40, 0x6e, 0xff, 0xff,
  0xee, 0x00, 0x00, 0x00, 0x00, 0x41, 0x0e, 0x10, 0x86, 0x02, 0x43, 0x0d,
  0x06, 0x00, 0x00, 0x00, 0x1c, 0x00, 0x00, 0x00, 0xd0, 0x0c, 0x00, 0x00,
  0x14, 0x6f, 0xff, 0xff, 0xe4, 0x00, 0x00, 0x00, 0x00, 0x41, 0x0e, 0x10,
  0x86, 0x02, 0x43, 0x0d, 0x06, 0x02, 0xdf, 0x0c, 0x07, 0x08, 0x00, 0x00,
  0x1c, 0x00, 0x00, 0x00, 0xf0, 0x0c, 0x00, 0x00, 0xe4, 0x6f, 0xff, 0xff,
  0xf8, 0x01, 0x00, 0x00, 0x00, 0x41, 0x0e, 0x10, 0x86, 0x02, 0x43, 0x0d,
  0x06, 0x03, 0xf3, 0x01, 0x0c, 0x07, 0x08, 0x00, 0x1c, 0x00, 0x00, 0x00,
  0x10, 0x0d, 0x00, 0x00, 0xc4, 0x71, 0xff, 0xff, 0xb1, 0x00, 0x00, 0x00,
  0x00, 0x41, 0x0e, 0x10, 0x86, 0x02, 0x43, 0x0d, 0x06, 0x02, 0xac, 0x0c,
  0x07, 0x08, 0x00, 0x00, 0x1c, 0x00, 0x00, 0x00, 0x30, 0x0d, 0x00, 0x00,
  0x64, 0x72, 0xff, 0xff, 0x4d, 0x01, 0x00, 0x00, 0x00, 0x41, 0x0e, 0x10,
  0x86, 0x02, 0x43, 0x0d, 0x06, 0x03, 0x48, 0x01, 0x0c, 0x07, 0x08, 0x00,
  0x1c, 0x00, 0x00, 0x00, 0x50, 0x0d, 0x00, 0x00, 0x94, 0x73, 0xff, 0xff,
  0x06, 0x00, 0x00, 0x00, 0x00, 0x41, 0x0e, 0x10, 0x86, 0x02, 0x43, 0x0d,
  0x06, 0x41, 0x0c, 0x07, 0x08, 0x00, 0x00, 0x00, 0x1c, 0x00, 0x00, 0x00,
  0x70, 0x0d, 0x00, 0x00, 0x84, 0x73, 0xff, 0xff, 0xc7, 0x00, 0x00, 0x00,
  0x00, 0x41, 0x0e, 0x10, 0x86, 0x02, 0x43, 0x0d, 0x06, 0x02, 0xc2, 0x0c,
  0x07, 0x08, 0x00, 0x00, 0x1c, 0x00, 0x00, 0x00, 0x90, 0x0d, 0x00, 0x00,
  0x34, 0x74, 0xff, 0xff, 0x48, 0x00, 0x00, 0x00, 0x00, 0x41, 0x0e, 0x10,
  0x86, 0x02, 0x43, 0x0d, 0x06, 0x02, 0x43, 0x0c, 0x07, 0x08, 0x00, 0x00,
  0x1c, 0x00, 0x00, 0x00, 0xb0, 0x0d, 0x00, 0x00, 0x64, 0x74, 0xff, 0xff,
  0x57, 0x02, 0x00, 0x00, 0x00, 0x41, 0x0e, 0x10, 0x86, 0x02, 0x43, 0x0d,
  0x06, 0x03, 0x52, 0x02, 0x0c, 0x07, 0x08, 0x00, 0x1c, 0x00, 0x00, 0x00,
  0xd0, 0x0d, 0x00, 0x00, 0xa4, 0x76, 0xff, 0xff, 0x6c, 0x00, 0x00, 0x00,
  0x00, 0x41, 0x0e, 0x10, 0x86, 0x02, 0x43, 0x0d, 0x06, 0x02, 0x67, 0x0c,
  0x07, 0x08, 0x00, 0x00, 0x1c, 0x00, 0x00, 0x00, 0xf0, 0x0d, 0x00, 0x00,
  0xf4, 0x76, 0xff, 0xff, 0x6d, 0x00, 0x00, 0x00, 0x00, 0x41, 0x0e, 0x10,
  0x86, 0x02, 0x43, 0x0d, 0x06, 0x02, 0x68, 0x0c, 0x07, 0x08, 0x00, 0x00,
  0x1c, 0x00, 0x00, 0x00, 0x10, 0x0e, 0x00, 0x00, 0x44, 0x77, 0xff, 0xff,
  0x0b, 0x00, 0x00, 0x00, 0x00, 0x41, 0x0e, 0x10, 0x86, 0x02, 0x43, 0x0d,
  0x06, 0x46, 0x0c, 0x07, 0x08, 0x00, 0x00, 0x00, 0x1c, 0x00, 0x00, 0x00,
  0x30, 0x0e, 0x00, 0x00, 0x34, 0x77, 0xff, 0xff, 0x40, 0x03, 0x00, 0x00,
  0x00, 0x41, 0x0e, 0x10, 0x86, 0x02, 0x43, 0x0d, 0x06, 0x03, 0x3b, 0x03,
  0x0c, 0x07, 0x08, 0x00, 0x1c, 0x00, 0x00, 0x00, 0x50, 0x0e, 0x00, 0x00,
  0x54, 0x7a, 0xff, 0xff, 0x33, 0x00, 0x00, 0x00, 0x00, 0x41, 0x0e, 0x10,
  0x86, 0x02, 0x43, 0x0d, 0x06, 0x6e, 0x0c, 0x07, 0x08, 0x00, 0x00, 0x00,
  0x1c, 0x00, 0x00, 0x00, 0x70, 0x0e, 0x00, 0x00, 0x74, 0x7a, 0xff, 0xff,
  0x52, 0x00, 0x00, 0x00, 0x00, 0x41, 0x0e, 0x10, 0x86, 0x02, 0x43, 0x0d,
  0x06, 0x02, 0x4d, 0x0c, 0x07, 0x08, 0x00, 0x00, 0x1c, 0x00, 0x00, 0x00,
  0x90, 0x0e, 0x00, 0x00, 0xb4, 0x7a, 0xff, 0xff, 0x87, 0x02, 0x00, 0x00,
  0x00, 0x41, 0x0e, 0x10, 0x86, 0x02, 0x43, 0x0d, 0x06, 0x03, 0x82, 0x02,
  0x0c, 0x07, 0x08, 0x00, 0x1c, 0x00, 0x00, 0x00, 0xb0, 0x0e, 0x00, 0x00,
  0x24, 0x7d, 0xff, 0xff, 0xc8, 0x01, 0x00, 0x00, 0x00, 0x41, 0x0e, 0x10,
  0x86, 0x02, 0x43, 0x0d, 0x06, 0x03, 0xc3, 0x01, 0x0c, 0x07, 0x08, 0x00,
  0x1c, 0x00, 0x00, 0x00, 0xd0, 0x0e, 0x00, 0x00, 0xd4, 0x7e, 0xff, 0xff,
  0x9d, 0x01, 0x00, 0x00, 0x00, 0x41, 0x0e, 0x10, 0x86, 0x02, 0x43, 0x0d,
  0x06, 0x03, 0x98, 0x01, 0x0c, 0x07, 0x08, 0x00, 0x20, 0x00, 0x00, 0x00,
  0xf0, 0x0e, 0x00, 0x00, 0x54, 0x80, 0xff, 0xff, 0x8f, 0x03, 0x00, 0x00,
  0x00, 0x41, 0x0e, 0x10, 0x86, 0x02, 0x43, 0x0d, 0x06, 0x03, 0x8a, 0x03,
  0x0c, 0x07, 0x08, 0x00, 0x00, 0x00, 0x00, 0x00, 0x1c, 0x00, 0x00, 0x00,
  0x14, 0x0f, 0x00, 0x00, 0xc0, 0x83, 0xff, 0xff, 0x0b, 0x01, 0x00, 0x00,
  0x00, 0x41, 0x0e, 0x10, 0x86, 0x02, 0x43, 0x0d, 0x06, 0x03, 0x06, 0x01,
  0x0c, 0x07, 0x08, 0x00, 0x1c, 0x00, 0x00, 0x00, 0x34, 0x0f, 0x00, 0x00,
  0xb0, 0x84, 0xff, 0xff, 0x16, 0x01, 0x00, 0x00, 0x00, 0x41, 0x0e, 0x10,
  0x86, 0x02, 0x43, 0x0d, 0x06, 0x03, 0x11, 0x01, 0x0c, 0x07, 0x08, 0x00,
  0x1c, 0x00, 0x00, 0x00, 0x54, 0x0f, 0x00, 0x00, 0xb0, 0x85, 0xff, 0xff,
  0xb2, 0x00, 0x00, 0x00, 0x00, 0x41, 0x0e, 0x10, 0x86, 0x02, 0x43, 0x0d,
  0x06, 0x02, 0xad, 0x0c, 0x07, 0x08, 0x00, 0x00, 0x1c, 0x00, 0x00, 0x00,
  0x74, 0x0f, 0x00, 0x00, 0x50, 0x86, 0xff, 0xff, 0x5c, 0x01, 0x00, 0x00,
  0x00, 0x41, 0x0e, 0x10, 0x86, 0x02, 0x43, 0x0d, 0x06, 0x03, 0x57, 0x01,
  0x0c, 0x07, 0x08, 0x00, 0x1c, 0x00, 0x00, 0x00, 0x94, 0x0f, 0x00, 0x00,
  0x90, 0x87, 0xff, 0xff, 0x17, 0x01, 0x00, 0x00, 0x00, 0x41, 0x0e, 0x10,
  0x86, 0x02, 0x43, 0x0d, 0x06, 0x03, 0x12, 0x01, 0x0c, 0x07, 0x08, 0x00,
  0x1c, 0x00, 0x00, 0x00, 0xb4, 0x0f, 0x00, 0x00, 0x90, 0x88, 0xff, 0xff,
  0x1f, 0x00, 0x00, 0x00, 0x00, 0x41, 0x0e, 0x10, 0x86, 0x02, 0x43, 0x0d,
  0x06, 0x5a, 0x0c, 0x07, 0x08, 0x00, 0x00, 0x00, 0x1c, 0x00, 0x00, 0x00,
  0xd4, 0x0f, 0x00, 0x00, 0x90, 0x88, 0xff, 0xff, 0xcb, 0x00, 0x00, 0x00,
  0x00, 0x41, 0x0e, 0x10, 0x86, 0x02, 0x43, 0x0d, 0x06, 0x02, 0xc6, 0x0c,
  0x07, 0x08, 0x00, 0x00, 0x1c, 0x00, 0x00, 0x00, 0xf4, 0x0f, 0x00, 0x00,
  0x40, 0x89, 0xff, 0xff, 0x84, 0x03, 0x00, 0x00, 0x00, 0x41, 0x0e, 0x10,
  0x86, 0x02, 0x43, 0x0d, 0x06, 0x03, 0x7f, 0x03, 0x0c, 0x07, 0x08, 0x00,
  0x1c, 0x00, 0x00, 0x00, 0x14, 0x10, 0x00, 0x00, 0xb0, 0x8c, 0xff, 0xff,
  0x99, 0x00, 0x00, 0x00, 0x00, 0x41, 0x0e, 0x10, 0x86, 0x02, 0x43, 0x0d,
  0x06, 0x02, 0x94, 0x0c, 0x07, 0x08, 0x00, 0x00, 0x1c, 0x00, 0x00, 0x00,
  0x34, 0x10, 0x00, 0x00, 0x30, 0x8d, 0xff, 0xff, 0x30, 0x00, 0x00, 0x00,
  0x00, 0x41, 0x0e, 0x10, 0x86, 0x02, 0x43, 0x0d, 0x06, 0x6b, 0x0c, 0x07,
  0x08, 0x00, 0x00, 0x00, 0x1c, 0x00, 0x00, 0x00, 0x54, 0x10, 0x00, 0x00,
  0x40, 0x8d, 0xff, 0xff, 0x30, 0x00, 0x00, 0x00, 0x00, 0x41, 0x0e, 0x10,
  0x86, 0x02, 0x43, 0x0d, 0x06, 0x6b, 0x0c, 0x07, 0x08, 0x00, 0x00, 0x00,
  0x1c, 0x00, 0x00, 0x00, 0x74, 0x10, 0x00, 0x00, 0x50, 0x8d, 0xff, 0xff,
  0x20, 0x00, 0x00, 0x00, 0x00, 0x41, 0x0e, 0x10, 0x86, 0x02, 0x43, 0x0d,
  0x06, 0x5b, 0x0c, 0x07, 0x08, 0x00, 0x00, 0x00, 0x1c, 0x00, 0x00, 0x00,
  0x94, 0x10, 0x00, 0x00, 0x50, 0x8d, 0xff, 0xff, 0x4b, 0x00, 0x00, 0x00,
  0x00, 0x41, 0x0e, 0x10, 0x86, 0x02, 0x43, 0x0d, 0x06, 0x02, 0x46, 0x0c,
  0x07, 0x08, 0x00, 0x00, 0x1c, 0x00, 0x00, 0x00, 0xb4, 0x10, 0x00, 0x00,
  0x80, 0x8d, 0xff, 0xff, 0x10, 0x00, 0x00, 0x00, 0x00, 0x41, 0x0e, 0x10,
  0x86, 0x02, 0x43, 0x0d, 0x06, 0x4b, 0x0c, 0x07, 0x08, 0x00, 0x00, 0x00,
  0x1c, 0x00, 0x00, 0x00, 0xd4, 0x10, 0x00, 0x00, 0x70, 0x8d, 0xff, 0xff,
  0x08, 0x00, 0x00, 0x00, 0x00, 0x41, 0x0e, 0x10, 0x86, 0x02, 0x43, 0x0d,
  0x06, 0x43, 0x0c, 0x07, 0x08, 0x00, 0x00, 0x00, 0x1c, 0x00, 0x00, 0x00,
  0xf4, 0x10, 0x00, 0x00, 0x60, 0x8d, 0xff, 0xff, 0x08, 0x00, 0x00, 0x00,
  0x00, 0x41, 0x0e, 0x10, 0x86, 0x02, 0x43, 0x0d, 0x06, 0x43, 0x0c, 0x07,
  0x08, 0x00, 0x00, 0x00, 0x00, 0x00, 0x00, 0x00, 0x01, 0x1b, 0x03, 0x3b,
  0xe8, 0xee, 0xff, 0xff, 0x88, 0x00, 0x00, 0x00, 0x34, 0xe4, 0xfe, 0xff,
  0x04, 0xef, 0xff, 0xff, 0xc4, 0xe4, 0xfe, 0xff, 0x24, 0xef, 0xff, 0xff,
  0x84, 0xe5, 0xfe, 0xff, 0x44, 0xef, 0xff, 0xff, 0x34, 0xe6, 0xfe, 0xff,
  0x64, 0xef, 0xff, 0xff, 0x74, 0xe6, 0xfe, 0xff, 0x84, 0xef, 0xff, 0xff,
  0xc4, 0xe6, 0xfe, 0xff, 0xa4, 0xef, 0xff, 0xff, 0x54, 0xe7, 0xfe, 0xff,
  0xc4, 0xef, 0xff, 0xff, 0xe4, 0xe7, 0xfe, 0xff, 0xe4, 0xef, 0xff, 0xff,
  0xb4, 0xe8, 0xfe, 0xff, 0x04, 0xf0, 0xff, 0xff, 0x04, 0xee, 0xfe, 0xff,
  0x24, 0xf0, 0xff, 0xff, 0xe4, 0xee, 0xfe, 0xff, 0x44, 0xf0, 0xff, 0xff,
  0x84, 0xef, 0xfe, 0xff, 0x64, 0xf0, 0xff, 0xff, 0xa4, 0xf0, 0xfe, 0xff,
  0x84, 0xf0, 0xff, 0xff, 0x54, 0xf1, 0xfe, 0xff, 0xa4, 0xf0, 0xff, 0xff,
  0x04, 0xf2, 0xfe, 0xff, 0xc4, 0xf0, 0xff, 0xff, 0xe4, 0xf2, 0xfe, 0xff,
  0xe4, 0xf0, 0xff, 0xff, 0x34, 0xf3, 0xfe, 0xff, 0x04, 0xf1, 0xff, 0xff,
  0x34, 0xf6, 0xfe, 0xff, 0x24, 0xf1, 0xff, 0xff, 0xd4, 0xf6, 0xfe, 0xff,
  0x44, 0xf1, 0xff, 0xff, 0x44, 0xf7, 0xfe, 0xff, 0x64, 0xf1, 0xff, 0xff,
  0xc4, 0xf7, 0xfe, 0xff, 0x84, 0xf1, 0xff, 0xff, 0x04, 0xf8, 0xfe, 0xff,
  0xa4, 0xf1, 0xff, 0xff, 0x64, 0xf9, 0xfe, 0xff, 0xc4, 0xf1, 0xff, 0xff,
  0x14, 0xfa, 0xfe, 0xff, 0xe4, 0xf1, 0xff, 0xff, 0xc4, 0xfa, 0xfe, 0xff,
  0x04, 0xf2, 0xff, 0xff, 0xe4, 0xfb, 0xfe, 0xff, 0x24, 0xf2, 0xff, 0xff,
  0x14, 0xfd, 0xfe, 0xff, 0x44, 0xf2, 0xff, 0xff, 0xc4, 0xff, 0xfe, 0xff,
  0x64, 0xf2, 0xff, 0xff, 0xf4, 0xff, 0xfe, 0xff, 0x84, 0xf2, 0xff, 0xff,
  0x64, 0x00, 0xff, 0xff, 0xa4, 0xf2, 0xff, 0xff, 0x44, 0x01, 0xff, 0xff,
  0xc4, 0xf2, 0xff, 0xff, 0x34, 0x02, 0xff, 0xff, 0xe4, 0xf2, 0xff, 0xff,
  0xf4, 0x02, 0xff, 0xff, 0x04, 0xf3, 0xff, 0xff, 0x64, 0x03, 0xff, 0xff,
  0x24, 0xf3, 0xff, 0xff, 0xf4, 0x03, 0xff, 0xff, 0x44, 0xf3, 0xff, 0xff,
  0xa4, 0x05, 0xff, 0xff, 0x64, 0xf3, 0xff, 0xff, 0xe4, 0x06, 0xff, 0xff,
  0x84, 0xf3, 0xff, 0xff, 0x34, 0x07, 0xff, 0xff, 0xa4, 0xf3, 0xff, 0xff,
  0xf4, 0x15, 0xff, 0xff, 0xc4, 0xf3, 0xff, 0xff, 0xa4, 0x17, 0xff, 0xff,
  0xe4, 0xf3, 0xff, 0xff, 0x94, 0x18, 0xff, 0xff, 0x04, 0xf4, 0xff, 0xff,
  0x74, 0x19, 0xff, 0xff, 0x24, 0xf4, 0xff, 0xff, 0x14, 0x1a, 0xff, 0xff,
  0x44, 0xf4, 0xff, 0xff, 0x54, 0x1a, 0xff, 0xff, 0x64, 0xf4, 0xff, 0xff,
  0xa4, 0x1a, 0xff, 0xff, 0x84, 0xf4, 0xff, 0xff, 0x04, 0x1b, 0xff, 0xff,
  0xa4, 0xf4, 0xff, 0xff, 0x34, 0x1b, 0xff, 0xff, 0xc4, 0xf4, 0xff, 0xff,
  0xf4, 0x1b, 0xff, 0xff, 0xe4, 0xf4, 0xff, 0xff, 0xf4, 0x1c, 0xff, 0xff,
  0x04, 0xf5, 0xff, 0xff, 0x94, 0x1e, 0xff, 0xff, 0x24, 0xf5, 0xff, 0xff,
  0x24, 0x1f, 0xff, 0xff, 0x44, 0xf5, 0xff, 0xff, 0xc4, 0x1f, 0xff, 0xff,
  0x64, 0xf5, 0xff, 0xff, 0xb4, 0x22, 0xff, 0xff, 0x84, 0xf5, 0xff, 0xff,
  0x54, 0x24, 0xff, 0xff, 0xa4, 0xf5, 0xff, 0xff, 0xf4, 0x25, 0xff, 0xff,
  0xc4, 0xf5, 0xff, 0xff, 0x14, 0x28, 0xff, 0xff, 0xe4, 0xf5, 0xff, 0xff,
  0xc4, 0x28, 0xff, 0xff, 0x04, 0xf6, 0xff, 0xff, 0x14, 0x2a, 0xff, 0xff,
  0x24, 0xf6, 0xff, 0xff, 0xd4, 0x2a, 0xff, 0xff, 0x44, 0xf6, 0xff, 0xff,
  0x54, 0x2c, 0xff, 0xff, 0x64, 0xf6, 0xff, 0xff, 0x04, 0x2d, 0xff, 0xff,
  0x84, 0xf6, 0xff, 0xff, 0xb4, 0x2d, 0xff, 0xff, 0xa4, 0xf6, 0xff, 0xff,
  0x04, 0x2e, 0xff, 0xff, 0xc4, 0xf6, 0xff, 0xff, 0x04, 0x3e, 0xff, 0xff,
  0xdc, 0xf6, 0xff, 0xff, 0xc4, 0x3e, 0xff, 0xff, 0xfc, 0xf6, 0xff, 0xff,
  0x24, 0x3f, 0xff, 0xff, 0x1c, 0xf7, 0xff, 0xff, 0x14, 0x40, 0xff, 0xff,
  0x3c, 0xf7, 0xff, 0xff, 0x54, 0x40, 0xff, 0xff, 0x5c, 0xf7, 0xff, 0xff,
  0x14, 0x41, 0xff, 0xff, 0x7c, 0xf7, 0xff, 0xff, 0x44, 0x41, 0xff, 0xff,
  0x9c, 0xf7, 0xff, 0xff, 0xb4, 0x41, 0xff, 0xff, 0xbc, 0xf7, 0xff, 0xff,
  0xe4, 0x42, 0xff, 0xff, 0xdc, 0xf7, 0xff, 0xff, 0x14, 0x44, 0xff, 0xff,
  0xfc, 0xf7, 0xff, 0xff, 0xa4, 0x46, 0xff, 0xff, 0x1c, 0xf8, 0xff, 0xff,
  0xb4, 0x47, 0xff, 0xff, 0x3c, 0xf8, 0xff, 0xff, 0xa4, 0x48, 0xff, 0xff,
  0x5c, 0xf8, 0xff, 0xff, 0x74, 0x49, 0xff, 0xff, 0x7c, 0xf8, 0xff, 0xff,
  0xd4, 0x4a, 0xff, 0xff, 0x9c, 0xf8, 0xff, 0xff, 0x74, 0x4b, 0xff, 0xff,
  0xbc, 0xf8, 0xff, 0xff, 0xb4, 0x4b, 0xff, 0xff, 0xdc, 0xf8, 0xff, 0xff,
  0x74, 0x4d, 0xff, 0xff, 0xfc, 0xf8, 0xff, 0xff, 0xa4, 0x4e, 0xff, 0xff,
  0x1c, 0xf9, 0xff, 0xff, 0xe4, 0x4f, 0xff, 0xff, 0x3c, 0xf9, 0xff, 0xff,
  0x24, 0x51, 0xff, 0xff, 0x5c, 0xf9, 0xff, 0xff, 0x34, 0x58, 0xff, 0xff,
  0x7c, 0xf9, 0xff, 0xff, 0x54, 0x5a, 0xff, 0xff, 0x9c, 0xf9, 0xff, 0xff,
  0xb4, 0x5d, 0xff, 0xff, 0xbc, 0xf9, 0xff, 0xff, 0xd4, 0x5e, 0xff, 0xff,
  0xdc, 0xf9, 0xff, 0xff, 0x04, 0x61, 0xff, 0xff, 0xfc, 0xf9, 0xff, 0xff,
  0xf4, 0x61, 0xff, 0xff, 0x1c, 0xfa, 0xff, 0xff, 0x94, 0x62, 0xff, 0xff,
  0x3c, 0xfa, 0xff, 0xff, 0x34, 0x63, 0xff, 0xff, 0x5c, 0xfa, 0xff, 0xff,
  0x04, 0x65, 0xff, 0xff, 0x7c, 0xfa, 0xff, 0xff, 0xf4, 0x65, 0xff, 0xff,
  0x9c, 0xfa, 0xff, 0xff, 0x04, 0x66, 0xff, 0xff, 0xbc, 0xfa, 0xff, 0xff,
  0x14, 0x66, 0xff, 0xff, 0xdc, 0xfa, 0xff, 0xff, 0x14, 0x67, 0xff, 0xff,
  0xfc, 0xfa, 0xff, 0xff, 0xb4, 0x67, 0xff, 0xff, 0x1c, 0xfb, 0xff, 0xff,
  0xf4, 0x67, 0xff, 0xff, 0x3c, 0xfb, 0xff, 0xff, 0x84, 0x68, 0xff, 0xff,
  0x5c, 0xfb, 0xff, 0xff, 0x34, 0x69, 0xff, 0xff, 0x7c, 0xfb, 0xff, 0xff,
  0xe4, 0x69, 0xff, 0xff, 0x9c, 0xfb, 0xff, 0xff, 0xd4, 0x6a, 0xff, 0xff,
  0xb8, 0xfb, 0xff, 0xff, 0xc4, 0x6b, 0xff, 0xff, 0xd8, 0xfb, 0xff, 0xff,
  0xc4, 0x6d, 0xff, 0xff, 0xf8, 0xfb, 0xff, 0xff, 0x84, 0x6e, 0xff, 0xff,
  0x18, 0xfc, 0xff, 0xff, 0xd4, 0x6f, 0xff, 0xff, 0x38, 0xfc, 0xff, 0xff,
  0xe4, 0x6f, 0xff, 0xff, 0x58, 0xfc, 0xff, 0xff, 0xb4, 0x70, 0xff, 0xff,
  0x78, 0xfc, 0xff, 0xff, 0x04, 0x71, 0xff, 0xff, 0x98, 0xfc, 0xff, 0xff,
  0x64, 0x73, 0xff, 0xff, 0xb8, 0xfc, 0xff, 0xff, 0xd4, 0x73, 0xff, 0xff,
  0xd8, 0xfc, 0xff, 0xff, 0x44, 0x74, 0xff, 0xff, 0xf8, 0xfc, 0xff, 0xff,
  0x54, 0x74, 0xff, 0xff, 0x18, 0xfd, 0xff, 0xff, 0x94, 0x77, 0xff, 0xff,
  0x38, 0xfd, 0xff, 0xff, 0xd4, 0x77, 0xff, 0xff, 0x58, 0xfd, 0xff, 0xff,
  0x34, 0x78, 0xff, 0xff, 0x78, 0xfd, 0xff, 0xff, 0xc4, 0x7a, 0xff, 0xff,
  0x98, 0xfd, 0xff, 0xff, 0x94, 0x7c, 0xff, 0xff, 0xb8, 0xfd, 0xff, 0xff,
  0x34, 0x7e, 0xff, 0xff, 0xd8, 0xfd, 0xff, 0xff, 0xc4, 0x81, 0xff, 0xff,
  0xfc, 0xfd, 0xff, 0xff, 0xd4, 0x82, 0xff, 0xff, 0x1c, 0xfe, 0xff, 0xff,
  0xf4, 0x83, 0xff, 0xff, 0x3c, 0xfe, 0xff, 0xff, 0xb4, 0x84, 0xff, 0xff,
  0x5c, 0xfe, 0xff, 0xff, 0x14, 0x86, 0xff, 0xff, 0x7c, 0xfe, 0xff, 0xff,
  0x34, 0x87, 0xff, 0xff, 0x9c, 0xfe, 0xff, 0xff, 0x54, 0x87, 0xff, 0xff,
  0xbc, 0xfe, 0xff, 0xff, 0x24, 0x88, 0xff, 0xff, 0xdc, 0xfe, 0xff, 0xff,
  0xb4, 0x8b, 0xff, 0xff, 0xfc, 0xfe, 0xff, 0xff, 0x54, 0x8c, 0xff, 0xff,
  0x1c, 0xff, 0xff, 0xff, 0x84, 0x8c, 0xff, 0xff, 0x3c, 0xff, 0xff, 0xff,
  0xb4, 0x8c, 0xff, 0xff, 0x5c, 0xff, 0xff, 0xff, 0xd4, 0x8c, 0xff, 0xff,
  0x7c, 0xff, 0xff, 0xff, 0x24, 0x8d, 0xff, 0xff, 0x9c, 0xff, 0xff, 0xff,
  0x34, 0x8d, 0xff, 0xff, 0xbc, 0xff, 0xff, 0xff, 0x44, 0x8d, 0xff, 0xff,
  0xdc, 0xff, 0xff, 0xff, 0x00, 0x00, 0x00, 0x00, 0x00, 0x00, 0x00, 0x00,
  0x00, 0x00, 0x00, 0x00, 0x00, 0x00, 0x00, 0x00, 0x00, 0x00, 0x00, 0x00,
  0x00, 0x00, 0x00, 0x00, 0x00, 0x00, 0x00, 0x00, 0x00, 0x00, 0x00, 0x00,
  0x00, 0x00, 0x00, 0x00, 0x00, 0x00, 0x00, 0x00, 0x00, 0x00, 0x00, 0x00,
  0x00, 0x00, 0x00, 0x00, 0x00, 0x00, 0x00, 0x00, 0x00, 0x00, 0x00, 0x00,
  0x00, 0x00, 0x00, 0x00, 0x00, 0x00, 0x00, 0x00, 0x00, 0x00, 0x00, 0x00,
  0x00, 0x00, 0x00, 0x00, 0x00, 0x00, 0x00, 0x00, 0x00, 0x00, 0x00, 0x00,
  0x00, 0x00, 0x00, 0x00, 0x00, 0x00, 0x00, 0x00, 0x00, 0x00, 0x00, 0x00,
  0x00, 0x00, 0x00, 0x00, 0x00, 0x00, 0x00, 0x00, 0x00, 0x00, 0x00, 0x00,
  0x00, 0x00, 0x00, 0x00, 0x00, 0x00, 0x00, 0x00, 0x00, 0x00, 0x00, 0x00,
  0x00, 0x00, 0x00, 0x00, 0x00, 0x00, 0x00, 0x00, 0x00, 0x00, 0x00, 0x00,
  0x00, 0x00, 0x00, 0x00, 0x00, 0x00, 0x00, 0x00, 0x00, 0x00, 0x00, 0x00,
  0x00, 0x00, 0x00, 0x00, 0x00, 0x00, 0x00, 0x00, 0x00, 0x00, 0x00, 0x00,
  0x00, 0x00, 0x00, 0x00, 0x00, 0x00, 0x00, 0x00, 0x00, 0x00, 0x00, 0x00,
  0x00, 0x00, 0x00, 0x00, 0x00, 0x00, 0x00, 0x00, 0x00, 0x00, 0x00, 0x00,
  0x00, 0x00, 0x00, 0x00, 0x00, 0x00, 0x00, 0x00, 0x00, 0x00, 0x00, 0x00,
  0x00, 0x00, 0x00, 0x00, 0x00, 0x00, 0x00, 0x00, 0x00, 0x00, 0x00, 0x00,
  0x00, 0x00, 0x00, 0x00, 0x00, 0x00, 0x00, 0x00, 0x00, 0x00, 0x00, 0x00,
  0x00, 0x00, 0x00, 0x00, 0x00, 0x00, 0x00, 0x00, 0x00, 0x00, 0x00, 0x00,
  0x00, 0x00, 0x00, 0x00, 0x00, 0x00, 0x00, 0x00, 0x00, 0x00, 0x00, 0x00,
  0x00, 0x00, 0x00, 0x00, 0x00, 0x00, 0x00, 0x00, 0x00, 0x00, 0x00, 0x00,
  0x00, 0x00, 0x00, 0x00, 0x00, 0x00, 0x00, 0x00, 0x00, 0x00, 0x00, 0x00,
  0x00, 0x00, 0x00, 0x00, 0x00, 0x00, 0x00, 0x00, 0x00, 0x00, 0x00, 0x00,
  0x00, 0x00, 0x00, 0x00, 0x00, 0x00, 0x00, 0x00, 0x00, 0x00, 0x00, 0x00,
  0x00, 0x00, 0x00, 0x00, 0x00, 0x00, 0x00, 0x00, 0x00, 0x00, 0x00, 0x00,
  0x00, 0x00, 0x00, 0x00, 0x00, 0x00, 0x00, 0x00, 0x00, 0x00, 0x00, 0x00,
  0x00, 0x00, 0x00, 0x00, 0x00, 0x00, 0x00, 0x00, 0x00, 0x00, 0x00, 0x00,
  0x00, 0x00, 0x00, 0x00, 0x00, 0x00, 0x00, 0x00, 0x00, 0x00, 0x00, 0x00,
  0x00, 0x00, 0x00, 0x00, 0x00, 0x00, 0x00, 0x00, 0x00, 0x00, 0x00, 0x00,
  0x00, 0x00, 0x00, 0x00, 0x00, 0x00, 0x00, 0x00, 0x00, 0x00, 0x00, 0x00,
  0x00, 0x00, 0x00, 0x00, 0x00, 0x00, 0x00, 0x00, 0x00, 0x00, 0x00, 0x00,
  0x00, 0x00, 0x00, 0x00, 0x00, 0x00, 0x00, 0x00, 0x00, 0x00, 0x00, 0x00,
  0x00, 0x00, 0x00, 0x00, 0x00, 0x00, 0x00, 0x00, 0x00, 0x00, 0x00, 0x00,
  0x00, 0x00, 0x00, 0x00, 0x00, 0x00, 0x00, 0x00, 0x00, 0x00, 0x00, 0x00,
  0x00, 0x00, 0x00, 0x00, 0x00, 0x00, 0x00, 0x00, 0x00, 0x00, 0x00, 0x00,
  0x00, 0x00, 0x00, 0x00, 0x00, 0x00, 0x00, 0x00, 0x00, 0x00, 0x00, 0x00,
  0x00, 0x00, 0x00, 0x00, 0x00, 0x00, 0x00, 0x00, 0x00, 0x00, 0x00, 0x00,
  0x00, 0x00, 0x00, 0x00, 0x00, 0x00, 0x00, 0x00, 0x00, 0x00, 0x00, 0x00,
  0x00, 0x00, 0x00, 0x00, 0x00, 0x00, 0x00, 0x00, 0x00, 0x00, 0x00, 0x00,
  0x00, 0x00, 0x00, 0x00, 0x00, 0x00, 0x00, 0x00, 0x00, 0x00, 0x00, 0x00,
  0x00, 0x00, 0x00, 0x00, 0x00, 0x00, 0x00, 0x00, 0x00, 0x00, 0x00, 0x00,
  0x00, 0x00, 0x00, 0x00, 0x00, 0x00, 0x00, 0x00, 0x00, 0x00, 0x00, 0x00,
  0x00, 0x00, 0x00, 0x00, 0x00, 0x00, 0x00, 0x00, 0x00, 0x00, 0x00, 0x00,
  0x00, 0x00, 0x00, 0x00, 0x00, 0x00, 0x00, 0x00, 0x00, 0x00, 0x00, 0x00,
  0x00, 0x00, 0x00, 0x00, 0x00, 0x00, 0x00, 0x00, 0x00, 0x00, 0x00, 0x00,
  0x00, 0x00, 0x00, 0x00, 0x00, 0x00, 0x00, 0x00, 0x00, 0x00, 0x00, 0x00,
  0x00, 0x00, 0x00, 0x00, 0x00, 0x00, 0x00, 0x00, 0x00, 0x00, 0x00, 0x00,
  0x00, 0x00, 0x00, 0x00, 0x00, 0x00, 0x00, 0x00, 0x00, 0x00, 0x00, 0x00,
  0x00, 0x00, 0x00, 0x00, 0x00, 0x00, 0x00, 0x00, 0x00, 0x00, 0x00, 0x00,
  0x00, 0x00, 0x00, 0x00, 0x00, 0x00, 0x00, 0x00, 0x00, 0x00, 0x00, 0x00,
  0x00, 0x00, 0x00, 0x00, 0x00, 0x00, 0x00, 0x00, 0x00, 0x00, 0x00, 0x00,
  0x00, 0x00, 0x00, 0x00, 0x00, 0x00, 0x00, 0x00, 0x00, 0x00, 0x00, 0x00,
  0x00, 0x00, 0x00, 0x00, 0x00, 0x00, 0x00, 0x00, 0x00, 0x00, 0x00, 0x00,
  0x00, 0x00, 0x00, 0x00, 0x00, 0x00, 0x00, 0x00, 0x00, 0x00, 0x00, 0x00,
  0x00, 0x00, 0x00, 0x00, 0x00, 0x00, 0x00, 0x00, 0x00, 0x00, 0x00, 0x00,
  0x00, 0x00, 0x00, 0x00, 0x00, 0x00, 0x00, 0x00, 0x00, 0x00, 0x00, 0x00,
  0x00, 0x00, 0x00, 0x00, 0x00, 0x00, 0x00, 0x00, 0x00, 0x00, 0x00, 0x00,
  0x00, 0x00, 0x00, 0x00, 0x00, 0x00, 0x00, 0x00, 0x00, 0x00, 0x00, 0x00,
  0x00, 0x00, 0x00, 0x00, 0x00, 0x00, 0x00, 0x00, 0x00, 0x00, 0x00, 0x00,
  0x00, 0x00, 0x00, 0x00, 0x00, 0x00, 0x00, 0x00, 0x00, 0x00, 0x00, 0x00,
  0x00, 0x00, 0x00, 0x00, 0x00, 0x00, 0x00, 0x00, 0x00, 0x00, 0x00, 0x00,
  0x00, 0x00, 0x00, 0x00, 0x00, 0x00, 0x00, 0x00, 0x00, 0x00, 0x00, 0x00,
  0x00, 0x00, 0x00, 0x00, 0x00, 0x00, 0x00, 0x00, 0x00, 0x00, 0x00, 0x00,
  0x00, 0x00, 0x00, 0x00, 0x00, 0x00, 0x00, 0x00, 0x00, 0x00, 0x00, 0x00,
  0x00, 0x00, 0x00, 0x00, 0x00, 0x00, 0x00, 0x00, 0x00, 0x00, 0x00, 0x00,
  0x00, 0x00, 0x00, 0x00, 0x00, 0x00, 0x00, 0x00, 0x00, 0x00, 0x00, 0x00,
  0x00, 0x00, 0x00, 0x00, 0x00, 0x00, 0x00, 0x00, 0x00, 0x00, 0x00, 0x00,
  0x00, 0x00, 0x00, 0x00, 0x00, 0x00, 0x00, 0x00, 0x00, 0x00, 0x00, 0x00,
  0x00, 0x00, 0x00, 0x00, 0x00, 0x00, 0x00, 0x00, 0x00, 0x00, 0x00, 0x00,
  0x00, 0x00, 0x00, 0x00, 0x00, 0x00, 0x00, 0x00, 0x00, 0x00, 0x00, 0x00,
  0x00, 0x00, 0x00, 0x00, 0x00, 0x00, 0x00, 0x00, 0x00, 0x00, 0x00, 0x00,
  0x00, 0x00, 0x00, 0x00, 0x00, 0x00, 0x00, 0x00, 0x00, 0x00, 0x00, 0x00,
  0x00, 0x00, 0x00, 0x00, 0x00, 0x00, 0x00, 0x00, 0x00, 0x00, 0x00, 0x00,
  0x00, 0x00, 0x00, 0x00, 0x00, 0x00, 0x00, 0x00, 0x00, 0x00, 0x00, 0x00,
  0x00, 0x00, 0x00, 0x00, 0x00, 0x00, 0x00, 0x00, 0x00, 0x00, 0x00, 0x00,
  0x00, 0x00, 0x00, 0x00, 0x00, 0x00, 0x00, 0x00, 0x00, 0x00, 0x00, 0x00,
  0x00, 0x00, 0x00, 0x00, 0x00, 0x00, 0x00, 0x00, 0x00, 0x00, 0x00, 0x00,
  0x00, 0x00, 0x00, 0x00, 0x00, 0x00, 0x00, 0x00, 0x00, 0x00, 0x00, 0x00,
  0x00, 0x00, 0x00, 0x00, 0x00, 0x00, 0x00, 0x00, 0x00, 0x00, 0x00, 0x00,
  0x00, 0x00, 0x00, 0x00, 0x00, 0x00, 0x00, 0x00, 0x00, 0x00, 0x00, 0x00,
  0x00, 0x00, 0x00, 0x00, 0x00, 0x00, 0x00, 0x00, 0x00, 0x00, 0x00, 0x00,
  0x00, 0x00, 0x00, 0x00, 0x00, 0x00, 0x00, 0x00, 0x00, 0x00, 0x00, 0x00,
  0x00, 0x00, 0x00, 0x00, 0x00, 0x00, 0x00, 0x00, 0x00, 0x00, 0x00, 0x00,
  0x00, 0x00, 0x00, 0x00, 0x00, 0x00, 0x00, 0x00, 0x00, 0x00, 0x00, 0x00,
  0x00, 0x00, 0x00, 0x00, 0x00, 0x00, 0x00, 0x00, 0x00, 0x00, 0x00, 0x00,
  0x00, 0x00, 0x00, 0x00, 0x00, 0x00, 0x00, 0x00, 0x00, 0x00, 0x00, 0x00,
  0x00, 0x00, 0x00, 0x00, 0x00, 0x00, 0x00, 0x00, 0x00, 0x00, 0x00, 0x00,
  0x00, 0x00, 0x00, 0x00, 0x00, 0x00, 0x00, 0x00, 0x00, 0x00, 0x00, 0x00,
  0x00, 0x00, 0x00, 0x00, 0x00, 0x00, 0x00, 0x00, 0x00, 0x00, 0x00, 0x00,
  0x00, 0x00, 0x00, 0x00, 0x00, 0x00, 0x00, 0x00, 0x00, 0x00, 0x00, 0x00,
  0x00, 0x00, 0x00, 0x00, 0x00, 0x00, 0x00, 0x00, 0x00, 0x00, 0x00, 0x00,
  0x00, 0x00, 0x00, 0x00, 0x00, 0x00, 0x00, 0x00, 0x00, 0x00, 0x00, 0x00,
  0x00, 0x00, 0x00, 0x00, 0x00, 0x00, 0x00, 0x00, 0x00, 0x00, 0x00, 0x00,
  0x00, 0x00, 0x00, 0x00, 0x00, 0x00, 0x00, 0x00, 0x00, 0x00, 0x00, 0x00,
  0x00, 0x00, 0x00, 0x00, 0x00, 0x00, 0x00, 0x00, 0x00, 0x00, 0x00, 0x00,
  0x00, 0x00, 0x00, 0x00, 0x00, 0x00, 0x00, 0x00, 0x00, 0x00, 0x00, 0x00,
  0x00, 0x00, 0x00, 0x00, 0x00, 0x00, 0x00, 0x00, 0x00, 0x00, 0x00, 0x00,
  0x00, 0x00, 0x00, 0x00, 0x00, 0x00, 0x00, 0x00, 0x00, 0x00, 0x00, 0x00,
  0x00, 0x00, 0x00, 0x00, 0x00, 0x00, 0x00, 0x00, 0x00, 0x00, 0x00, 0x00,
  0x00, 0x00, 0x00, 0x00, 0x00, 0x00, 0x00, 0x00, 0x00, 0x00, 0x00, 0x00,
  0x00, 0x00, 0x00, 0x00, 0x00, 0x00, 0x00, 0x00, 0x00, 0x00, 0x00, 0x00,
  0x00, 0x00, 0x00, 0x00, 0x00, 0x00, 0x00, 0x00, 0x00, 0x00, 0x00, 0x00,
  0x00, 0x00, 0x00, 0x00, 0x00, 0x00, 0x00, 0x00, 0x00, 0x00, 0x00, 0x00,
  0x00, 0x00, 0x00, 0x00, 0x00, 0x00, 0x00, 0x00, 0x00, 0x00, 0x00, 0x00,
  0x00, 0x00, 0x00, 0x00, 0x00, 0x00, 0x00, 0x00, 0x00, 0x00, 0x00, 0x00,
  0x00, 0x00, 0x00, 0x00, 0x00, 0x00, 0x00, 0x00, 0x00, 0x00, 0x00, 0x00,
  0x00, 0x00, 0x00, 0x00, 0x00, 0x00, 0x00, 0x00, 0x00, 0x00, 0x00, 0x00,
  0x00, 0x00, 0x00, 0x00, 0x00, 0x00, 0x00, 0x00, 0x00, 0x00, 0x00, 0x00,
  0x00, 0x00, 0x00, 0x00, 0x00, 0x00, 0x00, 0x00, 0x00, 0x00, 0x00, 0x00,
  0x00, 0x00, 0x00, 0x00, 0x00, 0x00, 0x00, 0x00, 0x00, 0x00, 0x00, 0x00,
  0x00, 0x00, 0x00, 0x00, 0x00, 0x00, 0x00, 0x00, 0x00, 0x00, 0x00, 0x00,
  0x00, 0x00, 0x00, 0x00, 0x00, 0x00, 0x00, 0x00, 0x00, 0x00, 0x00, 0x00,
  0x00, 0x00, 0x00, 0x00, 0x00, 0x00, 0x00, 0x00, 0x00, 0x00, 0x00, 0x00,
  0x00, 0x00, 0x00, 0x00, 0x00, 0x00, 0x00, 0x00, 0x00, 0x00, 0x00, 0x00,
  0x00, 0x00, 0x00, 0x00, 0x00, 0x00, 0x00, 0x00, 0x00, 0x00, 0x00, 0x00,
  0x00, 0x00, 0x00, 0x00, 0x00, 0x00, 0x00, 0x00, 0x00, 0x00, 0x00, 0x00,
  0x00, 0x00, 0x00, 0x00, 0x00, 0x00, 0x00, 0x00, 0x00, 0x00, 0x00, 0x00,
  0x00, 0x00, 0x00, 0x00, 0x00, 0x00, 0x00, 0x00, 0x00, 0x00, 0x00, 0x00,
  0x00, 0x00, 0x00, 0x00, 0x00, 0x00, 0x00, 0x00, 0x00, 0x00, 0x00, 0x00,
  0x00, 0x00, 0x00, 0x00, 0x00, 0x00, 0x00, 0x00, 0x00, 0x00, 0x00, 0x00,
  0x00, 0x00, 0x00, 0x00, 0x00, 0x00, 0x00, 0x00, 0x00, 0x00, 0x00, 0x00,
  0x00, 0x00, 0x00, 0x00, 0x00, 0x00, 0x00, 0x00, 0x00, 0x00, 0x00, 0x00,
  0x00, 0x00, 0x00, 0x00, 0x00, 0x00, 0x00, 0x00, 0x00, 0x00, 0x00, 0x00,
  0x00, 0x00, 0x00, 0x00, 0x00, 0x00, 0x00, 0x00, 0x00, 0x00, 0x00, 0x00,
  0x00, 0x00, 0x00, 0x00, 0x00, 0x00, 0x00, 0x00, 0x00, 0x00, 0x00, 0x00,
  0x00, 0x00, 0x00, 0x00, 0x00, 0x00, 0x00, 0x00, 0x00, 0x00, 0x00, 0x00,
  0x00, 0x00, 0x00, 0x00, 0x00, 0x00, 0x00, 0x00, 0x00, 0x00, 0x00, 0x00,
  0x00, 0x00, 0x00, 0x00, 0x00, 0x00, 0x00, 0x00, 0x00, 0x00, 0x00, 0x00,
  0x00, 0x00, 0x00, 0x00, 0x00, 0x00, 0x00, 0x00, 0x00, 0x00, 0x00, 0x00,
  0x00, 0x00, 0x00, 0x00, 0x00, 0x00, 0x00, 0x00, 0x00, 0x00, 0x00, 0x00,
  0x00, 0x00, 0x00, 0x00, 0x00, 0x00, 0x00, 0x00, 0x00, 0x00, 0x00, 0x00,
  0x00, 0x00, 0x00, 0x00, 0x00, 0x00, 0x00, 0x00, 0x00, 0x00, 0x00, 0x00,
  0x00, 0x00, 0x00, 0x00, 0x00, 0x00, 0x00, 0x00, 0x00, 0x00, 0x00, 0x00,
  0x00, 0x00, 0x00, 0x00, 0x00, 0x00, 0x00, 0x00, 0x00, 0x00, 0x00, 0x00,
  0x00, 0x00, 0x00, 0x00, 0x00, 0x00, 0x00, 0x00, 0x00, 0x00, 0x00, 0x00,
  0x00, 0x00, 0x00, 0x00, 0x00, 0x00, 0x00, 0x00, 0x00, 0x00, 0x00, 0x00,
  0x00, 0x00, 0x00, 0x00, 0x00, 0x00, 0x00, 0x00, 0x00, 0x00, 0x00, 0x00,
  0x00, 0x00, 0x00, 0x00, 0x00, 0x00, 0x00, 0x00, 0x00, 0x00, 0x00, 0x00,
  0x00, 0x00, 0x00, 0x00, 0x00, 0x00, 0x00, 0x00, 0x00, 0x00, 0x00, 0x00,
  0x00, 0x00, 0x00, 0x00, 0x00, 0x00, 0x00, 0x00, 0x00, 0x00, 0x00, 0x00,
  0x00, 0x00, 0x00, 0x00, 0x00, 0x00, 0x00, 0x00, 0x00, 0x00, 0x00, 0x00,
  0x00, 0x00, 0x00, 0x00, 0x00, 0x00, 0x00, 0x00, 0x00, 0x00, 0x00, 0x00,
  0x00, 0x00, 0x00, 0x00, 0x00, 0x00, 0x00, 0x00, 0x00, 0x00, 0x00, 0x00,
  0x00, 0x00, 0x00, 0x00, 0x00, 0x00, 0x00, 0x00, 0x00, 0x00, 0x00, 0x00,
  0x00, 0x00, 0x00, 0x00, 0x00, 0x00, 0x00, 0x00, 0x00, 0x00, 0x00, 0x00,
  0x00, 0x00, 0x00, 0x00, 0x00, 0x00, 0x00, 0x00, 0x00, 0x00, 0x00, 0x00,
  0x00, 0x00, 0x00, 0x00, 0x00, 0x00, 0x00, 0x00, 0x00, 0x00, 0x00, 0x00,
  0x00, 0x00, 0x00, 0x00, 0x00, 0x00, 0x00, 0x00, 0x00, 0x00, 0x00, 0x00,
  0x00, 0x00, 0x00, 0x00, 0x00, 0x00, 0x00, 0x00, 0x00, 0x00, 0x00, 0x00,
  0x00, 0x00, 0x00, 0x00, 0x00, 0x00, 0x00, 0x00, 0x00, 0x00, 0x00, 0x00,
  0x00, 0x00, 0x00, 0x00, 0x00, 0x00, 0x00, 0x00, 0x00, 0x00, 0x00, 0x00,
  0x00, 0x00, 0x00, 0x00, 0x00, 0x00, 0x00, 0x00, 0x00, 0x00, 0x00, 0x00,
  0x00, 0x00, 0x00, 0x00, 0x00, 0x00, 0x00, 0x00, 0x00, 0x00, 0x00, 0x00,
  0x00, 0x00, 0x00, 0x00, 0x00, 0x00, 0x00, 0x00, 0x00, 0x00, 0x00, 0x00,
  0x00, 0x00, 0x00, 0x00, 0x00, 0x00, 0x00, 0x00, 0x00, 0x00, 0x00, 0x00,
  0x00, 0x00, 0x00, 0x00, 0x00, 0x00, 0x00, 0x00, 0x00, 0x00, 0x00, 0x00,
  0x00, 0x00, 0x00, 0x00, 0x00, 0x00, 0x00, 0x00, 0x00, 0x00, 0x00, 0x00,
  0x00, 0x00, 0x00, 0x00, 0x00, 0x00, 0x00, 0x00, 0x00, 0x00, 0x00, 0x00,
  0x00, 0x00, 0x00, 0x00, 0x00, 0x00, 0x00, 0x00, 0x00, 0x00, 0x00, 0x00,
  0x00, 0x00, 0x00, 0x00, 0x00, 0x00, 0x00, 0x00, 0x00, 0x00, 0x00, 0x00,
  0x00, 0x00, 0x00, 0x00, 0x00, 0x00, 0x00, 0x00, 0x00, 0x00, 0x00, 0x00,
  0x00, 0x00, 0x00, 0x00, 0x00, 0x00, 0x00, 0x00, 0x00, 0x00, 0x00, 0x00,
  0x00, 0x00, 0x00, 0x00, 0x00, 0x00, 0x00, 0x00, 0x00, 0x00, 0x00, 0x00,
  0x00, 0x00, 0x00, 0x00, 0x00, 0x00, 0x00, 0x00, 0x00, 0x00, 0x00, 0x00,
  0x00, 0x00, 0x00, 0x00, 0x00, 0x00, 0x00, 0x00, 0x00, 0x00, 0x00, 0x00,
  0x00, 0x00, 0x00, 0x00, 0x00, 0x00, 0x00, 0x00, 0x00, 0x00, 0x00, 0x00,
  0x00, 0x00, 0x00, 0x00, 0x00, 0x00, 0x00, 0x00, 0x00, 0x00, 0x00, 0x00,
  0x00, 0x00, 0x00, 0x00, 0x00, 0x00, 0x00, 0x00, 0x00, 0x00, 0x00, 0x00,
  0x00, 0x00, 0x00, 0x00, 0x00, 0x00, 0x00, 0x00, 0x00, 0x00, 0x00, 0x00,
  0x00, 0x00, 0x00, 0x00, 0x00, 0x00, 0x00, 0x00, 0x00, 0x00, 0x00, 0x00,
  0x00, 0x00, 0x00, 0x00, 0x00, 0x00, 0x00, 0x00, 0x00, 0x00, 0x00, 0x00,
  0x00, 0x00, 0x00, 0x00, 0x00, 0x00, 0x00, 0x00, 0x00, 0x00, 0x00, 0x00,
  0x00, 0x00, 0x00, 0x00, 0x00, 0x00, 0x00, 0x00, 0x00, 0x00, 0x00, 0x00,
  0x00, 0x00, 0x00, 0x00, 0x00, 0x00, 0x00, 0x00, 0x00, 0x00, 0x00, 0x00,
  0x00, 0x00, 0x00, 0x00, 0x00, 0x00, 0x00, 0x00, 0x00, 0x00, 0x00, 0x00,
  0x00, 0x00, 0x00, 0x00, 0x00, 0x00, 0x00, 0x00, 0x00, 0x00, 0x00, 0x00,
  0x00, 0x00, 0x00, 0x00, 0x00, 0x00, 0x00, 0x00, 0x00, 0x00, 0x00, 0x00,
  0x00, 0x00, 0x00, 0x00, 0x00, 0x00, 0x00, 0x00, 0x00, 0x00, 0x00, 0x00,
  0x00, 0x00, 0x00, 0x00, 0x00, 0x00, 0x00, 0x00, 0x00, 0x00, 0x00, 0x00,
  0x00, 0x00, 0x00, 0x00, 0x00, 0x00, 0x00, 0x00, 0x00, 0x00, 0x00, 0x00,
  0x00, 0x00, 0x00, 0x00, 0x00, 0x00, 0x00, 0x00, 0x00, 0x00, 0x00, 0x00,
  0x00, 0x00, 0x00, 0x00, 0x00, 0x00, 0x00, 0x00, 0x00, 0x00, 0x00, 0x00,
  0x00, 0x00, 0x00, 0x00, 0x00, 0x00, 0x00, 0x00, 0x00, 0x00, 0x00, 0x00,
  0x00, 0x00, 0x00, 0x00, 0x00, 0x00, 0x00, 0x00, 0x00, 0x00, 0x00, 0x00,
  0x00, 0x00, 0x00, 0x00, 0x00, 0x00, 0x00, 0x00, 0x00, 0x00, 0x00, 0x00,
  0x00, 0x00, 0x00, 0x00, 0x00, 0x00, 0x00, 0x00, 0x00, 0x00, 0x00, 0x00,
  0x00, 0x00, 0x00, 0x00, 0x00, 0x00, 0x00, 0x00, 0x00, 0x00, 0x00, 0x00,
  0x00, 0x00, 0x00, 0x00, 0x00, 0x00, 0x00, 0x00, 0x00, 0x00, 0x00, 0x00,
  0x00, 0x00, 0x00, 0x00, 0x00, 0x00, 0x00, 0x00, 0x00, 0x00, 0x00, 0x00,
  0x00, 0x00, 0x00, 0x00, 0x00, 0x00, 0x00, 0x00, 0x00, 0x00, 0x00, 0x00,
  0x00, 0x00, 0x00, 0x00, 0x00, 0x00, 0x00, 0x00, 0x00, 0x00, 0x00, 0x00,
  0x00, 0x00, 0x00, 0x00, 0x00, 0x00, 0x00, 0x00, 0x00, 0x00, 0x00, 0x00,
  0x00, 0x00, 0x00, 0x00, 0x00, 0x00, 0x00, 0x00, 0x00, 0x00, 0x00, 0x00,
  0x00, 0x00, 0x00, 0x00, 0x00, 0x00, 0x00, 0x00, 0x00, 0x00, 0x00, 0x00,
  0x00, 0x00, 0x00, 0x00, 0x00, 0x00, 0x00, 0x00, 0x00, 0x00, 0x00, 0x00,
  0x00, 0x00, 0x00, 0x00, 0x00, 0x00, 0x00, 0x00, 0x00, 0x00, 0x00, 0x00,
  0x00, 0x00, 0x00, 0x00, 0x00, 0x00, 0x00, 0x00, 0x00, 0x00, 0x00, 0x00,
  0x00, 0x00, 0x00, 0x00, 0x00, 0x00, 0x00, 0x00, 0x00, 0x00, 0x00, 0x00,
  0x00, 0x00, 0x00, 0x00, 0x00, 0x00, 0x00, 0x00, 0x00, 0x00, 0x00, 0x00,
  0x00, 0x00, 0x00, 0x00, 0x00, 0x00, 0x00, 0x00, 0x00, 0x00, 0x00, 0x00,
  0x00, 0x00, 0x00, 0x00, 0x00, 0x00, 0x00, 0x00, 0x00, 0x00, 0x00, 0x00,
  0x00, 0x00, 0x00, 0x00, 0x00, 0x00, 0x00, 0x00, 0x00, 0x00, 0x00, 0x00,
  0x00, 0x00, 0x00, 0x00, 0x00, 0x00, 0x00, 0x00, 0x00, 0x00, 0x00, 0x00,
  0x00, 0x00, 0x00, 0x00, 0x00, 0x00, 0x00, 0x00, 0x00, 0x00, 0x00, 0x00,
  0x00, 0x00, 0x00, 0x00, 0x00, 0x00, 0x00, 0x00, 0x00, 0x00, 0x00, 0x00,
  0x00, 0x00, 0x00, 0x00, 0x00, 0x00, 0x00, 0x00, 0x00, 0x00, 0x00, 0x00,
  0x00, 0x00, 0x00, 0x00, 0x00, 0x00, 0x00, 0x00, 0x00, 0x00, 0x00, 0x00,
  0x00, 0x00, 0x00, 0x00, 0x00, 0x00, 0x00, 0x00, 0x00, 0x00, 0x00, 0x00,
  0x00, 0x00, 0x00, 0x00, 0x00, 0x00, 0x00, 0x00, 0x00, 0x00, 0x00, 0x00,
  0x00, 0x00, 0x00, 0x00, 0x00, 0x00, 0x00, 0x00, 0x00, 0x00, 0x00, 0x00,
  0x00, 0x00, 0x00, 0x00, 0x00, 0x00, 0x00, 0x00, 0x00, 0x00, 0x00, 0x00,
  0x00, 0x00, 0x00, 0x00, 0x00, 0x00, 0x00, 0x00, 0x00, 0x00, 0x00, 0x00,
  0x00, 0x00, 0x00, 0x00, 0x00, 0x00, 0x00, 0x00, 0x00, 0x00, 0x00, 0x00,
  0x00, 0x00, 0x00, 0x00, 0x00, 0x00, 0x00, 0x00, 0x00, 0x00, 0x00, 0x00,
  0x00, 0x00, 0x00, 0x00, 0x00, 0x00, 0x00, 0x00, 0x00, 0x00, 0x00, 0x00,
  0x00, 0x00, 0x00, 0x00, 0x00, 0x00, 0x00, 0x00, 0x00, 0x00, 0x00, 0x00,
  0x00, 0x00, 0x00, 0x00, 0x00, 0x00, 0x00, 0x00, 0x00, 0x00, 0x00, 0x00,
  0x00, 0x00, 0x00, 0x00, 0x00, 0x00, 0x00, 0x00, 0x00, 0x00, 0x00, 0x00,
  0x00, 0x00, 0x00, 0x00, 0x00, 0x00, 0x00, 0x00, 0x00, 0x00, 0x00, 0x00,
  0x00, 0x00, 0x00, 0x00, 0x00, 0x00, 0x00, 0x00, 0x00, 0x00, 0x00, 0x00,
  0x00, 0x00, 0x00, 0x00, 0x00, 0x00, 0x00, 0x00, 0x00, 0x00, 0x00, 0x00,
  0x00, 0x00, 0x00, 0x00, 0x00, 0x00, 0x00, 0x00, 0x00, 0x00, 0x00, 0x00,
  0x00, 0x00, 0x00, 0x00, 0x00, 0x00, 0x00, 0x00, 0x00, 0x00, 0x00, 0x00,
  0x00, 0x00, 0x00, 0x00, 0x00, 0x00, 0x00, 0x00, 0x00, 0x00, 0x00, 0x00,
  0x00, 0x00, 0x00, 0x00, 0x00, 0x00, 0x00, 0x00, 0x00, 0x00, 0x00, 0x00,
  0x00, 0x00, 0x00, 0x00, 0x00, 0x00, 0x00, 0x00, 0x00, 0x00, 0x00, 0x00,
  0x00, 0x00, 0x00, 0x00, 0x00, 0x00, 0x00, 0x00, 0x00, 0x00, 0x00, 0x00,
  0x00, 0x00, 0x00, 0x00, 0x00, 0x00, 0x00, 0x00, 0x00, 0x00, 0x00, 0x00,
  0x00, 0x00, 0x00, 0x00, 0x00, 0x00, 0x00, 0x00, 0x00, 0x00, 0x00, 0x00,
  0x00, 0x00, 0x00, 0x00, 0x00, 0x00, 0x00, 0x00, 0x00, 0x00, 0x00, 0x00,
  0x00, 0x00, 0x00, 0x00, 0x00, 0x00, 0x00, 0x00, 0x00, 0x00, 0x00, 0x00,
  0x00, 0x00, 0x00, 0x00, 0x00, 0x00, 0x00, 0x00, 0x00, 0x00, 0x00, 0x00,
  0x00, 0x00, 0x00, 0x00, 0x00, 0x00, 0x00, 0x00, 0x00, 0x00, 0x00, 0x00,
  0x00, 0x00, 0x00, 0x00, 0x00, 0x00, 0x00, 0x00, 0x00, 0x00, 0x00, 0x00,
  0x00, 0x00, 0x00, 0x00, 0x00, 0x00, 0x00, 0x00, 0x00, 0x00, 0x00, 0x00,
  0x00, 0x00, 0x00, 0x00, 0x00, 0x00, 0x00, 0x00, 0x00, 0x00, 0x00, 0x00,
  0x00, 0x00, 0x00, 0x00, 0x00, 0x00, 0x00, 0x00, 0x00, 0x00, 0x00, 0x00,
  0x00, 0x00, 0x00, 0x00, 0x00, 0x00, 0x00, 0x00, 0x00, 0x00, 0x00, 0x00,
  0x00, 0x00, 0x00, 0x00, 0x00, 0x00, 0x00, 0x00, 0x00, 0x00, 0x00, 0x00,
  0x00, 0x00, 0x00, 0x00, 0x00, 0x00, 0x00, 0x00, 0x00, 0x00, 0x00, 0x00,
  0x00, 0x00, 0x00, 0x00, 0x00, 0x00, 0x00, 0x00, 0x00, 0x00, 0x00, 0x00,
  0x00, 0x00, 0x00, 0x00, 0x00, 0x00, 0x00, 0x00, 0x00, 0x00, 0x00, 0x00,
  0x00, 0x00, 0x00, 0x00, 0x00, 0x00, 0x00, 0x00, 0x00, 0x00, 0x00, 0x00,
  0x00, 0x00, 0x00, 0x00, 0x00, 0x00, 0x00, 0x00, 0x00, 0x00, 0x00, 0x00,
  0x00, 0x00, 0x00, 0x00, 0x00, 0x00, 0x00, 0x00, 0x00, 0x00, 0x00, 0x00,
  0x00, 0x00, 0x00, 0x00, 0x00, 0x00, 0x00, 0x00, 0x00, 0x00, 0x00, 0x00,
  0x00, 0x00, 0x00, 0x00, 0x00, 0x00, 0x00, 0x00, 0x00, 0x00, 0x00, 0x00,
  0x00, 0x00, 0x00, 0x00, 0x00, 0x00, 0x00, 0x00, 0x00, 0x00, 0x00, 0x00,
  0x00, 0x00, 0x00, 0x00, 0x00, 0x00, 0x00, 0x00, 0x00, 0x00, 0x00, 0x00,
  0x00, 0x00, 0x00, 0x00, 0x00, 0x00, 0x00, 0x00, 0x00, 0x00, 0x00, 0x00,
  0x00, 0x00, 0x00, 0x00, 0x00, 0x00, 0x00, 0x00, 0x00, 0x00, 0x00, 0x00,
  0x00, 0x00, 0x00, 0x00, 0x00, 0x00, 0x00, 0x00, 0x00, 0x00, 0x00, 0x00,
  0x00, 0x00, 0x00, 0x00, 0x00, 0x00, 0x00, 0x00, 0x00, 0x00, 0x00, 0x00,
  0x00, 0x00, 0x00, 0x00, 0x00, 0x00, 0x00, 0x00, 0x00, 0x00, 0x00, 0x00,
  0x00, 0x00, 0x00, 0x00, 0x00, 0x00, 0x00, 0x00, 0x00, 0x00, 0x00, 0x00,
  0x00, 0x00, 0x00, 0x00, 0x00, 0x00, 0x00, 0x00, 0x00, 0x00, 0x00, 0x00,
  0x00, 0x00, 0x00, 0x00, 0x00, 0x00, 0x00, 0x00, 0x00, 0x00, 0x00, 0x00,
  0x00, 0x00, 0x00, 0x00, 0x00, 0x00, 0x00, 0x00, 0x00, 0x00, 0x00, 0x00,
  0x00, 0x00, 0x00, 0x00, 0x00, 0x00, 0x00, 0x00, 0x00, 0x00, 0x00, 0x00,
  0x00, 0x00, 0x00, 0x00, 0x00, 0x00, 0x00, 0x00, 0x00, 0x00, 0x00, 0x00,
  0x00, 0x00, 0x00, 0x00, 0x00, 0x00, 0x00, 0x00, 0x00, 0x00, 0x00, 0x00,
  0x00, 0x00, 0x00, 0x00, 0x00, 0x00, 0x00, 0x00, 0x00, 0x00, 0x00, 0x00,
  0x00, 0x00, 0x00, 0x00, 0x00, 0x00, 0x00, 0x00, 0x00, 0x00, 0x00, 0x00,
  0x00, 0x00, 0x00, 0x00, 0x00, 0x00, 0x00, 0x00, 0x00, 0x00, 0x00, 0x00,
  0x00, 0x00, 0x00, 0x00, 0x00, 0x00, 0x00, 0x00, 0x00, 0x00, 0x00, 0x00,
  0x00, 0x00, 0x00, 0x00, 0x00, 0x00, 0x00, 0x00, 0x00, 0x00, 0x00, 0x00,
  0x00, 0x00, 0x00, 0x00, 0x00, 0x00, 0x00, 0x00, 0x00, 0x00, 0x00, 0x00,
  0x00, 0x00, 0x00, 0x00, 0x00, 0x00, 0x00, 0x00, 0x00, 0x00, 0x00, 0x00,
  0x00, 0x00, 0x00, 0x00, 0x00, 0x00, 0x00, 0x00, 0x00, 0x00, 0x00, 0x00,
  0x00, 0x00, 0x00, 0x00, 0x00, 0x00, 0x00, 0x00, 0x00, 0x00, 0x00, 0x00,
  0x00, 0x00, 0x00, 0x00, 0x00, 0x00, 0x00, 0x00, 0x00, 0x00, 0x00, 0x00,
  0x00, 0x00, 0x00, 0x00, 0x00, 0x00, 0x00, 0x00, 0x00, 0x00, 0x00, 0x00,
  0x00, 0x00, 0x00, 0x00, 0x00, 0x00, 0x00, 0x00, 0x00, 0x00, 0x00, 0x00,
  0x00, 0x00, 0x00, 0x00, 0x00, 0x00, 0x00, 0x00, 0x00, 0x00, 0x00, 0x00,
  0x00, 0x00, 0x00, 0x00, 0x00, 0x00, 0x00, 0x00, 0x00, 0x00, 0x00, 0x00,
  0x00, 0x00, 0x00, 0x00, 0x00, 0x00, 0x00, 0x00, 0x00, 0x00, 0x00, 0x00,
  0x00, 0x00, 0x00, 0x00, 0x00, 0x00, 0x00, 0x00, 0x00, 0x00, 0x00, 0x00,
  0x00, 0x00, 0x00, 0x00, 0x00, 0x00, 0x00, 0x00, 0x00, 0x00, 0x00, 0x00,
  0x00, 0x00, 0x00, 0x00, 0x00, 0x00, 0x00, 0x00, 0x00, 0x00, 0x00, 0x00,
  0x00, 0x00, 0x00, 0x00, 0x00, 0x00, 0x00, 0x00, 0x00, 0x00, 0x00, 0x00,
  0x00, 0x00, 0x00, 0x00, 0x00, 0x00, 0x00, 0x00, 0x00, 0x00, 0x00, 0x00,
  0x00, 0x00, 0x00, 0x00, 0x00, 0x00, 0x00, 0x00, 0x00, 0x00, 0x00, 0x00,
  0x00, 0x00, 0x00, 0x00, 0x00, 0x00, 0x00, 0x00, 0x00, 0x00, 0x00, 0x00,
  0x00, 0x00, 0x00, 0x00, 0x00, 0x00, 0x00, 0x00, 0x00, 0x00, 0x00, 0x00,
  0x00, 0x00, 0x00, 0x00, 0x00, 0x00, 0x00, 0x00, 0x00, 0x00, 0x00, 0x00,
  0x00, 0x00, 0x00, 0x00, 0x00, 0x00, 0x00, 0x00, 0x00, 0x00, 0x00, 0x00,
  0x00, 0x00, 0x00, 0x00, 0x00, 0x00, 0x00, 0x00, 0x00, 0x00, 0x00, 0x00,
  0x00, 0x00, 0x00, 0x00, 0x00, 0x00, 0x00, 0x00, 0x00, 0x00, 0x00, 0x00,
  0x00, 0x00, 0x00, 0x00, 0x00, 0x00, 0x00, 0x00, 0x00, 0x00, 0x00, 0x00,
  0x00, 0x00, 0x00, 0x00, 0x00, 0x00, 0x00, 0x00, 0x00, 0x00, 0x00, 0x00,
  0x00, 0x00, 0x00, 0x00, 0x00, 0x00, 0x00, 0x00, 0x00, 0x00, 0x00, 0x00,
  0x00, 0x00, 0x00, 0x00, 0x00, 0x00, 0x00, 0x00, 0x00, 0x00, 0x00, 0x00,
  0x00, 0x00, 0x00, 0x00, 0x00, 0x00, 0x00, 0x00, 0x00, 0x00, 0x00, 0x00,
  0x00, 0x00, 0x00, 0x00, 0x00, 0x00, 0x00, 0x00, 0x00, 0x00, 0x00, 0x00,
  0x00, 0x00, 0x00, 0x00, 0x00, 0x00, 0x00, 0x00, 0x00, 0x00, 0x00, 0x00,
  0x00, 0x00, 0x00, 0x00, 0x00, 0x00, 0x00, 0x00, 0x00, 0x00, 0x00, 0x00,
  0x00, 0x00, 0x00, 0x00, 0x00, 0x00, 0x00, 0x00, 0x00, 0x00, 0x00, 0x00,
  0x00, 0x00, 0x00, 0x00, 0x00, 0x00, 0x00, 0x00, 0x00, 0x00, 0x00, 0x00,
  0x00, 0x00, 0x00, 0x00, 0x00, 0x00, 0x00, 0x00, 0x00, 0x00, 0x00, 0x00,
  0x00, 0x00, 0x00, 0x00, 0x00, 0x00, 0x00, 0x00, 0x00, 0x00, 0x00, 0x00,
  0x00, 0x00, 0x00, 0x00, 0x00, 0x00, 0x00, 0x00, 0x00, 0x00, 0x00, 0x00,
  0x00, 0x00, 0x00, 0x00, 0x00, 0x00, 0x00, 0x00, 0x00, 0x00, 0x00, 0x00,
  0x00, 0x00, 0x00, 0x00, 0x00, 0x00, 0x00, 0x00, 0x00, 0x00, 0x00, 0x00,
  0x00, 0x00, 0x00, 0x00, 0x00, 0x00, 0x00, 0x00, 0x00, 0x00, 0x00, 0x00,
  0x00, 0x00, 0x00, 0x00, 0x00, 0x00, 0x00, 0x00, 0x00, 0x00, 0x00, 0x00,
  0x00, 0x00, 0x00, 0x00, 0x00, 0x00, 0x00, 0x00, 0x00, 0x00, 0x00, 0x00,
  0x00, 0x00, 0x00, 0x00, 0x00, 0x00, 0x00, 0x00, 0x00, 0x00, 0x00, 0x00,
  0x00, 0x00, 0x00, 0x00, 0x00, 0x00, 0x00, 0x00, 0x00, 0x00, 0x00, 0x00,
  0x00, 0x00, 0x00, 0x00, 0x00, 0x00, 0x00, 0x00, 0x00, 0x00, 0x00, 0x00,
  0x00, 0x00, 0x00, 0x00, 0x00, 0x00, 0x00, 0x00, 0x00, 0x00, 0x00, 0x00,
  0x00, 0x00, 0x00, 0x00, 0x00, 0x00, 0x00, 0x00, 0x00, 0x00, 0x00, 0x00,
  0x00, 0x00, 0x00, 0x00, 0x00, 0x00, 0x00, 0x00, 0x00, 0x00, 0x00, 0x00,
  0x00, 0x00, 0x00, 0x00, 0x00, 0x00, 0x00, 0x00, 0x00, 0x00, 0x00, 0x00,
  0x00, 0x00, 0x00, 0x00, 0x00, 0x00, 0x00, 0x00, 0x00, 0x00, 0x00, 0x00,
  0x00, 0x00, 0x00, 0x00, 0x00, 0x00, 0x00, 0x00, 0x00, 0x00, 0x00, 0x00,
  0x00, 0x00, 0x00, 0x00, 0x00, 0x00, 0x00, 0x00, 0x00, 0x00, 0x00, 0x00,
  0x00, 0x00, 0x00, 0x00, 0x00, 0x00, 0x00, 0x00, 0x00, 0x00, 0x00, 0x00,
  0x00, 0x00, 0x00, 0x00, 0x00, 0x00, 0x00, 0x00, 0x00, 0x00, 0x00, 0x00,
  0x00, 0x00, 0x00, 0x00, 0x00, 0x00, 0x00, 0x00, 0x00, 0x00, 0x00, 0x00,
  0x00, 0x00, 0x00, 0x00, 0x00, 0x00, 0x00, 0x00, 0x00, 0x00, 0x00, 0x00,
  0x00, 0x00, 0x00, 0x00, 0x00, 0x00, 0x00, 0x00, 0x00, 0x00, 0x00, 0x00,
  0x00, 0x00, 0x00, 0x00, 0x00, 0x00, 0x00, 0x00, 0x00, 0x00, 0x00, 0x00,
  0x00, 0x00, 0x00, 0x00, 0x00, 0x00, 0x00, 0x00, 0x00, 0x00, 0x00, 0x00,
  0x00, 0x00, 0x00, 0x00, 0x00, 0x00, 0x00, 0x00, 0x00, 0x00, 0x00, 0x00,
  0x00, 0x00, 0x00, 0x00, 0x00, 0x00, 0x00, 0x00, 0x00, 0x00, 0x00, 0x00,
  0x00, 0x00, 0x00, 0x00, 0x00, 0x00, 0x00, 0x00, 0x00, 0x00, 0x00, 0x00,
  0x00, 0x00, 0x00, 0x00, 0x00, 0x00, 0x00, 0x00, 0x00, 0x00, 0x00, 0x00,
  0x00, 0x00, 0x00, 0x00, 0x00, 0x00, 0x00, 0x00, 0x00, 0x00, 0x00, 0x00,
  0x00, 0x00, 0x00, 0x00, 0x00, 0x00, 0x00, 0x00, 0x00, 0x00, 0x00, 0x00,
  0x00, 0x00, 0x00, 0x00, 0x00, 0x00, 0x00, 0x00, 0x00, 0x00, 0x00, 0x00,
  0x00, 0x00, 0x00, 0x00, 0x00, 0x00, 0x00, 0x00, 0x00, 0x00, 0x00, 0x00,
  0x00, 0x00, 0x00, 0x00, 0x00, 0x00, 0x00, 0x00, 0x00, 0x00, 0x00, 0x00,
  0x00, 0x00, 0x00, 0x00, 0x00, 0x00, 0x00, 0x00, 0x00, 0x00, 0x00, 0x00,
  0x00, 0x00, 0x00, 0x00, 0x00, 0x00, 0x00, 0x00, 0x00, 0x00, 0x00, 0x00,
  0x00, 0x00, 0x00, 0x00, 0x00, 0x00, 0x00, 0x00, 0x00, 0x00, 0x00, 0x00,
  0x00, 0x00, 0x00, 0x00, 0x00, 0x00, 0x00, 0x00, 0x00, 0x00, 0x00, 0x00,
  0x00, 0x00, 0x00, 0x00, 0x00, 0x00, 0x00, 0x00, 0x00, 0x00, 0x00, 0x00,
  0x00, 0x00, 0x00, 0x00, 0x00, 0x00, 0x00, 0x00, 0x00, 0x00, 0x00, 0x00,
  0x00, 0x00, 0x00, 0x00, 0x00, 0x00, 0x00, 0x00, 0x00, 0x00, 0x00, 0x00,
  0x00, 0x00, 0x00, 0x00, 0x00, 0x00, 0x00, 0x00, 0x00, 0x00, 0x00, 0x00,
  0x00, 0x00, 0x00, 0x00, 0x00, 0x00, 0x00, 0x00, 0x00, 0x00, 0x00, 0x00,
  0x00, 0x00, 0x00, 0x00, 0x00, 0x00, 0x00, 0x00, 0x00, 0x00, 0x00, 0x00,
  0x00, 0x00, 0x00, 0x00, 0x00, 0x00, 0x00, 0x00, 0x00, 0x00, 0x00, 0x00,
  0x00, 0x00, 0x00, 0x00, 0x00, 0x00, 0x00, 0x00, 0x00, 0x00, 0x00, 0x00,
  0x00, 0x00, 0x00, 0x00, 0x00, 0x00, 0x00, 0x00, 0x00, 0x00, 0x00, 0x00,
  0x00, 0x00, 0x00, 0x00, 0x00, 0x00, 0x00, 0x00, 0x00, 0x00, 0x00, 0x00,
  0x00, 0x00, 0x00, 0x00, 0x00, 0x00, 0x00, 0x00, 0x00, 0x00, 0x00, 0x00,
  0x00, 0x00, 0x00, 0x00, 0x00, 0x00, 0x00, 0x00, 0x00, 0x00, 0x00, 0x00,
  0x00, 0x00, 0x00, 0x00, 0x00, 0x00, 0x00, 0x00, 0x00, 0x00, 0x00, 0x00,
  0x00, 0x00, 0x00, 0x00, 0x00, 0x00, 0x00, 0x00, 0x00, 0x00, 0x00, 0x00,
  0x00, 0x00, 0x00, 0x00, 0x00, 0x00, 0x00, 0x00, 0x00, 0x00, 0x00, 0x00,
  0x00, 0x00, 0x00, 0x00, 0x00, 0x00, 0x00, 0x00, 0x00, 0x00, 0x00, 0x00,
  0x00, 0x00, 0x00, 0x00, 0x00, 0x00, 0x00, 0x00, 0x00, 0x00, 0x00, 0x00,
  0x00, 0x00, 0x00, 0x00, 0x00, 0x00, 0x00, 0x00, 0x00, 0x00, 0x00, 0x00,
  0x00, 0x00, 0x00, 0x00, 0x00, 0x00, 0x00, 0x00, 0x00, 0x00, 0x00, 0x00,
  0x00, 0x00, 0x00, 0x00, 0x00, 0x00, 0x00, 0x00, 0x00, 0x00, 0x00, 0x00,
  0x00, 0x00, 0x00, 0x00, 0x00, 0x00, 0x00, 0x00, 0x00, 0x00, 0x00, 0x00,
  0x00, 0x00, 0x00, 0x00, 0x00, 0x00, 0x00, 0x00, 0x00, 0x00, 0x00, 0x00,
  0x00, 0x00, 0x00, 0x00, 0x00, 0x00, 0x00, 0x00, 0x00, 0x00, 0x00, 0x00,
  0x00, 0x00, 0x00, 0x00, 0x00, 0x00, 0x00, 0x00, 0x00, 0x00, 0x00, 0x00,
  0x00, 0x00, 0x00, 0x00, 0x00, 0x00, 0x00, 0x00, 0x00, 0x00, 0x00, 0x00,
  0x00, 0x00, 0x00, 0x00, 0x00, 0x00, 0x00, 0x00, 0x00, 0x00, 0x00, 0x00,
  0x00, 0x00, 0x00, 0x00, 0x00, 0x00, 0x00, 0x00, 0x00, 0x00, 0x00, 0x00,
  0x00, 0x00, 0x00, 0x00, 0x00, 0x00, 0x00, 0x00, 0x00, 0x00, 0x00, 0x00,
  0x00, 0x00, 0x00, 0x00, 0x00, 0x00, 0x00, 0x00, 0x00, 0x00, 0x00, 0x00,
  0x00, 0x00, 0x00, 0x00, 0x00, 0x00, 0x00, 0x00, 0x00, 0x00, 0x00, 0x00,
  0x00, 0x00, 0x00, 0x00, 0x00, 0x00, 0x00, 0x00, 0x00, 0x00, 0x00, 0x00,
  0x00, 0x00, 0x00, 0x00, 0x00, 0x00, 0x00, 0x00, 0x00, 0x00, 0x00, 0x00,
  0x00, 0x00, 0x00, 0x00, 0x00, 0x00, 0x00, 0x00, 0x00, 0x00, 0x00, 0x00,
  0x00, 0x00, 0x00, 0x00, 0x00, 0x00, 0x00, 0x00, 0x00, 0x00, 0x00, 0x00,
  0x00, 0x00, 0x00, 0x00, 0x00, 0x00, 0x00, 0x00, 0x00, 0x00, 0x00, 0x00,
  0x00, 0x00, 0x00, 0x00, 0x00, 0x00, 0x00, 0x00, 0x00, 0x00, 0x00, 0x00,
  0x00, 0x00, 0x00, 0x00, 0x00, 0x00, 0x00, 0x00, 0x00, 0x00, 0x00, 0x00,
  0x00, 0x00, 0x00, 0x00, 0x00, 0x00, 0x00, 0x00, 0x00, 0x00, 0x00, 0x00,
  0x00, 0x00, 0x00, 0x00, 0x00, 0x00, 0x00, 0x00, 0x00, 0x00, 0x00, 0x00,
  0x00, 0x00, 0x00, 0x00, 0x00, 0x00, 0x00, 0x00, 0x00, 0x00, 0x00, 0x00,
  0x00, 0x00, 0x00, 0x00, 0x00, 0x00, 0x00, 0x00, 0x00, 0x00, 0x00, 0x00,
  0x00, 0x00, 0x00, 0x00, 0x00, 0x00, 0x00, 0x00, 0x00, 0x00, 0x00, 0x00,
  0x00, 0x00, 0x00, 0x00, 0x00, 0x00, 0x00, 0x00, 0x00, 0x00, 0x00, 0x00,
  0x00, 0x00, 0x00, 0x00, 0x00, 0x00, 0x00, 0x00, 0x00, 0x00, 0x00, 0x00,
  0x00, 0x00, 0x00, 0x00, 0x00, 0x00, 0x00, 0x00, 0x00, 0x00, 0x00, 0x00,
  0x00, 0x00, 0x00, 0x00, 0x00, 0x00, 0x00, 0x00, 0x00, 0x00, 0x00, 0x00,
  0x00, 0x00, 0x00, 0x00, 0x00, 0x00, 0x00, 0x00, 0x00, 0x00, 0x00, 0x00,
  0x00, 0x00, 0x00, 0x00, 0x00, 0x00, 0x00, 0x00, 0x00, 0x00, 0x00, 0x00,
  0x00, 0x00, 0x00, 0x00, 0x00, 0x00, 0x00, 0x00, 0x00, 0x00, 0x00, 0x00,
  0x00, 0x00, 0x00, 0x00, 0x00, 0x00, 0x00, 0x00, 0x00, 0x00, 0x00, 0x00,
  0x00, 0x00, 0x00, 0x00, 0x00, 0x00, 0x00, 0x00, 0x00, 0x00, 0x00, 0x00,
  0x00, 0x00, 0x00, 0x00, 0x00, 0x00, 0x00, 0x00, 0x00, 0x00, 0x00, 0x00,
  0x00, 0x00, 0x00, 0x00, 0x00, 0x00, 0x00, 0x00, 0x00, 0x00, 0x00, 0x00,
  0x00, 0x00, 0x00, 0x00, 0x00, 0x00, 0x00, 0x00, 0x00, 0x00, 0x00, 0x00,
  0x00, 0x00, 0x00, 0x00, 0x00, 0x00, 0x00, 0x00, 0x00, 0x00, 0x00, 0x00,
  0x00, 0x00, 0x00, 0x00, 0x00, 0x00, 0x00, 0x00, 0x00, 0x00, 0x00, 0x00,
  0x00, 0x00, 0x00, 0x00, 0x00, 0x00, 0x00, 0x00, 0x00, 0x00, 0x00, 0x00,
  0x00, 0x00, 0x00, 0x00, 0x00, 0x00, 0x00, 0x00, 0x00, 0x00, 0x00, 0x00,
  0x00, 0x00, 0x00, 0x00, 0x00, 0x00, 0x00, 0x00, 0x00, 0x00, 0x00, 0x00,
  0x00, 0x00, 0x00, 0x00, 0x00, 0x00, 0x00, 0x00, 0x00, 0x00, 0x00, 0x00,
  0x00, 0x00, 0x00, 0x00, 0x00, 0x00, 0x00, 0x00, 0x00, 0x00, 0x00, 0x00,
  0x00, 0x00, 0x00, 0x00, 0x00, 0x00, 0x00, 0x00, 0x00, 0x00, 0x00, 0x00,
  0x00, 0x00, 0x00, 0x00, 0x00, 0x00, 0x00, 0x00, 0x00, 0x00, 0x00, 0x00,
  0x00, 0x00, 0x00, 0x00, 0x00, 0x00, 0x00, 0x00, 0x00, 0x00, 0x00, 0x00,
  0x00, 0x00, 0x00, 0x00, 0x00, 0x00, 0x00, 0x00, 0x00, 0x00, 0x00, 0x00,
  0x00, 0x00, 0x00, 0x00, 0x00, 0x00, 0x00, 0x00, 0x00, 0x00, 0x00, 0x00,
  0x00, 0x00, 0x00, 0x00, 0x00, 0x00, 0x00, 0x00, 0x00, 0x00, 0x00, 0x00,
  0x00, 0x00, 0x00, 0x00, 0x00, 0x00, 0x00, 0x00, 0x00, 0x00, 0x00, 0x00,
  0x00, 0x00, 0x00, 0x00, 0x00, 0x00, 0x00, 0x00, 0x00, 0x00, 0x00, 0x00,
  0x00, 0x00, 0x00, 0x00, 0x00, 0x00, 0x00, 0x00, 0x00, 0x00, 0x00, 0x00,
  0x00, 0x00, 0x00, 0x00, 0x00, 0x00, 0x00, 0x00, 0x00, 0x00, 0x00, 0x00,
  0x00, 0x00, 0x00, 0x00, 0x00, 0x00, 0x00, 0x00, 0x00, 0x00, 0x00, 0x00,
  0x00, 0x00, 0x00, 0x00, 0x00, 0x00, 0x00, 0x00, 0x00, 0x00, 0x00, 0x00,
  0x00, 0x00, 0x00, 0x00, 0x00, 0x00, 0x00, 0x00, 0x00, 0x00, 0x00, 0x00,
  0x00, 0x00, 0x00, 0x00, 0x00, 0x00, 0x00, 0x00, 0x00, 0x00, 0x00, 0x00,
  0x00, 0x00, 0x00, 0x00, 0x00, 0x00, 0x00, 0x00, 0x00, 0x00, 0x00, 0x00,
  0x00, 0x00, 0x00, 0x00, 0x00, 0x00, 0x00, 0x00, 0x00, 0x00, 0x00, 0x00,
  0x00, 0x00, 0x00, 0x00, 0x00, 0x00, 0x00, 0x00, 0x00, 0x00, 0x00, 0x00,
  0x00, 0x00, 0x00, 0x00, 0x00, 0x00, 0x00, 0x00, 0x00, 0x00, 0x00, 0x00,
  0x00, 0x00, 0x00, 0x00, 0x00, 0x00, 0x00, 0x00, 0x00, 0x00, 0x00, 0x00,
  0x00, 0x00, 0x00, 0x00, 0x00, 0x00, 0x00, 0x00, 0x00, 0x00, 0x00, 0x00,
  0x00, 0x00, 0x00, 0x00, 0x00, 0x00, 0x00, 0x00, 0x00, 0x00, 0x00, 0x00,
  0x00, 0x00, 0x00, 0x00, 0x00, 0x00, 0x00, 0x00, 0x00, 0x00, 0x00, 0x00,
  0x00, 0x00, 0x00, 0x00, 0x00, 0x00, 0x00, 0x00, 0x00, 0x00, 0x00, 0x00,
  0x00, 0x00, 0x00, 0x00, 0x00, 0x00, 0x00, 0x00, 0x00, 0x00, 0x00, 0x00,
  0x00, 0x00, 0x00, 0x00, 0x00, 0x00, 0x00, 0x00, 0x00, 0x00, 0x00, 0x00,
  0x00, 0x00, 0x00, 0x00, 0x00, 0x00, 0x00, 0x00, 0x00, 0x00, 0x00, 0x00,
  0x00, 0x00, 0x00, 0x00, 0x00, 0x00, 0x00, 0x00, 0x00, 0x00, 0x00, 0x00,
  0x00, 0x00, 0x00, 0x00, 0x00, 0x00, 0x00, 0x00, 0x00, 0x00, 0x00, 0x00,
  0x00, 0x00, 0x00, 0x00, 0x00, 0x00, 0x00, 0x00, 0x00, 0x00, 0x00, 0x00,
  0x00, 0x00, 0x00, 0x00, 0x00, 0x00, 0x00, 0x00, 0x00, 0x00, 0x00, 0x00,
  0x00, 0x00, 0x00, 0x00, 0x00, 0x00, 0x00, 0x00, 0x00, 0x00, 0x00, 0x00,
  0x00, 0x00, 0x00, 0x00, 0x00, 0x00, 0x00, 0x00, 0x00, 0x00, 0x00, 0x00,
  0x00, 0x00, 0x00, 0x00, 0x00, 0x00, 0x00, 0x00, 0x00, 0x00, 0x00, 0x00,
  0x00, 0x00, 0x00, 0x00, 0x00, 0x00, 0x00, 0x00, 0x00, 0x00, 0x00, 0x00,
  0x00, 0x00, 0x00, 0x00, 0x00, 0x00, 0x00, 0x00, 0x00, 0x00, 0x00, 0x00,
  0x00, 0x00, 0x00, 0x00, 0x00, 0x00, 0x00, 0x00, 0x00, 0x00, 0x00, 0x00,
  0x00, 0x00, 0x00, 0x00, 0x00, 0x00, 0x00, 0x00, 0x00, 0x00, 0x00, 0x00,
  0x00, 0x00, 0x00, 0x00, 0x00, 0x00, 0x00, 0x00, 0x00, 0x00, 0x00, 0x00,
  0x00, 0x00, 0x00, 0x00, 0x00, 0x00, 0x00, 0x00, 0x00, 0x00, 0x00, 0x00,
  0x00, 0x00, 0x00, 0x00, 0x00, 0x00, 0x00, 0x00, 0x00, 0x00, 0x00, 0x00,
  0x00, 0x00, 0x00, 0x00, 0x00, 0x00, 0x00, 0x00, 0x00, 0x00, 0x00, 0x00,
  0x00, 0x00, 0x00, 0x00, 0x00, 0x00, 0x00, 0x00, 0x00, 0x00, 0x00, 0x00,
  0x00, 0x00, 0x00, 0x00, 0x00, 0x00, 0x00, 0x00, 0x00, 0x00, 0x00, 0x00,
  0x00, 0x00, 0x00, 0x00, 0x00, 0x00, 0x00, 0x00, 0x00, 0x00, 0x00, 0x00,
  0x00, 0x00, 0x00, 0x00, 0x00, 0x00, 0x00, 0x00, 0x00, 0x00, 0x00, 0x00,
  0x00, 0x00, 0x00, 0x00, 0x00, 0x00, 0x00, 0x00, 0x00, 0x00, 0x00, 0x00,
  0x00, 0x00, 0x00, 0x00, 0x00, 0x00, 0x00, 0x00, 0x00, 0x00, 0x00, 0x00,
  0x00, 0x00, 0x00, 0x00, 0x00, 0x00, 0x00, 0x00, 0x00, 0x00, 0x00, 0x00,
  0x00, 0x00, 0x00, 0x00, 0x00, 0x00, 0x00, 0x00, 0x00, 0x00, 0x00, 0x00,
  0x00, 0x00, 0x00, 0x00, 0x00, 0x00, 0x00, 0x00, 0x00, 0x00, 0x00, 0x00,
  0x00, 0x00, 0x00, 0x00, 0x00, 0x00, 0x00, 0x00, 0x00, 0x00, 0x00, 0x00,
  0x00, 0x00, 0x00, 0x00, 0x00, 0x00, 0x00, 0x00, 0x00, 0x00, 0x00, 0x00,
  0x00, 0x00, 0x00, 0x00, 0x00, 0x00, 0x00, 0x00, 0x00, 0x00, 0x00, 0x00,
  0x00, 0x00, 0x00, 0x00, 0x00, 0x00, 0x00, 0x00, 0x00, 0x00, 0x00, 0x00,
  0x00, 0x00, 0x00, 0x00, 0x00, 0x00, 0x00, 0x00, 0x00, 0x00, 0x00, 0x00,
  0x00, 0x00, 0x00, 0x00, 0x00, 0x00, 0x00, 0x00, 0x00, 0x00, 0x00, 0x00,
  0x00, 0x00, 0x00, 0x00, 0x00, 0x00, 0x00, 0x00, 0x00, 0x00, 0x00, 0x00,
  0x00, 0x00, 0x00, 0x00, 0x00, 0x00, 0x00, 0x00, 0x00, 0x00, 0x00, 0x00,
  0x00, 0x00, 0x00, 0x00, 0x00, 0x00, 0x00, 0x00, 0x00, 0x00, 0x00, 0x00,
  0x00, 0x00, 0x00, 0x00, 0x00, 0x00, 0x00, 0x00, 0x00, 0x00, 0x00, 0x00,
  0x00, 0x00, 0x00, 0x00, 0x00, 0x00, 0x00, 0x00, 0x00, 0x00, 0x00, 0x00,
  0x00, 0x00, 0x00, 0x00, 0x00, 0x00, 0x00, 0x00, 0x00, 0x00, 0x00, 0x00,
  0x00, 0x00, 0x00, 0x00, 0x00, 0x00, 0x00, 0x00, 0x00, 0x00, 0x00, 0x00,
  0x00, 0x00, 0x00, 0x00, 0x00, 0x00, 0x00, 0x00, 0x00, 0x00, 0x00, 0x00,
  0x00, 0x00, 0x00, 0x00, 0x00, 0x00, 0x00, 0x00, 0x00, 0x00, 0x00, 0x00,
  0x00, 0x00, 0x00, 0x00, 0x00, 0x00, 0x00, 0x00, 0x00, 0x00, 0x00, 0x00,
  0x00, 0x00, 0x00, 0x00, 0x00, 0x00, 0x00, 0x00, 0x00, 0x00, 0x00, 0x00,
  0x00, 0x00, 0x00, 0x00, 0x00, 0x00, 0x00, 0x00, 0x00, 0x00, 0x00, 0x00,
  0x00, 0x00, 0x00, 0x00, 0x00, 0x00, 0x00, 0x00, 0x00, 0x00, 0x00, 0x00,
  0x00, 0x00, 0x00, 0x00, 0x00, 0x00, 0x00, 0x00, 0x00, 0x00, 0x00, 0x00,
  0x00, 0x00, 0x00, 0x00, 0x00, 0x00, 0x00, 0x00, 0x00, 0x00, 0x00, 0x00,
  0x00, 0x00, 0x00, 0x00, 0x00, 0x00, 0x00, 0x00, 0x00, 0x00, 0x00, 0x00,
  0x00, 0x00, 0x00, 0x00, 0x00, 0x00, 0x00, 0x00, 0x00, 0x00, 0x00, 0x00,
  0x00, 0x00, 0x00, 0x00, 0x00, 0x00, 0x00, 0x00, 0x00, 0x00, 0x00, 0x00,
  0x00, 0x00, 0x00, 0x00, 0x00, 0x00, 0x00, 0x00, 0x00, 0x00, 0x00, 0x00,
  0x00, 0x00, 0x00, 0x00, 0x00, 0x00, 0x00, 0x00, 0x00, 0x00, 0x00, 0x00,
  0x00, 0x00, 0x00, 0x00, 0x00, 0x00, 0x00, 0x00, 0x00, 0x00, 0x00, 0x00,
  0x00, 0x00, 0x00, 0x00, 0x00, 0x00, 0x00, 0x00, 0x00, 0x00, 0x00, 0x00,
  0x00, 0x00, 0x00, 0x00, 0x00, 0x00, 0x00, 0x00, 0x00, 0x00, 0x00, 0x00,
  0x00, 0x00, 0x00, 0x00, 0x00, 0x00, 0x00, 0x00, 0x00, 0x00, 0x00, 0x00,
  0x00, 0x00, 0x00, 0x00, 0x00, 0x00, 0x00, 0x00, 0x00, 0x00, 0x00, 0x00,
  0x00, 0x00, 0x00, 0x00, 0x00, 0x00, 0x00, 0x00, 0x00, 0x00, 0x00, 0x00,
  0x00, 0x00, 0x00, 0x00, 0x00, 0x00, 0x00, 0x00, 0x00, 0x00, 0x00, 0x00,
  0x00, 0x00, 0x00, 0x00, 0x00, 0x00, 0x00, 0x00, 0x00, 0x00, 0x00, 0x00,
  0x00, 0x00, 0x00, 0x00, 0x00, 0x00, 0x00, 0x00, 0x00, 0x00, 0x00, 0x00,
  0x00, 0x00, 0x00, 0x00, 0x00, 0x00, 0x00, 0x00, 0x00, 0x00, 0x00, 0x00,
  0x00, 0x00, 0x00, 0x00, 0x00, 0x00, 0x00, 0x00, 0x00, 0x00, 0x00, 0x00,
  0x00, 0x00, 0x00, 0x00, 0x00, 0x00, 0x00, 0x00, 0x00, 0x00, 0x00, 0x00,
  0x00, 0x00, 0x00, 0x00, 0x00, 0x00, 0x00, 0x00, 0x00, 0x00, 0x00, 0x00,
  0x00, 0x00, 0x00, 0x00, 0x00, 0x00, 0x00, 0x00, 0x00, 0x00, 0x00, 0x00,
  0x00, 0x00, 0x00, 0x00, 0x00, 0x00, 0x00, 0x00, 0x00, 0x00, 0x00, 0x00,
  0x00, 0x00, 0x00, 0x00, 0x00, 0x00, 0x00, 0x00, 0x00, 0x00, 0x00, 0x00,
  0x00, 0x00, 0x00, 0x00, 0x00, 0x00, 0x00, 0x00, 0x00, 0x00, 0x00, 0x00,
  0x00, 0x00, 0x00, 0x00, 0x00, 0x00, 0x00, 0x00, 0x00, 0x00, 0x00, 0x00,
  0x00, 0x00, 0x00, 0x00, 0x00, 0x00, 0x00, 0x00, 0x00, 0x00, 0x00, 0x00,
  0x00, 0x00, 0x00, 0x00, 0x00, 0x00, 0x00, 0x00, 0x00, 0x00, 0x00, 0x00,
  0x00, 0x00, 0x00, 0x00, 0x00, 0x00, 0x00, 0x00, 0x00, 0x00, 0x00, 0x00,
  0x00, 0x00, 0x00, 0x00, 0x00, 0x00, 0x00, 0x00, 0x00, 0x00, 0x00, 0x00,
  0x00, 0x00, 0x00, 0x00, 0x00, 0x00, 0x00, 0x00, 0x00, 0x00, 0x00, 0x00,
  0x00, 0x00, 0x00, 0x00, 0x00, 0x00, 0x00, 0x00, 0x00, 0x00, 0x00, 0x00,
  0x00, 0x00, 0x00, 0x00, 0x00, 0x00, 0x00, 0x00, 0x00, 0x00, 0x00, 0x00,
  0x00, 0x00, 0x00, 0x00, 0x00, 0x00, 0x00, 0x00, 0x00, 0x00, 0x00, 0x00,
  0x00, 0x00, 0x00, 0x00, 0x00, 0x00, 0x00, 0x00, 0x00, 0x00, 0x00, 0x00,
  0x00, 0x00, 0x00, 0x00, 0x00, 0x00, 0x00, 0x00, 0x00, 0x00, 0x00, 0x00,
  0x00, 0x00, 0x00, 0x00, 0x00, 0x00, 0x00, 0x00, 0x00, 0x00, 0x00, 0x00,
  0x00, 0x00, 0x00, 0x00, 0x00, 0x00, 0x00, 0x00, 0x00, 0x00, 0x00, 0x00,
  0x00, 0x00, 0x00, 0x00, 0x00, 0x00, 0x00, 0x00, 0x00, 0x00, 0x00, 0x00,
  0x00, 0x00, 0x00, 0x00, 0x00, 0x00, 0x00, 0x00, 0x00, 0x00, 0x00, 0x00,
  0x00, 0x00, 0x00, 0x00, 0x00, 0x00, 0x00, 0x00, 0x00, 0x00, 0x00, 0x00,
  0x00, 0x00, 0x00, 0x00, 0x00, 0x00, 0x00, 0x00, 0x00, 0x00, 0x00, 0x00,
  0x00, 0x00, 0x00, 0x00, 0x00, 0x00, 0x00, 0x00, 0x00, 0x00, 0x00, 0x00,
  0x00, 0x00, 0x00, 0x00, 0x00, 0x00, 0x00, 0x00, 0x00, 0x00, 0x00, 0x00,
  0x00, 0x00, 0x00, 0x00, 0x00, 0x00, 0x00, 0x00, 0x00, 0x00, 0x00, 0x00,
  0x00, 0x00, 0x00, 0x00, 0x00, 0x00, 0x00, 0x00, 0x00, 0x00, 0x00, 0x00,
  0x00, 0x00, 0x00, 0x00, 0x00, 0x00, 0x00, 0x00, 0x00, 0x00, 0x00, 0x00,
  0x00, 0x00, 0x00, 0x00, 0x00, 0x00, 0x00, 0x00, 0x00, 0x00, 0x00, 0x00,
  0x00, 0x00, 0x00, 0x00, 0x00, 0x00, 0x00, 0x00, 0x00, 0x00, 0x00, 0x00,
  0x00, 0x00, 0x00, 0x00, 0x00, 0x00, 0x00, 0x00, 0x00, 0x00, 0x00, 0x00,
  0x00, 0x00, 0x00, 0x00, 0x00, 0x00, 0x00, 0x00, 0x00, 0x00, 0x00, 0x00,
  0x00, 0x00, 0x00, 0x00, 0x00, 0x00, 0x00, 0x00, 0x00, 0x00, 0x00, 0x00,
  0x00, 0x00, 0x00, 0x00, 0x00, 0x00, 0x00, 0x00, 0x00, 0x00, 0x00, 0x00,
  0x00, 0x00, 0x00, 0x00, 0x00, 0x00, 0x00, 0x00, 0x00, 0x00, 0x00, 0x00,
  0x00, 0x00, 0x00, 0x00, 0x00, 0x00, 0x00, 0x00, 0x00, 0x00, 0x00, 0x00,
  0x00, 0x00, 0x00, 0x00, 0x00, 0x00, 0x00, 0x00, 0x00, 0x00, 0x00, 0x00,
  0x00, 0x00, 0x00, 0x00, 0x00, 0x00, 0x00, 0x00, 0x00, 0x00, 0x00, 0x00,
  0x00, 0x00, 0x00, 0x00, 0x00, 0x00, 0x00, 0x00, 0x00, 0x00, 0x00, 0x00,
  0x00, 0x00, 0x00, 0x00, 0x00, 0x00, 0x00, 0x00, 0x00, 0x00, 0x00, 0x00,
  0x00, 0x00, 0x00, 0x00, 0x00, 0x00, 0x00, 0x00, 0x00, 0x00, 0x00, 0x00,
  0x00, 0x00, 0x00, 0x00, 0x00, 0x00, 0x00, 0x00, 0x00, 0x00, 0x00, 0x00,
  0x00, 0x00, 0x00, 0x00, 0x00, 0x00, 0x00, 0x00, 0x00, 0x00, 0x00, 0x00,
  0x00, 0x00, 0x00, 0x00, 0x00, 0x00, 0x00, 0x00, 0x00, 0x00, 0x00, 0x00,
  0x00, 0x00, 0x00, 0x00, 0x00, 0x00, 0x00, 0x00, 0x00, 0x00, 0x00, 0x00,
  0x00, 0x00, 0x00, 0x00, 0x00, 0x00, 0x00, 0x00, 0x00, 0x00, 0x00, 0x00,
  0x00, 0x00, 0x00, 0x00, 0x00, 0x00, 0x00, 0x00, 0x00, 0x00, 0x00, 0x00,
  0x00, 0x00, 0x00, 0x00, 0x00, 0x00, 0x00, 0x00, 0x00, 0x00, 0x00, 0x00,
  0x00, 0x00, 0x00, 0x00, 0x00, 0x00, 0x00, 0x00, 0x00, 0x00, 0x00, 0x00,
  0x00, 0x00, 0x00, 0x00, 0x00, 0x00, 0x00, 0x00, 0x00, 0x00, 0x00, 0x00,
  0x00, 0x00, 0x00, 0x00, 0x00, 0x00, 0x00, 0x00, 0x00, 0x00, 0x00, 0x00,
  0x00, 0x00, 0x00, 0x00, 0x00, 0x00, 0x00, 0x00, 0x00, 0x00, 0x00, 0x00,
  0x00, 0x00, 0x00, 0x00, 0x00, 0x00, 0x00, 0x00, 0x00, 0x00, 0x00, 0x00,
  0x00, 0x00, 0x00, 0x00, 0x00, 0x00, 0x00, 0x00, 0x00, 0x00, 0x00, 0x00,
  0x00, 0x00, 0x00, 0x00, 0x00, 0x00, 0x00, 0x00, 0x00, 0x00, 0x00, 0x00,
  0x00, 0x00, 0x00, 0x00, 0x00, 0x00, 0x00, 0x00, 0x00, 0x00, 0x00, 0x00,
  0x00, 0x00, 0x00, 0x00, 0x00, 0x00, 0x00, 0x00, 0x00, 0x00, 0x00, 0x00,
  0x00, 0x00, 0x00, 0x00, 0x00, 0x00, 0x00, 0x00, 0x00, 0x00, 0x00, 0x00,
  0x00, 0x00, 0x00, 0x00, 0x00, 0x00, 0x00, 0x00, 0x00, 0x00, 0x00, 0x00,
  0x00, 0x00, 0x00, 0x00, 0x00, 0x00, 0x00, 0x00, 0x00, 0x00, 0x00, 0x00,
  0x00, 0x00, 0x00, 0x00, 0x00, 0x00, 0x00, 0x00, 0x00, 0x00, 0x00, 0x00,
  0x00, 0x00, 0x00, 0x00, 0x00, 0x00, 0x00, 0x00, 0x00, 0x00, 0x00, 0x00,
  0x00, 0x00, 0x00, 0x00, 0x00, 0x00, 0x00, 0x00, 0x00, 0x00, 0x00, 0x00,
  0x00, 0x00, 0x00, 0x00, 0x00, 0x00, 0x00, 0x00, 0x00, 0x00, 0x00, 0x00,
  0x00, 0x00, 0x00, 0x00, 0x00, 0x00, 0x00, 0x00, 0x00, 0x00, 0x00, 0x00,
  0x00, 0x00, 0x00, 0x00, 0x00, 0x00, 0x00, 0x00, 0x00, 0x00, 0x00, 0x00,
  0x00, 0x00, 0x00, 0x00, 0x00, 0x00, 0x00, 0x00, 0x00, 0x00, 0x00, 0x00,
  0x00, 0x00, 0x00, 0x00, 0x00, 0x00, 0x00, 0x00, 0x00, 0x00, 0x00, 0x00,
  0x00, 0x00, 0x00, 0x00, 0x00, 0x00, 0x00, 0x00, 0x00, 0x00, 0x00, 0x00,
  0x00, 0x00, 0x00, 0x00, 0x00, 0x00, 0x00, 0x00, 0x00, 0x00, 0x00, 0x00,
  0x00, 0x00, 0x00, 0x00, 0x00, 0x00, 0x00, 0x00, 0x00, 0x00, 0x00, 0x00,
  0x00, 0x00, 0x00, 0x00, 0x00, 0x00, 0x00, 0x00, 0x00, 0x00, 0x00, 0x00,
  0x00, 0x00, 0x00, 0x00, 0x00, 0x00, 0x00, 0x00, 0x00, 0x00, 0x00, 0x00,
  0x00, 0x00, 0x00, 0x00, 0x00, 0x00, 0x00, 0x00, 0x00, 0x00, 0x00, 0x00,
  0x00, 0x00, 0x00, 0x00, 0x00, 0x00, 0x00, 0x00, 0x00, 0x00, 0x00, 0x00,
  0x00, 0x00, 0x00, 0x00, 0x00, 0x00, 0x00, 0x00, 0x00, 0x00, 0x00, 0x00,
  0x00, 0x00, 0x00, 0x00, 0x00, 0x00, 0x00, 0x00, 0x00, 0x00, 0x00, 0x00,
  0x00, 0x00, 0x00, 0x00, 0x00, 0x00, 0x00, 0x00, 0x00, 0x00, 0x00, 0x00,
  0x00, 0x00, 0x00, 0x00, 0x00, 0x00, 0x00, 0x00, 0x00, 0x00, 0x00, 0x00,
  0x00, 0x00, 0x00, 0x00, 0x00, 0x00, 0x00, 0x00, 0x00, 0x00, 0x00, 0x00,
  0x00, 0x00, 0x00, 0x00, 0x00, 0x00, 0x00, 0x00, 0x00, 0x00, 0x00, 0x00,
  0x00, 0x00, 0x00, 0x00, 0x00, 0x00, 0x00, 0x00, 0x00, 0x00, 0x00, 0x00,
  0x00, 0x00, 0x00, 0x00, 0x00, 0x00, 0x00, 0x00, 0x00, 0x00, 0x00, 0x00,
  0x00, 0x00, 0x00, 0x00, 0x00, 0x00, 0x00, 0x00, 0x00, 0x00, 0x00, 0x00,
  0x00, 0x00, 0x00, 0x00, 0x00, 0x00, 0x00, 0x00, 0x00, 0x00, 0x00, 0x00,
  0x00, 0x00, 0x00, 0x00, 0x00, 0x00, 0x00, 0x00, 0x00, 0x00, 0x00, 0x00,
  0x00, 0x00, 0x00, 0x00, 0x00, 0x00, 0x00, 0x00, 0x00, 0x00, 0x00, 0x00,
  0x00, 0x00, 0x00, 0x00, 0x00, 0x00, 0x00, 0x00, 0x00, 0x00, 0x00, 0x00,
  0x00, 0x00, 0x00, 0x00, 0x00, 0x00, 0x00, 0x00, 0x00, 0x00, 0x00, 0x00,
  0x00, 0x00, 0x00, 0x00, 0x00, 0x00, 0x00, 0x00, 0x00, 0x00, 0x00, 0x00,
  0x00, 0x00, 0x00, 0x00, 0x00, 0x00, 0x00, 0x00, 0x00, 0x00, 0x00, 0x00,
  0x00, 0x00, 0x00, 0x00, 0x00, 0x00, 0x00, 0x00, 0x00, 0x00, 0x00, 0x00,
  0x00, 0x00, 0x00, 0x00, 0x00, 0x00, 0x00, 0x00, 0x00, 0x00, 0x00, 0x00,
  0x00, 0x00, 0x00, 0x00, 0x00, 0x00, 0x00, 0x00, 0x00, 0x00, 0x00, 0x00,
  0x00, 0x00, 0x00, 0x00, 0x00, 0x00, 0x00, 0x00, 0x00, 0x00, 0x00, 0x00,
  0x00, 0x00, 0x00, 0x00, 0x00, 0x00, 0x00, 0x00, 0x00, 0x00, 0x00, 0x00,
  0x00, 0x00, 0x00, 0x00, 0x00, 0x00, 0x00, 0x00, 0x00, 0x00, 0x00, 0x00,
  0x00, 0x00, 0x00, 0x00, 0x00, 0x00, 0x00, 0x00, 0x00, 0x00, 0x00, 0x00,
  0x00, 0x00, 0x00, 0x00, 0x00, 0x00, 0x00, 0x00, 0x00, 0x00, 0x00, 0x00,
  0x00, 0x00, 0x00, 0x00, 0x00, 0x00, 0x00, 0x00, 0x00, 0x00, 0x00, 0x00,
  0x00, 0x00, 0x00, 0x00, 0x00, 0x00, 0x00, 0x00, 0x00, 0x00, 0x00, 0x00,
  0x00, 0x00, 0x00, 0x00, 0x00, 0x00, 0x00, 0x00, 0x00, 0x00, 0x00, 0x00,
  0x00, 0x00, 0x00, 0x00, 0x00, 0x00, 0x00, 0x00, 0x00, 0x00, 0x00, 0x00,
  0x00, 0x00, 0x00, 0x00, 0x00, 0x00, 0x00, 0x00, 0x00, 0x00, 0x00, 0x00,
  0x00, 0x00, 0x00, 0x00, 0x00, 0x00, 0x00, 0x00, 0x00, 0x00, 0x00, 0x00,
  0x00, 0x00, 0x00, 0x00, 0x00, 0x00, 0x00, 0x00, 0x00, 0x00, 0x00, 0x00,
  0x00, 0x00, 0x00, 0x00, 0x00, 0x00, 0x00, 0x00, 0x00, 0x00, 0x00, 0x00,
  0x00, 0x00, 0x00, 0x00, 0x00, 0x00, 0x00, 0x00, 0x00, 0x00, 0x00, 0x00,
  0x00, 0x00, 0x00, 0x00, 0x00, 0x00, 0x00, 0x00, 0x00, 0x00, 0x00, 0x00,
  0x00, 0x00, 0x00, 0x00, 0x00, 0x00, 0x00, 0x00, 0x00, 0x00, 0x00, 0x00,
  0x00, 0x00, 0x00, 0x00, 0x00, 0x00, 0x00, 0x00, 0x00, 0x00, 0x00, 0x00,
  0x00, 0x00, 0x00, 0x00, 0x00, 0x00, 0x00, 0x00, 0x00, 0x00, 0x00, 0x00,
  0x00, 0x00, 0x00, 0x00, 0x00, 0x00, 0x00, 0x00, 0x00, 0x00, 0x00, 0x00,
  0x00, 0x00, 0x00, 0x00, 0x00, 0x00, 0x00, 0x00, 0x00, 0x00, 0x00, 0x00,
  0x00, 0x00, 0x00, 0x00, 0x00, 0x00, 0x00, 0x00, 0x00, 0x00, 0x00, 0x00,
  0x00, 0x00, 0x00, 0x00, 0x00, 0x00, 0x00, 0x00, 0x00, 0x00, 0x00, 0x00,
  0x00, 0x00, 0x00, 0x00, 0x00, 0x00, 0x00, 0x00, 0x00, 0x00, 0x00, 0x00,
  0x00, 0x00, 0x00, 0x00, 0x00, 0x00, 0x00, 0x00, 0x00, 0x00, 0x00, 0x00,
  0x00, 0x00, 0x00, 0x00, 0x00, 0x00, 0x00, 0x00, 0x00, 0x00, 0x00, 0x00,
  0x00, 0x00, 0x00, 0x00, 0x00, 0x00, 0x00, 0x00, 0x00, 0x00, 0x00, 0x00,
  0x00, 0x00, 0x00, 0x00, 0x00, 0x00, 0x00, 0x00, 0x00, 0x00, 0x00, 0x00,
  0x00, 0x00, 0x00, 0x00, 0x00, 0x00, 0x00, 0x00, 0x00, 0x00, 0x00, 0x00,
  0x00, 0x00, 0x00, 0x00, 0x00, 0x00, 0x00, 0x00, 0x00, 0x00, 0x00, 0x00,
  0x00, 0x00, 0x00, 0x00, 0x00, 0x00, 0x00, 0x00, 0x00, 0x00, 0x00, 0x00,
  0x00, 0x00, 0x00, 0x00, 0x00, 0x00, 0x00, 0x00, 0x00, 0x00, 0x00, 0x00,
  0x00, 0x00, 0x00, 0x00, 0x00, 0x00, 0x00, 0x00, 0x00, 0x00, 0x00, 0x00,
  0x00, 0x00, 0x00, 0x00, 0x00, 0x00, 0x00, 0x00, 0x00, 0x00, 0x00, 0x00,
  0x00, 0x00, 0x00, 0x00, 0x00, 0x00, 0x00, 0x00, 0x00, 0x00, 0x00, 0x00,
  0x00, 0x00, 0x00, 0x00, 0x00, 0x00, 0x00, 0x00, 0x00, 0x00, 0x00, 0x00,
  0x00, 0x00, 0x00, 0x00, 0x00, 0x00, 0x00, 0x00, 0x00, 0x00, 0x00, 0x00,
  0x00, 0x00, 0x00, 0x00, 0x00, 0x00, 0x00, 0x00, 0x00, 0x00, 0x00, 0x00,
  0x00, 0x00, 0x00, 0x00, 0x00, 0x00, 0x00, 0x00, 0x00, 0x00, 0x00, 0x00,
  0x00, 0x00, 0x00, 0x00, 0x00, 0x00, 0x00, 0x00, 0x00, 0x00, 0x00, 0x00,
  0x00, 0x00, 0x00, 0x00, 0x00, 0x00, 0x00, 0x00, 0x00, 0x00, 0x00, 0x00,
  0x00, 0x00, 0x00, 0x00, 0x00, 0x00, 0x00, 0x00, 0x00, 0x00, 0x00, 0x00,
  0x00, 0x00, 0x00, 0x00, 0x00, 0x00, 0x00, 0x00, 0x00, 0x00, 0x00, 0x00,
  0x00, 0x00, 0x00, 0x00, 0x00, 0x00, 0x00, 0x00, 0x00, 0x00, 0x00, 0x00,
  0x00, 0x00, 0x00, 0x00, 0x00, 0x00, 0x00, 0x00, 0x00, 0x00, 0x00, 0x00,
  0x00, 0x00, 0x00, 0x00, 0x00, 0x00, 0x00, 0x00, 0x00, 0x00, 0x00, 0x00,
  0x00, 0x00, 0x00, 0x00, 0x00, 0x00, 0x00, 0x00, 0x00, 0x00, 0x00, 0x00,
  0x00, 0x00, 0x00, 0x00, 0x00, 0x00, 0x00, 0x00, 0x00, 0x00, 0x00, 0x00,
  0x00, 0x00, 0x00, 0x00, 0x00, 0x00, 0x00, 0x00, 0x00, 0x00, 0x00, 0x00,
  0x00, 0x00, 0x00, 0x00, 0x00, 0x00, 0x00, 0x00, 0x00, 0x00, 0x00, 0x00,
  0x00, 0x00, 0x00, 0x00, 0x00, 0x00, 0x00, 0x00, 0x00, 0x00, 0x00, 0x00,
  0x00, 0x00, 0x00, 0x00, 0x00, 0x00, 0x00, 0x00, 0x00, 0x00, 0x00, 0x00,
  0x00, 0x00, 0x00, 0x00, 0x00, 0x00, 0x00, 0x00, 0x00, 0x00, 0x00, 0x00,
  0x00, 0x00, 0x00, 0x00, 0x00, 0x00, 0x00, 0x00, 0x00, 0x00, 0x00, 0x00,
  0x00, 0x00, 0x00, 0x00, 0x00, 0x00, 0x00, 0x00, 0x00, 0x00, 0x00, 0x00,
  0x00, 0x00, 0x00, 0x00, 0x00, 0x00, 0x00, 0x00, 0x00, 0x00, 0x00, 0x00,
  0x00, 0x00, 0x00, 0x00, 0x00, 0x00, 0x00, 0x00, 0x00, 0x00, 0x00, 0x00,
  0x00, 0x00, 0x00, 0x00, 0x00, 0x00, 0x00, 0x00, 0x00, 0x00, 0x00, 0x00,
  0x00, 0x00, 0x00, 0x00, 0x00, 0x00, 0x00, 0x00, 0x00, 0x00, 0x00, 0x00,
  0x00, 0x00, 0x00, 0x00, 0x00, 0x00, 0x00, 0x00, 0x00, 0x00, 0x00, 0x00,
  0x00, 0x00, 0x00, 0x00, 0x00, 0x00, 0x00, 0x00, 0x00, 0x00, 0x00, 0x00,
  0x00, 0x00, 0x00, 0x00, 0x00, 0x00, 0x00, 0x00, 0x00, 0x00, 0x00, 0x00,
  0x00, 0x00, 0x00, 0x00, 0x00, 0x00, 0x00, 0x00, 0x00, 0x00, 0x00, 0x00,
  0x00, 0x00, 0x00, 0x00, 0x00, 0x00, 0x00, 0x00, 0x00, 0x00, 0x00, 0x00,
  0x00, 0x00, 0x00, 0x00, 0x00, 0x00, 0x00, 0x00, 0x00, 0x00, 0x00, 0x00,
  0x00, 0x00, 0x00, 0x00, 0x00, 0x00, 0x00, 0x00, 0x00, 0x00, 0x00, 0x00,
  0x00, 0x00, 0x00, 0x00, 0x00, 0x00, 0x00, 0x00, 0x00, 0x00, 0x00, 0x00,
  0x00, 0x00, 0x00, 0x00, 0x00, 0x00, 0x00, 0x00, 0x00, 0x00, 0x00, 0x00,
  0x00, 0x00, 0x00, 0x00, 0x00, 0x00, 0x00, 0x00, 0x00, 0x00, 0x00, 0x00,
  0x00, 0x00, 0x00, 0x00, 0x00, 0x00, 0x00, 0x00, 0x00, 0x00, 0x00, 0x00,
  0x00, 0x00, 0x00, 0x00, 0x00, 0x00, 0x00, 0x00, 0x00, 0x00, 0x00, 0x00,
  0x00, 0x00, 0x00, 0x00, 0x00, 0x00, 0x00, 0x00, 0x00, 0x00, 0x00, 0x00,
  0x00, 0x00, 0x00, 0x00, 0x00, 0x00, 0x00, 0x00, 0x00, 0x00, 0x00, 0x00,
  0x00, 0x00, 0x00, 0x00, 0x00, 0x00, 0x00, 0x00, 0x00, 0x00, 0x00, 0x00,
  0x00, 0x00, 0x00, 0x00, 0x00, 0x00, 0x00, 0x00, 0x00, 0x00, 0x00, 0x00,
  0x00, 0x00, 0x00, 0x00, 0x00, 0x00, 0x00, 0x00, 0x00, 0x00, 0x00, 0x00,
  0x00, 0x00, 0x00, 0x00, 0x00, 0x00, 0x00, 0x00, 0x00, 0x00, 0x00, 0x00,
  0x00, 0x00, 0x00, 0x00, 0x00, 0x00, 0x00, 0x00, 0x00, 0x00, 0x00, 0x00,
  0x00, 0x00, 0x00, 0x00, 0x00, 0x00, 0x00, 0x00, 0x00, 0x00, 0x00, 0x00,
  0x00, 0x00, 0x00, 0x00, 0x00, 0x00, 0x00, 0x00, 0x00, 0x00, 0x00, 0x00,
  0x00, 0x00, 0x00, 0x00, 0x00, 0x00, 0x00, 0x00, 0x00, 0x00, 0x00, 0x00,
  0x00, 0x00, 0x00, 0x00, 0x00, 0x00, 0x00, 0x00, 0x00, 0x00, 0x00, 0x00,
  0x00, 0x00, 0x00, 0x00, 0x00, 0x00, 0x00, 0x00, 0x00, 0x00, 0x00, 0x00,
  0x00, 0x00, 0x00, 0x00, 0x00, 0x00, 0x00, 0x00, 0x00, 0x00, 0x00, 0x00,
  0x00, 0x00, 0x00, 0x00, 0x00, 0x00, 0x00, 0x00, 0x00, 0x00, 0x00, 0x00,
  0x00, 0x00, 0x00, 0x00, 0x00, 0x00, 0x00, 0x00, 0x00, 0x00, 0x00, 0x00,
  0x00, 0x00, 0x00, 0x00, 0x00, 0x00, 0x00, 0x00, 0x00, 0x00, 0x00, 0x00,
  0x00, 0x00, 0x00, 0x00, 0x00, 0x00, 0x00, 0x00, 0x00, 0x00, 0x00, 0x00,
  0x00, 0x00, 0x00, 0x00, 0x00, 0x00, 0x00, 0x00, 0x00, 0x00, 0x00, 0x00,
  0x00, 0x00, 0x00, 0x00, 0x00, 0x00, 0x00, 0x00, 0x00, 0x00, 0x00, 0x00,
  0x00, 0x00, 0x00, 0x00, 0x00, 0x00, 0x00, 0x00, 0x00, 0x00, 0x00, 0x00,
  0x00, 0x00, 0x00, 0x00, 0x00, 0x00, 0x00, 0x00, 0x00, 0x00, 0x00, 0x00,
  0x00, 0x00, 0x00, 0x00, 0x00, 0x00, 0x00, 0x00, 0x00, 0x00, 0x00, 0x00,
  0x00, 0x00, 0x00, 0x00, 0x00, 0x00, 0x00, 0x00, 0x00, 0x00, 0x00, 0x00,
  0x00, 0x00, 0x00, 0x00, 0x00, 0x00, 0x00, 0x00, 0x00, 0x00, 0x00, 0x00,
  0x00, 0x00, 0x00, 0x00, 0x00, 0x00, 0x00, 0x00, 0x00, 0x00, 0x00, 0x00,
  0x00, 0x00, 0x00, 0x00, 0x00, 0x00, 0x00, 0x00, 0x00, 0x00, 0x00, 0x00,
  0x00, 0x00, 0x00, 0x00, 0x00, 0x00, 0x00, 0x00, 0x00, 0x00, 0x00, 0x00,
  0x00, 0x00, 0x00, 0x00, 0x00, 0x00, 0x00, 0x00, 0x00, 0x00, 0x00, 0x00,
  0x00, 0x00, 0x00, 0x00, 0x00, 0x00, 0x00, 0x00, 0x00, 0x00, 0x00, 0x00,
  0x00, 0x00, 0x00, 0x00, 0x00, 0x00, 0x00, 0x00, 0x00, 0x00, 0x00, 0x00,
  0x00, 0x00, 0x00, 0x00, 0x00, 0x00, 0x00, 0x00, 0x00, 0x00, 0x00, 0x00,
  0x00, 0x00, 0x00, 0x00, 0x00, 0x00, 0x00, 0x00, 0x00, 0x00, 0x00, 0x00,
  0x00, 0x00, 0x00, 0x00, 0x00, 0x00, 0x00, 0x00, 0x00, 0x00, 0x00, 0x00,
  0x00, 0x00, 0x00, 0x00, 0x00, 0x00, 0x00, 0x00, 0x00, 0x00, 0x00, 0x00,
  0x00, 0x00, 0x00, 0x00, 0x00, 0x00, 0x00, 0x00, 0x00, 0x00, 0x00, 0x00,
  0x00, 0x00, 0x00, 0x00, 0x00, 0x00, 0x00, 0x00, 0x00, 0x00, 0x00, 0x00,
  0x00, 0x00, 0x00, 0x00, 0x00, 0x00, 0x00, 0x00, 0x00, 0x00, 0x00, 0x00,
  0x00, 0x00, 0x00, 0x00, 0x00, 0x00, 0x00, 0x00, 0x00, 0x00, 0x00, 0x00,
  0x00, 0x00, 0x00, 0x00, 0x00, 0x00, 0x00, 0x00, 0x00, 0x00, 0x00, 0x00,
  0x1b, 0x00, 0x00, 0x00, 0x00, 0x00, 0x00, 0x00, 0x00, 0x00, 0x00, 0x00,
  0x00, 0x00, 0x00, 0x00, 0x21, 0x00, 0x00, 0x00, 0x00, 0x00, 0x00, 0x00,
  0x00, 0x00, 0x00, 0x00, 0x00, 0x00, 0x00, 0x00, 0x21, 0x00, 0x00, 0x00,
  0x00, 0x00, 0x00, 0x00, 0x00, 0x00, 0x00, 0x00, 0x00, 0x00, 0x00, 0x00,
  0x17, 0x00, 0x00, 0x00, 0x00, 0x00, 0x00, 0x00, 0x00, 0x00, 0x00, 0x00,
  0x00, 0x00, 0x00, 0x00, 0x21, 0x00, 0x00, 0x00, 0x00, 0x00, 0x00, 0x00,
  0x01, 0x00, 0x00, 0x00, 0x00, 0x00, 0x00, 0x00, 0xf1, 0x03, 0x00, 0x00,
  0x00, 0x00, 0x00, 0x00, 0x01, 0x00, 0x00, 0x00, 0x00, 0x00, 0x00, 0x00,
  0x07, 0x04, 0x00, 0x00, 0x00, 0x00, 0x00, 0x00, 0x01, 0x00, 0x00, 0x00,
  0x00, 0x00, 0x00, 0x00, 0x14, 0x04, 0x00, 0x00, 0x00, 0x00, 0x00, 0x00,
  0x01, 0x00, 0x00, 0x00, 0x00, 0x00, 0x00, 0x00, 0x21, 0x04, 0x00, 0x00,
  0x00, 0x00, 0x00, 0x00, 0x01, 0x00, 0x00, 0x00, 0x00, 0x00, 0x00, 0x00,
  0x30, 0x04, 0x00, 0x00, 0x00, 0x00, 0x00, 0x00, 0xfb, 0xff, 0xff, 0x6f,
  0x00, 0x00, 0x00, 0x00, 0x00, 0x00, 0x00, 0x08, 0x00, 0x00, 0x00, 0x00,
  0x15, 0x00, 0x00, 0x00, 0x00, 0x00, 0x00, 0x00, 0x00, 0x00, 0x00, 0x00,
  0x00, 0x00, 0x00, 0x00, 0x07, 0x00, 0x00, 0x00, 0x00, 0x00, 0x00, 0x00,
  0x68, 0xbc, 0x00, 0x00, 0x00, 0x00, 0x00, 0x00, 0x08, 0x00, 0x00, 0x00,
  0x00, 0x00, 0x00, 0x00, 0xf0, 0x00, 0x00, 0x00, 0x00, 0x00, 0x00, 0x00,
  0x09, 0x00, 0x00, 0x00, 0x00, 0x00, 0x00, 0x00, 0x18, 0x00, 0x00, 0x00,
  0x00, 0x00, 0x00, 0x00, 0xf9, 0xff, 0xff, 0x6f, 0x00, 0x00, 0x00, 0x00,
  0x09, 0x00, 0x00, 0x00, 0x00, 0x00, 0x00, 0x00, 0x17, 0x00, 0x00, 0x00,
  0x00, 0x00, 0x00, 0x00, 0x58, 0xbd, 0x00, 0x00, 0x00, 0x00, 0x00, 0x00,
  0x02, 0x00, 0x00, 0x00, 0x00, 0x00, 0x00, 0x00, 0x38, 0x07, 0x00, 0x00,
  0x00, 0x00, 0x00, 0x00, 0x03, 0x00, 0x00, 0x00, 0x00, 0x00, 0x00, 0x00,
  0x00, 0xc0, 0x01, 0x00, 0x00, 0x00, 0x00, 0x00, 0x14, 0x00, 0x00, 0x00,
  0x00, 0x00, 0x00, 0x00, 0x07, 0x00, 0x00, 0x00, 0x00, 0x00, 0x00, 0x00,
  0x06, 0x00, 0x00, 0x00, 0x00, 0x00, 0x00, 0x00, 0x20, 0xae, 0x00, 0x00,
  0x00, 0x00, 0x00, 0x00, 0x0b, 0x00, 0x00, 0x00, 0x00, 0x00, 0x00, 0x00,
  0x18, 0x00, 0x00, 0x00, 0x00, 0x00, 0x00, 0x00, 0x05, 0x00, 0x00, 0x00,
  0x00, 0x00, 0x00, 0x00, 0x24, 0xb8, 0x00, 0x00, 0x00, 0x00, 0x00, 0x00,
  0x0a, 0x00, 0x00, 0x00, 0x00, 0x00, 0x00, 0x00, 0x40, 0x04, 0x00, 0x00,
  0x00, 0x00, 0x00, 0x00, 0xf5, 0xfe, 0xff, 0x6f, 0x00, 0x00, 0x00, 0x00,
  0x88, 0xb5, 0x00, 0x00, 0x00, 0x00, 0x00, 0x00, 0x04, 0x00, 0x00, 0x00,
  0x00, 0x00, 0x00, 0x00, 0xa4, 0xb5, 0x00, 0x00, 0x00, 0x00, 0x00, 0x00,
  0x19, 0x00, 0x00, 0x00, 0x00, 0x00, 0x00, 0x00, 0x00, 0x00, 0x00, 0x00,
  0x00, 0x00, 0x00, 0x00, 0x1b, 0x00, 0x00, 0x00, 0x00, 0x00, 0x00, 0x00,
  0x00, 0x00, 0x00, 0x00, 0x00, 0x00, 0x00, 0x00, 0x0c, 0x00, 0x00, 0x00,
  0x00, 0x00, 0x00, 0x00, 0x20, 0xa9, 0x00, 0x00, 0x00, 0x00, 0x00, 0x00,
  0x0d, 0x00, 0x00, 0x00, 0x00, 0x00, 0x00, 0x00, 0x30, 0xa9, 0x00, 0x00,
  0x00, 0x00, 0x00, 0x00, 0x00, 0x00, 0x00, 0x00, 0x00, 0x00, 0x00, 0x00,
  0x00, 0x00, 0x00, 0x00, 0x00, 0x00, 0x00, 0x00, 0x00, 0x00, 0x00, 0x00,
  0x00, 0x00, 0x00, 0x00, 0x00, 0x00, 0x00, 0x00, 0x00, 0x00, 0x00, 0x00,
  0x00, 0x00, 0x00, 0x00, 0x00, 0x00, 0x00, 0x00, 0x00, 0x00, 0x00, 0x00,
  0x00, 0x00, 0x00, 0x00, 0x00, 0x00, 0x00, 0x00, 0x00, 0x00, 0x00, 0x00,
  0x00, 0x00, 0x00, 0x00, 0x00, 0x00, 0x00, 0x00, 0x00, 0x00, 0x00, 0x00,
  0x00, 0x00, 0x00, 0x00, 0x00, 0x00, 0x00, 0x00, 0x00, 0x00, 0x00, 0x00,
  0x00, 0x00, 0x00, 0x00, 0x00, 0x00, 0x00, 0x00, 0x00, 0x00, 0x00, 0x00,
  0x00, 0x00, 0x00, 0x00, 0x00, 0x00, 0x00, 0x00, 0x00, 0x00, 0x00, 0x00,
  0x00, 0x00, 0x00, 0x00, 0x00, 0x00, 0x00, 0x00, 0x00, 0x00, 0x00, 0x00,
  0x00, 0x00, 0x00, 0x00, 0x00, 0x00, 0x00, 0x00, 0x00, 0x00, 0x00, 0x00,
  0x00, 0x00, 0x00, 0x00, 0x00, 0x00, 0x00, 0x00, 0x00, 0x00, 0x00, 0x00,
  0x00, 0x00, 0x00, 0x00, 0x00, 0x00, 0x00, 0x00, 0x00, 0x00, 0x00, 0x00,
  0x00, 0x00, 0x00, 0x00, 0x00, 0x00, 0x00, 0x00, 0x00, 0x00, 0x00, 0x00,
  0x00, 0x00, 0x00, 0x00, 0x00, 0x00, 0x00, 0x00, 0x00, 0x00, 0x00, 0x00,
  0x00, 0x00, 0x00, 0x00, 0x00, 0x00, 0x00, 0x00, 0x00, 0x00, 0x00, 0x00,
  0x00, 0x00, 0x00, 0x00, 0x00, 0x00, 0x00, 0x00, 0x00, 0x00, 0x00, 0x00,
  0x00, 0x00, 0x00, 0x00, 0x00, 0x00, 0x00, 0x00, 0x00, 0x00, 0x00, 0x00,
  0x00, 0x00, 0x00, 0x00, 0x00, 0x00, 0x00, 0x00, 0x00, 0x00, 0x00, 0x00,
  0x00, 0x00, 0x00, 0x00, 0x00, 0x00, 0x00, 0x00, 0x00, 0x00, 0x00, 0x00,
  0x00, 0x00, 0x00, 0x00, 0x00, 0x00, 0x00, 0x00, 0x00, 0x00, 0x00, 0x00,
  0x00, 0x00, 0x00, 0x00, 0x00, 0x00, 0x00, 0x00, 0x00, 0x00, 0x00, 0x00,
  0x00, 0x00, 0x00, 0x00, 0x00, 0x00, 0x00, 0x00, 0x00, 0x00, 0x00, 0x00,
  0x00, 0x00, 0x00, 0x00, 0x00, 0x00, 0x00, 0x00, 0x00, 0x00, 0x00, 0x00,
  0x00, 0x00, 0x00, 0x00, 0x00, 0x00, 0x00, 0x00, 0x00, 0x00, 0x00, 0x00,
  0x00, 0x00, 0x00, 0x00, 0x00, 0x00, 0x00, 0x00, 0x00, 0x00, 0x00, 0x00,
  0x00, 0x00, 0x00, 0x00, 0x00, 0x00, 0x00, 0x00, 0x00, 0x00, 0x00, 0x00,
  0x00, 0x00, 0x00, 0x00, 0x00, 0x00, 0x00, 0x00, 0x00, 0x00, 0x00, 0x00,
  0x00, 0x00, 0x00, 0x00, 0x00, 0x00, 0x00, 0x00, 0x00, 0x00, 0x00, 0x00,
  0x00, 0x00, 0x00, 0x00, 0x00, 0x00, 0x00, 0x00, 0x00, 0x00, 0x00, 0x00,
  0x00, 0x00, 0x00, 0x00, 0x00, 0x00, 0x00, 0x00, 0x00, 0x00, 0x00, 0x00,
  0x00, 0x00, 0x00, 0x00, 0x00, 0x00, 0x00, 0x00, 0x00, 0x00, 0x00, 0x00,
  0x00, 0x00, 0x00, 0x00, 0x00, 0x00, 0x00, 0x00, 0x00, 0x00, 0x00, 0x00,
  0x00, 0x00, 0x00, 0x00, 0x00, 0x00, 0x00, 0x00, 0x00, 0x00, 0x00, 0x00,
  0x00, 0x00, 0x00, 0x00, 0x00, 0x00, 0x00, 0x00, 0x00, 0x00, 0x00, 0x00,
  0x00, 0x00, 0x00, 0x00, 0x00, 0x00, 0x00, 0x00, 0x00, 0x00, 0x00, 0x00,
  0x00, 0x00, 0x00, 0x00, 0x00, 0x00, 0x00, 0x00, 0x00, 0x00, 0x00, 0x00,
  0x00, 0x00, 0x00, 0x00, 0x00, 0x00, 0x00, 0x00, 0x00, 0x00, 0x00, 0x00,
  0x00, 0x00, 0x00, 0x00, 0x00, 0x00, 0x00, 0x00, 0x00, 0x00, 0x00, 0x00,
  0x00, 0x00, 0x00, 0x00, 0x00, 0x00, 0x00, 0x00, 0x00, 0x00, 0x00, 0x00,
  0x00, 0x00, 0x00, 0x00, 0x00, 0x00, 0x00, 0x00, 0x00, 0x00, 0x00, 0x00,
  0x00, 0x00, 0x00, 0x00, 0x00, 0x00, 0x00, 0x00, 0x00, 0x00, 0x00, 0x00,
  0x00, 0x00, 0x00, 0x00, 0x00, 0x00, 0x00, 0x00, 0x00, 0x00, 0x00, 0x00,
  0x00, 0x00, 0x00, 0x00, 0x00, 0x00, 0x00, 0x00, 0x00, 0x00, 0x00, 0x00,
  0x00, 0x00, 0x00, 0x00, 0x00, 0x00, 0x00, 0x00, 0x00, 0x00, 0x00, 0x00,
  0x00, 0x00, 0x00, 0x00, 0x00, 0x00, 0x00, 0x00, 0x00, 0x00, 0x00, 0x00,
  0x00, 0x00, 0x00, 0x00, 0x00, 0x00, 0x00, 0x00, 0x00, 0x00, 0x00, 0x00,
  0x00, 0x00, 0x00, 0x00, 0x00, 0x00, 0x00, 0x00, 0x00, 0x00, 0x00, 0x00,
  0x00, 0x00, 0x00, 0x00, 0x00, 0x00, 0x00, 0x00, 0x00, 0x00, 0x00, 0x00,
  0x00, 0x00, 0x00, 0x00, 0x00, 0x00, 0x00, 0x00, 0x00, 0x00, 0x00, 0x00,
  0x00, 0x00, 0x00, 0x00, 0x00, 0x00, 0x00, 0x00, 0x00, 0x00, 0x00, 0x00,
  0x00, 0x00, 0x00, 0x00, 0x00, 0x00, 0x00, 0x00, 0x00, 0x00, 0x00, 0x00,
  0x00, 0x00, 0x00, 0x00, 0x00, 0x00, 0x00, 0x00, 0x00, 0x00, 0x00, 0x00,
  0x00, 0x00, 0x00, 0x00, 0x00, 0x00, 0x00, 0x00, 0x00, 0x00, 0x00, 0x00,
  0x00, 0x00, 0x00, 0x00, 0x00, 0x00, 0x00, 0x00, 0x00, 0x00, 0x00, 0x00,
  0x00, 0x00, 0x00, 0x00, 0x00, 0x00, 0x00, 0x00, 0x00, 0x00, 0x00, 0x00,
  0x00, 0x00, 0x00, 0x00, 0x00, 0x00, 0x00, 0x00, 0x00, 0x00, 0x00, 0x00,
  0x00, 0x00, 0x00, 0x00, 0x00, 0x00, 0x00, 0x00, 0x00, 0x00, 0x00, 0x00,
  0x00, 0x00, 0x00, 0x00, 0x00, 0x00, 0x00, 0x00, 0x00, 0x00, 0x00, 0x00,
  0x00, 0x00, 0x00, 0x00, 0x00, 0x00, 0x00, 0x00, 0x00, 0x00, 0x00, 0x00,
  0x00, 0x00, 0x00, 0x00, 0x00, 0x00, 0x00, 0x00, 0x00, 0x00, 0x00, 0x00,
  0x00, 0x00, 0x00, 0x00, 0x00, 0x00, 0x00, 0x00, 0x00, 0x00, 0x00, 0x00,
  0x00, 0x00, 0x00, 0x00, 0x00, 0x00, 0x00, 0x00, 0x00, 0x00, 0x00, 0x00,
  0x00, 0x00, 0x00, 0x00, 0x00, 0x00, 0x00, 0x00, 0x00, 0x00, 0x00, 0x00,
  0x00, 0x00, 0x00, 0x00, 0x00, 0x00, 0x00, 0x00, 0x00, 0x00, 0x00, 0x00,
  0x00, 0x00, 0x00, 0x00, 0x00, 0x00, 0x00, 0x00, 0x00, 0x00, 0x00, 0x00,
  0x00, 0x00, 0x00, 0x00, 0x00, 0x00, 0x00, 0x00, 0x00, 0x00, 0x00, 0x00,
  0x00, 0x00, 0x00, 0x00, 0x00, 0x00, 0x00, 0x00, 0x00, 0x00, 0x00, 0x00,
  0x00, 0x00, 0x00, 0x00, 0x00, 0x00, 0x00, 0x00, 0x00, 0x00, 0x00, 0x00,
  0x00, 0x00, 0x00, 0x00, 0x00, 0x00, 0x00, 0x00, 0x00, 0x00, 0x00, 0x00,
  0x00, 0x00, 0x00, 0x00, 0x00, 0x00, 0x00, 0x00, 0x00, 0x00, 0x00, 0x00,
  0x00, 0x00, 0x00, 0x00, 0x00, 0x00, 0x00, 0x00, 0x00, 0x00, 0x00, 0x00,
  0x00, 0x00, 0x00, 0x00, 0x00, 0x00, 0x00, 0x00, 0x00, 0x00, 0x00, 0x00,
  0x00, 0x00, 0x00, 0x00, 0x00, 0x00, 0x00, 0x00, 0x00, 0x00, 0x00, 0x00,
  0x00, 0x00, 0x00, 0x00, 0x00, 0x00, 0x00, 0x00, 0x00, 0x00, 0x00, 0x00,
  0x00, 0x00, 0x00, 0x00, 0x00, 0x00, 0x00, 0x00, 0x00, 0x00, 0x00, 0x00,
  0x00, 0x00, 0x00, 0x00, 0x00, 0x00, 0x00, 0x00, 0x00, 0x00, 0x00, 0x00,
  0x00, 0x00, 0x00, 0x00, 0x00, 0x00, 0x00, 0x00, 0x00, 0x00, 0x00, 0x00,
  0x00, 0x00, 0x00, 0x00, 0x00, 0x00, 0x00, 0x00, 0x00, 0x00, 0x00, 0x00,
  0x00, 0x00, 0x00, 0x00, 0x00, 0x00, 0x00, 0x00, 0x00, 0x00, 0x00, 0x00,
  0x00, 0x00, 0x00, 0x00, 0x00, 0x00, 0x00, 0x00, 0x00, 0x00, 0x00, 0x00,
  0x00, 0x00, 0x00, 0x00, 0x00, 0x00, 0x00, 0x00, 0x00, 0x00, 0x00, 0x00,
  0x00, 0x00, 0x00, 0x00, 0x00, 0x00, 0x00, 0x00, 0x00, 0x00, 0x00, 0x00,
  0x00, 0x00, 0x00, 0x00, 0x00, 0x00, 0x00, 0x00, 0x00, 0x00, 0x00, 0x00,
  0x00, 0x00, 0x00, 0x00, 0x00, 0x00, 0x00, 0x00, 0x00, 0x00, 0x00, 0x00,
  0x00, 0x00, 0x00, 0x00, 0x00, 0x00, 0x00, 0x00, 0x00, 0x00, 0x00, 0x00,
  0x00, 0x00, 0x00, 0x00, 0x00, 0x00, 0x00, 0x00, 0x00, 0x00, 0x00, 0x00,
  0x00, 0x00, 0x00, 0x00, 0x00, 0x00, 0x00, 0x00, 0x00, 0x00, 0x00, 0x00,
  0x00, 0x00, 0x00, 0x00, 0x00, 0x00, 0x00, 0x00, 0x00, 0x00, 0x00, 0x00,
  0x00, 0x00, 0x00, 0x00, 0x00, 0x00, 0x00, 0x00, 0x00, 0x00, 0x00, 0x00,
  0x00, 0x00, 0x00, 0x00, 0x00, 0x00, 0x00, 0x00, 0x00, 0x00, 0x00, 0x00,
  0x00, 0x00, 0x00, 0x00, 0x00, 0x00, 0x00, 0x00, 0x00, 0x00, 0x00, 0x00,
  0x00, 0x00, 0x00, 0x00, 0x00, 0x00, 0x00, 0x00, 0x00, 0x00, 0x00, 0x00,
  0x00, 0x00, 0x00, 0x00, 0x00, 0x00, 0x00, 0x00, 0x00, 0x00, 0x00, 0x00,
  0x00, 0x00, 0x00, 0x00, 0x00, 0x00, 0x00, 0x00, 0x00, 0x00, 0x00, 0x00,
  0x00, 0x00, 0x00, 0x00, 0x00, 0x00, 0x00, 0x00, 0x00, 0x00, 0x00, 0x00,
  0x00, 0x00, 0x00, 0x00, 0x00, 0x00, 0x00, 0x00, 0x00, 0x00, 0x00, 0x00,
  0x00, 0x00, 0x00, 0x00, 0x00, 0x00, 0x00, 0x00, 0x00, 0x00, 0x00, 0x00,
  0x00, 0x00, 0x00, 0x00, 0x00, 0x00, 0x00, 0x00, 0x00, 0x00, 0x00, 0x00,
  0x00, 0x00, 0x00, 0x00, 0x00, 0x00, 0x00, 0x00, 0x00, 0x00, 0x00, 0x00,
  0x00, 0x00, 0x00, 0x00, 0x00, 0x00, 0x00, 0x00, 0x00, 0x00, 0x00, 0x00,
  0x00, 0x00, 0x00, 0x00, 0x00, 0x00, 0x00, 0x00, 0x00, 0x00, 0x00, 0x00,
  0x00, 0x00, 0x00, 0x00, 0x00, 0x00, 0x00, 0x00, 0x00, 0x00, 0x00, 0x00,
  0x00, 0x00, 0x00, 0x00, 0x00, 0x00, 0x00, 0x00, 0x00, 0x00, 0x00, 0x00,
  0x00, 0x00, 0x00, 0x00, 0x00, 0x00, 0x00, 0x00, 0x00, 0x00, 0x00, 0x00,
  0x00, 0x00, 0x00, 0x00, 0x00, 0x00, 0x00, 0x00, 0x00, 0x00, 0x00, 0x00,
  0x00, 0x00, 0x00, 0x00, 0x00, 0x00, 0x00, 0x00, 0x00, 0x00, 0x00, 0x00,
  0x00, 0x00, 0x00, 0x00, 0x00, 0x00, 0x00, 0x00, 0x00, 0x00, 0x00, 0x00,
  0x00, 0x00, 0x00, 0x00, 0x00, 0x00, 0x00, 0x00, 0x00, 0x00, 0x00, 0x00,
  0x00, 0x00, 0x00, 0x00, 0x00, 0x00, 0x00, 0x00, 0x00, 0x00, 0x00, 0x00,
  0x00, 0x00, 0x00, 0x00, 0x00, 0x00, 0x00, 0x00, 0x00, 0x00, 0x00, 0x00,
  0x00, 0x00, 0x00, 0x00, 0x00, 0x00, 0x00, 0x00, 0x00, 0x00, 0x00, 0x00,
  0x00, 0x00, 0x00, 0x00, 0x00, 0x00, 0x00, 0x00, 0x00, 0x00, 0x00, 0x00,
  0x00, 0x00, 0x00, 0x00, 0x00, 0x00, 0x00, 0x00, 0x00, 0x00, 0x00, 0x00,
  0x00, 0x00, 0x00, 0x00, 0x00, 0x00, 0x00, 0x00, 0x00, 0x00, 0x00, 0x00,
  0x00, 0x00, 0x00, 0x00, 0x00, 0x00, 0x00, 0x00, 0x00, 0x00, 0x00, 0x00,
  0x00, 0x00, 0x00, 0x00, 0x00, 0x00, 0x00, 0x00, 0x00, 0x00, 0x00, 0x00,
  0x00, 0x00, 0x00, 0x00, 0x00, 0x00, 0x00, 0x00, 0x00, 0x00, 0x00, 0x00,
  0x00, 0x00, 0x00, 0x00, 0x00, 0x00, 0x00, 0x00, 0x00, 0x00, 0x00, 0x00,
  0x00, 0x00, 0x00, 0x00, 0x00, 0x00, 0x00, 0x00, 0x00, 0x00, 0x00, 0x00,
  0x00, 0x00, 0x00, 0x00, 0x00, 0x00, 0x00, 0x00, 0x00, 0x00, 0x00, 0x00,
  0x00, 0x00, 0x00, 0x00, 0x00, 0x00, 0x00, 0x00, 0x00, 0x00, 0x00, 0x00,
  0x00, 0x00, 0x00, 0x00, 0x00, 0x00, 0x00, 0x00, 0x00, 0x00, 0x00, 0x00,
  0x00, 0x00, 0x00, 0x00, 0x00, 0x00, 0x00, 0x00, 0x00, 0x00, 0x00, 0x00,
  0x00, 0x00, 0x00, 0x00, 0x00, 0x00, 0x00, 0x00, 0x00, 0x00, 0x00, 0x00,
  0x00, 0x00, 0x00, 0x00, 0x00, 0x00, 0x00, 0x00, 0x00, 0x00, 0x00, 0x00,
  0x00, 0x00, 0x00, 0x00, 0x00, 0x00, 0x00, 0x00, 0x00, 0x00, 0x00, 0x00,
  0x00, 0x00, 0x00, 0x00, 0x00, 0x00, 0x00, 0x00, 0x00, 0x00, 0x00, 0x00,
  0x00, 0x00, 0x00, 0x00, 0x00, 0x00, 0x00, 0x00, 0x00, 0x00, 0x00, 0x00,
  0x00, 0x00, 0x00, 0x00, 0x00, 0x00, 0x00, 0x00, 0x00, 0x00, 0x00, 0x00,
  0x00, 0x00, 0x00, 0x00, 0x00, 0x00, 0x00, 0x00, 0x00, 0x00, 0x00, 0x00,
  0x00, 0x00, 0x00, 0x00, 0x00, 0x00, 0x00, 0x00, 0x00, 0x00, 0x00, 0x00,
  0x00, 0x00, 0x00, 0x00, 0x00, 0x00, 0x00, 0x00, 0x00, 0x00, 0x00, 0x00,
  0x00, 0x00, 0x00, 0x00, 0x00, 0x00, 0x00, 0x00, 0x00, 0x00, 0x00, 0x00,
  0x00, 0x00, 0x00, 0x00, 0x00, 0x00, 0x00, 0x00, 0x00, 0x00, 0x00, 0x00,
  0x00, 0x00, 0x00, 0x00, 0x00, 0x00, 0x00, 0x00, 0x00, 0x00, 0x00, 0x00,
  0x00, 0x00, 0x00, 0x00, 0x00, 0x00, 0x00, 0x00, 0x00, 0x00, 0x00, 0x00,
  0x00, 0x00, 0x00, 0x00, 0x00, 0x00, 0x00, 0x00, 0x00, 0x00, 0x00, 0x00,
  0x00, 0x00, 0x00, 0x00, 0x00, 0x00, 0x00, 0x00, 0x00, 0x00, 0x00, 0x00,
  0x00, 0x00, 0x00, 0x00, 0x00, 0x00, 0x00, 0x00, 0x00, 0x00, 0x00, 0x00,
  0x00, 0x00, 0x00, 0x00, 0x00, 0x00, 0x00, 0x00, 0x00, 0x00, 0x00, 0x00,
  0x00, 0x00, 0x00, 0x00, 0x00, 0x00, 0x00, 0x00, 0x00, 0x00, 0x00, 0x00,
  0x00, 0x00, 0x00, 0x00, 0x00, 0x00, 0x00, 0x00, 0x00, 0x00, 0x00, 0x00,
  0x00, 0x00, 0x00, 0x00, 0x00, 0x00, 0x00, 0x00, 0x00, 0x00, 0x00, 0x00,
  0x00, 0x00, 0x00, 0x00, 0x00, 0x00, 0x00, 0x00, 0x00, 0x00, 0x00, 0x00,
  0x00, 0x00, 0x00, 0x00, 0x00, 0x00, 0x00, 0x00, 0x00, 0x00, 0x00, 0x00,
  0x00, 0x00, 0x00, 0x00, 0x00, 0x00, 0x00, 0x00, 0x00, 0x00, 0x00, 0x00,
  0x00, 0x00, 0x00, 0x00, 0x00, 0x00, 0x00, 0x00, 0x00, 0x00, 0x00, 0x00,
  0x00, 0x00, 0x00, 0x00, 0x00, 0x00, 0x00, 0x00, 0x00, 0x00, 0x00, 0x00,
  0x00, 0x00, 0x00, 0x00, 0x00, 0x00, 0x00, 0x00, 0x00, 0x00, 0x00, 0x00,
  0x00, 0x00, 0x00, 0x00, 0x00, 0x00, 0x00, 0x00, 0x00, 0x00, 0x00, 0x00,
  0x00, 0x00, 0x00, 0x00, 0x00, 0x00, 0x00, 0x00, 0x00, 0x00, 0x00, 0x00,
  0x00, 0x00, 0x00, 0x00, 0x00, 0x00, 0x00, 0x00, 0x00, 0x00, 0x00, 0x00,
  0x00, 0x00, 0x00, 0x00, 0x00, 0x00, 0x00, 0x00, 0x00, 0x00, 0x00, 0x00,
  0x00, 0x00, 0x00, 0x00, 0x00, 0x00, 0x00, 0x00, 0x00, 0x00, 0x00, 0x00,
  0x00, 0x00, 0x00, 0x00, 0x00, 0x00, 0x00, 0x00, 0x00, 0x00, 0x00, 0x00,
  0x00, 0x00, 0x00, 0x00, 0x00, 0x00, 0x00, 0x00, 0x00, 0x00, 0x00, 0x00,
  0x00, 0x00, 0x00, 0x00, 0x00, 0x00, 0x00, 0x00, 0x00, 0x00, 0x00, 0x00,
  0x00, 0x00, 0x00, 0x00, 0x00, 0x00, 0x00, 0x00, 0x00, 0x00, 0x00, 0x00,
  0x00, 0x00, 0x00, 0x00, 0x00, 0x00, 0x00, 0x00, 0x00, 0x00, 0x00, 0x00,
  0x00, 0x00, 0x00, 0x00, 0x00, 0x00, 0x00, 0x00, 0x00, 0x00, 0x00, 0x00,
  0x00, 0x00, 0x00, 0x00, 0x00, 0x00, 0x00, 0x00, 0x00, 0x00, 0x00, 0x00,
  0x00, 0x00, 0x00, 0x00, 0x00, 0x00, 0x00, 0x00, 0x00, 0x00, 0x00, 0x00,
  0x00, 0x00, 0x00, 0x00, 0x00, 0x00, 0x00, 0x00, 0x00, 0x00, 0x00, 0x00,
  0x00, 0x00, 0x00, 0x00, 0x00, 0x00, 0x00, 0x00, 0x00, 0x00, 0x00, 0x00,
  0x00, 0x00, 0x00, 0x00, 0x00, 0x00, 0x00, 0x00, 0x00, 0x00, 0x00, 0x00,
  0x00, 0x00, 0x00, 0x00, 0x00, 0x00, 0x00, 0x00, 0x00, 0x00, 0x00, 0x00,
  0x00, 0x00, 0x00, 0x00, 0x00, 0x00, 0x00, 0x00, 0x00, 0x00, 0x00, 0x00,
  0x00, 0x00, 0x00, 0x00, 0x00, 0x00, 0x00, 0x00, 0x00, 0x00, 0x00, 0x00,
  0x00, 0x00, 0x00, 0x00, 0x00, 0x00, 0x00, 0x00, 0x00, 0x00, 0x00, 0x00,
  0x00, 0x00, 0x00, 0x00, 0x00, 0x00, 0x00, 0x00, 0x00, 0x00, 0x00, 0x00,
  0x00, 0x00, 0x00, 0x00, 0x00, 0x00, 0x00, 0x00, 0x00, 0x00, 0x00, 0x00,
  0x00, 0x00, 0x00, 0x00, 0x00, 0x00, 0x00, 0x00, 0x00, 0x00, 0x00, 0x00,
  0x00, 0x00, 0x00, 0x00, 0x00, 0x00, 0x00, 0x00, 0x00, 0x00, 0x00, 0x00,
  0x00, 0x00, 0x00, 0x00, 0x00, 0x00, 0x00, 0x00, 0x00, 0x00, 0x00, 0x00,
  0x00, 0x00, 0x00, 0x00, 0x00, 0x00, 0x00, 0x00, 0x00, 0x00, 0x00, 0x00,
  0x00, 0x00, 0x00, 0x00, 0x00, 0x00, 0x00, 0x00, 0x00, 0x00, 0x00, 0x00,
  0x00, 0x00, 0x00, 0x00, 0x00, 0x00, 0x00, 0x00, 0x00, 0x00, 0x00, 0x00,
  0x00, 0x00, 0x00, 0x00, 0x00, 0x00, 0x00, 0x00, 0x00, 0x00, 0x00, 0x00,
  0x00, 0x00, 0x00, 0x00, 0x00, 0x00, 0x00, 0x00, 0x00, 0x00, 0x00, 0x00,
  0x00, 0x00, 0x00, 0x00, 0x00, 0x00, 0x00, 0x00, 0x00, 0x00, 0x00, 0x00,
  0x00, 0x00, 0x00, 0x00, 0x00, 0x00, 0x00, 0x00, 0x00, 0x00, 0x00, 0x00,
  0x00, 0x00, 0x00, 0x00, 0x00, 0x00, 0x00, 0x00, 0x00, 0x00, 0x00, 0x00,
  0x00, 0x00, 0x00, 0x00, 0x00, 0x00, 0x00, 0x00, 0x00, 0x00, 0x00, 0x00,
  0x00, 0x00, 0x00, 0x00, 0x00, 0x00, 0x00, 0x00, 0x00, 0x00, 0x00, 0x00,
  0x00, 0x00, 0x00, 0x00, 0x00, 0x00, 0x00, 0x00, 0x00, 0x00, 0x00, 0x00,
  0x00, 0x00, 0x00, 0x00, 0x00, 0x00, 0x00, 0x00, 0x00, 0x00, 0x00, 0x00,
  0x00, 0x00, 0x00, 0x00, 0x00, 0x00, 0x00, 0x00, 0x00, 0x00, 0x00, 0x00,
  0x00, 0x00, 0x00, 0x00, 0x00, 0x00, 0x00, 0x00, 0x00, 0x00, 0x00, 0x00,
  0x00, 0x00, 0x00, 0x00, 0x00, 0x00, 0x00, 0x00, 0x00, 0x00, 0x00, 0x00,
  0x00, 0x00, 0x00, 0x00, 0x00, 0x00, 0x00, 0x00, 0x00, 0x00, 0x00, 0x00,
  0x00, 0x00, 0x00, 0x00, 0x00, 0x00, 0x00, 0x00, 0x00, 0x00, 0x00, 0x00,
  0x00, 0x00, 0x00, 0x00, 0x00, 0x00, 0x00, 0x00, 0x00, 0x00, 0x00, 0x00,
  0x00, 0x00, 0x00, 0x00, 0x00, 0x00, 0x00, 0x00, 0x00, 0x00, 0x00, 0x00,
  0x00, 0x00, 0x00, 0x00, 0x00, 0x00, 0x00, 0x00, 0x00, 0x00, 0x00, 0x00,
  0x00, 0x00, 0x00, 0x00, 0x00, 0x00, 0x00, 0x00, 0x00, 0x00, 0x00, 0x00,
  0x00, 0x00, 0x00, 0x00, 0x00, 0x00, 0x00, 0x00, 0x00, 0x00, 0x00, 0x00,
  0x00, 0x00, 0x00, 0x00, 0x00, 0x00, 0x00, 0x00, 0x00, 0x00, 0x00, 0x00,
  0x00, 0x00, 0x00, 0x00, 0x00, 0x00, 0x00, 0x00, 0x00, 0x00, 0x00, 0x00,
  0x00, 0x00, 0x00, 0x00, 0x00, 0x00, 0x00, 0x00, 0x00, 0x00, 0x00, 0x00,
  0x00, 0x00, 0x00, 0x00, 0x00, 0x00, 0x00, 0x00, 0x00, 0x00, 0x00, 0x00,
  0x00, 0x00, 0x00, 0x00, 0x00, 0x00, 0x00, 0x00, 0x00, 0x00, 0x00, 0x00,
  0x00, 0x00, 0x00, 0x00, 0x00, 0x00, 0x00, 0x00, 0x00, 0x00, 0x00, 0x00,
  0x00, 0x00, 0x00, 0x00, 0x00, 0x00, 0x00, 0x00, 0x00, 0x00, 0x00, 0x00,
  0x00, 0x00, 0x00, 0x00, 0x00, 0x00, 0x00, 0x00, 0x00, 0x00, 0x00, 0x00,
  0x00, 0x00, 0x00, 0x00, 0x00, 0x00, 0x00, 0x00, 0x00, 0x00, 0x00, 0x00,
  0x00, 0x00, 0x00, 0x00, 0x00, 0x00, 0x00, 0x00, 0x00, 0x00, 0x00, 0x00,
  0x00, 0x00, 0x00, 0x00, 0x00, 0x00, 0x00, 0x00, 0x00, 0x00, 0x00, 0x00,
  0x00, 0x00, 0x00, 0x00, 0x00, 0x00, 0x00, 0x00, 0x00, 0x00, 0x00, 0x00,
  0x00, 0x00, 0x00, 0x00, 0x00, 0x00, 0x00, 0x00, 0x00, 0x00, 0x00, 0x00,
  0x00, 0x00, 0x00, 0x00, 0x00, 0x00, 0x00, 0x00, 0x00, 0x00, 0x00, 0x00,
  0x00, 0x00, 0x00, 0x00, 0x00, 0x00, 0x00, 0x00, 0x00, 0x00, 0x00, 0x00,
  0x00, 0x00, 0x00, 0x00, 0x00, 0x00, 0x00, 0x00, 0x00, 0x00, 0x00, 0x00,
  0x00, 0x00, 0x00, 0x00, 0x00, 0x00, 0x00, 0x00, 0x00, 0x00, 0x00, 0x00,
  0x00, 0x00, 0x00, 0x00, 0x00, 0x00, 0x00, 0x00, 0x00, 0x00, 0x00, 0x00,
  0x00, 0x00, 0x00, 0x00, 0x00, 0x00, 0x00, 0x00, 0x00, 0x00, 0x00, 0x00,
  0x00, 0x00, 0x00, 0x00, 0x00, 0x00, 0x00, 0x00, 0x00, 0x00, 0x00, 0x00,
  0x00, 0x00, 0x00, 0x00, 0x00, 0x00, 0x00, 0x00, 0x00, 0x00, 0x00, 0x00,
  0x00, 0x00, 0x00, 0x00, 0x00, 0x00, 0x00, 0x00, 0x00, 0x00, 0x00, 0x00,
  0x00, 0x00, 0x00, 0x00, 0x00, 0x00, 0x00, 0x00, 0x00, 0x00, 0x00, 0x00,
  0x00, 0x00, 0x00, 0x00, 0x00, 0x00, 0x00, 0x00, 0x00, 0x00, 0x00, 0x00,
  0x00, 0x00, 0x00, 0x00, 0x00, 0x00, 0x00, 0x00, 0x00, 0x00, 0x00, 0x00,
  0x00, 0x00, 0x00, 0x00, 0x00, 0x00, 0x00, 0x00, 0x00, 0x00, 0x00, 0x00,
  0x00, 0x00, 0x00, 0x00, 0x00, 0x00, 0x00, 0x00, 0x00, 0x00, 0x00, 0x00,
  0x00, 0x00, 0x00, 0x00, 0x00, 0x00, 0x00, 0x00, 0x00, 0x00, 0x00, 0x00,
  0x00, 0x00, 0x00, 0x00, 0x00, 0x00, 0x00, 0x00, 0x00, 0x00, 0x00, 0x00,
  0x00, 0x00, 0x00, 0x00, 0x00, 0x00, 0x00, 0x00, 0x00, 0x00, 0x00, 0x00,
  0x00, 0x00, 0x00, 0x00, 0x00, 0x00, 0x00, 0x00, 0x00, 0x00, 0x00, 0x00,
  0x00, 0x00, 0x00, 0x00, 0x00, 0x00, 0x00, 0x00, 0x00, 0x00, 0x00, 0x00,
  0x00, 0x00, 0x00, 0x00, 0x00, 0x00, 0x00, 0x00, 0x00, 0x00, 0x00, 0x00,
  0x00, 0x00, 0x00, 0x00, 0x00, 0x00, 0x00, 0x00, 0x00, 0x00, 0x00, 0x00,
  0x00, 0x00, 0x00, 0x00, 0x00, 0x00, 0x00, 0x00, 0x00, 0x00, 0x00, 0x00,
  0x00, 0x00, 0x00, 0x00, 0x00, 0x00, 0x00, 0x00, 0x00, 0x00, 0x00, 0x00,
  0x00, 0x00, 0x00, 0x00, 0x00, 0x00, 0x00, 0x00, 0x00, 0x00, 0x00, 0x00,
  0x00, 0x00, 0x00, 0x00, 0x00, 0x00, 0x00, 0x00, 0x00, 0x00, 0x00, 0x00,
  0x00, 0x00, 0x00, 0x00, 0x00, 0x00, 0x00, 0x00, 0x00, 0x00, 0x00, 0x00,
  0x00, 0x00, 0x00, 0x00, 0x00, 0x00, 0x00, 0x00, 0x00, 0x00, 0x00, 0x00,
  0x00, 0x00, 0x00, 0x00, 0x00, 0x00, 0x00, 0x00, 0x00, 0x00, 0x00, 0x00,
  0x00, 0x00, 0x00, 0x00, 0x00, 0x00, 0x00, 0x00, 0x00, 0x00, 0x00, 0x00,
  0x00, 0x00, 0x00, 0x00, 0x00, 0x00, 0x00, 0x00, 0x00, 0x00, 0x00, 0x00,
  0x00, 0x00, 0x00, 0x00, 0x00, 0x00, 0x00, 0x00, 0x00, 0x00, 0x00, 0x00,
  0x00, 0x00, 0x00, 0x00, 0x00, 0x00, 0x00, 0x00, 0x00, 0x00, 0x00, 0x00,
  0x00, 0x00, 0x00, 0x00, 0x00, 0x00, 0x00, 0x00, 0x00, 0x00, 0x00, 0x00,
  0x00, 0x00, 0x00, 0x00, 0x00, 0x00, 0x00, 0x00, 0x00, 0x00, 0x00, 0x00,
  0x00, 0x00, 0x00, 0x00, 0x00, 0x00, 0x00, 0x00, 0x00, 0x00, 0x00, 0x00,
  0x00, 0x00, 0x00, 0x00, 0x00, 0x00, 0x00, 0x00, 0x00, 0x00, 0x00, 0x00,
  0x00, 0x00, 0x00, 0x00, 0x00, 0x00, 0x00, 0x00, 0x00, 0x00, 0x00, 0x00,
  0x00, 0x00, 0x00, 0x00, 0x00, 0x00, 0x00, 0x00, 0x00, 0x00, 0x00, 0x00,
  0x00, 0x00, 0x00, 0x00, 0x00, 0x00, 0x00, 0x00, 0x00, 0x00, 0x00, 0x00,
  0x00, 0x00, 0x00, 0x00, 0x00, 0x00, 0x00, 0x00, 0x00, 0x00, 0x00, 0x00,
  0x00, 0x00, 0x00, 0x00, 0x00, 0x00, 0x00, 0x00, 0x00, 0x00, 0x00, 0x00,
  0x00, 0x00, 0x00, 0x00, 0x00, 0x00, 0x00, 0x00, 0x00, 0x00, 0x00, 0x00,
  0x00, 0x00, 0x00, 0x00, 0x00, 0x00, 0x00, 0x00, 0x00, 0x00, 0x00, 0x00,
  0x00, 0x00, 0x00, 0x00, 0x00, 0x00, 0x00, 0x00, 0x00, 0x00, 0x00, 0x00,
  0x00, 0x00, 0x00, 0x00, 0x00, 0x00, 0x00, 0x00, 0x00, 0x00, 0x00, 0x00,
  0x00, 0x00, 0x00, 0x00, 0x00, 0x00, 0x00, 0x00, 0x00, 0x00, 0x00, 0x00,
  0x00, 0x00, 0x00, 0x00, 0x00, 0x00, 0x00, 0x00, 0x00, 0x00, 0x00, 0x00,
  0x00, 0x00, 0x00, 0x00, 0x00, 0x00, 0x00, 0x00, 0x00, 0x00, 0x00, 0x00,
  0x00, 0x00, 0x00, 0x00, 0x00, 0x00, 0x00, 0x00, 0x00, 0x00, 0x00, 0x00,
  0x00, 0x00, 0x00, 0x00, 0x00, 0x00, 0x00, 0x00, 0x00, 0x00, 0x00, 0x00,
  0x00, 0x00, 0x00, 0x00, 0x00, 0x00, 0x00, 0x00, 0x00, 0x00, 0x00, 0x00,
  0x00, 0x00, 0x00, 0x00, 0x00, 0x00, 0x00, 0x00, 0x00, 0x00, 0x00, 0x00,
  0x00, 0x00, 0x00, 0x00, 0x00, 0x00, 0x00, 0x00, 0x00, 0x00, 0x00, 0x00,
  0x00, 0x00, 0x00, 0x00, 0x00, 0x00, 0x00, 0x00, 0x00, 0x00, 0x00, 0x00,
  0x00, 0x00, 0x00, 0x00, 0x00, 0x00, 0x00, 0x00, 0x00, 0x00, 0x00, 0x00,
  0x00, 0x00, 0x00, 0x00, 0x00, 0x00, 0x00, 0x00, 0x00, 0x00, 0x00, 0x00,
  0x00, 0x00, 0x00, 0x00, 0x00, 0x00, 0x00, 0x00, 0x00, 0x00, 0x00, 0x00,
  0x00, 0x00, 0x00, 0x00, 0x00, 0x00, 0x00, 0x00, 0x00, 0x00, 0x00, 0x00,
  0x00, 0x00, 0x00, 0x00, 0x00, 0x00, 0x00, 0x00, 0x00, 0x00, 0x00, 0x00,
  0x00, 0x00, 0x00, 0x00, 0x00, 0x00, 0x00, 0x00, 0x00, 0x00, 0x00, 0x00,
  0x00, 0x00, 0x00, 0x00, 0x00, 0x00, 0x00, 0x00, 0x00, 0x00, 0x00, 0x00,
  0x00, 0x00, 0x00, 0x00, 0x00, 0x00, 0x00, 0x00, 0x00, 0x00, 0x00, 0x00,
  0x00, 0x00, 0x00, 0x00, 0x00, 0x00, 0x00, 0x00, 0x00, 0x00, 0x00, 0x00,
  0x00, 0x00, 0x00, 0x00, 0x00, 0x00, 0x00, 0x00, 0x00, 0x00, 0x00, 0x00,
  0x00, 0x00, 0x00, 0x00, 0x00, 0x00, 0x00, 0x00, 0x00, 0x00, 0x00, 0x00,
  0x00, 0x00, 0x00, 0x00, 0x00, 0x00, 0x00, 0x00, 0x00, 0x00, 0x00, 0x00,
  0x00, 0x00, 0x00, 0x00, 0x00, 0x00, 0x00, 0x00, 0x00, 0x00, 0x00, 0x00,
  0x00, 0x00, 0x00, 0x00, 0x00, 0x00, 0x00, 0x00, 0x00, 0x00, 0x00, 0x00,
  0x00, 0x00, 0x00, 0x00, 0x00, 0x00, 0x00, 0x00, 0x00, 0x00, 0x00, 0x00,
  0x00, 0x00, 0x00, 0x00, 0x00, 0x00, 0x00, 0x00, 0x00, 0x00, 0x00, 0x00,
  0x00, 0x00, 0x00, 0x00, 0x00, 0x00, 0x00, 0x00, 0x00, 0x00, 0x00, 0x00,
  0x00, 0x00, 0x00, 0x00, 0x00, 0x00, 0x00, 0x00, 0x00, 0x00, 0x00, 0x00,
  0x00, 0x00, 0x00, 0x00, 0x00, 0x00, 0x00, 0x00, 0x00, 0x00, 0x00, 0x00,
  0x00, 0x00, 0x00, 0x00, 0x00, 0x00, 0x00, 0x00, 0x00, 0x00, 0x00, 0x00,
  0x00, 0x00, 0x00, 0x00, 0x00, 0x00, 0x00, 0x00, 0x00, 0x00, 0x00, 0x00,
  0x00, 0x00, 0x00, 0x00, 0x00, 0x00, 0x00, 0x00, 0x00, 0x00, 0x00, 0x00,
  0x00, 0x00, 0x00, 0x00, 0x00, 0x00, 0x00, 0x00, 0x00, 0x00, 0x00, 0x00,
  0x00, 0x00, 0x00, 0x00, 0x00, 0x00, 0x00, 0x00, 0x00, 0x00, 0x00, 0x00,
  0x00, 0x00, 0x00, 0x00, 0x00, 0x00, 0x00, 0x00, 0x00, 0x00, 0x00, 0x00,
  0x00, 0x00, 0x00, 0x00, 0x00, 0x00, 0x00, 0x00, 0x00, 0x00, 0x00, 0x00,
  0x00, 0x00, 0x00, 0x00, 0x00, 0x00, 0x00, 0x00, 0x00, 0x00, 0x00, 0x00,
  0x00, 0x00, 0x00, 0x00, 0x00, 0x00, 0x00, 0x00, 0x00, 0x00, 0x00, 0x00,
  0x00, 0x00, 0x00, 0x00, 0x00, 0x00, 0x00, 0x00, 0x00, 0x00, 0x00, 0x00,
  0x00, 0x00, 0x00, 0x00, 0x00, 0x00, 0x00, 0x00, 0x00, 0x00, 0x00, 0x00,
  0x00, 0x00, 0x00, 0x00, 0x00, 0x00, 0x00, 0x00, 0x00, 0x00, 0x00, 0x00,
  0x00, 0x00, 0x00, 0x00, 0x00, 0x00, 0x00, 0x00, 0x00, 0x00, 0x00, 0x00,
  0x00, 0x00, 0x00, 0x00, 0x00, 0x00, 0x00, 0x00, 0x00, 0x00, 0x00, 0x00,
  0x00, 0x00, 0x00, 0x00, 0x00, 0x00, 0x00, 0x00, 0x00, 0x00, 0x00, 0x00,
  0x00, 0x00, 0x00, 0x00, 0x00, 0x00, 0x00, 0x00, 0x00, 0x00, 0x00, 0x00,
  0x00, 0x00, 0x00, 0x00, 0x00, 0x00, 0x00, 0x00, 0x00, 0x00, 0x00, 0x00,
  0x00, 0x00, 0x00, 0x00, 0x00, 0x00, 0x00, 0x00, 0x00, 0x00, 0x00, 0x00,
  0x00, 0x00, 0x00, 0x00, 0x00, 0x00, 0x00, 0x00, 0x00, 0x00, 0x00, 0x00,
  0x00, 0x00, 0x00, 0x00, 0x00, 0x00, 0x00, 0x00, 0x00, 0x00, 0x00, 0x00,
  0x00, 0x00, 0x00, 0x00, 0x00, 0x00, 0x00, 0x00, 0x00, 0x00, 0x00, 0x00,
  0x00, 0x00, 0x00, 0x00, 0x00, 0x00, 0x00, 0x00, 0x00, 0x00, 0x00, 0x00,
  0x00, 0x00, 0x00, 0x00, 0x00, 0x00, 0x00, 0x00, 0x00, 0x00, 0x00, 0x00,
  0x00, 0x00, 0x00, 0x00, 0x00, 0x00, 0x00, 0x00, 0x00, 0x00, 0x00, 0x00,
  0x00, 0x00, 0x00, 0x00, 0x00, 0x00, 0x00, 0x00, 0x00, 0x00, 0x00, 0x00,
  0x00, 0x00, 0x00, 0x00, 0x00, 0x00, 0x00, 0x00, 0x00, 0x00, 0x00, 0x00,
  0x00, 0x00, 0x00, 0x00, 0x00, 0x00, 0x00, 0x00, 0x00, 0x00, 0x00, 0x00,
  0x00, 0x00, 0x00, 0x00, 0x00, 0x00, 0x00, 0x00, 0x00, 0x00, 0x00, 0x00,
  0x00, 0x00, 0x00, 0x00, 0x00, 0x00, 0x00, 0x00, 0x00, 0x00, 0x00, 0x00,
  0x00, 0x00, 0x00, 0x00, 0x00, 0x00, 0x00, 0x00, 0x00, 0x00, 0x00, 0x00,
  0x00, 0x00, 0x00, 0x00, 0x00, 0x00, 0x00, 0x00, 0x00, 0x00, 0x00, 0x00,
  0x00, 0x00, 0x00, 0x00, 0x00, 0x00, 0x00, 0x00, 0x00, 0x00, 0x00, 0x00,
  0x00, 0x00, 0x00, 0x00, 0x00, 0x00, 0x00, 0x00, 0x00, 0x00, 0x00, 0x00,
  0x00, 0x00, 0x00, 0x00, 0x00, 0x00, 0x00, 0x00, 0x00, 0x00, 0x00, 0x00,
  0x00, 0x00, 0x00, 0x00, 0x00, 0x00, 0x00, 0x00, 0x00, 0x00, 0x00, 0x00,
  0x00, 0x00, 0x00, 0x00, 0x00, 0x00, 0x00, 0x00, 0x00, 0x00, 0x00, 0x00,
  0x00, 0x00, 0x00, 0x00, 0x00, 0x00, 0x00, 0x00, 0x00, 0x00, 0x00, 0x00,
  0x00, 0x00, 0x00, 0x00, 0x00, 0x00, 0x00, 0x00, 0x00, 0x00, 0x00, 0x00,
  0x00, 0x00, 0x00, 0x00, 0x00, 0x00, 0x00, 0x00, 0x00, 0x00, 0x00, 0x00,
  0x00, 0x00, 0x00, 0x00, 0x00, 0x00, 0x00, 0x00, 0x00, 0x00, 0x00, 0x00,
  0x00, 0x00, 0x00, 0x00, 0x00, 0x00, 0x00, 0x00, 0x00, 0x00, 0x00, 0x00,
  0x00, 0x00, 0x00, 0x00, 0x00, 0x00, 0x00, 0x00, 0x00, 0x00, 0x00, 0x00,
  0x00, 0x00, 0x00, 0x00, 0x00, 0x00, 0x00, 0x00, 0x00, 0x00, 0x00, 0x00,
  0x00, 0x00, 0x00, 0x00, 0x00, 0x00, 0x00, 0x00, 0x00, 0x00, 0x00, 0x00,
  0x00, 0x00, 0x00, 0x00, 0x00, 0x00, 0x00, 0x00, 0x00, 0x00, 0x00, 0x00,
  0x00, 0x00, 0x00, 0x00, 0x00, 0x00, 0x00, 0x00, 0x00, 0x00, 0x00, 0x00,
  0x00, 0x00, 0x00, 0x00, 0x00, 0x00, 0x00, 0x00, 0x00, 0x00, 0x00, 0x00,
  0x00, 0x00, 0x00, 0x00, 0x00, 0x00, 0x00, 0x00, 0x00, 0x00, 0x00, 0x00,
  0x00, 0x00, 0x00, 0x00, 0x00, 0x00, 0x00, 0x00, 0x00, 0x00, 0x00, 0x00,
  0x00, 0x00, 0x00, 0x00, 0x00, 0x00, 0x00, 0x00, 0x00, 0x00, 0x00, 0x00,
  0x00, 0x00, 0x00, 0x00, 0x00, 0x00, 0x00, 0x00, 0x00, 0x00, 0x00, 0x00,
  0x00, 0x00, 0x00, 0x00, 0x00, 0x00, 0x00, 0x00, 0x00, 0x00, 0x00, 0x00,
  0x00, 0x00, 0x00, 0x00, 0x00, 0x00, 0x00, 0x00, 0x00, 0x00, 0x00, 0x00,
  0x00, 0x00, 0x00, 0x00, 0x00, 0x00, 0x00, 0x00, 0x00, 0x00, 0x00, 0x00,
  0x00, 0x00, 0x00, 0x00, 0x00, 0x00, 0x00, 0x00, 0x00, 0x00, 0x00, 0x00,
  0x00, 0x00, 0x00, 0x00, 0x00, 0x00, 0x00, 0x00, 0x00, 0x00, 0x00, 0x00,
  0x00, 0x00, 0x00, 0x00, 0x00, 0x00, 0x00, 0x00, 0x00, 0x00, 0x00, 0x00,
  0x00, 0x00, 0x00, 0x00, 0x00, 0x00, 0x00, 0x00, 0x00, 0x00, 0x00, 0x00,
  0x00, 0x00, 0x00, 0x00, 0x00, 0x00, 0x00, 0x00, 0x00, 0x00, 0x00, 0x00,
  0x00, 0x00, 0x00, 0x00, 0x00, 0x00, 0x00, 0x00, 0x00, 0x00, 0x00, 0x00,
  0x00, 0x00, 0x00, 0x00, 0x00, 0x00, 0x00, 0x00, 0x00, 0x00, 0x00, 0x00,
  0x00, 0x00, 0x00, 0x00, 0x00, 0x00, 0x00, 0x00, 0x00, 0x00, 0x00, 0x00,
  0x00, 0x00, 0x00, 0x00, 0x00, 0x00, 0x00, 0x00, 0x00, 0x00, 0x00, 0x00,
  0x00, 0x00, 0x00, 0x00, 0x00, 0x00, 0x00, 0x00, 0x00, 0x00, 0x00, 0x00,
  0x00, 0x00, 0x00, 0x00, 0x00, 0x00, 0x00, 0x00, 0x00, 0x00, 0x00, 0x00,
  0x00, 0x00, 0x00, 0x00, 0x00, 0x00, 0x00, 0x00, 0x00, 0x00, 0x00, 0x00,
  0x00, 0x00, 0x00, 0x00, 0x00, 0x00, 0x00, 0x00, 0x00, 0x00, 0x00, 0x00,
  0x00, 0x00, 0x00, 0x00, 0x00, 0x00, 0x00, 0x00, 0x00, 0x00, 0x00, 0x00,
  0x00, 0x00, 0x00, 0x00, 0x00, 0x00, 0x00, 0x00, 0x00, 0x00, 0x00, 0x00,
  0x00, 0x00, 0x00, 0x00, 0x00, 0x00, 0x00, 0x00, 0x00, 0x00, 0x00, 0x00,
  0x00, 0x00, 0x00, 0x00, 0x00, 0x00, 0x00, 0x00, 0x00, 0x00, 0x00, 0x00,
  0x00, 0x00, 0x00, 0x00, 0x00, 0x00, 0x00, 0x00, 0x00, 0x00, 0x00, 0x00,
  0x00, 0x00, 0x00, 0x00, 0x00, 0x00, 0x00, 0x00, 0x00, 0x00, 0x00, 0x00,
  0x00, 0x00, 0x00, 0x00, 0x00, 0x00, 0x00, 0x00, 0x00, 0x00, 0x00, 0x00,
  0x00, 0x00, 0x00, 0x00, 0x00, 0x00, 0x00, 0x00, 0x00, 0x00, 0x00, 0x00,
  0x00, 0x00, 0x00, 0x00, 0x00, 0x00, 0x00, 0x00, 0x00, 0x00, 0x00, 0x00,
  0x00, 0x00, 0x00, 0x00, 0x00, 0x00, 0x00, 0x00, 0x00, 0x00, 0x00, 0x00,
  0x00, 0x00, 0x00, 0x00, 0x00, 0x00, 0x00, 0x00, 0x00, 0x00, 0x00, 0x00,
  0x00, 0x00, 0x00, 0x00, 0x00, 0x00, 0x00, 0x00, 0x00, 0x00, 0x00, 0x00,
  0x00, 0x00, 0x00, 0x00, 0x00, 0x00, 0x00, 0x00, 0x00, 0x00, 0x00, 0x00,
  0x00, 0x00, 0x00, 0x00, 0x00, 0x00, 0x00, 0x00, 0x00, 0x00, 0x00, 0x00,
  0x00, 0x00, 0x00, 0x00, 0x00, 0x00, 0x00, 0x00, 0x00, 0x00, 0x00, 0x00,
  0x00, 0x00, 0x00, 0x00, 0x00, 0x00, 0x00, 0x00, 0x00, 0x00, 0x00, 0x00,
  0x00, 0x00, 0x00, 0x00, 0x00, 0x00, 0x00, 0x00, 0x00, 0x00, 0x00, 0x00,
  0x00, 0x00, 0x00, 0x00, 0x00, 0x00, 0x00, 0x00, 0x00, 0x00, 0x00, 0x00,
  0x00, 0x00, 0x00, 0x00, 0x00, 0x00, 0x00, 0x00, 0x00, 0x00, 0x00, 0x00,
  0x00, 0x00, 0x00, 0x00, 0x00, 0x00, 0x00, 0x00, 0x00, 0x00, 0x00, 0x00,
  0x00, 0x00, 0x00, 0x00, 0x00, 0x00, 0x00, 0x00, 0x00, 0x00, 0x00, 0x00,
  0x00, 0x00, 0x00, 0x00, 0x00, 0x00, 0x00, 0x00, 0x00, 0x00, 0x00, 0x00,
  0x00, 0x00, 0x00, 0x00, 0x00, 0x00, 0x00, 0x00, 0x00, 0x00, 0x00, 0x00,
  0x00, 0x00, 0x00, 0x00, 0x00, 0x00, 0x00, 0x00, 0x00, 0x00, 0x00, 0x00,
  0x00, 0x00, 0x00, 0x00, 0x00, 0x00, 0x00, 0x00, 0x00, 0x00, 0x00, 0x00,
  0x00, 0x00, 0x00, 0x00, 0x00, 0x00, 0x00, 0x00, 0x00, 0x00, 0x00, 0x00,
  0x00, 0x00, 0x00, 0x00, 0x00, 0x00, 0x00, 0x00, 0x00, 0x00, 0x00, 0x00,
  0x00, 0x00, 0x00, 0x00, 0x00, 0x00, 0x00, 0x00, 0x00, 0x00, 0x00, 0x00,
  0x00, 0x00, 0x00, 0x00, 0x00, 0x00, 0x00, 0x00, 0x00, 0x00, 0x00, 0x00,
  0x00, 0x00, 0x00, 0x00, 0x00, 0x00, 0x00, 0x00, 0x00, 0x00, 0x00, 0x00,
  0x00, 0x00, 0x00, 0x00, 0x00, 0x00, 0x00, 0x00, 0x00, 0x00, 0x00, 0x00,
  0x00, 0x00, 0x00, 0x00, 0x00, 0x00, 0x00, 0x00, 0x00, 0x00, 0x00, 0x00,
  0x00, 0x00, 0x00, 0x00, 0x00, 0x00, 0x00, 0x00, 0x00, 0x00, 0x00, 0x00,
  0x00, 0x00, 0x00, 0x00, 0x00, 0x00, 0x00, 0x00, 0x00, 0x00, 0x00, 0x00,
  0x00, 0x00, 0x00, 0x00, 0x00, 0x00, 0x00, 0x00, 0x00, 0x00, 0x00, 0x00,
  0x00, 0x00, 0x00, 0x00, 0x00, 0x00, 0x00, 0x00, 0x00, 0x00, 0x00, 0x00,
  0x00, 0x00, 0x00, 0x00, 0x00, 0x00, 0x00, 0x00, 0x00, 0x00, 0x00, 0x00,
  0x00, 0x00, 0x00, 0x00, 0x00, 0x00, 0x00, 0x00, 0x00, 0x00, 0x00, 0x00,
  0x00, 0x00, 0x00, 0x00, 0x00, 0x00, 0x00, 0x00, 0x00, 0x00, 0x00, 0x00,
  0x00, 0x00, 0x00, 0x00, 0x00, 0x00, 0x00, 0x00, 0x00, 0x00, 0x00, 0x00,
  0x00, 0x00, 0x00, 0x00, 0x00, 0x00, 0x00, 0x00, 0x00, 0x00, 0x00, 0x00,
  0x00, 0x00, 0x00, 0x00, 0x00, 0x00, 0x00, 0x00, 0x00, 0x00, 0x00, 0x00,
  0x00, 0x00, 0x00, 0x00, 0x00, 0x00, 0x00, 0x00, 0x00, 0x00, 0x00, 0x00,
  0x00, 0x00, 0x00, 0x00, 0x00, 0x00, 0x00, 0x00, 0x00, 0x00, 0x00, 0x00,
  0x00, 0x00, 0x00, 0x00, 0x00, 0x00, 0x00, 0x00, 0x00, 0x00, 0x00, 0x00,
  0x00, 0x00, 0x00, 0x00, 0x00, 0x00, 0x00, 0x00, 0x00, 0x00, 0x00, 0x00,
  0x00, 0x00, 0x00, 0x00, 0x00, 0x00, 0x00, 0x00, 0x00, 0x00, 0x00, 0x00,
  0x00, 0x00, 0x00, 0x00, 0x00, 0x00, 0x00, 0x00, 0x00, 0x00, 0x00, 0x00,
  0x00, 0x00, 0x00, 0x00, 0x00, 0x00, 0x00, 0x00, 0x00, 0x00, 0x00, 0x00,
  0x00, 0x00, 0x00, 0x00, 0x00, 0x00, 0x00, 0x00, 0x00, 0x00, 0x00, 0x00,
  0x00, 0x00, 0x00, 0x00, 0x00, 0x00, 0x00, 0x00, 0x00, 0x00, 0x00, 0x00,
  0x00, 0x00, 0x00, 0x00, 0x00, 0x00, 0x00, 0x00, 0x00, 0x00, 0x00, 0x00,
  0x00, 0x00, 0x00, 0x00, 0x00, 0x00, 0x00, 0x00, 0x00, 0x00, 0x00, 0x00,
  0x00, 0x00, 0x00, 0x00, 0x00, 0x00, 0x00, 0x00, 0x00, 0x00, 0x00, 0x00,
  0x00, 0x00, 0x00, 0x00, 0x00, 0x00, 0x00, 0x00, 0x00, 0x00, 0x00, 0x00,
  0x00, 0x00, 0x00, 0x00, 0x00, 0x00, 0x00, 0x00, 0x00, 0x00, 0x00, 0x00,
  0x00, 0x00, 0x00, 0x00, 0x00, 0x00, 0x00, 0x00, 0x00, 0x00, 0x00, 0x00,
  0x00, 0x00, 0x00, 0x00, 0x00, 0x00, 0x00, 0x00, 0x00, 0x00, 0x00, 0x00,
  0x00, 0x00, 0x00, 0x00, 0x00, 0x00, 0x00, 0x00, 0x00, 0x00, 0x00, 0x00,
  0x00, 0x00, 0x00, 0x00, 0x00, 0x00, 0x00, 0x00, 0x00, 0x00, 0x00, 0x00,
  0x00, 0x00, 0x00, 0x00, 0x00, 0x00, 0x00, 0x00, 0x00, 0x00, 0x00, 0x00,
  0x00, 0x00, 0x00, 0x00, 0x00, 0x00, 0x00, 0x00, 0x00, 0x00, 0x00, 0x00,
  0x00, 0x00, 0x00, 0x00, 0x00, 0x00, 0x00, 0x00, 0x00, 0x00, 0x00, 0x00,
  0x00, 0x00, 0x00, 0x00, 0x00, 0x00, 0x00, 0x00, 0x00, 0x00, 0x00, 0x00,
  0x00, 0x00, 0x00, 0x00, 0x00, 0x00, 0x00, 0x00, 0x00, 0x00, 0x00, 0x00,
  0x00, 0x00, 0x00, 0x00, 0x00, 0x00, 0x00, 0x00, 0x00, 0x00, 0x00, 0x00,
  0x00, 0x00, 0x00, 0x00, 0x00, 0x00, 0x00, 0x00, 0x00, 0x00, 0x00, 0x00,
  0x00, 0x00, 0x00, 0x00, 0x00, 0x00, 0x00, 0x00, 0x00, 0x00, 0x00, 0x00,
  0x00, 0x00, 0x00, 0x00, 0x00, 0x00, 0x00, 0x00, 0x00, 0x00, 0x00, 0x00,
  0x00, 0x00, 0x00, 0x00, 0x00, 0x00, 0x00, 0x00, 0x00, 0x00, 0x00, 0x00,
  0x00, 0x00, 0x00, 0x00, 0x00, 0x00, 0x00, 0x00, 0x00, 0x00, 0x00, 0x00,
  0x00, 0x00, 0x00, 0x00, 0x00, 0x00, 0x00, 0x00, 0x00, 0x00, 0x00, 0x00,
  0x00, 0x00, 0x00, 0x00, 0x00, 0x00, 0x00, 0x00, 0x00, 0x00, 0x00, 0x00,
  0x00, 0x00, 0x00, 0x00, 0x00, 0x00, 0x00, 0x00, 0x00, 0x00, 0x00, 0x00,
  0x00, 0x00, 0x00, 0x00, 0x00, 0x00, 0x00, 0x00, 0x00, 0x00, 0x00, 0x00,
  0x00, 0x00, 0x00, 0x00, 0x00, 0x00, 0x00, 0x00, 0x00, 0x00, 0x00, 0x00,
  0x00, 0x00, 0x00, 0x00, 0x00, 0x00, 0x00, 0x00, 0x00, 0x00, 0x00, 0x00,
  0x00, 0x00, 0x00, 0x00, 0x00, 0x00, 0x00, 0x00, 0x00, 0x00, 0x00, 0x00,
  0x00, 0x00, 0x00, 0x00, 0x00, 0x00, 0x00, 0x00, 0x00, 0x00, 0x00, 0x00,
  0x00, 0x00, 0x00, 0x00, 0x00, 0x00, 0x00, 0x00, 0x00, 0x00, 0x00, 0x00,
  0x00, 0x00, 0x00, 0x00, 0x00, 0x00, 0x00, 0x00, 0x00, 0x00, 0x00, 0x00,
  0x00, 0x00, 0x00, 0x00, 0x00, 0x00, 0x00, 0x00, 0x00, 0x00, 0x00, 0x00,
  0x00, 0x00, 0x00, 0x00, 0x00, 0x00, 0x00, 0x00, 0x00, 0x00, 0x00, 0x00,
  0x00, 0x00, 0x00, 0x00, 0x00, 0x00, 0x00, 0x00, 0x00, 0x00, 0x00, 0x00,
  0x00, 0x00, 0x00, 0x00, 0x00, 0x00, 0x00, 0x00, 0x00, 0x00, 0x00, 0x00,
  0x00, 0x00, 0x00, 0x00, 0x00, 0x00, 0x00, 0x00, 0x00, 0x00, 0x00, 0x00,
  0x00, 0x00, 0x00, 0x00, 0x00, 0x00, 0x00, 0x00, 0x00, 0x00, 0x00, 0x00,
  0x00, 0x00, 0x00, 0x00, 0x00, 0x00, 0x00, 0x00, 0x00, 0x00, 0x00, 0x00,
  0x00, 0x00, 0x00, 0x00, 0x00, 0x00, 0x00, 0x00, 0x00, 0x00, 0x00, 0x00,
  0x00, 0x00, 0x00, 0x00, 0x00, 0x00, 0x00, 0x00, 0x00, 0x00, 0x00, 0x00,
  0x00, 0x00, 0x00, 0x00, 0x00, 0x00, 0x00, 0x00, 0x00, 0x00, 0x00, 0x00,
  0x00, 0x00, 0x00, 0x00, 0x00, 0x00, 0x00, 0x00, 0x00, 0x00, 0x00, 0x00,
  0x00, 0x00, 0x00, 0x00, 0x00, 0x00, 0x00, 0x00, 0x00, 0x00, 0x00, 0x00,
  0x00, 0x00, 0x00, 0x00, 0x00, 0x00, 0x00, 0x00, 0x00, 0x00, 0x00, 0x00,
  0x00, 0x00, 0x00, 0x00, 0x00, 0x00, 0x00, 0x00, 0x00, 0x00, 0x00, 0x00,
  0x00, 0x00, 0x00, 0x00, 0x00, 0x00, 0x00, 0x00, 0x00, 0x00, 0x00, 0x00,
  0x00, 0x00, 0x00, 0x00, 0x00, 0x00, 0x00, 0x00, 0x00, 0x00, 0x00, 0x00,
  0x00, 0x00, 0x00, 0x00, 0x00, 0x00, 0x00, 0x00, 0x00, 0x00, 0x00, 0x00,
  0x00, 0x00, 0x00, 0x00, 0x00, 0x00, 0x00, 0x00, 0x00, 0x00, 0x00, 0x00,
  0x00, 0x00, 0x00, 0x00, 0x00, 0x00, 0x00, 0x00, 0x00, 0x00, 0x00, 0x00,
  0x00, 0x00, 0x00, 0x00, 0x00, 0x00, 0x00, 0x00, 0x00, 0x00, 0x00, 0x00,
  0x00, 0x00, 0x00, 0x00, 0x00, 0x00, 0x00, 0x00, 0x00, 0x00, 0x00, 0x00,
  0x00, 0x00, 0x00, 0x00, 0x00, 0x00, 0x00, 0x00, 0x00, 0x00, 0x00, 0x00,
  0x00, 0x00, 0x00, 0x00, 0x00, 0x00, 0x00, 0x00, 0x00, 0x00, 0x00, 0x00,
  0x00, 0x00, 0x00, 0x00, 0x00, 0x00, 0x00, 0x00, 0x00, 0x00, 0x00, 0x00,
  0x00, 0x00, 0x00, 0x00, 0x00, 0x00, 0x00, 0x00, 0x00, 0x00, 0x00, 0x00,
  0x00, 0x00, 0x00, 0x00, 0x00, 0x00, 0x00, 0x00, 0x00, 0x00, 0x00, 0x00,
  0x00, 0x00, 0x00, 0x00, 0x00, 0x00, 0x00, 0x00, 0x00, 0x00, 0x00, 0x00,
  0x00, 0x00, 0x00, 0x00, 0x00, 0x00, 0x00, 0x00, 0x00, 0x00, 0x00, 0x00,
  0x00, 0x00, 0x00, 0x00, 0x00, 0x00, 0x00, 0x00, 0x00, 0x00, 0x00, 0x00,
  0x00, 0x00, 0x00, 0x00, 0x00, 0x00, 0x00, 0x00, 0x00, 0x00, 0x00, 0x00,
  0x00, 0x00, 0x00, 0x00, 0x00, 0x00, 0x00, 0x00, 0x00, 0x00, 0x00, 0x00,
  0x00, 0x00, 0x00, 0x00, 0x00, 0x00, 0x00, 0x00, 0x00, 0x00, 0x00, 0x00,
  0x00, 0x00, 0x00, 0x00, 0x00, 0x00, 0x00, 0x00, 0x00, 0x00, 0x00, 0x00,
  0x00, 0x00, 0x00, 0x00, 0x00, 0x00, 0x00, 0x00, 0x00, 0x00, 0x00, 0x00,
  0x00, 0x00, 0x00, 0x00, 0x00, 0x00, 0x00, 0x00, 0x00, 0x00, 0x00, 0x00,
  0x00, 0x00, 0x00, 0x00, 0x00, 0x00, 0x00, 0x00, 0x00, 0x00, 0x00, 0x00,
  0x00, 0x00, 0x00, 0x00, 0x00, 0x00, 0x00, 0x00, 0x00, 0x00, 0x00, 0x00,
  0x00, 0x00, 0x00, 0x00, 0x00, 0x00, 0x00, 0x00, 0x00, 0x00, 0x00, 0x00,
  0x00, 0x00, 0x00, 0x00, 0x00, 0x00, 0x00, 0x00, 0x00, 0x00, 0x00, 0x00,
  0x00, 0x00, 0x00, 0x00, 0x00, 0x00, 0x00, 0x00, 0x00, 0x00, 0x00, 0x00,
  0x00, 0x00, 0x00, 0x00, 0x00, 0x00, 0x00, 0x00, 0x00, 0x00, 0x00, 0x00,
  0x00, 0x00, 0x00, 0x00, 0x00, 0x00, 0x00, 0x00, 0x00, 0x00, 0x00, 0x00,
  0x00, 0x00, 0x00, 0x00, 0x00, 0x00, 0x00, 0x00, 0x00, 0x00, 0x00, 0x00,
  0x00, 0x00, 0x00, 0x00, 0x00, 0x00, 0x00, 0x00, 0x00, 0x00, 0x00, 0x00,
  0x00, 0x00, 0x00, 0x00, 0x00, 0x00, 0x00, 0x00, 0x00, 0x00, 0x00, 0x00,
  0x00, 0x00, 0x00, 0x00, 0x00, 0x00, 0x00, 0x00, 0x00, 0x00, 0x00, 0x00,
  0x00, 0x00, 0x00, 0x00, 0x00, 0x00, 0x00, 0x00, 0x00, 0x00, 0x00, 0x00,
  0x00, 0x00, 0x00, 0x00, 0x00, 0x00, 0x00, 0x00, 0x00, 0x00, 0x00, 0x00,
  0x00, 0x00, 0x00, 0x00, 0x00, 0x00, 0x00, 0x00, 0x00, 0x00, 0x00, 0x00,
  0x00, 0x00, 0x00, 0x00, 0x00, 0x00, 0x00, 0x00, 0x00, 0x00, 0x00, 0x00,
  0x00, 0x00, 0x00, 0x00, 0x00, 0x00, 0x00, 0x00, 0x00, 0x00, 0x00, 0x00,
  0x00, 0x00, 0x00, 0x00, 0x00, 0x00, 0x00, 0x00, 0x00, 0x00, 0x00, 0x00,
  0x00, 0x00, 0x00, 0x00, 0x00, 0x00, 0x00, 0x00, 0x00, 0x00, 0x00, 0x00,
  0x00, 0x00, 0x00, 0x00, 0x00, 0x00, 0x00, 0x00, 0x00, 0x00, 0x00, 0x00,
  0x00, 0x00, 0x00, 0x00, 0x00, 0x00, 0x00, 0x00, 0x00, 0x00, 0x00, 0x00,
  0x00, 0x00, 0x00, 0x00, 0x00, 0x00, 0x00, 0x00, 0x00, 0x00, 0x00, 0x00,
  0x00, 0x00, 0x00, 0x00, 0x00, 0x00, 0x00, 0x00, 0x00, 0x00, 0x00, 0x00,
  0x00, 0x00, 0x00, 0x00, 0x00, 0x00, 0x00, 0x00, 0x00, 0x00, 0x00, 0x00,
  0x00, 0x00, 0x00, 0x00, 0x00, 0x00, 0x00, 0x00, 0x00, 0x00, 0x00, 0x00,
  0x00, 0x00, 0x00, 0x00, 0x00, 0x00, 0x00, 0x00, 0x00, 0x00, 0x00, 0x00,
  0x00, 0x00, 0x00, 0x00, 0x00, 0x00, 0x00, 0x00, 0x00, 0x00, 0x00, 0x00,
  0x00, 0x00, 0x00, 0x00, 0x00, 0x00, 0x00, 0x00, 0x00, 0x00, 0x00, 0x00,
  0x00, 0x00, 0x00, 0x00, 0x00, 0x00, 0x00, 0x00, 0x00, 0x00, 0x00, 0x00,
  0x00, 0x00, 0x00, 0x00, 0x00, 0x00, 0x00, 0x00, 0x00, 0x00, 0x00, 0x00,
  0x00, 0x00, 0x00, 0x00, 0x00, 0x00, 0x00, 0x00, 0x00, 0x00, 0x00, 0x00,
  0x00, 0x00, 0x00, 0x00, 0x00, 0x00, 0x00, 0x00, 0x00, 0x00, 0x00, 0x00,
  0x00, 0x00, 0x00, 0x00, 0x00, 0x00, 0x00, 0x00, 0x00, 0x00, 0x00, 0x00,
  0x00, 0x00, 0x00, 0x00, 0x00, 0x00, 0x00, 0x00, 0x00, 0x00, 0x00, 0x00,
  0x00, 0x00, 0x00, 0x00, 0x00, 0x00, 0x00, 0x00, 0x00, 0x00, 0x00, 0x00,
  0x00, 0x00, 0x00, 0x00, 0x00, 0x00, 0x00, 0x00, 0x00, 0x00, 0x00, 0x00,
  0x00, 0x00, 0x00, 0x00, 0x00, 0x00, 0x00, 0x00, 0x00, 0x00, 0x00, 0x00,
  0x00, 0x00, 0x00, 0x00, 0x00, 0x00, 0x00, 0x00, 0x00, 0x00, 0x00, 0x00,
  0x00, 0x00, 0x00, 0x00, 0x00, 0x00, 0x00, 0x00, 0x00, 0x00, 0x00, 0x00,
  0x00, 0x00, 0x00, 0x00, 0x00, 0x00, 0x00, 0x00, 0x00, 0x00, 0x00, 0x00,
  0x00, 0x00, 0x00, 0x00, 0x00, 0x00, 0x00, 0x00, 0x00, 0x00, 0x00, 0x00,
  0x00, 0x00, 0x00, 0x00, 0x00, 0x00, 0x00, 0x00, 0x00, 0x00, 0x00, 0x00,
  0x00, 0x00, 0x00, 0x00, 0x00, 0x00, 0x00, 0x00, 0x00, 0x00, 0x00, 0x00,
  0x00, 0x00, 0x00, 0x00, 0x00, 0x00, 0x00, 0x00, 0x00, 0x00, 0x00, 0x00,
  0x00, 0x00, 0x00, 0x00, 0x00, 0x00, 0x00, 0x00, 0x00, 0x00, 0x00, 0x00,
  0x00, 0x00, 0x00, 0x00, 0x00, 0x00, 0x00, 0x00, 0x00, 0x00, 0x00, 0x00,
  0x00, 0x00, 0x00, 0x00, 0x00, 0x00, 0x00, 0x00, 0x00, 0x00, 0x00, 0x00,
  0x00, 0x00, 0x00, 0x00, 0x00, 0x00, 0x00, 0x00, 0x00, 0x00, 0x00, 0x00,
  0x00, 0x00, 0x00, 0x00, 0x00, 0x00, 0x00, 0x00, 0x00, 0x00, 0x00, 0x00,
  0x00, 0x00, 0x00, 0x00, 0x00, 0x00, 0x00, 0x00, 0x00, 0x00, 0x00, 0x00,
  0x00, 0x00, 0x00, 0x00, 0x00, 0x00, 0x00, 0x00, 0x00, 0x00, 0x00, 0x00,
  0x00, 0x00, 0x00, 0x00, 0x00, 0x00, 0x00, 0x00, 0x00, 0x00, 0x00, 0x00,
  0x00, 0x00, 0x00, 0x00, 0x00, 0x00, 0x00, 0x00, 0x00, 0x00, 0x00, 0x00,
  0x00, 0x00, 0x00, 0x00, 0x00, 0x00, 0x00, 0x00, 0x00, 0x00, 0x00, 0x00,
  0x00, 0x00, 0x00, 0x00, 0x00, 0x00, 0x00, 0x00, 0x00, 0x00, 0x00, 0x00,
  0x00, 0x00, 0x00, 0x00, 0x00, 0x00, 0x00, 0x00, 0x00, 0x00, 0x00, 0x00,
  0x00, 0x00, 0x00, 0x00, 0x00, 0x00, 0x00, 0x00, 0x00, 0x00, 0x00, 0x00,
  0x00, 0x00, 0x00, 0x00, 0x00, 0x00, 0x00, 0x00, 0x00, 0x00, 0x00, 0x00,
  0x00, 0x00, 0x00, 0x00, 0x00, 0x00, 0x00, 0x00, 0x00, 0x00, 0x00, 0x00,
  0x00, 0x00, 0x00, 0x00, 0x00, 0x00, 0x00, 0x00, 0x00, 0x00, 0x00, 0x00,
  0x00, 0x00, 0x00, 0x00, 0x00, 0x00, 0x00, 0x00, 0x00, 0x00, 0x00, 0x00,
  0x00, 0x00, 0x00, 0x00, 0x00, 0x00, 0x00, 0x00, 0x00, 0x00, 0x00, 0x00,
  0x00, 0x00, 0x00, 0x00, 0x00, 0x00, 0x00, 0x00, 0x00, 0x00, 0x00, 0x00,
  0x00, 0x00, 0x00, 0x00, 0x00, 0x00, 0x00, 0x00, 0x00, 0x00, 0x00, 0x00,
  0x00, 0x00, 0x00, 0x00, 0x00, 0x00, 0x00, 0x00, 0x00, 0x00, 0x00, 0x00,
  0x00, 0x00, 0x00, 0x00, 0x00, 0x00, 0x00, 0x00, 0x00, 0x00, 0x00, 0x00,
  0x00, 0x00, 0x00, 0x00, 0x00, 0x00, 0x00, 0x00, 0x00, 0x00, 0x00, 0x00,
  0x00, 0x00, 0x00, 0x00, 0x00, 0x00, 0x00, 0x00, 0x00, 0x00, 0x00, 0x00,
  0x00, 0x00, 0x00, 0x00, 0x00, 0x00, 0x00, 0x00, 0x00, 0x00, 0x00, 0x00,
  0x00, 0x00, 0x00, 0x00, 0x00, 0x00, 0x00, 0x00, 0x00, 0x00, 0x00, 0x00,
  0x00, 0x00, 0x00, 0x00, 0x00, 0x00, 0x00, 0x00, 0x00, 0x00, 0x00, 0x00,
  0x00, 0x00, 0x00, 0x00, 0x00, 0x00, 0x00, 0x00, 0x00, 0x00, 0x00, 0x00,
  0x00, 0x00, 0x00, 0x00, 0x00, 0x00, 0x00, 0x00, 0x00, 0x00, 0x00, 0x00,
  0x00, 0x00, 0x00, 0x00, 0x00, 0x00, 0x00, 0x00, 0x00, 0x00, 0x00, 0x00,
  0x00, 0x00, 0x00, 0x00, 0x00, 0x00, 0x00, 0x00, 0x00, 0x00, 0x00, 0x00,
  0x00, 0x00, 0x00, 0x00, 0x00, 0x00, 0x00, 0x00, 0x00, 0x00, 0x00, 0x00,
  0x00, 0x00, 0x00, 0x00, 0x00, 0x00, 0x00, 0x00, 0x00, 0x00, 0x00, 0x00,
  0x00, 0x00, 0x00, 0x00, 0x00, 0x00, 0x00, 0x00, 0x00, 0x00, 0x00, 0x00,
  0x00, 0x00, 0x00, 0x00, 0x00, 0x00, 0x00, 0x00, 0x00, 0x00, 0x00, 0x00,
  0x00, 0x00, 0x00, 0x00, 0x00, 0x00, 0x00, 0x00, 0x00, 0x00, 0x00, 0x00,
  0x00, 0x00, 0x00, 0x00, 0x00, 0x00, 0x00, 0x00, 0x00, 0x00, 0x00, 0x00,
  0x00, 0x00, 0x00, 0x00, 0x00, 0x00, 0x00, 0x00, 0x00, 0x00, 0x00, 0x00,
  0x00, 0x00, 0x00, 0x00, 0x00, 0x00, 0x00, 0x00, 0x00, 0x00, 0x00, 0x00,
  0x00, 0x00, 0x00, 0x00, 0x00, 0x00, 0x00, 0x00, 0x00, 0x00, 0x00, 0x00,
  0x00, 0x00, 0x00, 0x00, 0x00, 0x00, 0x00, 0x00, 0x00, 0x00, 0x00, 0x00,
  0x00, 0x00, 0x00, 0x00, 0x00, 0x00, 0x00, 0x00, 0x00, 0x00, 0x00, 0x00,
  0x00, 0x00, 0x00, 0x00, 0x00, 0x00, 0x00, 0x00, 0x00, 0x00, 0x00, 0x00,
  0x00, 0x00, 0x00, 0x00, 0x00, 0x00, 0x00, 0x00, 0x00, 0x00, 0x00, 0x00,
  0x00, 0x00, 0x00, 0x00, 0x00, 0x00, 0x00, 0x00, 0x00, 0x00, 0x00, 0x00,
  0x00, 0x00, 0x00, 0x00, 0x00, 0x00, 0x00, 0x00, 0x00, 0x00, 0x00, 0x00,
  0x00, 0x00, 0x00, 0x00, 0x00, 0x00, 0x00, 0x00, 0x00, 0x00, 0x00, 0x00,
  0x00, 0x00, 0x00, 0x00, 0x00, 0x00, 0x00, 0x00, 0x00, 0x00, 0x00, 0x00,
  0x00, 0x00, 0x00, 0x00, 0x00, 0x00, 0x00, 0x00, 0x00, 0x00, 0x00, 0x00,
  0x00, 0x00, 0x00, 0x00, 0x00, 0x00, 0x00, 0x00, 0x00, 0x00, 0x00, 0x00,
  0x00, 0x00, 0x00, 0x00, 0x00, 0x00, 0x00, 0x00, 0x00, 0x00, 0x00, 0x00,
  0x00, 0x00, 0x00, 0x00, 0x00, 0x00, 0x00, 0x00, 0x00, 0x00, 0x00, 0x00,
  0x00, 0x00, 0x00, 0x00, 0x00, 0x00, 0x00, 0x00, 0x00, 0x00, 0x00, 0x00,
  0x00, 0x00, 0x00, 0x00, 0x00, 0x00, 0x00, 0x00, 0x00, 0x00, 0x00, 0x00,
  0x00, 0x00, 0x00, 0x00, 0x00, 0x00, 0x00, 0x00, 0x00, 0x00, 0x00, 0x00,
  0x00, 0x00, 0x00, 0x00, 0x00, 0x00, 0x00, 0x00, 0x00, 0x00, 0x00, 0x00,
  0x00, 0x00, 0x00, 0x00, 0x00, 0x00, 0x00, 0x00, 0x00, 0x00, 0x00, 0x00,
  0x00, 0x00, 0x00, 0x00, 0x00, 0x00, 0x00, 0x00, 0x00, 0x00, 0x00, 0x00,
  0x00, 0x00, 0x00, 0x00, 0x00, 0x00, 0x00, 0x00, 0x00, 0x00, 0x00, 0x00,
  0x00, 0x00, 0x00, 0x00, 0x00, 0x00, 0x00, 0x00, 0x00, 0x00, 0x00, 0x00,
  0x00, 0x00, 0x00, 0x00, 0x00, 0x00, 0x00, 0x00, 0x00, 0x00, 0x00, 0x00,
  0x00, 0x00, 0x00, 0x00, 0x00, 0x00, 0x00, 0x00, 0x00, 0x00, 0x00, 0x00,
  0x00, 0x00, 0x00, 0x00, 0x00, 0x00, 0x00, 0x00, 0x00, 0x00, 0x00, 0x00,
  0x00, 0x00, 0x00, 0x00, 0x00, 0x00, 0x00, 0x00, 0x00, 0x00, 0x00, 0x00,
  0x00, 0x00, 0x00, 0x00, 0x00, 0x00, 0x00, 0x00, 0x00, 0x00, 0x00, 0x00,
  0x00, 0x00, 0x00, 0x00, 0x00, 0x00, 0x00, 0x00, 0x00, 0x00, 0x00, 0x00,
  0x00, 0x00, 0x00, 0x00, 0x00, 0x00, 0x00, 0x00, 0x00, 0x00, 0x00, 0x00,
  0x00, 0x00, 0x00, 0x00, 0x00, 0x00, 0x00, 0x00, 0x00, 0x00, 0x00, 0x00,
  0x00, 0x00, 0x00, 0x00, 0x00, 0x00, 0x00, 0x00, 0x00, 0x00, 0x00, 0x00,
  0x00, 0x00, 0x00, 0x00, 0x00, 0x00, 0x00, 0x00, 0x00, 0x00, 0x00, 0x00,
  0x00, 0x00, 0x00, 0x00, 0x00, 0x00, 0x00, 0x00, 0x00, 0x00, 0x00, 0x00,
  0x00, 0x00, 0x00, 0x00, 0x00, 0x00, 0x00, 0x00, 0x00, 0x00, 0x00, 0x00,
  0x00, 0x00, 0x00, 0x00, 0x00, 0x00, 0x00, 0x00, 0x00, 0x00, 0x00, 0x00,
  0x00, 0x00, 0x00, 0x00, 0x00, 0x00, 0x00, 0x00, 0x00, 0x00, 0x00, 0x00,
  0x00, 0x00, 0x00, 0x00, 0x00, 0x00, 0x00, 0x00, 0x00, 0x00, 0x00, 0x00,
  0x00, 0x00, 0x00, 0x00, 0x00, 0x00, 0x00, 0x00, 0x00, 0x00, 0x00, 0x00,
  0x00, 0x00, 0x00, 0x00, 0x00, 0x00, 0x00, 0x00, 0x00, 0x00, 0x00, 0x00,
  0x00, 0x00, 0x00, 0x00, 0x00, 0x00, 0x00, 0x00, 0x00, 0x00, 0x00, 0x00,
  0x00, 0x00, 0x00, 0x00, 0x00, 0x00, 0x00, 0x00, 0x00, 0x00, 0x00, 0x00,
  0x00, 0x00, 0x00, 0x00, 0x00, 0x00, 0x00, 0x00, 0x00, 0x00, 0x00, 0x00,
  0x00, 0x00, 0x00, 0x00, 0x00, 0x00, 0x00, 0x00, 0x00, 0x00, 0x00, 0x00,
  0x00, 0x00, 0x00, 0x00, 0x00, 0x00, 0x00, 0x00, 0x00, 0x00, 0x00, 0x00,
  0x00, 0x00, 0x00, 0x00, 0x00, 0x00, 0x00, 0x00, 0x00, 0x00, 0x00, 0x00,
  0x00, 0x00, 0x00, 0x00, 0x00, 0x00, 0x00, 0x00, 0x00, 0x00, 0x00, 0x00,
  0x00, 0x00, 0x00, 0x00, 0x00, 0x00, 0x00, 0x00, 0x00, 0x00, 0x00, 0x00,
  0x00, 0x00, 0x00, 0x00, 0x00, 0x00, 0x00, 0x00, 0x00, 0x00, 0x00, 0x00,
  0x00, 0x00, 0x00, 0x00, 0x00, 0x00, 0x00, 0x00, 0x00, 0x00, 0x00, 0x00,
  0x00, 0x00, 0x00, 0x00, 0x00, 0x00, 0x00, 0x00, 0x00, 0x00, 0x00, 0x00,
  0x00, 0x00, 0x00, 0x00, 0x00, 0x00, 0x00, 0x00, 0x00, 0x00, 0x00, 0x00,
  0x00, 0x00, 0x00, 0x00, 0x00, 0x00, 0x00, 0x00, 0x00, 0x00, 0x00, 0x00,
  0x00, 0x00, 0x00, 0x00, 0x00, 0x00, 0x00, 0x00, 0x00, 0x00, 0x00, 0x00,
  0x00, 0x00, 0x00, 0x00, 0x00, 0x00, 0x00, 0x00, 0x00, 0x00, 0x00, 0x00,
  0x00, 0x00, 0x00, 0x00, 0x00, 0x00, 0x00, 0x00, 0x00, 0x00, 0x00, 0x00,
  0x00, 0x00, 0x00, 0x00, 0x00, 0x00, 0x00, 0x00, 0x00, 0x00, 0x00, 0x00,
  0x00, 0x00, 0x00, 0x00, 0x00, 0x00, 0x00, 0x00, 0x00, 0x00, 0x00, 0x00,
  0x00, 0x00, 0x00, 0x00, 0x00, 0x00, 0x00, 0x00, 0x00, 0x00, 0x00, 0x00,
  0x00, 0x00, 0x00, 0x00, 0x00, 0x00, 0x00, 0x00, 0x00, 0x00, 0x00, 0x00,
  0x00, 0x00, 0x00, 0x00, 0x00, 0x00, 0x00, 0x00, 0x00, 0x00, 0x00, 0x00,
  0x00, 0x00, 0x00, 0x00, 0x00, 0x00, 0x00, 0x00, 0x00, 0x00, 0x00, 0x00,
  0x00, 0x00, 0x00, 0x00, 0x00, 0x00, 0x00, 0x00, 0x00, 0x00, 0x00, 0x00,
  0x00, 0x00, 0x00, 0x00, 0x00, 0x00, 0x00, 0x00, 0x00, 0x00, 0x00, 0x00,
  0x00, 0x00, 0x00, 0x00, 0x00, 0x00, 0x00, 0x00, 0x00, 0x00, 0x00, 0x00,
  0x00, 0x00, 0x00, 0x00, 0x00, 0x00, 0x00, 0x00, 0x00, 0x00, 0x00, 0x00,
  0x00, 0x00, 0x00, 0x00, 0x00, 0x00, 0x00, 0x00, 0x00, 0x00, 0x00, 0x00,
  0x00, 0x00, 0x00, 0x00, 0x00, 0x00, 0x00, 0x00, 0x00, 0x00, 0x00, 0x00,
  0x00, 0x00, 0x00, 0x00, 0x00, 0x00, 0x00, 0x00, 0x00, 0x00, 0x00, 0x00,
  0x00, 0x00, 0x00, 0x00, 0x00, 0x00, 0x00, 0x00, 0x00, 0x00, 0x00, 0x00,
  0x00, 0x00, 0x00, 0x00, 0x00, 0x00, 0x00, 0x00, 0x00, 0x00, 0x00, 0x00,
  0x00, 0x00, 0x00, 0x00, 0x00, 0x00, 0x00, 0x00, 0x00, 0x00, 0x00, 0x00,
  0x00, 0x00, 0x00, 0x00, 0x00, 0x00, 0x00, 0x00, 0x00, 0x00, 0x00, 0x00,
  0x00, 0x00, 0x00, 0x00, 0x00, 0x00, 0x00, 0x00, 0x00, 0x00, 0x00, 0x00,
  0x00, 0x00, 0x00, 0x00, 0x00, 0x00, 0x00, 0x00, 0x00, 0x00, 0x00, 0x00,
  0x00, 0x00, 0x00, 0x00, 0x00, 0x00, 0x00, 0x00, 0x00, 0x00, 0x00, 0x00,
  0x00, 0x00, 0x00, 0x00, 0x00, 0x00, 0x00, 0x00, 0x00, 0x00, 0x00, 0x00,
  0x00, 0x00, 0x00, 0x00, 0x00, 0x00, 0x00, 0x00, 0x00, 0x00, 0x00, 0x00,
  0x00, 0x00, 0x00, 0x00, 0x00, 0x00, 0x00, 0x00, 0x00, 0x00, 0x00, 0x00,
  0x00, 0x00, 0x00, 0x00, 0x00, 0x00, 0x00, 0x00, 0x00, 0x00, 0x00, 0x00,
  0x00, 0x00, 0x00, 0x00, 0x00, 0x00, 0x00, 0x00, 0x00, 0x00, 0x00, 0x00,
  0x00, 0x00, 0x00, 0x00, 0x00, 0x00, 0x00, 0x00, 0x00, 0x00, 0x00, 0x00,
  0x00, 0x00, 0x00, 0x00, 0x00, 0x00, 0x00, 0x00, 0x00, 0x00, 0x00, 0x00,
  0x00, 0x00, 0x00, 0x00, 0x00, 0x00, 0x00, 0x00, 0x00, 0x00, 0x00, 0x00,
  0x00, 0x00, 0x00, 0x00, 0x00, 0x00, 0x00, 0x00, 0x00, 0x00, 0x00, 0x00,
  0x00, 0x00, 0x00, 0x00, 0x00, 0x00, 0x00, 0x00, 0x00, 0x00, 0x00, 0x00,
  0x00, 0x00, 0x00, 0x00, 0x00, 0x00, 0x00, 0x00, 0x00, 0x00, 0x00, 0x00,
  0x00, 0x00, 0x00, 0x00, 0x00, 0x00, 0x00, 0x00, 0x00, 0x00, 0x00, 0x00,
  0x00, 0x00, 0x00, 0x00, 0x00, 0x00, 0x00, 0x00, 0x00, 0x00, 0x00, 0x00,
  0x00, 0x00, 0x00, 0x00, 0x00, 0x00, 0x00, 0x00, 0x00, 0x00, 0x00, 0x00,
  0x00, 0x00, 0x00, 0x00, 0x00, 0x00, 0x00, 0x00, 0x00, 0x00, 0x00, 0x00,
  0x00, 0x00, 0x00, 0x00, 0x00, 0x00, 0x00, 0x00, 0x00, 0x00, 0x00, 0x00,
  0x00, 0x00, 0x00, 0x00, 0x00, 0x00, 0x00, 0x00, 0x00, 0x00, 0x00, 0x00,
  0x00, 0x00, 0x00, 0x00, 0x00, 0x00, 0x00, 0x00, 0x00, 0x00, 0x00, 0x00,
  0x00, 0x00, 0x00, 0x00, 0x00, 0x00, 0x00, 0x00, 0x00, 0x00, 0x00, 0x00,
  0x00, 0x00, 0x00, 0x00, 0x00, 0x00, 0x00, 0x00, 0x00, 0x00, 0x00, 0x00,
  0x00, 0x00, 0x00, 0x00, 0x00, 0x00, 0x00, 0x00, 0x00, 0x00, 0x00, 0x00,
  0x00, 0x00, 0x00, 0x00, 0x00, 0x00, 0x00, 0x00, 0x00, 0x00, 0x00, 0x00,
  0x00, 0x00, 0x00, 0x00, 0x00, 0x00, 0x00, 0x00, 0x00, 0x00, 0x00, 0x00,
  0x00, 0x00, 0x00, 0x00, 0x00, 0x00, 0x00, 0x00, 0x00, 0x00, 0x00, 0x00,
  0x00, 0x00, 0x00, 0x00, 0x00, 0x00, 0x00, 0x00, 0x00, 0x00, 0x00, 0x00,
  0x00, 0x00, 0x00, 0x00, 0x00, 0x00, 0x00, 0x00, 0x00, 0x00, 0x00, 0x00,
  0x00, 0x00, 0x00, 0x00, 0x00, 0x00, 0x00, 0x00, 0x00, 0x00, 0x00, 0x00,
  0x00, 0x00, 0x00, 0x00, 0x00, 0x00, 0x00, 0x00, 0x00, 0x00, 0x00, 0x00,
  0x00, 0x00, 0x00, 0x00, 0x00, 0x00, 0x00, 0x00, 0x00, 0x00, 0x00, 0x00,
  0x00, 0x00, 0x00, 0x00, 0x00, 0x00, 0x00, 0x00, 0x00, 0x00, 0x00, 0x00,
  0x00, 0x00, 0x00, 0x00, 0x00, 0x00, 0x00, 0x00, 0x00, 0x00, 0x00, 0x00,
  0x00, 0x00, 0x00, 0x00, 0x00, 0x00, 0x00, 0x00, 0x00, 0x00, 0x00, 0x00,
  0x00, 0x00, 0x00, 0x00, 0x00, 0x00, 0x00, 0x00, 0x00, 0x00, 0x00, 0x00,
  0x00, 0x00, 0x00, 0x00, 0x00, 0x00, 0x00, 0x00, 0x00, 0x00, 0x00, 0x00,
  0x00, 0x00, 0x00, 0x00, 0x00, 0x00, 0x00, 0x00, 0x00, 0x00, 0x00, 0x00,
  0x00, 0x00, 0x00, 0x00, 0x00, 0x00, 0x00, 0x00, 0x00, 0x00, 0x00, 0x00,
  0x00, 0x00, 0x00, 0x00, 0x00, 0x00, 0x00, 0x00, 0x00, 0x00, 0x00, 0x00,
  0x00, 0x00, 0x00, 0x00, 0x00, 0x00, 0x00, 0x00, 0x00, 0x00, 0x00, 0x00,
  0x00, 0x00, 0x00, 0x00, 0x00, 0x00, 0x00, 0x00, 0x00, 0x00, 0x00, 0x00,
  0x00, 0x00, 0x00, 0x00, 0x00, 0x00, 0x00, 0x00, 0x00, 0x00, 0x00, 0x00,
  0x00, 0x00, 0x00, 0x00, 0x00, 0x00, 0x00, 0x00, 0x00, 0x00, 0x00, 0x00,
  0x00, 0x00, 0x00, 0x00, 0x00, 0x00, 0x00, 0x00, 0x00, 0x00, 0x00, 0x00,
  0x00, 0x00, 0x00, 0x00, 0x00, 0x00, 0x00, 0x00, 0x00, 0x00, 0x00, 0x00,
  0x00, 0x00, 0x00, 0x00, 0x00, 0x00, 0x00, 0x00, 0x00, 0x00, 0x00, 0x00,
  0x00, 0x00, 0x00, 0x00, 0x00, 0x00, 0x00, 0x00, 0x00, 0x00, 0x00, 0x00,
  0x00, 0x00, 0x00, 0x00, 0x00, 0x00, 0x00, 0x00, 0x00, 0x00, 0x00, 0x00,
  0x00, 0x00, 0x00, 0x00, 0x00, 0x00, 0x00, 0x00, 0x00, 0x00, 0x00, 0x00,
  0x00, 0x00, 0x00, 0x00, 0x00, 0x00, 0x00, 0x00, 0x00, 0x00, 0x00, 0x00,
  0x00, 0x00, 0x00, 0x00, 0x00, 0x00, 0x00, 0x00, 0x00, 0x00, 0x00, 0x00,
  0x00, 0x00, 0x00, 0x00, 0x00, 0x00, 0x00, 0x00, 0x00, 0x00, 0x00, 0x00,
  0x00, 0x00, 0x00, 0x00, 0x00, 0x00, 0x00, 0x00, 0x00, 0x00, 0x00, 0x00,
  0x00, 0x00, 0x00, 0x00, 0x00, 0x00, 0x00, 0x00, 0x00, 0x00, 0x00, 0x00,
  0x00, 0x00, 0x00, 0x00, 0x00, 0x00, 0x00, 0x00, 0x00, 0x00, 0x00, 0x00,
  0x00, 0x00, 0x00, 0x00, 0x00, 0x00, 0x00, 0x00, 0x00, 0x00, 0x00, 0x00,
  0x00, 0x00, 0x00, 0x00, 0x00, 0x00, 0x00, 0x00, 0x00, 0x00, 0x00, 0x00,
  0x00, 0x00, 0x00, 0x00, 0x00, 0x00, 0x00, 0x00, 0x00, 0x00, 0x00, 0x00,
  0x00, 0x00, 0x00, 0x00, 0x00, 0x00, 0x00, 0x00, 0x00, 0x00, 0x00, 0x00,
  0x00, 0x00, 0x00, 0x00, 0x00, 0x00, 0x00, 0x00, 0x00, 0x00, 0x00, 0x00,
  0x00, 0x00, 0x00, 0x00, 0x00, 0x00, 0x00, 0x00, 0x00, 0x00, 0x00, 0x00,
  0x00, 0x00, 0x00, 0x00, 0x00, 0x00, 0x00, 0x00, 0x00, 0x00, 0x00, 0x00,
  0x00, 0x00, 0x00, 0x00, 0x00, 0x00, 0x00, 0x00, 0x00, 0x00, 0x00, 0x00,
  0x00, 0x00, 0x00, 0x00, 0x00, 0x00, 0x00, 0x00, 0x00, 0x00, 0x00, 0x00,
  0x00, 0x00, 0x00, 0x00, 0x00, 0x00, 0x00, 0x00, 0x00, 0x00, 0x00, 0x00,
  0x00, 0x00, 0x00, 0x00, 0x00, 0x00, 0x00, 0x00, 0x00, 0x00, 0x00, 0x00,
  0x00, 0x00, 0x00, 0x00, 0x00, 0x00, 0x00, 0x00, 0x00, 0x00, 0x00, 0x00,
  0x00, 0x00, 0x00, 0x00, 0x00, 0x00, 0x00, 0x00, 0x00, 0x00, 0x00, 0x00,
  0x00, 0x00, 0x00, 0x00, 0x00, 0x00, 0x00, 0x00, 0x00, 0x00, 0x00, 0x00,
  0x00, 0x00, 0x00, 0x00, 0x00, 0x00, 0x00, 0x00, 0x00, 0x00, 0x00, 0x00,
  0x00, 0x00, 0x00, 0x00, 0x00, 0x00, 0x00, 0x00, 0x00, 0x00, 0x00, 0x00,
  0x00, 0x00, 0x00, 0x00, 0x00, 0x00, 0x00, 0x00, 0x00, 0x00, 0x00, 0x00,
  0x00, 0x00, 0x00, 0x00, 0x00, 0x00, 0x00, 0x00, 0x00, 0x00, 0x00, 0x00,
  0x00, 0x00, 0x00, 0x00, 0x00, 0x00, 0x00, 0x00, 0x00, 0x00, 0x00, 0x00,
  0x00, 0x00, 0x00, 0x00, 0x00, 0x00, 0x00, 0x00, 0x00, 0x00, 0x00, 0x00,
  0x00, 0x00, 0x00, 0x00, 0x00, 0x00, 0x00, 0x00, 0x00, 0x00, 0x00, 0x00,
  0x00, 0x00, 0x00, 0x00, 0x00, 0x00, 0x00, 0x00, 0x00, 0x00, 0x00, 0x00,
  0x00, 0x00, 0x00, 0x00, 0x00, 0x00, 0x00, 0x00, 0x00, 0x00, 0x00, 0x00,
  0x00, 0x00, 0x00, 0x00, 0x00, 0x00, 0x00, 0x00, 0x00, 0x00, 0x00, 0x00,
  0x00, 0x00, 0x00, 0x00, 0x00, 0x00, 0x00, 0x00, 0x00, 0x00, 0x00, 0x00,
  0x00, 0x00, 0x00, 0x00, 0x00, 0x00, 0x00, 0x00, 0x00, 0x00, 0x00, 0x00,
  0x00, 0x00, 0x00, 0x00, 0x00, 0x00, 0x00, 0x00, 0x00, 0x00, 0x00, 0x00,
  0x00, 0x00, 0x00, 0x00, 0x00, 0x00, 0x00, 0x00, 0x00, 0x00, 0x00, 0x00,
  0x00, 0x00, 0x00, 0x00, 0x00, 0x00, 0x00, 0x00, 0x00, 0x00, 0x00, 0x00,
  0x00, 0x00, 0x00, 0x00, 0x00, 0x00, 0x00, 0x00, 0x00, 0x00, 0x00, 0x00,
  0x00, 0x00, 0x00, 0x00, 0x00, 0x00, 0x00, 0x00, 0x00, 0x00, 0x00, 0x00,
  0x00, 0x00, 0x00, 0x00, 0x00, 0x00, 0x00, 0x00, 0x00, 0x00, 0x00, 0x00,
  0x00, 0x00, 0x00, 0x00, 0x00, 0x00, 0x00, 0x00, 0x00, 0x00, 0x00, 0x00,
  0x00, 0x00, 0x00, 0x00, 0x00, 0x00, 0x00, 0x00, 0x00, 0x00, 0x00, 0x00,
  0x00, 0x00, 0x00, 0x00, 0x00, 0x00, 0x00, 0x00, 0x00, 0x00, 0x00, 0x00,
  0x00, 0x00, 0x00, 0x00, 0x00, 0x00, 0x00, 0x00, 0x00, 0x00, 0x00, 0x00,
  0x00, 0x00, 0x00, 0x00, 0x00, 0x00, 0x00, 0x00, 0x00, 0x00, 0x00, 0x00,
  0x00, 0x00, 0x00, 0x00, 0x00, 0x00, 0x00, 0x00, 0x00, 0x00, 0x00, 0x00,
  0x00, 0x00, 0x00, 0x00, 0x00, 0x00, 0x00, 0x00, 0x00, 0x00, 0x00, 0x00,
  0x00, 0x00, 0x00, 0x00, 0x00, 0x00, 0x00, 0x00, 0x00, 0x00, 0x00, 0x00,
  0x00, 0x00, 0x00, 0x00, 0x00, 0x00, 0x00, 0x00, 0x00, 0x00, 0x00, 0x00,
  0x00, 0x00, 0x00, 0x00, 0x00, 0x00, 0x00, 0x00, 0x00, 0x00, 0x00, 0x00,
  0x00, 0x00, 0x00, 0x00, 0x00, 0x00, 0x00, 0x00, 0x00, 0x00, 0x00, 0x00,
  0x00, 0x00, 0x00, 0x00, 0x00, 0x00, 0x00, 0x00, 0x00, 0x00, 0x00, 0x00,
  0x00, 0x00, 0x00, 0x00, 0x00, 0x00, 0x00, 0x00, 0x00, 0x00, 0x00, 0x00,
  0x00, 0x00, 0x00, 0x00, 0x00, 0x00, 0x00, 0x00, 0x00, 0x00, 0x00, 0x00,
  0x00, 0x00, 0x00, 0x00, 0x00, 0x00, 0x00, 0x00, 0x00, 0x00, 0x00, 0x00,
  0x00, 0x00, 0x00, 0x00, 0x00, 0x00, 0x00, 0x00, 0x00, 0x00, 0x00, 0x00,
  0x00, 0x00, 0x00, 0x00, 0x00, 0x00, 0x00, 0x00, 0x00, 0x00, 0x00, 0x00,
  0x00, 0x00, 0x00, 0x00, 0x00, 0x00, 0x00, 0x00, 0x00, 0x00, 0x00, 0x00,
  0x00, 0x00, 0x00, 0x00, 0x00, 0x00, 0x00, 0x00, 0x00, 0x00, 0x00, 0x00,
  0x00, 0x00, 0x00, 0x00, 0x00, 0x00, 0x00, 0x00, 0x00, 0x00, 0x00, 0x00,
  0x00, 0x00, 0x00, 0x00, 0x00, 0x00, 0x00, 0x00, 0x00, 0x00, 0x00, 0x00,
  0x00, 0x00, 0x00, 0x00, 0x00, 0x00, 0x00, 0x00, 0x00, 0x00, 0x00, 0x00,
  0x00, 0x00, 0x00, 0x00, 0x00, 0x00, 0x00, 0x00, 0x00, 0x00, 0x00, 0x00,
  0x00, 0x00, 0x00, 0x00, 0x00, 0x00, 0x00, 0x00, 0x00, 0x00, 0x00, 0x00,
  0x00, 0x00, 0x00, 0x00, 0x00, 0x00, 0x00, 0x00, 0x00, 0x00, 0x00, 0x00,
  0x00, 0x00, 0x00, 0x00, 0x00, 0x00, 0x00, 0x00, 0x00, 0x00, 0x00, 0x00,
  0x00, 0x00, 0x00, 0x00, 0x00, 0x00, 0x00, 0x00, 0x00, 0x00, 0x00, 0x00,
  0x00, 0x00, 0x00, 0x00, 0x00, 0x00, 0x00, 0x00, 0x00, 0x00, 0x00, 0x00,
  0x00, 0x00, 0x00, 0x00, 0x00, 0x00, 0x00, 0x00, 0x00, 0x00, 0x00, 0x00,
  0x00, 0x00, 0x00, 0x00, 0x00, 0x00, 0x00, 0x00, 0x00, 0x00, 0x00, 0x00,
  0x00, 0x00, 0x00, 0x00, 0x00, 0x00, 0x00, 0x00, 0x00, 0x00, 0x00, 0x00,
  0x00, 0x00, 0x00, 0x00, 0x00, 0x00, 0x00, 0x00, 0x00, 0x00, 0x00, 0x00,
  0x00, 0x00, 0x00, 0x00, 0x00, 0x00, 0x00, 0x00, 0x00, 0x00, 0x00, 0x00,
  0x00, 0x00, 0x00, 0x00, 0x00, 0x00, 0x00, 0x00, 0x00, 0x00, 0x00, 0x00,
  0x00, 0x00, 0x00, 0x00, 0x00, 0x00, 0x00, 0x00, 0x00, 0x00, 0x00, 0x00,
  0x00, 0x00, 0x00, 0x00, 0x00, 0x00, 0x00, 0x00, 0x00, 0x00, 0x00, 0x00,
  0x00, 0x00, 0x00, 0x00, 0x00, 0x00, 0x00, 0x00, 0x00, 0x00, 0x00, 0x00,
  0x00, 0x00, 0x00, 0x00, 0x00, 0x00, 0x00, 0x00, 0x00, 0x00, 0x00, 0x00,
  0x00, 0x00, 0x00, 0x00, 0x00, 0x00, 0x00, 0x00, 0x00, 0x00, 0x00, 0x00,
  0x00, 0x00, 0x00, 0x00, 0x00, 0x00, 0x00, 0x00, 0x00, 0x00, 0x00, 0x00,
  0x00, 0x00, 0x00, 0x00, 0x00, 0x00, 0x00, 0x00, 0x00, 0x00, 0x00, 0x00,
  0x00, 0x00, 0x00, 0x00, 0x00, 0x00, 0x00, 0x00, 0x00, 0x00, 0x00, 0x00,
  0x00, 0x00, 0x00, 0x00, 0x00, 0x00, 0x00, 0x00, 0x00, 0x00, 0x00, 0x00,
  0x00, 0x00, 0x00, 0x00, 0x00, 0x00, 0x00, 0x00, 0x00, 0x00, 0x00, 0x00,
  0x00, 0x00, 0x00, 0x00, 0x00, 0x00, 0x00, 0x00, 0x00, 0x00, 0x00, 0x00,
  0x00, 0x00, 0x00, 0x00, 0x00, 0x00, 0x00, 0x00, 0x00, 0x00, 0x00, 0x00,
  0x00, 0x00, 0x00, 0x00, 0x00, 0x00, 0x00, 0x00, 0x00, 0x00, 0x00, 0x00,
  0x00, 0x00, 0x00, 0x00, 0x00, 0x00, 0x00, 0x00, 0x00, 0x00, 0x00, 0x00,
  0x00, 0x00, 0x00, 0x00, 0x00, 0x00, 0x00, 0x00, 0x00, 0x00, 0x00, 0x00,
  0x00, 0x00, 0x00, 0x00, 0x00, 0x00, 0x00, 0x00, 0x00, 0x00, 0x00, 0x00,
  0x00, 0x00, 0x00, 0x00, 0x00, 0x00, 0x00, 0x00, 0x00, 0x00, 0x00, 0x00,
  0x00, 0x00, 0x00, 0x00, 0x00, 0x00, 0x00, 0x00, 0x00, 0x00, 0x00, 0x00,
  0x00, 0x00, 0x00, 0x00, 0x00, 0x00, 0x00, 0x00, 0x00, 0x00, 0x00, 0x00,
  0x00, 0x00, 0x00, 0x00, 0x00, 0x00, 0x00, 0x00, 0x00, 0x00, 0x00, 0x00,
  0x00, 0x00, 0x00, 0x00, 0x00, 0x00, 0x00, 0x00, 0x00, 0x00, 0x00, 0x00,
  0x00, 0x00, 0x00, 0x00, 0x00, 0x00, 0x00, 0x00, 0x00, 0x00, 0x00, 0x00,
  0x00, 0x00, 0x00, 0x00, 0x00, 0x00, 0x00, 0x00, 0x00, 0x00, 0x00, 0x00,
  0x00, 0x00, 0x00, 0x00, 0x00, 0x00, 0x00, 0x00, 0x00, 0x00, 0x00, 0x00,
  0x00, 0x00, 0x00, 0x00, 0x00, 0x00, 0x00, 0x00, 0x00, 0x00, 0x00, 0x00,
  0x00, 0x00, 0x00, 0x00, 0x00, 0x00, 0x00, 0x00, 0x00, 0x00, 0x00, 0x00,
  0x00, 0x00, 0x00, 0x00, 0x00, 0x00, 0x00, 0x00, 0x00, 0x00, 0x00, 0x00,
  0x00, 0x00, 0x00, 0x00, 0x00, 0x00, 0x00, 0x00, 0x00, 0x00, 0x00, 0x00,
  0x00, 0x00, 0x00, 0x00, 0x00, 0x00, 0x00, 0x00, 0x00, 0x00, 0x00, 0x00,
  0x00, 0x00, 0x00, 0x00, 0x00, 0x00, 0x00, 0x00, 0x00, 0x00, 0x00, 0x00,
  0x00, 0x00, 0x00, 0x00, 0x00, 0x00, 0x00, 0x00, 0x00, 0x00, 0x00, 0x00,
  0x00, 0x00, 0x00, 0x00, 0x00, 0x00, 0x00, 0x00, 0x00, 0x00, 0x00, 0x00,
  0x00, 0x00, 0x00, 0x00, 0x00, 0x00, 0x00, 0x00, 0x00, 0x00, 0x00, 0x00,
  0x00, 0x00, 0x00, 0x00, 0x00, 0x00, 0x00, 0x00, 0x00, 0x00, 0x00, 0x00,
  0x00, 0x00, 0x00, 0x00, 0x00, 0x00, 0x00, 0x00, 0x00, 0x00, 0x00, 0x00,
  0x00, 0x00, 0x00, 0x00, 0x00, 0x00, 0x00, 0x00, 0x00, 0x00, 0x00, 0x00,
  0x00, 0x00, 0x00, 0x00, 0x00, 0x00, 0x00, 0x00, 0x00, 0x00, 0x00, 0x00,
  0x00, 0x00, 0x00, 0x00, 0x00, 0x00, 0x00, 0x00, 0x00, 0x00, 0x00, 0x00,
  0x00, 0x00, 0x00, 0x00, 0x00, 0x00, 0x00, 0x00, 0x00, 0x00, 0x00, 0x00,
  0x00, 0x00, 0x00, 0x00, 0x00, 0x00, 0x00, 0x00, 0x00, 0x00, 0x00, 0x00,
  0x00, 0x00, 0x00, 0x00, 0x00, 0x00, 0x00, 0x00, 0x00, 0x00, 0x00, 0x00,
  0x00, 0x00, 0x00, 0x00, 0x00, 0x00, 0x00, 0x00, 0x00, 0x00, 0x00, 0x00,
  0x00, 0x00, 0x00, 0x00, 0x00, 0x00, 0x00, 0x00, 0x00, 0x00, 0x00, 0x00,
  0x00, 0x00, 0x00, 0x00, 0x00, 0x00, 0x00, 0x00, 0x00, 0x00, 0x00, 0x00,
  0x00, 0x00, 0x00, 0x00, 0x00, 0x00, 0x00, 0x00, 0x00, 0x00, 0x00, 0x00,
  0x00, 0x00, 0x00, 0x00, 0x00, 0x00, 0x00, 0x00, 0x00, 0x00, 0x00, 0x00,
  0x00, 0x00, 0x00, 0x00, 0x00, 0x00, 0x00, 0x00, 0x00, 0x00, 0x00, 0x00,
  0x00, 0x00, 0x00, 0x00, 0x00, 0x00, 0x00, 0x00, 0x00, 0x00, 0x00, 0x00,
  0x00, 0x00, 0x00, 0x00, 0x00, 0x00, 0x00, 0x00, 0x00, 0x00, 0x00, 0x00,
  0x00, 0x00, 0x00, 0x00, 0x00, 0x00, 0x00, 0x00, 0x00, 0x00, 0x00, 0x00,
  0x00, 0x00, 0x00, 0x00, 0x00, 0x00, 0x00, 0x00, 0x00, 0x00, 0x00, 0x00,
  0x00, 0x00, 0x00, 0x00, 0x00, 0x00, 0x00, 0x00, 0x00, 0x00, 0x00, 0x00,
  0x00, 0x00, 0x00, 0x00, 0x00, 0x00, 0x00, 0x00, 0x00, 0x00, 0x00, 0x00,
  0x00, 0x00, 0x00, 0x00, 0x00, 0x00, 0x00, 0x00, 0x00, 0x00, 0x00, 0x00,
  0x00, 0x00, 0x00, 0x00, 0x00, 0x00, 0x00, 0x00, 0x00, 0x00, 0x00, 0x00,
  0x00, 0x00, 0x00, 0x00, 0x00, 0x00, 0x00, 0x00, 0x00, 0x00, 0x00, 0x00,
  0x00, 0x00, 0x00, 0x00, 0x00, 0x00, 0x00, 0x00, 0x00, 0x00, 0x00, 0x00,
  0x00, 0x00, 0x00, 0x00, 0x00, 0x00, 0x00, 0x00, 0x00, 0x00, 0x00, 0x00,
  0x00, 0x00, 0x00, 0x00, 0x00, 0x00, 0x00, 0x00, 0x00, 0x00, 0x00, 0x00,
  0x00, 0x00, 0x00, 0x00, 0x00, 0x00, 0x00, 0x00, 0x00, 0x00, 0x00, 0x00,
  0x00, 0x00, 0x00, 0x00, 0x00, 0x00, 0x00, 0x00, 0x00, 0x00, 0x00, 0x00,
  0x00, 0x00, 0x00, 0x00, 0x00, 0x00, 0x00, 0x00, 0x00, 0x00, 0x00, 0x00,
  0x00, 0x00, 0x00, 0x00, 0x00, 0x00, 0x00, 0x00, 0x00, 0x00, 0x00, 0x00,
  0x00, 0x00, 0x00, 0x00, 0x00, 0x00, 0x00, 0x00, 0x00, 0x00, 0x00, 0x00,
  0x00, 0x00, 0x00, 0x00, 0x00, 0x00, 0x00, 0x00, 0x00, 0x00, 0x00, 0x00,
  0x00, 0x00, 0x00, 0x00, 0x00, 0x00, 0x00, 0x00, 0x00, 0x00, 0x00, 0x00,
  0x00, 0x00, 0x00, 0x00, 0x00, 0x00, 0x00, 0x00, 0x00, 0x00, 0x00, 0x00,
  0x00, 0x00, 0x00, 0x00, 0x00, 0x00, 0x00, 0x00, 0x00, 0x00, 0x00, 0x00,
  0x00, 0x00, 0x00, 0x00, 0x00, 0x00, 0x00, 0x00, 0x00, 0x00, 0x00, 0x00,
  0x00, 0x00, 0x00, 0x00, 0x00, 0x00, 0x00, 0x00, 0x00, 0x00, 0x00, 0x00,
  0x00, 0x00, 0x00, 0x00, 0x00, 0x00, 0x00, 0x00, 0x00, 0x00, 0x00, 0x00,
  0x00, 0x00, 0x00, 0x00, 0x00, 0x00, 0x00, 0x00, 0x00, 0x00, 0x00, 0x00,
  0x00, 0x00, 0x00, 0x00, 0x00, 0x00, 0x00, 0x00, 0x00, 0x00, 0x00, 0x00,
  0x00, 0x00, 0x00, 0x00, 0x00, 0x00, 0x00, 0x00, 0x00, 0x00, 0x00, 0x00,
  0x00, 0x00, 0x00, 0x00, 0x00, 0x00, 0x00, 0x00, 0x00, 0x00, 0x00, 0x00,
  0x00, 0x00, 0x00, 0x00, 0x00, 0x00, 0x00, 0x00, 0x00, 0x00, 0x00, 0x00,
  0x00, 0x00, 0x00, 0x00, 0x00, 0x00, 0x00, 0x00, 0x00, 0x00, 0x00, 0x00,
  0x00, 0x00, 0x00, 0x00, 0x00, 0x00, 0x00, 0x00, 0x00, 0x00, 0x00, 0x00,
  0x00, 0x00, 0x00, 0x00, 0x00, 0x00, 0x00, 0x00, 0x00, 0x00, 0x00, 0x00,
  0x00, 0x00, 0x00, 0x00, 0x00, 0x00, 0x00, 0x00, 0x00, 0x00, 0x00, 0x00,
  0x00, 0x00, 0x00, 0x00, 0x00, 0x00, 0x00, 0x00, 0x00, 0x00, 0x00, 0x00,
  0x00, 0x00, 0x00, 0x00, 0x00, 0x00, 0x00, 0x00, 0x00, 0x00, 0x00, 0x00,
  0x00, 0x00, 0x00, 0x00, 0x00, 0x00, 0x00, 0x00, 0x00, 0x00, 0x00, 0x00,
  0x00, 0x00, 0x00, 0x00, 0x00, 0x00, 0x00, 0x00, 0x00, 0x00, 0x00, 0x00,
  0x00, 0x00, 0x00, 0x00, 0x00, 0x00, 0x00, 0x00, 0x00, 0x00, 0x00, 0x00,
  0x00, 0x00, 0x00, 0x00, 0x00, 0x00, 0x00, 0x00, 0x00, 0x00, 0x00, 0x00,
  0x00, 0x00, 0x00, 0x00, 0x00, 0x00, 0x00, 0x00, 0x00, 0x00, 0x00, 0x00,
  0x00, 0x00, 0x00, 0x00, 0x00, 0x00, 0x00, 0x00, 0x00, 0x00, 0x00, 0x00,
  0x00, 0x00, 0x00, 0x00, 0x00, 0x00, 0x00, 0x00, 0x00, 0x00, 0x00, 0x00,
  0x00, 0x00, 0x00, 0x00, 0x00, 0x00, 0x00, 0x00, 0x00, 0x00, 0x00, 0x00,
  0x00, 0x00, 0x00, 0x00, 0x00, 0x00, 0x00, 0x00, 0x00, 0x00, 0x00, 0x00,
  0x00, 0x00, 0x00, 0x00, 0x00, 0x00, 0x00, 0x00, 0x00, 0x00, 0x00, 0x00,
  0x00, 0x00, 0x00, 0x00, 0x00, 0x00, 0x00, 0x00, 0x00, 0x00, 0x00, 0x00,
  0x00, 0x00, 0x00, 0x00, 0x00, 0x00, 0x00, 0x00, 0x00, 0x00, 0x00, 0x00,
  0x00, 0x00, 0x00, 0x00, 0x00, 0x00, 0x00, 0x00, 0x00, 0x00, 0x00, 0x00,
  0x00, 0x00, 0x00, 0x00, 0x00, 0x00, 0x00, 0x00, 0x00, 0x00, 0x00, 0x00,
  0x00, 0x00, 0x00, 0x00, 0x00, 0x00, 0x00, 0x00, 0x00, 0x00, 0x00, 0x00,
  0x00, 0x00, 0x00, 0x00, 0x00, 0x00, 0x00, 0x00, 0x00, 0x00, 0x00, 0x00,
  0x00, 0x00, 0x00, 0x00, 0x00, 0x00, 0x00, 0x00, 0x00, 0x00, 0x00, 0x00,
  0x00, 0x00, 0x00, 0x00, 0x00, 0x00, 0x00, 0x00, 0x00, 0x00, 0x00, 0x00,
  0x00, 0x00, 0x00, 0x00, 0x00, 0x00, 0x00, 0x00, 0x00, 0x00, 0x00, 0x00,
  0x00, 0x00, 0x00, 0x00, 0x00, 0x00, 0x00, 0x00, 0x00, 0x00, 0x00, 0x00,
  0x00, 0x00, 0x00, 0x00, 0x00, 0x00, 0x00, 0x00, 0x00, 0x00, 0x00, 0x00,
  0x00, 0x00, 0x00, 0x00, 0x00, 0x00, 0x00, 0x00, 0x00, 0x00, 0x00, 0x00,
  0x00, 0x00, 0x00, 0x00, 0x00, 0x00, 0x00, 0x00, 0x00, 0x00, 0x00, 0x00,
  0x00, 0x00, 0x00, 0x00, 0x00, 0x00, 0x00, 0x00, 0x00, 0x00, 0x00, 0x00,
  0x00, 0x00, 0x00, 0x00, 0x00, 0x00, 0x00, 0x00, 0x00, 0x00, 0x00, 0x00,
  0x00, 0x00, 0x00, 0x00, 0x00, 0x00, 0x00, 0x00, 0x00, 0x00, 0x00, 0x00,
  0x00, 0x00, 0x00, 0x00, 0x00, 0x00, 0x00, 0x00, 0x00, 0x00, 0x00, 0x00,
  0x00, 0x00, 0x00, 0x00, 0x00, 0x00, 0x00, 0x00, 0x00, 0x00, 0x00, 0x00,
  0x00, 0x00, 0x00, 0x00, 0x00, 0x00, 0x00, 0x00, 0x00, 0x00, 0x00, 0x00,
  0x00, 0x00, 0x00, 0x00, 0x00, 0x00, 0x00, 0x00, 0x00, 0x00, 0x00, 0x00,
  0x00, 0x00, 0x00, 0x00, 0x00, 0x00, 0x00, 0x00, 0x00, 0x00, 0x00, 0x00,
  0x00, 0x00, 0x00, 0x00, 0x00, 0x00, 0x00, 0x00, 0x00, 0x00, 0x00, 0x00,
  0x00, 0x00, 0x00, 0x00, 0x00, 0x00, 0x00, 0x00, 0x00, 0x00, 0x00, 0x00,
  0x00, 0x00, 0x00, 0x00, 0x00, 0x00, 0x00, 0x00, 0x00, 0x00, 0x00, 0x00,
  0x00, 0x00, 0x00, 0x00, 0x00, 0x00, 0x00, 0x00, 0x00, 0x00, 0x00, 0x00,
  0x00, 0x00, 0x00, 0x00, 0x00, 0x00, 0x00, 0x00, 0x00, 0x00, 0x00, 0x00,
  0x00, 0x00, 0x00, 0x00, 0x00, 0x00, 0x00, 0x00, 0x00, 0x00, 0x00, 0x00,
  0x00, 0x00, 0x00, 0x00, 0x00, 0x00, 0x00, 0x00, 0x00, 0x00, 0x00, 0x00,
  0x00, 0x00, 0x00, 0x00, 0x00, 0x00, 0x00, 0x00, 0x00, 0x00, 0x00, 0x00,
  0x00, 0x00, 0x00, 0x00, 0x00, 0x00, 0x00, 0x00, 0x00, 0x00, 0x00, 0x00,
  0x00, 0x00, 0x00, 0x00, 0x00, 0x00, 0x00, 0x00, 0x00, 0x00, 0x00, 0x00,
  0x00, 0x00, 0x00, 0x00, 0x00, 0x00, 0x00, 0x00, 0x00, 0x00, 0x00, 0x00,
  0x00, 0x00, 0x00, 0x00, 0x00, 0x00, 0x00, 0x00, 0x00, 0x00, 0x00, 0x00,
  0x00, 0x00, 0x00, 0x00, 0x00, 0x00, 0x00, 0x00, 0x00, 0x00, 0x00, 0x00,
  0x00, 0x00, 0x00, 0x00, 0x00, 0x00, 0x00, 0x00, 0x00, 0x00, 0x00, 0x00,
  0x00, 0x00, 0x00, 0x00, 0x00, 0x00, 0x00, 0x00, 0x00, 0x00, 0x00, 0x00,
  0x00, 0x00, 0x00, 0x00, 0x00, 0x00, 0x00, 0x00, 0x00, 0x00, 0x00, 0x00,
  0x00, 0x00, 0x00, 0x00, 0x00, 0x00, 0x00, 0x00, 0x00, 0x00, 0x00, 0x00,
  0x00, 0x00, 0x00, 0x00, 0x00, 0x00, 0x00, 0x00, 0x00, 0x00, 0x00, 0x00,
  0x00, 0x00, 0x00, 0x00, 0x00, 0x00, 0x00, 0x00, 0x00, 0x00, 0x00, 0x00,
  0x00, 0x00, 0x00, 0x00, 0x00, 0x00, 0x00, 0x00, 0x00, 0x00, 0x00, 0x00,
  0x00, 0x00, 0x00, 0x00, 0x00, 0x00, 0x00, 0x00, 0x00, 0x00, 0x00, 0x00,
  0x00, 0x00, 0x00, 0x00, 0x00, 0x00, 0x00, 0x00, 0x00, 0x00, 0x00, 0x00,
  0x00, 0x00, 0x00, 0x00, 0x00, 0x00, 0x00, 0x00, 0x00, 0x00, 0x00, 0x00,
  0x00, 0x00, 0x00, 0x00, 0x00, 0x00, 0x00, 0x00, 0x00, 0x00, 0x00, 0x00,
  0x00, 0x00, 0x00, 0x00, 0x00, 0x00, 0x00, 0x00, 0x00, 0x00, 0x00, 0x00,
  0x00, 0x00, 0x00, 0x00, 0x00, 0x00, 0x00, 0x00, 0x00, 0x00, 0x00, 0x00,
  0x00, 0x00, 0x00, 0x00, 0x00, 0x00, 0x00, 0x00, 0x00, 0x00, 0x00, 0x00,
  0x00, 0x00, 0x00, 0x00, 0x00, 0x00, 0x00, 0x00, 0x00, 0x00, 0x00, 0x00,
  0x00, 0x00, 0x00, 0x00, 0x00, 0x00, 0x00, 0x00, 0x00, 0x00, 0x00, 0x00,
  0x00, 0x00, 0x00, 0x00, 0x00, 0x00, 0x00, 0x00, 0x00, 0x00, 0x00, 0x00,
  0x00, 0x00, 0x00, 0x00, 0x00, 0x00, 0x00, 0x00, 0x00, 0x00, 0x00, 0x00,
  0x00, 0x00, 0x00, 0x00, 0x00, 0x00, 0x00, 0x00, 0x00, 0x00, 0x00, 0x00,
  0x00, 0x00, 0x00, 0x00, 0x00, 0x00, 0x00, 0x00, 0x00, 0x00, 0x00, 0x00,
  0x00, 0x00, 0x00, 0x00, 0x00, 0x00, 0x00, 0x00, 0x00, 0x00, 0x00, 0x00,
  0x00, 0x00, 0x00, 0x00, 0x00, 0x00, 0x00, 0x00, 0x00, 0x00, 0x00, 0x00,
  0x00, 0x00, 0x00, 0x00, 0x00, 0x00, 0x00, 0x00, 0x00, 0x00, 0x00, 0x00,
  0x00, 0x00, 0x00, 0x00, 0x00, 0x00, 0x00, 0x00, 0x00, 0x00, 0x00, 0x00,
  0x00, 0x00, 0x00, 0x00, 0x00, 0x00, 0x00, 0x00, 0x00, 0x00, 0x00, 0x00,
  0x00, 0x00, 0x00, 0x00, 0x00, 0x00, 0x00, 0x00, 0x00, 0x00, 0x00, 0x00,
  0x00, 0x00, 0x00, 0x00, 0x00, 0x00, 0x00, 0x00, 0x00, 0x00, 0x00, 0x00,
  0x00, 0x00, 0x00, 0x00, 0x00, 0x00, 0x00, 0x00, 0x00, 0x00, 0x00, 0x00,
  0x00, 0x00, 0x00, 0x00, 0x00, 0x00, 0x00, 0x00, 0x00, 0x00, 0x00, 0x00,
  0x00, 0x00, 0x00, 0x00, 0x00, 0x00, 0x00, 0x00, 0x00, 0x00, 0x00, 0x00,
  0x00, 0x00, 0x00, 0x00, 0x00, 0x00, 0x00, 0x00, 0x00, 0x00, 0x00, 0x00,
  0x00, 0x00, 0x00, 0x00, 0x00, 0x00, 0x00, 0x00, 0x00, 0x00, 0x00, 0x00,
  0x00, 0x00, 0x00, 0x00, 0x00, 0x00, 0x00, 0x00, 0x00, 0x00, 0x00, 0x00,
  0x00, 0x00, 0x00, 0x00, 0x00, 0x00, 0x00, 0x00, 0x00, 0x00, 0x00, 0x00,
  0x00, 0x00, 0x00, 0x00, 0x00, 0x00, 0x00, 0x00, 0x00, 0x00, 0x00, 0x00,
  0x00, 0x00, 0x00, 0x00, 0x00, 0x00, 0x00, 0x00, 0x00, 0x00, 0x00, 0x00,
  0x00, 0x00, 0x00, 0x00, 0x00, 0x00, 0x00, 0x00, 0x00, 0x00, 0x00, 0x00,
  0x00, 0x00, 0x00, 0x00, 0x00, 0x00, 0x00, 0x00, 0x00, 0x00, 0x00, 0x00,
  0x00, 0x00, 0x00, 0x00, 0x00, 0x00, 0x00, 0x00, 0x00, 0x00, 0x00, 0x00,
  0x00, 0x00, 0x00, 0x00, 0x00, 0x00, 0x00, 0x00, 0x00, 0x00, 0x00, 0x00,
  0x00, 0x00, 0x00, 0x00, 0x00, 0x00, 0x00, 0x00, 0x00, 0x00, 0x00, 0x00,
  0x00, 0x00, 0x00, 0x00, 0x00, 0x00, 0x00, 0x00, 0x00, 0x00, 0x00, 0x00,
  0x00, 0x00, 0x00, 0x00, 0x00, 0x00, 0x00, 0x00, 0x00, 0x00, 0x00, 0x00,
  0x00, 0x00, 0x00, 0x00, 0x00, 0x00, 0x00, 0x00, 0x00, 0x00, 0x00, 0x00,
  0x00, 0x00, 0x00, 0x00, 0x00, 0x00, 0x00, 0x00, 0x00, 0x00, 0x00, 0x00,
  0x00, 0x00, 0x00, 0x00, 0x00, 0x00, 0x00, 0x00, 0x00, 0x00, 0x00, 0x00,
  0x00, 0x00, 0x00, 0x00, 0x00, 0x00, 0x00, 0x00, 0x00, 0x00, 0x00, 0x00,
  0x00, 0x00, 0x00, 0x00, 0x00, 0x00, 0x00, 0x00, 0x00, 0x00, 0x00, 0x00,
  0x00, 0x00, 0x00, 0x00, 0x00, 0x00, 0x00, 0x00, 0x00, 0x00, 0x00, 0x00,
  0x00, 0x00, 0x00, 0x00, 0x00, 0x00, 0x00, 0x00, 0x00, 0x00, 0x00, 0x00,
  0x00, 0x00, 0x00, 0x00, 0x00, 0x00, 0x00, 0x00, 0x00, 0x00, 0x00, 0x00,
  0x00, 0x00, 0x00, 0x00, 0x00, 0x00, 0x00, 0x00, 0x00, 0x00, 0x00, 0x00,
  0x00, 0x00, 0x00, 0x00, 0x00, 0x00, 0x00, 0x00, 0x00, 0x00, 0x00, 0x00,
  0x00, 0x00, 0x00, 0x00, 0x00, 0x00, 0x00, 0x00, 0x00, 0x00, 0x00, 0x00,
  0x00, 0x00, 0x00, 0x00, 0x00, 0x00, 0x00, 0x00, 0x00, 0x00, 0x00, 0x00,
  0x00, 0x00, 0x00, 0x00, 0x00, 0x00, 0x00, 0x00, 0x00, 0x00, 0x00, 0x00,
  0x00, 0x00, 0x00, 0x00, 0x00, 0x00, 0x00, 0x00, 0x00, 0x00, 0x00, 0x00,
  0x00, 0x00, 0x00, 0x00, 0x00, 0x00, 0x00, 0x00, 0x00, 0x00, 0x00, 0x00,
  0x00, 0x00, 0x00, 0x00, 0x00, 0x00, 0x00, 0x00, 0x00, 0x00, 0x00, 0x00,
  0x00, 0x00, 0x00, 0x00, 0x00, 0x00, 0x00, 0x00, 0x00, 0x00, 0x00, 0x00,
  0x00, 0x00, 0x00, 0x00, 0x00, 0x00, 0x00, 0x00, 0x00, 0x00, 0x00, 0x00,
  0x00, 0x00, 0x00, 0x00, 0x00, 0x00, 0x00, 0x00, 0x00, 0x00, 0x00, 0x00,
  0x00, 0x00, 0x00, 0x00, 0x00, 0x00, 0x00, 0x00, 0x00, 0x00, 0x00, 0x00,
  0x00, 0x00, 0x00, 0x00, 0x00, 0x00, 0x00, 0x00, 0x00, 0x00, 0x00, 0x00,
  0x00, 0x00, 0x00, 0x00, 0x00, 0x00, 0x00, 0x00, 0x00, 0x00, 0x00, 0x00,
  0x00, 0x00, 0x00, 0x00, 0x00, 0x00, 0x00, 0x00, 0x00, 0x00, 0x00, 0x00,
  0x00, 0x00, 0x00, 0x00, 0x00, 0x00, 0x00, 0x00, 0x00, 0x00, 0x00, 0x00,
  0x00, 0x00, 0x00, 0x00, 0x00, 0x00, 0x00, 0x00, 0x00, 0x00, 0x00, 0x00,
  0x00, 0x00, 0x00, 0x00, 0x00, 0x00, 0x00, 0x00, 0x00, 0x00, 0x00, 0x00,
  0x00, 0x00, 0x00, 0x00, 0x00, 0x00, 0x00, 0x00, 0x00, 0x00, 0x00, 0x00,
  0x00, 0x00, 0x00, 0x00, 0x00, 0x00, 0x00, 0x00, 0x00, 0x00, 0x00, 0x00,
  0x00, 0x00, 0x00, 0x00, 0x00, 0x00, 0x00, 0x00, 0x00, 0x00, 0x00, 0x00,
  0x00, 0x00, 0x00, 0x00, 0x00, 0x00, 0x00, 0x00, 0x00, 0x00, 0x00, 0x00,
  0x00, 0x00, 0x00, 0x00, 0x00, 0x00, 0x00, 0x00, 0x00, 0x00, 0x00, 0x00,
  0x00, 0x00, 0x00, 0x00, 0x00, 0x00, 0x00, 0x00, 0x00, 0x00, 0x00, 0x00,
  0x00, 0x00, 0x00, 0x00, 0x00, 0x00, 0x00, 0x00, 0x00, 0x00, 0x00, 0x00,
  0x00, 0x00, 0x00, 0x00, 0x00, 0x00, 0x00, 0x00, 0x00, 0x00, 0x00, 0x00,
  0x00, 0x00, 0x00, 0x00, 0x00, 0x00, 0x00, 0x00, 0x00, 0x00, 0x00, 0x00,
  0x00, 0x00, 0x00, 0x00, 0x00, 0x00, 0x00, 0x00, 0x00, 0x00, 0x00, 0x00,
  0x00, 0x00, 0x00, 0x00, 0x00, 0x00, 0x00, 0x00, 0x00, 0x00, 0x00, 0x00,
  0x00, 0x00, 0x00, 0x00, 0x00, 0x00, 0x00, 0x00, 0x00, 0x00, 0x00, 0x00,
  0x00, 0x00, 0x00, 0x00, 0x00, 0x00, 0x00, 0x00, 0x00, 0x00, 0x00, 0x00,
  0x00, 0x00, 0x00, 0x00, 0x00, 0x00, 0x00, 0x00, 0x00, 0x00, 0x00, 0x00,
  0x00, 0x00, 0x00, 0x00, 0x00, 0x00, 0x00, 0x00, 0x00, 0x00, 0x00, 0x00,
  0x00, 0x00, 0x00, 0x00, 0x00, 0x00, 0x00, 0x00, 0x00, 0x00, 0x00, 0x00,
  0x00, 0x00, 0x00, 0x00, 0x00, 0x00, 0x00, 0x00, 0x00, 0x00, 0x00, 0x00,
  0x00, 0x00, 0x00, 0x00, 0x00, 0x00, 0x00, 0x00, 0x00, 0x00, 0x00, 0x00,
  0x00, 0x00, 0x00, 0x00, 0x00, 0x00, 0x00, 0x00, 0x00, 0x00, 0x00, 0x00,
  0x00, 0x00, 0x00, 0x00, 0x00, 0x00, 0x00, 0x00, 0x00, 0x00, 0x00, 0x00,
  0x00, 0x00, 0x00, 0x00, 0x00, 0x00, 0x00, 0x00, 0x00, 0x00, 0x00, 0x00,
  0x00, 0x00, 0x00, 0x00, 0x00, 0x00, 0x00, 0x00, 0x00, 0x00, 0x00, 0x00,
  0x00, 0x00, 0x00, 0x00, 0x00, 0x00, 0x00, 0x00, 0x00, 0x00, 0x00, 0x00,
  0x00, 0x00, 0x00, 0x00, 0x00, 0x00, 0x00, 0x00, 0x00, 0x00, 0x00, 0x00,
  0x00, 0x00, 0x00, 0x00, 0x00, 0x00, 0x00, 0x00, 0x00, 0x00, 0x00, 0x00,
  0x00, 0x00, 0x00, 0x00, 0x00, 0x00, 0x00, 0x00, 0x00, 0x00, 0x00, 0x00,
  0x00, 0x00, 0x00, 0x00, 0x00, 0x00, 0x00, 0x00, 0x00, 0x00, 0x00, 0x00,
  0x00, 0x00, 0x00, 0x00, 0x00, 0x00, 0x00, 0x00, 0x00, 0x00, 0x00, 0x00,
  0x00, 0x00, 0x00, 0x00, 0x00, 0x00, 0x00, 0x00, 0x00, 0x00, 0x00, 0x00,
  0x00, 0x00, 0x00, 0x00, 0x00, 0x00, 0x00, 0x00, 0x00, 0x00, 0x00, 0x00,
  0x00, 0x00, 0x00, 0x00, 0x00, 0x00, 0x00, 0x00, 0x00, 0x00, 0x00, 0x00,
  0x00, 0x00, 0x00, 0x00, 0x00, 0x00, 0x00, 0x00, 0x00, 0x00, 0x00, 0x00,
  0x00, 0x00, 0x00, 0x00, 0x00, 0x00, 0x00, 0x00, 0x00, 0x00, 0x00, 0x00,
  0x00, 0x00, 0x00, 0x00, 0x00, 0x00, 0x00, 0x00, 0x00, 0x00, 0x00, 0x00,
  0x00, 0x00, 0x00, 0x00, 0x00, 0x00, 0x00, 0x00, 0x00, 0x00, 0x00, 0x00,
  0x00, 0x00, 0x00, 0x00, 0x00, 0x00, 0x00, 0x00, 0x00, 0x00, 0x00, 0x00,
  0x00, 0x00, 0x00, 0x00, 0x00, 0x00, 0x00, 0x00, 0x00, 0x00, 0x00, 0x00,
  0x00, 0x00, 0x00, 0x00, 0x00, 0x00, 0x00, 0x00, 0x00, 0x00, 0x00, 0x00,
  0x00, 0x00, 0x00, 0x00, 0x00, 0x00, 0x00, 0x00, 0x00, 0x00, 0x00, 0x00,
  0x00, 0x00, 0x00, 0x00, 0x00, 0x00, 0x00, 0x00, 0x00, 0x00, 0x00, 0x00,
  0x00, 0x00, 0x00, 0x00, 0x00, 0x00, 0x00, 0x00, 0x00, 0x00, 0x00, 0x00,
  0x00, 0x00, 0x00, 0x00, 0x00, 0x00, 0x00, 0x00, 0x00, 0x00, 0x00, 0x00,
  0x00, 0x00, 0x00, 0x00, 0x00, 0x00, 0x00, 0x00, 0x00, 0x00, 0x00, 0x00,
  0x00, 0x00, 0x00, 0x00, 0x00, 0x00, 0x00, 0x00, 0x00, 0x00, 0x00, 0x00,
  0x00, 0x00, 0x00, 0x00, 0x00, 0x00, 0x00, 0x00, 0x00, 0x00, 0x00, 0x00,
  0x00, 0x00, 0x00, 0x00, 0x00, 0x00, 0x00, 0x00, 0x00, 0x00, 0x00, 0x00,
  0x00, 0x00, 0x00, 0x00, 0x00, 0x00, 0x00, 0x00, 0x00, 0x00, 0x00, 0x00,
  0x00, 0x00, 0x00, 0x00, 0x00, 0x00, 0x00, 0x00, 0x00, 0x00, 0x00, 0x00,
  0x00, 0x00, 0x00, 0x00, 0x00, 0x00, 0x00, 0x00, 0x00, 0x00, 0x00, 0x00,
  0x00, 0x00, 0x00, 0x00, 0x00, 0x00, 0x00, 0x00, 0x00, 0x00, 0x00, 0x00,
  0x00, 0x00, 0x00, 0x00, 0x00, 0x00, 0x00, 0x00, 0x00, 0x00, 0x00, 0x00,
  0x00, 0x00, 0x00, 0x00, 0x00, 0x00, 0x00, 0x00, 0x00, 0x00, 0x00, 0x00,
  0x00, 0x00, 0x00, 0x00, 0x00, 0x00, 0x00, 0x00, 0x00, 0x00, 0x00, 0x00,
  0x00, 0x00, 0x00, 0x00, 0x00, 0x00, 0x00, 0x00, 0x00, 0x00, 0x00, 0x00,
  0x00, 0x00, 0x00, 0x00, 0x00, 0x00, 0x00, 0x00, 0x00, 0x00, 0x00, 0x00,
  0x00, 0x00, 0x00, 0x00, 0x00, 0x00, 0x00, 0x00, 0x00, 0x00, 0x00, 0x00,
  0x00, 0x00, 0x00, 0x00, 0x00, 0x00, 0x00, 0x00, 0x00, 0x00, 0x00, 0x00,
  0x00, 0x00, 0x00, 0x00, 0x00, 0x00, 0x00, 0x00, 0x00, 0x00, 0x00, 0x00,
  0x00, 0x00, 0x00, 0x00, 0x00, 0x00, 0x00, 0x00, 0x00, 0x00, 0x00, 0x00,
  0x00, 0x00, 0x00, 0x00, 0x00, 0x00, 0x00, 0x00, 0x00, 0x00, 0x00, 0x00,
  0x00, 0x00, 0x00, 0x00, 0x00, 0x00, 0x00, 0x00, 0x00, 0x00, 0x00, 0x00,
  0x00, 0x00, 0x00, 0x00, 0x00, 0x00, 0x00, 0x00, 0x00, 0x00, 0x00, 0x00,
  0x00, 0x00, 0x00, 0x00, 0x00, 0x00, 0x00, 0x00, 0x00, 0x00, 0x00, 0x00,
  0x00, 0x00, 0x00, 0x00, 0x00, 0x00, 0x00, 0x00, 0x00, 0x00, 0x00, 0x00,
  0x00, 0x00, 0x00, 0x00, 0x00, 0x00, 0x00, 0x00, 0x00, 0x00, 0x00, 0x00,
  0x00, 0x00, 0x00, 0x00, 0x00, 0x00, 0x00, 0x00, 0x00, 0x00, 0x00, 0x00,
  0x00, 0x00, 0x00, 0x00, 0x00, 0x00, 0x00, 0x00, 0x00, 0x00, 0x00, 0x00,
  0x00, 0x00, 0x00, 0x00, 0x00, 0x00, 0x00, 0x00, 0x00, 0x00, 0x00, 0x00,
  0x00, 0x00, 0x00, 0x00, 0x00, 0x00, 0x00, 0x00, 0x00, 0x00, 0x00, 0x00,
  0x00, 0x00, 0x00, 0x00, 0x00, 0x00, 0x00, 0x00, 0x00, 0x00, 0x00, 0x00,
  0x00, 0x00, 0x00, 0x00, 0x00, 0x00, 0x00, 0x00, 0x00, 0x00, 0x00, 0x00,
  0x00, 0x00, 0x00, 0x00, 0x00, 0x00, 0x00, 0x00, 0x00, 0x00, 0x00, 0x00,
  0x00, 0x00, 0x00, 0x00, 0x00, 0x00, 0x00, 0x00, 0x00, 0x00, 0x00, 0x00,
  0x00, 0x00, 0x00, 0x00, 0x00, 0x00, 0x00, 0x00, 0x00, 0x00, 0x00, 0x00,
  0x00, 0x00, 0x00, 0x00, 0x00, 0x00, 0x00, 0x00, 0x00, 0x00, 0x00, 0x00,
  0x00, 0x00, 0x00, 0x00, 0x00, 0x00, 0x00, 0x00, 0x00, 0x00, 0x00, 0x00,
  0x00, 0x00, 0x00, 0x00, 0x00, 0x00, 0x00, 0x00, 0x00, 0x00, 0x00, 0x00,
  0x00, 0x00, 0x00, 0x00, 0x00, 0x00, 0x00, 0x00, 0x00, 0x00, 0x00, 0x00,
  0x00, 0x00, 0x00, 0x00, 0x00, 0x00, 0x00, 0x00, 0x00, 0x00, 0x00, 0x00,
  0x00, 0x00, 0x00, 0x00, 0x00, 0x00, 0x00, 0x00, 0x00, 0x00, 0x00, 0x00,
  0x00, 0x00, 0x00, 0x00, 0x00, 0x00, 0x00, 0x00, 0x00, 0x00, 0x00, 0x00,
  0x00, 0x00, 0x00, 0x00, 0x00, 0x00, 0x00, 0x00, 0x00, 0x00, 0x00, 0x00,
  0x00, 0x00, 0x00, 0x00, 0x00, 0x00, 0x00, 0x00, 0x00, 0x00, 0x00, 0x00,
  0x00, 0x00, 0x00, 0x00, 0x00, 0x00, 0x00, 0x00, 0x00, 0x00, 0x00, 0x00,
  0x00, 0x00, 0x00, 0x00, 0x00, 0x00, 0x00, 0x00, 0x00, 0x00, 0x00, 0x00,
  0x00, 0x00, 0x00, 0x00, 0x00, 0x00, 0x00, 0x00, 0x00, 0x00, 0x00, 0x00,
  0x00, 0x00, 0x00, 0x00, 0x00, 0x00, 0x00, 0x00, 0x00, 0x00, 0x00, 0x00,
  0x00, 0x00, 0x00, 0x00, 0x00, 0x00, 0x00, 0x00, 0x00, 0x00, 0x00, 0x00,
  0x00, 0x00, 0x00, 0x00, 0x00, 0x00, 0x00, 0x00, 0x00, 0x00, 0x00, 0x00,
  0x00, 0x00, 0x00, 0x00, 0x00, 0x00, 0x00, 0x00, 0x00, 0x00, 0x00, 0x00,
  0x00, 0x00, 0x00, 0x00, 0x00, 0x00, 0x00, 0x00, 0x00, 0x00, 0x00, 0x00,
  0x00, 0x00, 0x00, 0x00, 0x00, 0x00, 0x00, 0x00, 0x00, 0x00, 0x00, 0x00,
  0x00, 0x00, 0x00, 0x00, 0x00, 0x00, 0x00, 0x00, 0x00, 0x00, 0x00, 0x00,
  0x00, 0x00, 0x00, 0x00, 0x00, 0x00, 0x00, 0x00, 0x00, 0x00, 0x00, 0x00,
  0x00, 0x00, 0x00, 0x00, 0x00, 0x00, 0x00, 0x00, 0x00, 0x00, 0x00, 0x00,
  0x00, 0x00, 0x00, 0x00, 0x00, 0x00, 0x00, 0x00, 0x00, 0x00, 0x00, 0x00,
  0x00, 0x00, 0x00, 0x00, 0x00, 0x00, 0x00, 0x00, 0x00, 0x00, 0x00, 0x00,
  0x00, 0x00, 0x00, 0x00, 0x00, 0x00, 0x00, 0x00, 0x00, 0x00, 0x00, 0x00,
  0x00, 0x00, 0x00, 0x00, 0x00, 0x00, 0x00, 0x00, 0x00, 0x00, 0x00, 0x00,
  0x00, 0x00, 0x00, 0x00, 0x00, 0x00, 0x00, 0x00, 0x00, 0x00, 0x00, 0x00,
  0x00, 0x00, 0x00, 0x00, 0x00, 0x00, 0x00, 0x00, 0x00, 0x00, 0x00, 0x00,
  0x00, 0x00, 0x00, 0x00, 0x00, 0x00, 0x00, 0x00, 0x00, 0x00, 0x00, 0x00,
  0x00, 0x00, 0x00, 0x00, 0x00, 0x00, 0x00, 0x00, 0x00, 0x00, 0x00, 0x00,
  0x00, 0x00, 0x00, 0x00, 0x00, 0x00, 0x00, 0x00, 0x00, 0x00, 0x00, 0x00,
  0x00, 0x00, 0x00, 0x00, 0x00, 0x00, 0x00, 0x00, 0x00, 0x00, 0x00, 0x00,
  0x00, 0x00, 0x00, 0x00, 0x00, 0x00, 0x00, 0x00, 0x00, 0x00, 0x00, 0x00,
  0x00, 0x00, 0x00, 0x00, 0x00, 0x00, 0x00, 0x00, 0x00, 0x00, 0x00, 0x00,
  0x00, 0x00, 0x00, 0x00, 0x00, 0x00, 0x00, 0x00, 0x00, 0x00, 0x00, 0x00,
  0x00, 0x00, 0x00, 0x00, 0x00, 0x00, 0x00, 0x00, 0x00, 0x00, 0x00, 0x00,
  0x00, 0x00, 0x00, 0x00, 0x00, 0x00, 0x00, 0x00, 0x00, 0x00, 0x00, 0x00,
  0x00, 0x00, 0x00, 0x00, 0x00, 0x00, 0x00, 0x00, 0x00, 0x00, 0x00, 0x00,
  0x00, 0x00, 0x00, 0x00, 0x00, 0x00, 0x00, 0x00, 0x00, 0x00, 0x00, 0x00,
  0x00, 0x00, 0x00, 0x00, 0x00, 0x00, 0x00, 0x00, 0x00, 0x00, 0x00, 0x00,
  0x00, 0x00, 0x00, 0x00, 0x00, 0x00, 0x00, 0x00, 0x00, 0x00, 0x00, 0x00,
  0x00, 0x00, 0x00, 0x00, 0x00, 0x00, 0x00, 0x00, 0x00, 0x00, 0x00, 0x00,
  0x00, 0x00, 0x00, 0x00, 0x00, 0x00, 0x00, 0x00, 0x00, 0x00, 0x00, 0x00,
  0x00, 0x00, 0x00, 0x00, 0x00, 0x00, 0x00, 0x00, 0x00, 0x00, 0x00, 0x00,
  0x00, 0x00, 0x00, 0x00, 0x00, 0x00, 0x00, 0x00, 0x00, 0x00, 0x00, 0x00,
  0x00, 0x00, 0x00, 0x00, 0x00, 0x00, 0x00, 0x00, 0x00, 0x00, 0x00, 0x00,
  0x00, 0x00, 0x00, 0x00, 0x00, 0x00, 0x00, 0x00, 0x00, 0x00, 0x00, 0x00,
  0x00, 0x00, 0x00, 0x00, 0x00, 0x00, 0x00, 0x00, 0x00, 0x00, 0x00, 0x00,
  0x00, 0x00, 0x00, 0x00, 0x00, 0x00, 0x00, 0x00, 0x00, 0x00, 0x00, 0x00,
  0x00, 0x00, 0x00, 0x00, 0x00, 0x00, 0x00, 0x00, 0x00, 0x00, 0x00, 0x00,
  0x00, 0x00, 0x00, 0x00, 0x00, 0x00, 0x00, 0x00, 0x00, 0x00, 0x00, 0x00,
  0x00, 0x00, 0x00, 0x00, 0x00, 0x00, 0x00, 0x00, 0x00, 0x00, 0x00, 0x00,
  0x00, 0x00, 0x00, 0x00, 0x00, 0x00, 0x00, 0x00, 0x00, 0x00, 0x00, 0x00,
  0x00, 0x00, 0x00, 0x00, 0x00, 0x00, 0x00, 0x00, 0x00, 0x00, 0x00, 0x00,
  0x00, 0x00, 0x00, 0x00, 0x00, 0x00, 0x00, 0x00, 0x00, 0x00, 0x00, 0x00,
  0x00, 0x00, 0x00, 0x00, 0x00, 0x00, 0x00, 0x00, 0x00, 0x00, 0x00, 0x00,
  0x00, 0x00, 0x00, 0x00, 0x00, 0x00, 0x00, 0x00, 0x00, 0x00, 0x00, 0x00,
  0x00, 0x00, 0x00, 0x00, 0x00, 0x00, 0x00, 0x00, 0x00, 0x00, 0x00, 0x00,
  0x00, 0x00, 0x00, 0x00, 0x00, 0x00, 0x00, 0x00, 0x00, 0x00, 0x00, 0x00,
  0x00, 0x00, 0x00, 0x00, 0x00, 0x00, 0x00, 0x00, 0x00, 0x00, 0x00, 0x00,
  0x00, 0x00, 0x00, 0x00, 0x00, 0x00, 0x00, 0x00, 0x00, 0x00, 0x00, 0x00,
  0x00, 0x00, 0x00, 0x00, 0x00, 0x00, 0x00, 0x00, 0x00, 0x00, 0x00, 0x00,
  0x00, 0x00, 0x00, 0x00, 0x00, 0x00, 0x00, 0x00, 0x00, 0x00, 0x00, 0x00,
  0x00, 0x00, 0x00, 0x00, 0x00, 0x00, 0x00, 0x00, 0x00, 0x00, 0x00, 0x00,
  0x00, 0x00, 0x00, 0x00, 0x00, 0x00, 0x00, 0x00, 0x00, 0x00, 0x00, 0x00,
  0x00, 0x00, 0x00, 0x00, 0x00, 0x00, 0x00, 0x00, 0x00, 0x00, 0x00, 0x00,
  0x00, 0x00, 0x00, 0x00, 0x00, 0x00, 0x00, 0x00, 0x00, 0x00, 0x00, 0x00,
  0x00, 0x00, 0x00, 0x00, 0x00, 0x00, 0x00, 0x00, 0x00, 0x00, 0x00, 0x00,
  0x00, 0x00, 0x00, 0x00, 0x00, 0x00, 0x00, 0x00, 0x00, 0x00, 0x00, 0x00,
  0x00, 0x00, 0x00, 0x00, 0x00, 0x00, 0x00, 0x00, 0x00, 0x00, 0x00, 0x00,
  0x00, 0x00, 0x00, 0x00, 0x00, 0x00, 0x00, 0x00, 0x00, 0x00, 0x00, 0x00,
  0x00, 0x00, 0x00, 0x00, 0x00, 0x00, 0x00, 0x00, 0x00, 0x00, 0x00, 0x00,
  0x00, 0x00, 0x00, 0x00, 0x00, 0x00, 0x00, 0x00, 0x00, 0x00, 0x00, 0x00,
  0x00, 0x00, 0x00, 0x00, 0x00, 0x00, 0x00, 0x00, 0x00, 0x00, 0x00, 0x00,
  0x00, 0x00, 0x00, 0x00, 0x00, 0x00, 0x00, 0x00, 0x00, 0x00, 0x00, 0x00,
  0x00, 0x00, 0x00, 0x00, 0x00, 0x00, 0x00, 0x00, 0x00, 0x00, 0x00, 0x00,
  0x00, 0x00, 0x00, 0x00, 0x00, 0x00, 0x00, 0x00, 0x00, 0x00, 0x00, 0x00,
  0x00, 0x00, 0x00, 0x00, 0x00, 0x00, 0x00, 0x00, 0x00, 0x00, 0x00, 0x00,
  0x00, 0x00, 0x00, 0x00, 0x00, 0x00, 0x00, 0x00, 0x00, 0x00, 0x00, 0x00,
  0x00, 0x00, 0x00, 0x00, 0x00, 0x00, 0x00, 0x00, 0x00, 0x00, 0x00, 0x00,
  0x00, 0x00, 0x00, 0x00, 0x00, 0x00, 0x00, 0x00, 0x00, 0x00, 0x00, 0x00,
  0x00, 0x00, 0x00, 0x00, 0x00, 0x00, 0x00, 0x00, 0x00, 0x00, 0x00, 0x00,
  0x00, 0x00, 0x00, 0x00, 0x00, 0x00, 0x00, 0x00, 0x00, 0x00, 0x00, 0x00,
  0x00, 0x00, 0x00, 0x00, 0x00, 0x00, 0x00, 0x00, 0x00, 0x00, 0x00, 0x00,
  0x00, 0x00, 0x00, 0x00, 0x00, 0x00, 0x00, 0x00, 0x00, 0x00, 0x00, 0x00,
  0x00, 0x00, 0x00, 0x00, 0x00, 0x00, 0x00, 0x00, 0x00, 0x00, 0x00, 0x00,
  0x00, 0x00, 0x00, 0x00, 0x00, 0x00, 0x00, 0x00, 0x00, 0x00, 0x00, 0x00,
  0x00, 0x00, 0x00, 0x00, 0x00, 0x00, 0x00, 0x00, 0x00, 0x00, 0x00, 0x00,
  0x00, 0x00, 0x00, 0x00, 0x00, 0x00, 0x00, 0x00, 0x00, 0x00, 0x00, 0x00,
  0x00, 0x00, 0x00, 0x00, 0x00, 0x00, 0x00, 0x00, 0x00, 0x00, 0x00, 0x00,
  0x00, 0x00, 0x00, 0x00, 0x00, 0x00, 0x00, 0x00, 0x00, 0x00, 0x00, 0x00,
  0x00, 0x00, 0x00, 0x00, 0x00, 0x00, 0x00, 0x00, 0x00, 0x00, 0x00, 0x00,
  0x00, 0x00, 0x00, 0x00, 0x00, 0x00, 0x00, 0x00, 0x00, 0x00, 0x00, 0x00,
  0x00, 0x00, 0x00, 0x00, 0x00, 0x00, 0x00, 0x00, 0x00, 0x00, 0x00, 0x00,
  0x00, 0x00, 0x00, 0x00, 0x00, 0x00, 0x00, 0x00, 0x00, 0x00, 0x00, 0x00,
  0x00, 0x00, 0x00, 0x00, 0x00, 0x00, 0x00, 0x00, 0x00, 0x00, 0x00, 0x00,
  0x00, 0x00, 0x00, 0x00, 0x00, 0x00, 0x00, 0x00, 0x00, 0x00, 0x00, 0x00,
  0x00, 0x00, 0x00, 0x00, 0x00, 0x00, 0x00, 0x00, 0x00, 0x00, 0x00, 0x00,
  0x00, 0x00, 0x00, 0x00, 0x00, 0x00, 0x00, 0x00, 0x00, 0x00, 0x00, 0x00,
  0x00, 0x00, 0x00, 0x00, 0x00, 0x00, 0x00, 0x00, 0x00, 0x00, 0x00, 0x00,
  0x00, 0x00, 0x00, 0x00, 0x00, 0x00, 0x00, 0x00, 0x00, 0x00, 0x00, 0x00,
  0x00, 0x00, 0x00, 0x00, 0x00, 0x00, 0x00, 0x00, 0x00, 0x00, 0x00, 0x00,
  0x00, 0x00, 0x00, 0x00, 0x00, 0x00, 0x00, 0x00, 0x00, 0x00, 0x00, 0x00,
  0x00, 0x00, 0x00, 0x00, 0x00, 0x00, 0x00, 0x00, 0x00, 0x00, 0x00, 0x00,
  0x00, 0x00, 0x00, 0x00, 0x00, 0x00, 0x00, 0x00, 0x00, 0x00, 0x00, 0x00,
  0x00, 0x00, 0x00, 0x00, 0x00, 0x00, 0x00, 0x00, 0x00, 0x00, 0x00, 0x00,
  0x00, 0x00, 0x00, 0x00, 0x00, 0x00, 0x00, 0x00, 0x00, 0x00, 0x00, 0x00,
  0x00, 0x00, 0x00, 0x00, 0x00, 0x00, 0x00, 0x00, 0x00, 0x00, 0x00, 0x00,
  0x00, 0x00, 0x00, 0x00, 0x00, 0x00, 0x00, 0x00, 0x00, 0x00, 0x00, 0x00,
  0x00, 0x00, 0x00, 0x00, 0x00, 0x00, 0x00, 0x00, 0x00, 0x00, 0x00, 0x00,
  0x00, 0x00, 0x00, 0x00, 0x00, 0x00, 0x00, 0x00, 0x00, 0x00, 0x00, 0x00,
  0x00, 0x00, 0x00, 0x00, 0x00, 0x00, 0x00, 0x00, 0x00, 0x00, 0x00, 0x00,
  0x00, 0x00, 0x00, 0x00, 0x00, 0x00, 0x00, 0x00, 0x00, 0x00, 0x00, 0x00,
  0x00, 0x00, 0x00, 0x00, 0x00, 0x00, 0x00, 0x00, 0x00, 0x00, 0x00, 0x00,
  0x00, 0x00, 0x00, 0x00, 0x00, 0x00, 0x00, 0x00, 0x00, 0x00, 0x00, 0x00,
  0x00, 0x00, 0x00, 0x00, 0x00, 0x00, 0x00, 0x00, 0x00, 0x00, 0x00, 0x00,
  0x00, 0x00, 0x00, 0x00, 0x00, 0x00, 0x00, 0x00, 0x00, 0x00, 0x00, 0x00,
  0x00, 0x00, 0x00, 0x00, 0x00, 0x00, 0x00, 0x00, 0x00, 0x00, 0x00, 0x00,
  0x00, 0x00, 0x00, 0x00, 0x00, 0x00, 0x00, 0x00, 0x00, 0x00, 0x00, 0x00,
  0x00, 0x00, 0x00, 0x00, 0x00, 0x00, 0x00, 0x00, 0x00, 0x00, 0x00, 0x00,
  0x00, 0x00, 0x00, 0x00, 0x00, 0x00, 0x00, 0x00, 0x00, 0x00, 0x00, 0x00,
  0x00, 0x00, 0x00, 0x00, 0x00, 0x00, 0x00, 0x00, 0x00, 0x00, 0x00, 0x00,
  0x00, 0x00, 0x00, 0x00, 0x00, 0x00, 0x00, 0x00, 0x00, 0x00, 0x00, 0x00,
  0x00, 0x00, 0x00, 0x00, 0x00, 0x00, 0x00, 0x00, 0x00, 0x00, 0x00, 0x00,
  0x00, 0x00, 0x00, 0x00, 0x00, 0x00, 0x00, 0x00, 0x00, 0x00, 0x00, 0x00,
  0x00, 0x00, 0x00, 0x00, 0x00, 0x00, 0x00, 0x00, 0x00, 0x00, 0x00, 0x00,
  0x00, 0x00, 0x00, 0x00, 0x00, 0x00, 0x00, 0x00, 0x00, 0x00, 0x00, 0x00,
  0x00, 0x00, 0x00, 0x00, 0x00, 0x00, 0x00, 0x00, 0x00, 0x00, 0x00, 0x00,
  0x00, 0x00, 0x00, 0x00, 0x00, 0x00, 0x00, 0x00, 0x00, 0x00, 0x00, 0x00,
  0x00, 0x00, 0x00, 0x00, 0x00, 0x00, 0x00, 0x00, 0x00, 0x00, 0x00, 0x00,
  0x00, 0x00, 0x00, 0x00, 0x00, 0x00, 0x00, 0x00, 0x00, 0x00, 0x00, 0x00,
  0x00, 0x00, 0x00, 0x00, 0x00, 0x00, 0x00, 0x00, 0x00, 0x00, 0x00, 0x00,
  0x00, 0x00, 0x00, 0x00, 0x00, 0x00, 0x00, 0x00, 0x00, 0x00, 0x00, 0x00,
  0x00, 0x00, 0x00, 0x00, 0x00, 0x00, 0x00, 0x00, 0x00, 0x00, 0x00, 0x00,
  0x00, 0x00, 0x00, 0x00, 0x00, 0x00, 0x00, 0x00, 0x00, 0x00, 0x00, 0x00,
  0x00, 0x00, 0x00, 0x00, 0x00, 0x00, 0x00, 0x00, 0x00, 0x00, 0x00, 0x00,
  0x00, 0x00, 0x00, 0x00, 0x00, 0x00, 0x00, 0x00, 0x00, 0x00, 0x00, 0x00,
  0x00, 0x00, 0x00, 0x00, 0x00, 0x00, 0x00, 0x00, 0x00, 0x00, 0x00, 0x00,
  0x00, 0x00, 0x00, 0x00, 0x00, 0x00, 0x00, 0x00, 0x00, 0x00, 0x00, 0x00,
  0x00, 0x00, 0x00, 0x00, 0x00, 0x00, 0x00, 0x00, 0x00, 0x00, 0x00, 0x00,
  0x00, 0x00, 0x00, 0x00, 0x00, 0x00, 0x00, 0x00, 0x00, 0x00, 0x00, 0x00,
  0x00, 0x00, 0x00, 0x00, 0x00, 0x00, 0x00, 0x00, 0x00, 0x00, 0x00, 0x00,
  0x00, 0x00, 0x00, 0x00, 0x00, 0x00, 0x00, 0x00, 0x00, 0x00, 0x00, 0x00,
  0x00, 0x00, 0x00, 0x00, 0x00, 0x00, 0x00, 0x00, 0x00, 0x00, 0x00, 0x00,
  0x00, 0x00, 0x00, 0x00, 0x00, 0x00, 0x00, 0x00, 0x00, 0x00, 0x00, 0x00,
  0x00, 0x00, 0x00, 0x00, 0x00, 0x00, 0x00, 0x00, 0x00, 0x00, 0x00, 0x00,
  0x00, 0x00, 0x00, 0x00, 0x00, 0x00, 0x00, 0x00, 0x00, 0x00, 0x00, 0x00,
  0x00, 0x00, 0x00, 0x00, 0x00, 0x00, 0x00, 0x00, 0x00, 0x00, 0x00, 0x00,
  0x00, 0x00, 0x00, 0x00, 0x00, 0x00, 0x00, 0x00, 0x00, 0x00, 0x00, 0x00,
  0x00, 0x00, 0x00, 0x00, 0x00, 0x00, 0x00, 0x00, 0x00, 0x00, 0x00, 0x00,
  0x00, 0x00, 0x00, 0x00, 0x00, 0x00, 0x00, 0x00, 0x00, 0x00, 0x00, 0x00,
  0x00, 0x00, 0x00, 0x00, 0x00, 0x00, 0x00, 0x00, 0x00, 0x00, 0x00, 0x00,
  0x00, 0x00, 0x00, 0x00, 0x00, 0x00, 0x00, 0x00, 0x00, 0x00, 0x00, 0x00,
  0x00, 0x00, 0x00, 0x00, 0x00, 0x00, 0x00, 0x00, 0x00, 0x00, 0x00, 0x00,
  0x00, 0x00, 0x00, 0x00, 0x00, 0x00, 0x00, 0x00, 0x00, 0x00, 0x00, 0x00,
  0x00, 0x00, 0x00, 0x00, 0x00, 0x00, 0x00, 0x00, 0x00, 0x00, 0x00, 0x00,
  0x00, 0x00, 0x00, 0x00, 0x00, 0x00, 0x00, 0x00, 0x00, 0x00, 0x00, 0x00,
  0x00, 0x00, 0x00, 0x00, 0x00, 0x00, 0x00, 0x00, 0x00, 0x00, 0x00, 0x00,
  0x00, 0x00, 0x00, 0x00, 0x00, 0x00, 0x00, 0x00, 0x00, 0x00, 0x00, 0x00,
  0x00, 0x00, 0x00, 0x00, 0x00, 0x00, 0x00, 0x00, 0x00, 0x00, 0x00, 0x00,
  0x00, 0x00, 0x00, 0x00, 0x00, 0x00, 0x00, 0x00, 0x00, 0x00, 0x00, 0x00,
  0x00, 0x00, 0x00, 0x00, 0x00, 0x00, 0x00, 0x00, 0x00, 0x00, 0x00, 0x00,
  0x00, 0x00, 0x00, 0x00, 0x00, 0x00, 0x00, 0x00, 0x00, 0x00, 0x00, 0x00,
  0x00, 0x00, 0x00, 0x00, 0x00, 0x00, 0x00, 0x00, 0x00, 0x00, 0x00, 0x00,
  0x00, 0x00, 0x00, 0x00, 0x00, 0x00, 0x00, 0x00, 0x00, 0x00, 0x00, 0x00,
  0x00, 0x00, 0x00, 0x00, 0x00, 0x00, 0x00, 0x00, 0x00, 0x00, 0x00, 0x00,
  0x00, 0x00, 0x00, 0x00, 0x00, 0x00, 0x00, 0x00, 0x00, 0x00, 0x00, 0x00,
  0x00, 0x00, 0x00, 0x00, 0x00, 0x00, 0x00, 0x00, 0x00, 0x00, 0x00, 0x00,
  0x00, 0x00, 0x00, 0x00, 0x00, 0x00, 0x00, 0x00, 0x00, 0x00, 0x00, 0x00,
  0x00, 0x00, 0x00, 0x00, 0x00, 0x00, 0x00, 0x00, 0x00, 0x00, 0x00, 0x00,
  0x00, 0x00, 0x00, 0x00, 0x00, 0x00, 0x00, 0x00, 0x00, 0x00, 0x00, 0x00,
  0x00, 0x00, 0x00, 0x00, 0x00, 0x00, 0x00, 0x00, 0x00, 0x00, 0x00, 0x00,
  0x00, 0x00, 0x00, 0x00, 0x00, 0x00, 0x00, 0x00, 0x00, 0x00, 0x00, 0x00,
  0x00, 0x00, 0x00, 0x00, 0x00, 0x00, 0x00, 0x00, 0x00, 0x00, 0x00, 0x00,
  0x00, 0x00, 0x00, 0x00, 0x00, 0x00, 0x00, 0x00, 0x00, 0x00, 0x00, 0x00,
  0x00, 0x00, 0x00, 0x00, 0x00, 0x00, 0x00, 0x00, 0x00, 0x00, 0x00, 0x00,
  0x00, 0x00, 0x00, 0x00, 0x00, 0x00, 0x00, 0x00, 0x00, 0x00, 0x00, 0x00,
  0x00, 0x00, 0x00, 0x00, 0x00, 0x00, 0x00, 0x00, 0x00, 0x00, 0x00, 0x00,
  0x00, 0x00, 0x00, 0x00, 0x00, 0x00, 0x00, 0x00, 0x00, 0x00, 0x00, 0x00,
  0x00, 0x00, 0x00, 0x00, 0x00, 0x00, 0x00, 0x00, 0x00, 0x00, 0x00, 0x00,
  0x00, 0x00, 0x00, 0x00, 0x00, 0x00, 0x00, 0x00, 0x00, 0x00, 0x00, 0x00,
  0x00, 0x00, 0x00, 0x00, 0x00, 0x00, 0x00, 0x00, 0x00, 0x00, 0x00, 0x00,
  0x00, 0x00, 0x00, 0x00, 0x00, 0x00, 0x00, 0x00, 0x00, 0x00, 0x00, 0x00,
  0x00, 0x00, 0x00, 0x00, 0x00, 0x00, 0x00, 0x00, 0x00, 0x00, 0x00, 0x00,
  0x00, 0x00, 0x00, 0x00, 0x00, 0x00, 0x00, 0x00, 0x00, 0x00, 0x00, 0x00,
  0x00, 0x00, 0x00, 0x00, 0x00, 0x00, 0x00, 0x00, 0x00, 0x00, 0x00, 0x00,
  0x00, 0x00, 0x00, 0x00, 0x00, 0x00, 0x00, 0x00, 0x00, 0x00, 0x00, 0x00,
  0x00, 0x00, 0x00, 0x00, 0x00, 0x00, 0x00, 0x00, 0x00, 0x00, 0x00, 0x00,
  0x00, 0x00, 0x00, 0x00, 0x00, 0x00, 0x00, 0x00, 0x00, 0x00, 0x00, 0x00,
  0x00, 0x00, 0x00, 0x00, 0x00, 0x00, 0x00, 0x00, 0x00, 0x00, 0x00, 0x00,
  0x00, 0x00, 0x00, 0x00, 0x00, 0x00, 0x00, 0x00, 0x00, 0x00, 0x00, 0x00,
  0x00, 0x00, 0x00, 0x00, 0x00, 0x00, 0x00, 0x00, 0x00, 0x00, 0x00, 0x00,
  0x00, 0x00, 0x00, 0x00, 0x00, 0x00, 0x00, 0x00, 0x00, 0x00, 0x00, 0x00,
  0x00, 0x00, 0x00, 0x00, 0x00, 0x00, 0x00, 0x00, 0x00, 0x00, 0x00, 0x00,
  0x00, 0x00, 0x00, 0x00, 0x00, 0x00, 0x00, 0x00, 0x00, 0x00, 0x00, 0x00,
  0x00, 0x00, 0x00, 0x00, 0x00, 0x00, 0x00, 0x00, 0x00, 0x00, 0x00, 0x00,
  0x00, 0x00, 0x00, 0x00, 0x00, 0x00, 0x00, 0x00, 0x00, 0x00, 0x00, 0x00,
  0x00, 0x00, 0x00, 0x00, 0x00, 0x00, 0x00, 0x00, 0x00, 0x00, 0x00, 0x00,
  0x00, 0x00, 0x00, 0x00, 0x00, 0x00, 0x00, 0x00, 0x00, 0x00, 0x00, 0x00,
  0x00, 0x00, 0x00, 0x00, 0x00, 0x00, 0x00, 0x00, 0x00, 0x00, 0x00, 0x00,
  0x00, 0x00, 0x00, 0x00, 0x00, 0x00, 0x00, 0x00, 0x00, 0x00, 0x00, 0x00,
  0x00, 0x00, 0x00, 0x00, 0x00, 0x00, 0x00, 0x00, 0x00, 0x00, 0x00, 0x00,
  0x00, 0x00, 0x00, 0x00, 0x00, 0x00, 0x00, 0x00, 0x00, 0x00, 0x00, 0x00,
  0x00, 0x00, 0x00, 0x00, 0x00, 0x00, 0x00, 0x00, 0x00, 0x00, 0x00, 0x00,
  0x00, 0x00, 0x00, 0x00, 0x00, 0x00, 0x00, 0x00, 0x00, 0x00, 0x00, 0x00,
  0x00, 0x00, 0x00, 0x00, 0x00, 0x00, 0x00, 0x00, 0x00, 0x00, 0x00, 0x00,
  0x00, 0x00, 0x00, 0x00, 0x00, 0x00, 0x00, 0x00, 0x00, 0x00, 0x00, 0x00,
  0x00, 0x00, 0x00, 0x00, 0x00, 0x00, 0x00, 0x00, 0x00, 0x00, 0x00, 0x00,
  0x00, 0x00, 0x00, 0x00, 0x00, 0x00, 0x00, 0x00, 0x00, 0x00, 0x00, 0x00,
  0x00, 0x00, 0x00, 0x00, 0x00, 0x00, 0x00, 0x00, 0x00, 0x00, 0x00, 0x00,
  0x00, 0x00, 0x00, 0x00, 0x00, 0x00, 0x00, 0x00, 0x00, 0x00, 0x00, 0x00,
  0x00, 0x00, 0x00, 0x00, 0x00, 0x00, 0x00, 0x00, 0x00, 0x00, 0x00, 0x00,
  0x00, 0x00, 0x00, 0x00, 0x00, 0x00, 0x00, 0x00, 0x00, 0x00, 0x00, 0x00,
  0x00, 0x00, 0x00, 0x00, 0x00, 0x00, 0x00, 0x00, 0x00, 0x00, 0x00, 0x00,
  0x00, 0x00, 0x00, 0x00, 0x00, 0x00, 0x00, 0x00, 0x00, 0x00, 0x00, 0x00,
  0x00, 0x00, 0x00, 0x00, 0x00, 0x00, 0x00, 0x00, 0x00, 0x00, 0x00, 0x00,
  0x00, 0x00, 0x00, 0x00, 0x00, 0x00, 0x00, 0x00, 0x00, 0x00, 0x00, 0x00,
  0x00, 0x00, 0x00, 0x00, 0x00, 0x00, 0x00, 0x00, 0x00, 0x00, 0x00, 0x00,
  0x00, 0x00, 0x00, 0x00, 0x00, 0x00, 0x00, 0x00, 0x00, 0x00, 0x00, 0x00,
  0x00, 0x00, 0x00, 0x00, 0x00, 0x00, 0x00, 0x00, 0x00, 0x00, 0x00, 0x00,
  0x00, 0x00, 0x00, 0x00, 0x00, 0x00, 0x00, 0x00, 0x00, 0x00, 0x00, 0x00,
  0x00, 0x00, 0x00, 0x00, 0x00, 0x00, 0x00, 0x00, 0x00, 0x00, 0x00, 0x00,
  0x00, 0x00, 0x00, 0x00, 0x00, 0x00, 0x00, 0x00, 0x00, 0x00, 0x00, 0x00,
  0x00, 0x00, 0x00, 0x00, 0x00, 0x00, 0x00, 0x00, 0x00, 0x00, 0x00, 0x00,
  0x00, 0x00, 0x00, 0x00, 0x00, 0x00, 0x00, 0x00, 0x00, 0x00, 0x00, 0x00,
  0x00, 0x00, 0x00, 0x00, 0x00, 0x00, 0x00, 0x00, 0x00, 0x00, 0x00, 0x00,
  0x00, 0x00, 0x00, 0x00, 0x00, 0x00, 0x00, 0x00, 0x00, 0x00, 0x00, 0x00,
  0x00, 0x00, 0x00, 0x00, 0x00, 0x00, 0x00, 0x00, 0x00, 0x00, 0x00, 0x00,
  0x00, 0x00, 0x00, 0x00, 0x00, 0x00, 0x00, 0x00, 0x00, 0x00, 0x00, 0x00,
  0x00, 0x00, 0x00, 0x00, 0x00, 0x00, 0x00, 0x00, 0x00, 0x00, 0x00, 0x00,
  0x00, 0x00, 0x00, 0x00, 0x00, 0x00, 0x00, 0x00, 0x00, 0x00, 0x00, 0x00,
  0x00, 0x00, 0x00, 0x00, 0x00, 0x00, 0x00, 0x00, 0x00, 0x00, 0x00, 0x00,
  0x00, 0x00, 0x00, 0x00, 0x00, 0x00, 0x00, 0x00, 0x00, 0x00, 0x00, 0x00,
  0x00, 0x00, 0x00, 0x00, 0x00, 0x00, 0x00, 0x00, 0x00, 0x00, 0x00, 0x00,
  0x00, 0x00, 0x00, 0x00, 0x00, 0x00, 0x00, 0x00, 0x00, 0x00, 0x00, 0x00,
  0x00, 0x00, 0x00, 0x00, 0x00, 0x00, 0x00, 0x00, 0x00, 0x00, 0x00, 0x00,
  0x00, 0x00, 0x00, 0x00, 0x00, 0x00, 0x00, 0x00, 0x00, 0x00, 0x00, 0x00,
  0x00, 0x00, 0x00, 0x00, 0x00, 0x00, 0x00, 0x00, 0x00, 0x00, 0x00, 0x00,
  0x00, 0x00, 0x00, 0x00, 0x00, 0x00, 0x00, 0x00, 0x00, 0x00, 0x00, 0x00,
  0x00, 0x00, 0x00, 0x00, 0x00, 0x00, 0x00, 0x00, 0x00, 0x00, 0x00, 0x00,
  0x00, 0x00, 0x00, 0x00, 0x00, 0x00, 0x00, 0x00, 0x00, 0x00, 0x00, 0x00,
  0x00, 0x00, 0x00, 0x00, 0x00, 0x00, 0x00, 0x00, 0x00, 0x00, 0x00, 0x00,
  0x00, 0x00, 0x00, 0x00, 0x00, 0x00, 0x00, 0x00, 0x00, 0x00, 0x00, 0x00,
  0x00, 0x00, 0x00, 0x00, 0x00, 0x00, 0x00, 0x00, 0x00, 0x00, 0x00, 0x00,
  0x00, 0x00, 0x00, 0x00, 0x00, 0x00, 0x00, 0x00, 0x00, 0x00, 0x00, 0x00,
  0x00, 0x00, 0x00, 0x00, 0x00, 0x00, 0x00, 0x00, 0x00, 0x00, 0x00, 0x00,
  0x00, 0x00, 0x00, 0x00, 0x00, 0x00, 0x00, 0x00, 0x00, 0x00, 0x00, 0x00,
  0x00, 0x00, 0x00, 0x00, 0x00, 0x00, 0x00, 0x00, 0x00, 0x00, 0x00, 0x00,
  0x00, 0x00, 0x00, 0x00, 0x00, 0x00, 0x00, 0x00, 0x00, 0x00, 0x00, 0x00,
  0x00, 0x00, 0x00, 0x00, 0x00, 0x00, 0x00, 0x00, 0x00, 0x00, 0x00, 0x00,
  0x00, 0x00, 0x00, 0x00, 0x00, 0x00, 0x00, 0x00, 0x00, 0x00, 0x00, 0x00,
  0x00, 0x00, 0x00, 0x00, 0x00, 0x00, 0x00, 0x00, 0x00, 0x00, 0x00, 0x00,
  0x00, 0x00, 0x00, 0x00, 0x00, 0x00, 0x00, 0x00, 0x00, 0x00, 0x00, 0x00,
  0x00, 0x00, 0x00, 0x00, 0x00, 0x00, 0x00, 0x00, 0x00, 0x00, 0x00, 0x00,
  0x00, 0x00, 0x00, 0x00, 0x00, 0x00, 0x00, 0x00, 0x00, 0x00, 0x00, 0x00,
  0x00, 0x00, 0x00, 0x00, 0x00, 0x00, 0x00, 0x00, 0x00, 0x00, 0x00, 0x00,
  0x00, 0x00, 0x00, 0x00, 0x00, 0x00, 0x00, 0x00, 0x00, 0x00, 0x00, 0x00,
  0x00, 0x00, 0x00, 0x00, 0x00, 0x00, 0x00, 0x00, 0x00, 0x00, 0x00, 0x00,
  0x00, 0x00, 0x00, 0x00, 0x00, 0x00, 0x00, 0x00, 0x00, 0x00, 0x00, 0x00,
  0x00, 0x00, 0x00, 0x00, 0x00, 0x00, 0x00, 0x00, 0x00, 0x00, 0x00, 0x00,
  0x00, 0x00, 0x00, 0x00, 0x00, 0x00, 0x00, 0x00, 0x00, 0x00, 0x00, 0x00,
  0x00, 0x00, 0x00, 0x00, 0x00, 0x00, 0x00, 0x00, 0x00, 0x00, 0x00, 0x00,
  0x00, 0x00, 0x00, 0x00, 0x00, 0x00, 0x00, 0x00, 0x00, 0x00, 0x00, 0x00,
  0x00, 0x00, 0x00, 0x00, 0x00, 0x00, 0x00, 0x00, 0x00, 0x00, 0x00, 0x00,
  0x00, 0x00, 0x00, 0x00, 0x00, 0x00, 0x00, 0x00, 0x00, 0x00, 0x00, 0x00,
  0x00, 0x00, 0x00, 0x00, 0x00, 0x00, 0x00, 0x00, 0x00, 0x00, 0x00, 0x00,
  0x00, 0x00, 0x00, 0x00, 0x00, 0x00, 0x00, 0x00, 0x00, 0x00, 0x00, 0x00,
  0x00, 0x00, 0x00, 0x00, 0x00, 0x00, 0x00, 0x00, 0x00, 0x00, 0x00, 0x00,
  0x00, 0x00, 0x00, 0x00, 0x00, 0x00, 0x00, 0x00, 0x00, 0x00, 0x00, 0x00,
  0x00, 0x00, 0x00, 0x00, 0x00, 0x00, 0x00, 0x00, 0x00, 0x00, 0x00, 0x00,
  0x00, 0x00, 0x00, 0x00, 0x00, 0x00, 0x00, 0x00, 0x00, 0x00, 0x00, 0x00,
  0x00, 0x00, 0x00, 0x00, 0x00, 0x00, 0x00, 0x00, 0x00, 0x00, 0x00, 0x00,
  0x00, 0x00, 0x00, 0x00, 0x00, 0x00, 0x00, 0x00, 0x00, 0x00, 0x00, 0x00,
  0x00, 0x00, 0x00, 0x00, 0x00, 0x00, 0x00, 0x00, 0x00, 0x00, 0x00, 0x00,
  0x00, 0x00, 0x00, 0x00, 0x00, 0x00, 0x00, 0x00, 0x00, 0x00, 0x00, 0x00,
  0x00, 0x00, 0x00, 0x00, 0x00, 0x00, 0x00, 0x00, 0x00, 0x00, 0x00, 0x00,
  0x00, 0x00, 0x00, 0x00, 0x00, 0x00, 0x00, 0x00, 0x00, 0x00, 0x00, 0x00,
  0x00, 0x00, 0x00, 0x00, 0x00, 0x00, 0x00, 0x00, 0x00, 0x00, 0x00, 0x00,
  0x00, 0x00, 0x00, 0x00, 0x00, 0x00, 0x00, 0x00, 0x00, 0x00, 0x00, 0x00,
  0x00, 0x00, 0x00, 0x00, 0x00, 0x00, 0x00, 0x00, 0x00, 0x00, 0x00, 0x00,
  0x00, 0x00, 0x00, 0x00, 0x00, 0x00, 0x00, 0x00, 0x00, 0x00, 0x00, 0x00,
  0x00, 0x00, 0x00, 0x00, 0x00, 0x00, 0x00, 0x00, 0x00, 0x00, 0x00, 0x00,
  0x00, 0x00, 0x00, 0x00, 0x00, 0x00, 0x00, 0x00, 0x00, 0x00, 0x00, 0x00,
  0x00, 0x00, 0x00, 0x00, 0x00, 0x00, 0x00, 0x00, 0x00, 0x00, 0x00, 0x00,
  0x00, 0x00, 0x00, 0x00, 0x00, 0x00, 0x00, 0x00, 0x00, 0x00, 0x00, 0x00,
  0x00, 0x00, 0x00, 0x00, 0x00, 0x00, 0x00, 0x00, 0x00, 0x00, 0x00, 0x00,
  0x00, 0x00, 0x00, 0x00, 0x00, 0x00, 0x00, 0x00, 0x00, 0x00, 0x00, 0x00,
  0x00, 0x00, 0x00, 0x00, 0x00, 0x00, 0x00, 0x00, 0x00, 0x00, 0x00, 0x00,
  0x00, 0x00, 0x00, 0x00, 0x00, 0x00, 0x00, 0x00, 0x00, 0x00, 0x00, 0x00,
  0x00, 0x00, 0x00, 0x00, 0x00, 0x00, 0x00, 0x00, 0x00, 0x00, 0x00, 0x00,
  0x00, 0x00, 0x00, 0x00, 0x00, 0x00, 0x00, 0x00, 0x00, 0x00, 0x00, 0x00,
  0x00, 0x00, 0x00, 0x00, 0x00, 0x00, 0x00, 0x00, 0x00, 0x00, 0x00, 0x00,
  0x00, 0x00, 0x00, 0x00, 0x00, 0x00, 0x00, 0x00, 0x00, 0x00, 0x00, 0x00,
  0x00, 0x00, 0x00, 0x00, 0x00, 0x00, 0x00, 0x00, 0x00, 0x00, 0x00, 0x00,
  0x00, 0x00, 0x00, 0x00, 0x00, 0x00, 0x00, 0x00, 0x00, 0x00, 0x00, 0x00,
  0x00, 0x00, 0x00, 0x00, 0x00, 0x00, 0x00, 0x00, 0x00, 0x00, 0x00, 0x00,
  0x00, 0x00, 0x00, 0x00, 0x00, 0x00, 0x00, 0x00, 0x00, 0x00, 0x00, 0x00,
  0x00, 0x00, 0x00, 0x00, 0x00, 0x00, 0x00, 0x00, 0x00, 0x00, 0x00, 0x00,
  0x00, 0x00, 0x00, 0x00, 0x00, 0x00, 0x00, 0x00, 0x00, 0x00, 0x00, 0x00,
  0x00, 0x00, 0x00, 0x00, 0x00, 0x00, 0x00, 0x00, 0x00, 0x00, 0x00, 0x00,
  0x00, 0x00, 0x00, 0x00, 0x00, 0x00, 0x00, 0x00, 0x00, 0x00, 0x00, 0x00,
  0x00, 0x00, 0x00, 0x00, 0x00, 0x00, 0x00, 0x00, 0x00, 0x00, 0x00, 0x00,
  0x00, 0x00, 0x00, 0x00, 0x00, 0x00, 0x00, 0x00, 0x00, 0x00, 0x00, 0x00,
  0x00, 0x00, 0x00, 0x00, 0x00, 0x00, 0x00, 0x00, 0x00, 0x00, 0x00, 0x00,
  0x00, 0x00, 0x00, 0x00, 0x00, 0x00, 0x00, 0x00, 0x00, 0x00, 0x00, 0x00,
  0x00, 0x00, 0x00, 0x00, 0x00, 0x00, 0x00, 0x00, 0x00, 0x00, 0x00, 0x00,
  0x00, 0x00, 0x00, 0x00, 0x00, 0x00, 0x00, 0x00, 0x00, 0x00, 0x00, 0x00,
  0x00, 0x00, 0x00, 0x00, 0x00, 0x00, 0x00, 0x00, 0x00, 0x00, 0x00, 0x00,
  0x00, 0x00, 0x00, 0x00, 0x00, 0x00, 0x00, 0x00, 0x00, 0x00, 0x00, 0x00,
  0x00, 0x00, 0x00, 0x00, 0x00, 0x00, 0x00, 0x00, 0x00, 0x00, 0x00, 0x00,
  0x00, 0x00, 0x00, 0x00, 0x00, 0x00, 0x00, 0x00, 0x00, 0x00, 0x00, 0x00,
  0x00, 0x00, 0x00, 0x00, 0x00, 0x00, 0x00, 0x00, 0x00, 0x00, 0x00, 0x00,
  0x00, 0x00, 0x00, 0x00, 0x00, 0x00, 0x00, 0x00, 0x00, 0x00, 0x00, 0x00,
  0x00, 0x00, 0x00, 0x00, 0x00, 0x00, 0x00, 0x00, 0x00, 0x00, 0x00, 0x00,
  0x00, 0x00, 0x00, 0x00, 0x00, 0x00, 0x00, 0x00, 0x00, 0x00, 0x00, 0x00,
  0x00, 0x00, 0x00, 0x00, 0x00, 0x00, 0x00, 0x00, 0x00, 0x00, 0x00, 0x00,
  0x00, 0x00, 0x00, 0x00, 0x00, 0x00, 0x00, 0x00, 0x00, 0x00, 0x00, 0x00,
  0x00, 0x00, 0x00, 0x00, 0x00, 0x00, 0x00, 0x00, 0x00, 0x00, 0x00, 0x00,
  0x00, 0x00, 0x00, 0x00, 0x00, 0x00, 0x00, 0x00, 0x00, 0x00, 0x00, 0x00,
  0x00, 0x00, 0x00, 0x00, 0x00, 0x00, 0x00, 0x00, 0x00, 0x00, 0x00, 0x00,
  0x00, 0x00, 0x00, 0x00, 0x00, 0x00, 0x00, 0x00, 0x00, 0x00, 0x00, 0x00,
  0x00, 0x00, 0x00, 0x00, 0x00, 0x00, 0x00, 0x00, 0x00, 0x00, 0x00, 0x00,
  0x00, 0x00, 0x00, 0x00, 0x00, 0x00, 0x00, 0x00, 0x00, 0x00, 0x00, 0x00,
  0x00, 0x00, 0x00, 0x00, 0x00, 0x00, 0x00, 0x00, 0x00, 0x00, 0x00, 0x00,
  0x00, 0x00, 0x00, 0x00, 0x00, 0x00, 0x00, 0x00, 0x00, 0x00, 0x00, 0x00,
  0x00, 0x00, 0x00, 0x00, 0x00, 0x00, 0x00, 0x00, 0x00, 0x00, 0x00, 0x00,
  0x00, 0x00, 0x00, 0x00, 0x00, 0x00, 0x00, 0x00, 0x00, 0x00, 0x00, 0x00,
  0x00, 0x00, 0x00, 0x00, 0x00, 0x00, 0x00, 0x00, 0x00, 0x00, 0x00, 0x00,
  0x00, 0x00, 0x00, 0x00, 0x00, 0x00, 0x00, 0x00, 0x00, 0x00, 0x00, 0x00,
  0x00, 0x00, 0x00, 0x00, 0x00, 0x00, 0x00, 0x00, 0x00, 0x00, 0x00, 0x00,
  0x00, 0x00, 0x00, 0x00, 0x00, 0x00, 0x00, 0x00, 0x00, 0x00, 0x00, 0x00,
  0x00, 0x00, 0x00, 0x00, 0x00, 0x00, 0x00, 0x00, 0x00, 0x00, 0x00, 0x00,
  0x00, 0x00, 0x00, 0x00, 0x00, 0x00, 0x00, 0x00, 0x00, 0x00, 0x00, 0x00,
  0x00, 0x00, 0x00, 0x00, 0x00, 0x00, 0x00, 0x00, 0x00, 0x00, 0x00, 0x00,
  0x00, 0x00, 0x00, 0x00, 0x00, 0x00, 0x00, 0x00, 0x00, 0x00, 0x00, 0x00,
  0x00, 0x00, 0x00, 0x00, 0x00, 0x00, 0x00, 0x00, 0x00, 0x00, 0x00, 0x00,
  0x00, 0x00, 0x00, 0x00, 0x00, 0x00, 0x00, 0x00, 0x00, 0x00, 0x00, 0x00,
  0x00, 0x00, 0x00, 0x00, 0x00, 0x00, 0x00, 0x00, 0x00, 0x00, 0x00, 0x00,
  0x00, 0x00, 0x00, 0x00, 0x00, 0x00, 0x00, 0x00, 0x00, 0x00, 0x00, 0x00,
  0x00, 0x00, 0x00, 0x00, 0x00, 0x00, 0x00, 0x00, 0x00, 0x00, 0x00, 0x00,
  0x00, 0x00, 0x00, 0x00, 0x00, 0x00, 0x00, 0x00, 0x00, 0x00, 0x00, 0x00,
  0x00, 0x00, 0x00, 0x00, 0x00, 0x00, 0x00, 0x00, 0x00, 0x00, 0x00, 0x00,
  0x00, 0x00, 0x00, 0x00, 0x00, 0x00, 0x00, 0x00, 0x00, 0x00, 0x00, 0x00,
  0x00, 0x00, 0x00, 0x00, 0x00, 0x00, 0x00, 0x00, 0x00, 0x00, 0x00, 0x00,
  0x00, 0x00, 0x00, 0x00, 0x00, 0x00, 0x00, 0x00, 0x00, 0x00, 0x00, 0x00,
  0x00, 0x00, 0x00, 0x00, 0x00, 0x00, 0x00, 0x00, 0x00, 0x00, 0x00, 0x00,
  0x00, 0x00, 0x00, 0x00, 0x00, 0x00, 0x00, 0x00, 0x00, 0x00, 0x00, 0x00,
  0x00, 0x00, 0x00, 0x00, 0x00, 0x00, 0x00, 0x00, 0x00, 0x00, 0x00, 0x00,
  0x00, 0x00, 0x00, 0x00, 0x00, 0x00, 0x00, 0x00, 0x00, 0x00, 0x00, 0x00,
  0x00, 0x00, 0x00, 0x00, 0x00, 0x00, 0x00, 0x00, 0x00, 0x00, 0x00, 0x00,
  0x00, 0x00, 0x00, 0x00, 0x00, 0x00, 0x00, 0x00, 0x00, 0x00, 0x00, 0x00,
  0x00, 0x00, 0x00, 0x00, 0x00, 0x00, 0x00, 0x00, 0x00, 0x00, 0x00, 0x00,
  0x00, 0x00, 0x00, 0x00, 0x00, 0x00, 0x00, 0x00, 0x00, 0x00, 0x00, 0x00,
  0x00, 0x00, 0x00, 0x00, 0x00, 0x00, 0x00, 0x00, 0x00, 0x00, 0x00, 0x00,
  0x00, 0x00, 0x00, 0x00, 0x00, 0x00, 0x00, 0x00, 0x00, 0x00, 0x00, 0x00,
  0x00, 0x00, 0x00, 0x00, 0x00, 0x00, 0x00, 0x00, 0x00, 0x00, 0x00, 0x00,
  0x00, 0x00, 0x00, 0x00, 0x00, 0x00, 0x00, 0x00, 0x00, 0x00, 0x00, 0x00,
  0x00, 0x00, 0x00, 0x00, 0x00, 0x00, 0x00, 0x00, 0x00, 0x00, 0x00, 0x00,
  0x00, 0x00, 0x00, 0x00, 0x00, 0x00, 0x00, 0x00, 0x00, 0x00, 0x00, 0x00,
  0x00, 0x00, 0x00, 0x00, 0x00, 0x00, 0x00, 0x00, 0x00, 0x00, 0x00, 0x00,
  0x00, 0x00, 0x00, 0x00, 0x00, 0x00, 0x00, 0x00, 0x00, 0x00, 0x00, 0x00,
  0x00, 0x00, 0x00, 0x00, 0x00, 0x00, 0x00, 0x00, 0x00, 0x00, 0x00, 0x00,
  0x00, 0x00, 0x00, 0x00, 0x00, 0x00, 0x00, 0x00, 0x00, 0x00, 0x00, 0x00,
  0x00, 0x00, 0x00, 0x00, 0x00, 0x00, 0x00, 0x00, 0x00, 0x00, 0x00, 0x00,
  0x00, 0x00, 0x00, 0x00, 0x00, 0x00, 0x00, 0x00, 0x00, 0x00, 0x00, 0x00,
  0x00, 0x00, 0x00, 0x00, 0x00, 0x00, 0x00, 0x00, 0x00, 0x00, 0x00, 0x00,
  0x00, 0x00, 0x00, 0x00, 0x00, 0x00, 0x00, 0x00, 0x00, 0x00, 0x00, 0x00,
  0x00, 0x00, 0x00, 0x00, 0x00, 0x00, 0x00, 0x00, 0x00, 0x00, 0x00, 0x00,
  0x00, 0x00, 0x00, 0x00, 0x00, 0x00, 0x00, 0x00, 0x00, 0x00, 0x00, 0x00,
  0x00, 0x00, 0x00, 0x00, 0x00, 0x00, 0x00, 0x00, 0x00, 0x00, 0x00, 0x00,
  0x00, 0x00, 0x00, 0x00, 0x00, 0x00, 0x00, 0x00, 0x00, 0x00, 0x00, 0x00,
  0x00, 0x00, 0x00, 0x00, 0x00, 0x00, 0x00, 0x00, 0x00, 0x00, 0x00, 0x00,
  0x00, 0x00, 0x00, 0x00, 0x00, 0x00, 0x00, 0x00, 0x00, 0x00, 0x00, 0x00,
  0x00, 0x00, 0x00, 0x00, 0x00, 0x00, 0x00, 0x00, 0x00, 0x00, 0x00, 0x00,
  0x00, 0x00, 0x00, 0x00, 0x00, 0x00, 0x00, 0x00, 0x00, 0x00, 0x00, 0x00,
  0x00, 0x00, 0x00, 0x00, 0x00, 0x00, 0x00, 0x00, 0x00, 0x00, 0x00, 0x00,
  0x00, 0x00, 0x00, 0x00, 0x00, 0x00, 0x00, 0x00, 0x00, 0x00, 0x00, 0x00,
  0x00, 0x00, 0x00, 0x00, 0x00, 0x00, 0x00, 0x00, 0x00, 0x00, 0x00, 0x00,
  0x00, 0x00, 0x00, 0x00, 0x00, 0x00, 0x00, 0x00, 0x00, 0x00, 0x00, 0x00,
  0x00, 0x00, 0x00, 0x00, 0x00, 0x00, 0x00, 0x00, 0x00, 0x00, 0x00, 0x00,
  0x00, 0x00, 0x00, 0x00, 0x00, 0x00, 0x00, 0x00, 0x00, 0x00, 0x00, 0x00,
  0x00, 0x00, 0x00, 0x00, 0x00, 0x00, 0x00, 0x00, 0x00, 0x00, 0x00, 0x00,
  0x00, 0x00, 0x00, 0x00, 0x00, 0x00, 0x00, 0x00, 0x00, 0x00, 0x00, 0x00,
  0x00, 0x00, 0x00, 0x00, 0x00, 0x00, 0x00, 0x00, 0x00, 0x00, 0x00, 0x00,
  0x00, 0x00, 0x00, 0x00, 0x00, 0x00, 0x00, 0x00, 0x00, 0x00, 0x00, 0x00,
  0x00, 0x00, 0x00, 0x00, 0x00, 0x00, 0x00, 0x00, 0x00, 0x00, 0x00, 0x00,
  0x00, 0x00, 0x00, 0x00, 0x00, 0x00, 0x00, 0x00, 0x00, 0x00, 0x00, 0x00,
  0x00, 0x00, 0x00, 0x00, 0x00, 0x00, 0x00, 0x00, 0x00, 0x00, 0x00, 0x00,
  0x00, 0x00, 0x00, 0x00, 0x00, 0x00, 0x00, 0x00, 0x00, 0x00, 0x00, 0x00,
  0x00, 0x00, 0x00, 0x00, 0x00, 0x00, 0x00, 0x00, 0x00, 0x00, 0x00, 0x00,
  0x00, 0x00, 0x00, 0x00, 0x00, 0x00, 0x00, 0x00, 0x00, 0x00, 0x00, 0x00,
  0x00, 0x00, 0x00, 0x00, 0x00, 0x00, 0x00, 0x00, 0x00, 0x00, 0x00, 0x00,
  0x00, 0x00, 0x00, 0x00, 0x00, 0x00, 0x00, 0x00, 0x00, 0x00, 0x00, 0x00,
  0x00, 0x00, 0x00, 0x00, 0x00, 0x00, 0x00, 0x00, 0x00, 0x00, 0x00, 0x00,
  0x00, 0x00, 0x00, 0x00, 0x00, 0x00, 0x00, 0x00, 0x00, 0x00, 0x00, 0x00,
  0x00, 0x00, 0x00, 0x00, 0x00, 0x00, 0x00, 0x00, 0x00, 0x00, 0x00, 0x00,
  0x00, 0x00, 0x00, 0x00, 0x00, 0x00, 0x00, 0x00, 0x00, 0x00, 0x00, 0x00,
  0x00, 0x00, 0x00, 0x00, 0x00, 0x00, 0x00, 0x00, 0x00, 0x00, 0x00, 0x00,
  0x00, 0x00, 0x00, 0x00, 0x00, 0x00, 0x00, 0x00, 0x00, 0x00, 0x00, 0x00,
  0x00, 0x00, 0x00, 0x00, 0x00, 0x00, 0x00, 0x00, 0x00, 0x00, 0x00, 0x00,
  0x00, 0x00, 0x00, 0x00, 0x00, 0x00, 0x00, 0x00, 0x00, 0x00, 0x00, 0x00,
  0x00, 0x00, 0x00, 0x00, 0x00, 0x00, 0x00, 0x00, 0x00, 0x00, 0x00, 0x00,
  0x00, 0x00, 0x00, 0x00, 0x00, 0x00, 0x00, 0x00, 0x00, 0x00, 0x00, 0x00,
  0x00, 0x00, 0x00, 0x00, 0x00, 0x00, 0x00, 0x00, 0x00, 0x00, 0x00, 0x00,
  0x00, 0x00, 0x00, 0x00, 0x00, 0x00, 0x00, 0x00, 0x00, 0x00, 0x00, 0x00,
  0x00, 0x00, 0x00, 0x00, 0x00, 0x00, 0x00, 0x00, 0x00, 0x00, 0x00, 0x00,
  0x00, 0x00, 0x00, 0x00, 0x00, 0x00, 0x00, 0x00, 0x00, 0x00, 0x00, 0x00,
  0x00, 0x00, 0x00, 0x00, 0x00, 0x00, 0x00, 0x00, 0x00, 0x00, 0x00, 0x00,
  0x00, 0x00, 0x00, 0x00, 0x00, 0x00, 0x00, 0x00, 0x00, 0x00, 0x00, 0x00,
  0x00, 0x00, 0x00, 0x00, 0x00, 0x00, 0x00, 0x00, 0x00, 0x00, 0x00, 0x00,
  0x00, 0x00, 0x00, 0x00, 0x00, 0x00, 0x00, 0x00, 0x00, 0x00, 0x00, 0x00,
  0x00, 0x00, 0x00, 0x00, 0x00, 0x00, 0x00, 0x00, 0x00, 0x00, 0x00, 0x00,
  0x00, 0x00, 0x00, 0x00, 0x00, 0x00, 0x00, 0x00, 0x00, 0x00, 0x00, 0x00,
  0x00, 0x00, 0x00, 0x00, 0x00, 0x00, 0x00, 0x00, 0x00, 0x00, 0x00, 0x00,
  0x00, 0x00, 0x00, 0x00, 0x00, 0x00, 0x00, 0x00, 0x00, 0x00, 0x00, 0x00,
  0x00, 0x00, 0x00, 0x00, 0x00, 0x00, 0x00, 0x00, 0x00, 0x00, 0x00, 0x00,
  0x00, 0x00, 0x00, 0x00, 0x00, 0x00, 0x00, 0x00, 0x00, 0x00, 0x00, 0x00,
  0x00, 0x00, 0x00, 0x00, 0x00, 0x00, 0x00, 0x00, 0x00, 0x00, 0x00, 0x00,
  0x00, 0x00, 0x00, 0x00, 0x00, 0x00, 0x00, 0x00, 0x00, 0x00, 0x00, 0x00,
  0x00, 0x00, 0x00, 0x00, 0x00, 0x00, 0x00, 0x00, 0x00, 0x00, 0x00, 0x00,
  0x00, 0x00, 0x00, 0x00, 0x00, 0x00, 0x00, 0x00, 0x00, 0x00, 0x00, 0x00,
  0x00, 0x00, 0x00, 0x00, 0x00, 0x00, 0x00, 0x00, 0x00, 0x00, 0x00, 0x00,
  0x00, 0x00, 0x00, 0x00, 0x00, 0x00, 0x00, 0x00, 0x00, 0x00, 0x00, 0x00,
  0x00, 0x00, 0x00, 0x00, 0x00, 0x00, 0x00, 0x00, 0x00, 0x00, 0x00, 0x00,
  0x00, 0x00, 0x00, 0x00, 0x00, 0x00, 0x00, 0x00, 0x00, 0x00, 0x00, 0x00,
  0x00, 0x00, 0x00, 0x00, 0x00, 0x00, 0x00, 0x00, 0x00, 0x00, 0x00, 0x00,
  0x00, 0x00, 0x00, 0x00, 0x00, 0x00, 0x00, 0x00, 0x00, 0x00, 0x00, 0x00,
  0x00, 0x00, 0x00, 0x00, 0x00, 0x00, 0x00, 0x00, 0x00, 0x00, 0x00, 0x00,
  0x00, 0x00, 0x00, 0x00, 0x00, 0x00, 0x00, 0x00, 0x00, 0x00, 0x00, 0x00,
  0x00, 0x00, 0x00, 0x00, 0x00, 0x00, 0x00, 0x00, 0x00, 0x00, 0x00, 0x00,
  0x00, 0x00, 0x00, 0x00, 0x00, 0x00, 0x00, 0x00, 0x00, 0x00, 0x00, 0x00,
  0x00, 0x00, 0x00, 0x00, 0x00, 0x00, 0x00, 0x00, 0x00, 0x00, 0x00, 0x00,
  0x00, 0x00, 0x00, 0x00, 0x00, 0x00, 0x00, 0x00, 0x00, 0x00, 0x00, 0x00,
  0x00, 0x00, 0x00, 0x00, 0x00, 0x00, 0x00, 0x00, 0x00, 0x00, 0x00, 0x00,
  0x00, 0x00, 0x00, 0x00, 0x00, 0x00, 0x00, 0x00, 0x00, 0x00, 0x00, 0x00,
  0x00, 0x00, 0x00, 0x00, 0x00, 0x00, 0x00, 0x00, 0x00, 0x00, 0x00, 0x00,
  0x00, 0x00, 0x00, 0x00, 0x00, 0x00, 0x00, 0x00, 0x00, 0x00, 0x00, 0x00,
  0x00, 0x00, 0x00, 0x00, 0x00, 0x00, 0x00, 0x00, 0x00, 0x00, 0x00, 0x00,
  0x00, 0x00, 0x00, 0x00, 0x00, 0x00, 0x00, 0x00, 0x00, 0x00, 0x00, 0x00,
  0x00, 0x00, 0x00, 0x00, 0x00, 0x00, 0x00, 0x00, 0x00, 0x00, 0x00, 0x00,
  0x00, 0x00, 0x00, 0x00, 0x00, 0x00, 0x00, 0x00, 0x00, 0x00, 0x00, 0x00,
  0x00, 0x00, 0x00, 0x00, 0x00, 0x00, 0x00, 0x00, 0x00, 0x00, 0x00, 0x00,
  0x00, 0x00, 0x00, 0x00, 0x00, 0x00, 0x00, 0x00, 0x00, 0x00, 0x00, 0x00,
  0x00, 0x00, 0x00, 0x00, 0x00, 0x00, 0x00, 0x00, 0x00, 0x00, 0x00, 0x00,
  0x00, 0x00, 0x00, 0x00, 0x00, 0x00, 0x00, 0x00, 0x00, 0x00, 0x00, 0x00,
  0x00, 0x00, 0x00, 0x00, 0x00, 0x00, 0x00, 0x00, 0x00, 0x00, 0x00, 0x00,
  0x00, 0x00, 0x00, 0x00, 0x00, 0x00, 0x00, 0x00, 0x00, 0x00, 0x00, 0x00,
  0x00, 0x00, 0x00, 0x00, 0x00, 0x00, 0x00, 0x00, 0x00, 0x00, 0x00, 0x00,
  0x00, 0x00, 0x00, 0x00, 0x00, 0x00, 0x00, 0x00, 0x00, 0x00, 0x00, 0x00,
  0x00, 0x00, 0x00, 0x00, 0x00, 0x00, 0x00, 0x00, 0x00, 0x00, 0x00, 0x00,
  0x00, 0x00, 0x00, 0x00, 0x00, 0x00, 0x00, 0x00, 0x00, 0x00, 0x00, 0x00,
  0x00, 0x00, 0x00, 0x00, 0x00, 0x00, 0x00, 0x00, 0x00, 0x00, 0x00, 0x00,
  0x00, 0x00, 0x00, 0x00, 0x00, 0x00, 0x00, 0x00, 0x00, 0x00, 0x00, 0x00,
  0x00, 0x00, 0x00, 0x00, 0x00, 0x00, 0x00, 0x00, 0x00, 0x00, 0x00, 0x00,
  0x00, 0x00, 0x00, 0x00, 0x00, 0x00, 0x00, 0x00, 0x00, 0x00, 0x00, 0x00,
  0x00, 0x00, 0x00, 0x00, 0x00, 0x00, 0x00, 0x00, 0x00, 0x00, 0x00, 0x00,
  0x00, 0x00, 0x00, 0x00, 0x00, 0x00, 0x00, 0x00, 0x00, 0x00, 0x00, 0x00,
  0x00, 0x00, 0x00, 0x00, 0x00, 0x00, 0x00, 0x00, 0x00, 0x00, 0x00, 0x00,
  0x00, 0x00, 0x00, 0x00, 0x00, 0x00, 0x00, 0x00, 0x00, 0x00, 0x00, 0x00,
  0x00, 0x00, 0x00, 0x00, 0x00, 0x00, 0x00, 0x00, 0x00, 0x00, 0x00, 0x00,
  0x00, 0x00, 0x00, 0x00, 0x00, 0x00, 0x00, 0x00, 0x00, 0x00, 0x00, 0x00,
  0x00, 0x00, 0x00, 0x00, 0x00, 0x00, 0x00, 0x00, 0x00, 0x00, 0x00, 0x00,
  0x00, 0x00, 0x00, 0x00, 0x00, 0x00, 0x00, 0x00, 0x00, 0x00, 0x00, 0x00,
  0x00, 0x00, 0x00, 0x00, 0x00, 0x00, 0x00, 0x00, 0x00, 0x00, 0x00, 0x00,
  0x00, 0x00, 0x00, 0x00, 0x00, 0x00, 0x00, 0x00, 0x00, 0x00, 0x00, 0x00,
  0x00, 0x00, 0x00, 0x00, 0x00, 0x00, 0x00, 0x00, 0x00, 0x00, 0x00, 0x00,
  0x00, 0x00, 0x00, 0x00, 0x00, 0x00, 0x00, 0x00, 0x00, 0x00, 0x00, 0x00,
  0x00, 0x00, 0x00, 0x00, 0x00, 0x00, 0x00, 0x00, 0x00, 0x00, 0x00, 0x00,
  0x00, 0x00, 0x00, 0x00, 0x00, 0x00, 0x00, 0x00, 0x00, 0x00, 0x00, 0x00,
  0x00, 0x00, 0x00, 0x00, 0x00, 0x00, 0x00, 0x00, 0x00, 0x00, 0x00, 0x00,
  0x00, 0x00, 0x00, 0x00, 0x00, 0x00, 0x00, 0x00, 0x00, 0x00, 0x00, 0x00,
  0x00, 0x00, 0x00, 0x00, 0x00, 0x00, 0x00, 0x00, 0x00, 0x00, 0x00, 0x00,
  0x00, 0x00, 0x00, 0x00, 0x00, 0x00, 0x00, 0x00, 0x00, 0x00, 0x00, 0x00,
  0x00, 0x00, 0x00, 0x00, 0x00, 0x00, 0x00, 0x00, 0x00, 0x00, 0x00, 0x00,
  0x00, 0x00, 0x00, 0x00, 0x00, 0x00, 0x00, 0x00, 0x00, 0x00, 0x00, 0x00,
  0x00, 0x00, 0x00, 0x00, 0x00, 0x00, 0x00, 0x00, 0x00, 0x00, 0x00, 0x00,
  0x00, 0x00, 0x00, 0x00, 0x00, 0x00, 0x00, 0x00, 0x00, 0x00, 0x00, 0x00,
  0x00, 0x00, 0x00, 0x00, 0x00, 0x00, 0x00, 0x00, 0x00, 0x00, 0x00, 0x00,
  0x00, 0x00, 0x00, 0x00, 0x00, 0x00, 0x00, 0x00, 0x00, 0x00, 0x00, 0x00,
  0x00, 0x00, 0x00, 0x00, 0x00, 0x00, 0x00, 0x00, 0x00, 0x00, 0x00, 0x00,
  0x00, 0x00, 0x00, 0x00, 0x00, 0x00, 0x00, 0x00, 0x00, 0x00, 0x00, 0x00,
  0x00, 0x00, 0x00, 0x00, 0x00, 0x00, 0x00, 0x00, 0x00, 0x00, 0x00, 0x00,
  0x00, 0x00, 0x00, 0x00, 0x00, 0x00, 0x00, 0x00, 0x00, 0x00, 0x00, 0x00,
  0x00, 0x00, 0x00, 0x00, 0x00, 0x00, 0x00, 0x00, 0x00, 0x00, 0x00, 0x00,
  0x00, 0x00, 0x00, 0x00, 0x00, 0x00, 0x00, 0x00, 0x00, 0x00, 0x00, 0x00,
  0x00, 0x00, 0x00, 0x00, 0x00, 0x00, 0x00, 0x00, 0x00, 0x00, 0x00, 0x00,
  0x00, 0x00, 0x00, 0x00, 0x00, 0x00, 0x00, 0x00, 0x00, 0x00, 0x00, 0x00,
  0x00, 0x00, 0x00, 0x00, 0x00, 0x00, 0x00, 0x00, 0x00, 0x00, 0x00, 0x00,
  0x00, 0x00, 0x00, 0x00, 0x00, 0x00, 0x00, 0x00, 0x00, 0x00, 0x00, 0x00,
  0x00, 0x00, 0x00, 0x00, 0x00, 0x00, 0x00, 0x00, 0x00, 0x00, 0x00, 0x00,
  0x00, 0x00, 0x00, 0x00, 0x00, 0x00, 0x00, 0x00, 0x00, 0x00, 0x00, 0x00,
  0x00, 0x00, 0x00, 0x00, 0x00, 0x00, 0x00, 0x00, 0x00, 0x00, 0x00, 0x00,
  0x00, 0x00, 0x00, 0x00, 0x00, 0x00, 0x00, 0x00, 0x00, 0x00, 0x00, 0x00,
  0x00, 0x00, 0x00, 0x00, 0x00, 0x00, 0x00, 0x00, 0x00, 0x00, 0x00, 0x00,
  0x00, 0x00, 0x00, 0x00, 0x00, 0x00, 0x00, 0x00, 0x00, 0x00, 0x00, 0x00,
  0x00, 0x00, 0x00, 0x00, 0x00, 0x00, 0x00, 0x00, 0x00, 0x00, 0x00, 0x00,
  0x00, 0x00, 0x00, 0x00, 0x00, 0x00, 0x00, 0x00, 0x00, 0x00, 0x00, 0x00,
  0x00, 0x00, 0x00, 0x00, 0x00, 0x00, 0x00, 0x00, 0x00, 0x00, 0x00, 0x00,
  0x00, 0x00, 0x00, 0x00, 0x00, 0x00, 0x00, 0x00, 0x00, 0x00, 0x00, 0x00,
  0x00, 0x00, 0x00, 0x00, 0x00, 0x00, 0x00, 0x00, 0x00, 0x00, 0x00, 0x00,
  0x00, 0x00, 0x00, 0x00, 0x00, 0x00, 0x00, 0x00, 0x00, 0x00, 0x00, 0x00,
  0x00, 0x00, 0x00, 0x00, 0x00, 0x00, 0x00, 0x00, 0x00, 0x00, 0x00, 0x00,
  0x00, 0x00, 0x00, 0x00, 0x00, 0x00, 0x00, 0x00, 0x00, 0x00, 0x00, 0x00,
  0x00, 0x00, 0x00, 0x00, 0x00, 0x00, 0x00, 0x00, 0x00, 0x00, 0x00, 0x00,
  0x00, 0x00, 0x00, 0x00, 0x00, 0x00, 0x00, 0x00, 0x00, 0x00, 0x00, 0x00,
  0x00, 0x00, 0x00, 0x00, 0x00, 0x00, 0x00, 0x00, 0x00, 0x00, 0x00, 0x00,
  0x00, 0x00, 0x00, 0x00, 0x00, 0x00, 0x00, 0x00, 0x00, 0x00, 0x00, 0x00,
  0x00, 0x00, 0x00, 0x00, 0x00, 0x00, 0x00, 0x00, 0x00, 0x00, 0x00, 0x00,
  0x00, 0x00, 0x00, 0x00, 0x00, 0x00, 0x00, 0x00, 0x00, 0x00, 0x00, 0x00,
  0x00, 0x00, 0x00, 0x00, 0x00, 0x00, 0x00, 0x00, 0x00, 0x00, 0x00, 0x00,
  0x00, 0x00, 0x00, 0x00, 0x00, 0x00, 0x00, 0x00, 0x00, 0x00, 0x00, 0x00,
  0x00, 0x00, 0x00, 0x00, 0x00, 0x00, 0x00, 0x00, 0x00, 0x00, 0x00, 0x00,
  0x00, 0x00, 0x00, 0x00, 0x00, 0x00, 0x00, 0x00, 0x00, 0x00, 0x00, 0x00,
  0x00, 0x00, 0x00, 0x00, 0x00, 0x00, 0x00, 0x00, 0x00, 0x00, 0x00, 0x00,
  0x00, 0x00, 0x00, 0x00, 0x00, 0x00, 0x00, 0x00, 0x00, 0x00, 0x00, 0x00,
  0x00, 0x00, 0x00, 0x00, 0x00, 0x00, 0x00, 0x00, 0x00, 0x00, 0x00, 0x00,
  0x00, 0x00, 0x00, 0x00, 0x00, 0x00, 0x00, 0x00, 0x00, 0x00, 0x00, 0x00,
  0x00, 0x00, 0x00, 0x00, 0x00, 0x00, 0x00, 0x00, 0x00, 0x00, 0x00, 0x00,
  0x00, 0x00, 0x00, 0x00, 0x00, 0x00, 0x00, 0x00, 0x00, 0x00, 0x00, 0x00,
  0x00, 0x00, 0x00, 0x00, 0x00, 0x00, 0x00, 0x00, 0x00, 0x00, 0x00, 0x00,
  0x00, 0x00, 0x00, 0x00, 0x00, 0x00, 0x00, 0x00, 0x00, 0x00, 0x00, 0x00,
  0x00, 0x00, 0x00, 0x00, 0x00, 0x00, 0x00, 0x00, 0x00, 0x00, 0x00, 0x00,
  0x00, 0x00, 0x00, 0x00, 0x00, 0x00, 0x00, 0x00, 0x00, 0x00, 0x00, 0x00,
  0x00, 0x00, 0x00, 0x00, 0x00, 0x00, 0x00, 0x00, 0x00, 0x00, 0x00, 0x00,
  0x00, 0x00, 0x00, 0x00, 0x00, 0x00, 0x00, 0x00, 0x00, 0x00, 0x00, 0x00,
  0x00, 0x00, 0x00, 0x00, 0x00, 0x00, 0x00, 0x00, 0x00, 0x00, 0x00, 0x00,
  0x00, 0x00, 0x00, 0x00, 0x00, 0x00, 0x00, 0x00, 0x00, 0x00, 0x00, 0x00,
  0x00, 0x00, 0x00, 0x00, 0x00, 0x00, 0x00, 0x00, 0x00, 0x00, 0x00, 0x00,
  0x00, 0x00, 0x00, 0x00, 0x00, 0x00, 0x00, 0x00, 0x00, 0x00, 0x00, 0x00,
  0x00, 0x00, 0x00, 0x00, 0x00, 0x00, 0x00, 0x00, 0x00, 0x00, 0x00, 0x00,
  0x00, 0x00, 0x00, 0x00, 0x00, 0x00, 0x00, 0x00, 0x00, 0x00, 0x00, 0x00,
  0x00, 0x00, 0x00, 0x00, 0x00, 0x00, 0x00, 0x00, 0x00, 0x00, 0x00, 0x00,
  0x00, 0x00, 0x00, 0x00, 0x00, 0x00, 0x00, 0x00, 0x00, 0x00, 0x00, 0x00,
  0x00, 0x00, 0x00, 0x00, 0x00, 0x00, 0x00, 0x00, 0x00, 0x00, 0x00, 0x00,
  0x00, 0x00, 0x00, 0x00, 0x00, 0x00, 0x00, 0x00, 0x00, 0x00, 0x00, 0x00,
  0x00, 0x00, 0x00, 0x00, 0x00, 0x00, 0x00, 0x00, 0x00, 0x00, 0x00, 0x00,
  0x00, 0x00, 0x00, 0x00, 0x00, 0x00, 0x00, 0x00, 0x00, 0x00, 0x00, 0x00,
  0x00, 0x00, 0x00, 0x00, 0x00, 0x00, 0x00, 0x00, 0x00, 0x00, 0x00, 0x00,
  0x00, 0x00, 0x00, 0x00, 0x00, 0x00, 0x00, 0x00, 0x00, 0x00, 0x00, 0x00,
  0x00, 0x00, 0x00, 0x00, 0x00, 0x00, 0x00, 0x00, 0x00, 0x00, 0x00, 0x00,
  0x00, 0x00, 0x00, 0x00, 0x00, 0x00, 0x00, 0x00, 0x00, 0x00, 0x00, 0x00,
  0x00, 0x00, 0x00, 0x00, 0x00, 0x00, 0x00, 0x00, 0x00, 0x00, 0x00, 0x00,
  0x00, 0x00, 0x00, 0x00, 0x00, 0x00, 0x00, 0x00, 0x00, 0x00, 0x00, 0x00,
  0x00, 0x00, 0x00, 0x00, 0x00, 0x00, 0x00, 0x00, 0x00, 0x00, 0x00, 0x00,
  0x00, 0x00, 0x00, 0x00, 0x00, 0x00, 0x00, 0x00, 0x00, 0x00, 0x00, 0x00,
  0x00, 0x00, 0x00, 0x00, 0x00, 0x00, 0x00, 0x00, 0x00, 0x00, 0x00, 0x00,
  0x00, 0x00, 0x00, 0x00, 0x00, 0x00, 0x00, 0x00, 0x00, 0x00, 0x00, 0x00,
  0x00, 0x00, 0x00, 0x00, 0x00, 0x00, 0x00, 0x00, 0x00, 0x00, 0x00, 0x00,
  0x00, 0x00, 0x00, 0x00, 0x00, 0x00, 0x00, 0x00, 0x00, 0x00, 0x00, 0x00,
  0x00, 0x00, 0x00, 0x00, 0x00, 0x00, 0x00, 0x00, 0x00, 0x00, 0x00, 0x00,
  0x00, 0x00, 0x00, 0x00, 0x00, 0x00, 0x00, 0x00, 0x00, 0x00, 0x00, 0x00,
  0x00, 0x00, 0x00, 0x00, 0x00, 0x00, 0x00, 0x00, 0x00, 0x00, 0x00, 0x00,
  0x00, 0x00, 0x00, 0x00, 0x00, 0x00, 0x00, 0x00, 0x00, 0x00, 0x00, 0x00,
  0x00, 0x00, 0x00, 0x00, 0x00, 0x00, 0x00, 0x00, 0x00, 0x00, 0x00, 0x00,
  0x00, 0x00, 0x00, 0x00, 0x00, 0x00, 0x00, 0x00, 0x00, 0x00, 0x00, 0x00,
  0x00, 0x00, 0x00, 0x00, 0x00, 0x00, 0x00, 0x00, 0x00, 0x00, 0x00, 0x00,
  0x00, 0x00, 0x00, 0x00, 0x00, 0x00, 0x00, 0x00, 0x00, 0x00, 0x00, 0x00,
  0x00, 0x00, 0x00, 0x00, 0x00, 0x00, 0x00, 0x00, 0x00, 0x00, 0x00, 0x00,
  0x00, 0x00, 0x00, 0x00, 0x00, 0x00, 0x00, 0x00, 0x00, 0x00, 0x00, 0x00,
  0x00, 0x00, 0x00, 0x00, 0x00, 0x00, 0x00, 0x00, 0x00, 0x00, 0x00, 0x00,
  0x00, 0x00, 0x00, 0x00, 0x00, 0x00, 0x00, 0x00, 0x00, 0x00, 0x00, 0x00,
  0x00, 0x00, 0x00, 0x00, 0x00, 0x00, 0x00, 0x00, 0x00, 0x00, 0x00, 0x00,
  0x00, 0x00, 0x00, 0x00, 0x00, 0x00, 0x00, 0x00, 0x00, 0x00, 0x00, 0x00,
  0x00, 0x00, 0x00, 0x00, 0x00, 0x00, 0x00, 0x00, 0x00, 0x00, 0x00, 0x00,
  0x00, 0x00, 0x00, 0x00, 0x00, 0x00, 0x00, 0x00, 0x00, 0x00, 0x00, 0x00,
  0x00, 0x00, 0x00, 0x00, 0x00, 0x00, 0x00, 0x00, 0x00, 0x00, 0x00, 0x00,
  0x00, 0x00, 0x00, 0x00, 0x00, 0x00, 0x00, 0x00, 0x00, 0x00, 0x00, 0x00,
  0x00, 0x00, 0x00, 0x00, 0x00, 0x00, 0x00, 0x00, 0x00, 0x00, 0x00, 0x00,
  0x00, 0x00, 0x00, 0x00, 0x00, 0x00, 0x00, 0x00, 0x00, 0x00, 0x00, 0x00,
  0x00, 0x00, 0x00, 0x00, 0x00, 0x00, 0x00, 0x00, 0x00, 0x00, 0x00, 0x00,
  0x00, 0x00, 0x00, 0x00, 0x00, 0x00, 0x00, 0x00, 0x00, 0x00, 0x00, 0x00,
  0x00, 0x00, 0x00, 0x00, 0x00, 0x00, 0x00, 0x00, 0x00, 0x00, 0x00, 0x00,
  0x00, 0x00, 0x00, 0x00, 0x00, 0x00, 0x00, 0x00, 0x00, 0x00, 0x00, 0x00,
  0x00, 0x00, 0x00, 0x00, 0x00, 0x00, 0x00, 0x00, 0x00, 0x00, 0x00, 0x00,
  0x00, 0x00, 0x00, 0x00, 0x00, 0x00, 0x00, 0x00, 0x00, 0x00, 0x00, 0x00,
  0x00, 0x00, 0x00, 0x00, 0x00, 0x00, 0x00, 0x00, 0x00, 0x00, 0x00, 0x00,
  0x00, 0x00, 0x00, 0x00, 0x00, 0x00, 0x00, 0x00, 0x00, 0x00, 0x00, 0x00,
  0x00, 0x00, 0x00, 0x00, 0x00, 0x00, 0x00, 0x00, 0x00, 0x00, 0x00, 0x00,
  0x00, 0x00, 0x00, 0x00, 0x00, 0x00, 0x00, 0x00, 0x00, 0x00, 0x00, 0x00,
  0x00, 0x00, 0x00, 0x00, 0x00, 0x00, 0x00, 0x00, 0x00, 0x00, 0x00, 0x00,
  0x00, 0x00, 0x00, 0x00, 0x00, 0x00, 0x00, 0x00, 0x00, 0x00, 0x00, 0x00,
  0x00, 0x00, 0x00, 0x00, 0x00, 0x00, 0x00, 0x00, 0x00, 0x00, 0x00, 0x00,
  0x00, 0x00, 0x00, 0x00, 0x00, 0x00, 0x00, 0x00, 0x00, 0x00, 0x00, 0x00,
  0x00, 0x00, 0x00, 0x00, 0x00, 0x00, 0x00, 0x00, 0x00, 0x00, 0x00, 0x00,
  0x00, 0x00, 0x00, 0x00, 0x00, 0x00, 0x00, 0x00, 0x00, 0x00, 0x00, 0x00,
  0x00, 0x00, 0x00, 0x00, 0x00, 0x00, 0x00, 0x00, 0x00, 0x00, 0x00, 0x00,
  0x00, 0x00, 0x00, 0x00, 0x00, 0x00, 0x00, 0x00, 0x00, 0x00, 0x00, 0x00,
  0x00, 0x00, 0x00, 0x00, 0x00, 0x00, 0x00, 0x00, 0x00, 0x00, 0x00, 0x00,
  0x00, 0x00, 0x00, 0x00, 0x00, 0x00, 0x00, 0x00, 0x00, 0x00, 0x00, 0x00,
  0x00, 0x00, 0x00, 0x00, 0x00, 0x00, 0x00, 0x00, 0x00, 0x00, 0x00, 0x00,
  0x00, 0x00, 0x00, 0x00, 0x00, 0x00, 0x00, 0x00, 0x00, 0x00, 0x00, 0x00,
  0x00, 0x00, 0x00, 0x00, 0x00, 0x00, 0x00, 0x00, 0x00, 0x00, 0x00, 0x00,
  0x00, 0x00, 0x00, 0x00, 0x00, 0x00, 0x00, 0x00, 0x00, 0x00, 0x00, 0x00,
  0x00, 0x00, 0x00, 0x00, 0x00, 0x00, 0x00, 0x00, 0x00, 0x00, 0x00, 0x00,
  0x00, 0x00, 0x00, 0x00, 0x00, 0x00, 0x00, 0x00, 0x00, 0x00, 0x00, 0x00,
  0x00, 0x00, 0x00, 0x00, 0x00, 0x00, 0x00, 0x00, 0x00, 0x00, 0x00, 0x00,
  0x00, 0x00, 0x00, 0x00, 0x00, 0x00, 0x00, 0x00, 0x00, 0x00, 0x00, 0x00,
  0x00, 0x00, 0x00, 0x00, 0x00, 0x00, 0x00, 0x00, 0x00, 0x00, 0x00, 0x00,
  0x00, 0x00, 0x00, 0x00, 0x00, 0x00, 0x00, 0x00, 0x00, 0x00, 0x00, 0x00,
  0x00, 0x00, 0x00, 0x00, 0x00, 0x00, 0x00, 0x00, 0x00, 0x00, 0x00, 0x00,
  0x00, 0x00, 0x00, 0x00, 0x00, 0x00, 0x00, 0x00, 0x00, 0x00, 0x00, 0x00,
  0x00, 0x00, 0x00, 0x00, 0x00, 0x00, 0x00, 0x00, 0x00, 0x00, 0x00, 0x00,
  0x00, 0x00, 0x00, 0x00, 0x00, 0x00, 0x00, 0x00, 0x00, 0x00, 0x00, 0x00,
  0x00, 0x00, 0x00, 0x00, 0x00, 0x00, 0x00, 0x00, 0x00, 0x00, 0x00, 0x00,
  0x00, 0x00, 0x00, 0x00, 0x00, 0x00, 0x00, 0x00, 0x00, 0x00, 0x00, 0x00,
  0x00, 0x00, 0x00, 0x00, 0x00, 0x00, 0x00, 0x00, 0x00, 0x00, 0x00, 0x00,
  0x00, 0x00, 0x00, 0x00, 0x00, 0x00, 0x00, 0x00, 0x00, 0x00, 0x00, 0x00,
  0x00, 0x00, 0x00, 0x00, 0x00, 0x00, 0x00, 0x00, 0x00, 0x00, 0x00, 0x00,
  0x00, 0x00, 0x00, 0x00, 0x00, 0x00, 0x00, 0x00, 0x00, 0x00, 0x00, 0x00,
  0x00, 0x00, 0x00, 0x00, 0x00, 0x00, 0x00, 0x00, 0x00, 0x00, 0x00, 0x00,
  0x00, 0x00, 0x00, 0x00, 0x00, 0x00, 0x00, 0x00, 0x00, 0x00, 0x00, 0x00,
  0x00, 0x00, 0x00, 0x00, 0x00, 0x00, 0x00, 0x00, 0x00, 0x00, 0x00, 0x00,
  0x00, 0x00, 0x00, 0x00, 0x00, 0x00, 0x00, 0x00, 0x00, 0x00, 0x00, 0x00,
  0x00, 0x00, 0x00, 0x00, 0x00, 0x00, 0x00, 0x00, 0x00, 0x00, 0x00, 0x00,
  0x00, 0x00, 0x00, 0x00, 0x00, 0x00, 0x00, 0x00, 0x00, 0x00, 0x00, 0x00,
  0x00, 0x00, 0x00, 0x00, 0x00, 0x00, 0x00, 0x00, 0x00, 0x00, 0x00, 0x00,
  0x00, 0x00, 0x00, 0x00, 0x00, 0x00, 0x00, 0x00, 0x00, 0x00, 0x00, 0x00,
  0x00, 0x00, 0x00, 0x00, 0x00, 0x00, 0x00, 0x00, 0x00, 0x00, 0x00, 0x00,
  0x00, 0x00, 0x00, 0x00, 0x00, 0x00, 0x00, 0x00, 0x00, 0x00, 0x00, 0x00,
  0x00, 0x00, 0x00, 0x00, 0x00, 0x00, 0x00, 0x00, 0x00, 0x00, 0x00, 0x00,
  0x00, 0x00, 0x00, 0x00, 0x00, 0x00, 0x00, 0x00, 0x00, 0x00, 0x00, 0x00,
  0x00, 0x00, 0x00, 0x00, 0x00, 0x00, 0x00, 0x00, 0x00, 0x00, 0x00, 0x00,
  0x00, 0x00, 0x00, 0x00, 0x00, 0x00, 0x00, 0x00, 0x00, 0x00, 0x00, 0x00,
  0x00, 0x00, 0x00, 0x00, 0x00, 0x00, 0x00, 0x00, 0x00, 0x00, 0x00, 0x00,
  0x00, 0x00, 0x00, 0x00, 0x00, 0x00, 0x00, 0x00, 0x00, 0x00, 0x00, 0x00,
  0x00, 0x00, 0x00, 0x00, 0x00, 0x00, 0x00, 0x00, 0x00, 0x00, 0x00, 0x00,
  0x00, 0x00, 0x00, 0x00, 0x00, 0x00, 0x00, 0x00, 0x00, 0x00, 0x00, 0x00,
  0x00, 0x00, 0x00, 0x00, 0x00, 0x00, 0x00, 0x00, 0x00, 0x00, 0x00, 0x00,
  0x00, 0x00, 0x00, 0x00, 0x00, 0x00, 0x00, 0x00, 0x00, 0x00, 0x00, 0x00,
  0x00, 0x00, 0x00, 0x00, 0x00, 0x00, 0x00, 0x00, 0x00, 0x00, 0x00, 0x00,
  0x00, 0x00, 0x00, 0x00, 0x00, 0x00, 0x00, 0x00, 0x00, 0x00, 0x00, 0x00,
  0x00, 0x00, 0x00, 0x00, 0x00, 0x00, 0x00, 0x00, 0x00, 0x00, 0x00, 0x00,
  0x00, 0x00, 0x00, 0x00, 0x00, 0x00, 0x00, 0x00, 0x00, 0x00, 0x00, 0x00,
  0x00, 0x00, 0x00, 0x00, 0x00, 0x00, 0x00, 0x00, 0x00, 0x00, 0x00, 0x00,
  0x00, 0x00, 0x00, 0x00, 0x00, 0x00, 0x00, 0x00, 0x00, 0x00, 0x00, 0x00,
  0x00, 0x00, 0x00, 0x00, 0x00, 0x00, 0x00, 0x00, 0x00, 0x00, 0x00, 0x00,
  0x00, 0x00, 0x00, 0x00, 0x00, 0x00, 0x00, 0x00, 0x00, 0x00, 0x00, 0x00,
  0x00, 0x00, 0x00, 0x00, 0x00, 0x00, 0x00, 0x00, 0x00, 0x00, 0x00, 0x00,
  0x00, 0x00, 0x00, 0x00, 0x00, 0x00, 0x00, 0x00, 0x00, 0x00, 0x00, 0x00,
  0x00, 0x00, 0x00, 0x00, 0x00, 0x00, 0x00, 0x00, 0x00, 0x00, 0x00, 0x00,
  0x00, 0x00, 0x00, 0x00, 0x00, 0x00, 0x00, 0x00, 0x00, 0x00, 0x00, 0x00,
  0x00, 0x00, 0x00, 0x00, 0x00, 0x00, 0x00, 0x00, 0x00, 0x00, 0x00, 0x00,
  0x00, 0x00, 0x00, 0x00, 0x00, 0x00, 0x00, 0x00, 0x00, 0x00, 0x00, 0x00,
  0x00, 0x00, 0x00, 0x00, 0x00, 0x00, 0x00, 0x00, 0x00, 0x00, 0x00, 0x00,
  0x00, 0x00, 0x00, 0x00, 0x00, 0x00, 0x00, 0x00, 0x00, 0x00, 0x00, 0x00,
  0x00, 0x00, 0x00, 0x00, 0x00, 0x00, 0x00, 0x00, 0x00, 0x00, 0x00, 0x00,
  0x00, 0x00, 0x00, 0x00, 0x00, 0x00, 0x00, 0x00, 0x00, 0x00, 0x00, 0x00,
  0x00, 0x00, 0x00, 0x00, 0x00, 0x00, 0x00, 0x00, 0x00, 0x00, 0x00, 0x00,
  0x00, 0x00, 0x00, 0x00, 0x00, 0x00, 0x00, 0x00, 0x00, 0x00, 0x00, 0x00,
  0x00, 0x00, 0x00, 0x00, 0x00, 0x00, 0x00, 0x00, 0x00, 0x00, 0x00, 0x00,
  0x00, 0x00, 0x00, 0x00, 0x00, 0x00, 0x00, 0x00, 0x00, 0x00, 0x00, 0x00,
  0x00, 0x00, 0x00, 0x00, 0x00, 0x00, 0x00, 0x00, 0x00, 0x00, 0x00, 0x00,
  0x00, 0x00, 0x00, 0x00, 0x00, 0x00, 0x00, 0x00, 0x00, 0x00, 0x00, 0x00,
  0x00, 0x00, 0x00, 0x00, 0x00, 0x00, 0x00, 0x00, 0x00, 0x00, 0x00, 0x00,
  0x00, 0x00, 0x00, 0x00, 0x00, 0x00, 0x00, 0x00, 0x00, 0x00, 0x00, 0x00,
  0x00, 0x00, 0x00, 0x00, 0x00, 0x00, 0x00, 0x00, 0x00, 0x00, 0x00, 0x00,
  0x00, 0x00, 0x00, 0x00, 0x00, 0x00, 0x00, 0x00, 0x00, 0x00, 0x00, 0x00,
  0x00, 0x00, 0x00, 0x00, 0x00, 0x00, 0x00, 0x00, 0x00, 0x00, 0x00, 0x00,
  0x00, 0x00, 0x00, 0x00, 0x00, 0x00, 0x00, 0x00, 0x00, 0x00, 0x00, 0x00,
  0x00, 0x00, 0x00, 0x00, 0x00, 0x00, 0x00, 0x00, 0x00, 0x00, 0x00, 0x00,
  0x00, 0x00, 0x00, 0x00, 0x00, 0x00, 0x00, 0x00, 0x00, 0x00, 0x00, 0x00,
  0x00, 0x00, 0x00, 0x00, 0x00, 0x00, 0x00, 0x00, 0x00, 0x00, 0x00, 0x00,
  0x00, 0x00, 0x00, 0x00, 0x00, 0x00, 0x00, 0x00, 0x00, 0x00, 0x00, 0x00,
  0x00, 0x00, 0x00, 0x00, 0x00, 0x00, 0x00, 0x00, 0x00, 0x00, 0x00, 0x00,
  0x00, 0x00, 0x00, 0x00, 0x00, 0x00, 0x00, 0x00, 0x00, 0x00, 0x00, 0x00,
  0x00, 0x00, 0x00, 0x00, 0x00, 0x00, 0x00, 0x00, 0x00, 0x00, 0x00, 0x00,
  0x00, 0x00, 0x00, 0x00, 0x00, 0x00, 0x00, 0x00, 0x00, 0x00, 0x00, 0x00,
  0x00, 0x00, 0x00, 0x00, 0x00, 0x00, 0x00, 0x00, 0x00, 0x00, 0x00, 0x00,
  0x00, 0x00, 0x00, 0x00, 0x00, 0x00, 0x00, 0x00, 0x00, 0x00, 0x00, 0x00,
  0x00, 0x00, 0x00, 0x00, 0x00, 0x00, 0x00, 0x00, 0x00, 0x00, 0x00, 0x00,
  0x00, 0x00, 0x00, 0x00, 0x00, 0x00, 0x00, 0x00, 0x00, 0x00, 0x00, 0x00,
  0x00, 0x00, 0x00, 0x00, 0x00, 0x00, 0x00, 0x00, 0x00, 0x00, 0x00, 0x00,
  0x00, 0x00, 0x00, 0x00, 0x00, 0x00, 0x00, 0x00, 0x00, 0x00, 0x00, 0x00,
  0x00, 0x00, 0x00, 0x00, 0x00, 0x00, 0x00, 0x00, 0x00, 0x00, 0x00, 0x00,
  0x00, 0x00, 0x00, 0x00, 0x00, 0x00, 0x00, 0x00, 0x00, 0x00, 0x00, 0x00,
  0x00, 0x00, 0x00, 0x00, 0x00, 0x00, 0x00, 0x00, 0x00, 0x00, 0x00, 0x00,
  0x00, 0x00, 0x00, 0x00, 0x00, 0x00, 0x00, 0x00, 0x00, 0x00, 0x00, 0x00,
  0x00, 0x00, 0x00, 0x00, 0x00, 0x00, 0x00, 0x00, 0x00, 0x00, 0x00, 0x00,
  0x00, 0x00, 0x00, 0x00, 0x00, 0x00, 0x00, 0x00, 0x00, 0x00, 0x00, 0x00,
  0x00, 0x00, 0x00, 0x00, 0x00, 0x00, 0x00, 0x00, 0x00, 0x00, 0x00, 0x00,
  0x00, 0x00, 0x00, 0x00, 0x00, 0x00, 0x00, 0x00, 0x00, 0x00, 0x00, 0x00,
  0x00, 0x00, 0x00, 0x00, 0x00, 0x00, 0x00, 0x00, 0x00, 0x00, 0x00, 0x00,
  0x00, 0x00, 0x00, 0x00, 0x00, 0x00, 0x00, 0x00, 0x00, 0x00, 0x00, 0x00,
  0x00, 0x00, 0x00, 0x00, 0x00, 0x00, 0x00, 0x00, 0x00, 0x00, 0x00, 0x00,
  0x00, 0x00, 0x00, 0x00, 0x00, 0x00, 0x00, 0x00, 0x00, 0x00, 0x00, 0x00,
  0x00, 0x00, 0x00, 0x00, 0x00, 0x00, 0x00, 0x00, 0x00, 0x00, 0x00, 0x00,
  0x00, 0x00, 0x00, 0x00, 0x00, 0x00, 0x00, 0x00, 0x00, 0x00, 0x00, 0x00,
  0x00, 0x00, 0x00, 0x00, 0x00, 0x00, 0x00, 0x00, 0x00, 0x00, 0x00, 0x00,
  0x00, 0x00, 0x00, 0x00, 0x00, 0x00, 0x00, 0x00, 0x00, 0x00, 0x00, 0x00,
  0x00, 0x00, 0x00, 0x00, 0x00, 0x00, 0x00, 0x00, 0x00, 0x00, 0x00, 0x00,
  0x00, 0x00, 0x00, 0x00, 0x00, 0x00, 0x00, 0x00, 0x00, 0x00, 0x00, 0x00,
  0x00, 0x00, 0x00, 0x00, 0x00, 0x00, 0x00, 0x00, 0x00, 0x00, 0x00, 0x00,
  0x00, 0x00, 0x00, 0x00, 0x00, 0x00, 0x00, 0x00, 0x00, 0x00, 0x00, 0x00,
  0x00, 0x00, 0x00, 0x00, 0x00, 0x00, 0x00, 0x00, 0x00, 0x00, 0x00, 0x00,
  0x00, 0x00, 0x00, 0x00, 0x00, 0x00, 0x00, 0x00, 0x00, 0x00, 0x00, 0x00,
  0x00, 0x00, 0x00, 0x00, 0x00, 0x00, 0x00, 0x00, 0x00, 0x00, 0x00, 0x00,
  0x00, 0x00, 0x00, 0x00, 0x00, 0x00, 0x00, 0x00, 0x00, 0x00, 0x00, 0x00,
  0x00, 0x00, 0x00, 0x00, 0x00, 0x00, 0x00, 0x00, 0x00, 0x00, 0x00, 0x00,
  0x00, 0x00, 0x00, 0x00, 0x00, 0x00, 0x00, 0x00, 0x00, 0x00, 0x00, 0x00,
  0x00, 0x00, 0x00, 0x00, 0x00, 0x00, 0x00, 0x00, 0x00, 0x00, 0x00, 0x00,
  0x00, 0x00, 0x00, 0x00, 0x00, 0x00, 0x00, 0x00, 0x00, 0x00, 0x00, 0x00,
  0x00, 0x00, 0x00, 0x00, 0x00, 0x00, 0x00, 0x00, 0x00, 0x00, 0x00, 0x00,
  0x00, 0x00, 0x00, 0x00, 0x00, 0x00, 0x00, 0x00, 0x00, 0x00, 0x00, 0x00,
  0x00, 0x00, 0x00, 0x00, 0x00, 0x00, 0x00, 0x00, 0x00, 0x00, 0x00, 0x00,
  0x00, 0x00, 0x00, 0x00, 0x00, 0x00, 0x00, 0x00, 0x00, 0x00, 0x00, 0x00,
  0x00, 0x00, 0x00, 0x00, 0x00, 0x00, 0x00, 0x00, 0x00, 0x00, 0x00, 0x00,
  0x00, 0x00, 0x00, 0x00, 0x00, 0x00, 0x00, 0x00, 0x00, 0x00, 0x00, 0x00,
  0x00, 0x00, 0x00, 0x00, 0x00, 0x00, 0x00, 0x00, 0x00, 0x00, 0x00, 0x00,
  0x00, 0x00, 0x00, 0x00, 0x00, 0x00, 0x00, 0x00, 0x00, 0x00, 0x00, 0x00,
  0x00, 0x00, 0x00, 0x00, 0x00, 0x00, 0x00, 0x00, 0x00, 0x00, 0x00, 0x00,
  0x00, 0x00, 0x00, 0x00, 0x00, 0x00, 0x00, 0x00, 0x00, 0x00, 0x00, 0x00,
  0x00, 0x00, 0x00, 0x00, 0x00, 0x00, 0x00, 0x00, 0x00, 0x00, 0x00, 0x00,
  0x00, 0x00, 0x00, 0x00, 0x00, 0x00, 0x00, 0x00, 0x00, 0x00, 0x00, 0x00,
  0x00, 0x00, 0x00, 0x00, 0x00, 0x00, 0x00, 0x00, 0x00, 0x00, 0x00, 0x00,
  0x00, 0x00, 0x00, 0x00, 0x00, 0x00, 0x00, 0x00, 0x00, 0x00, 0x00, 0x00,
  0x00, 0x00, 0x00, 0x00, 0x00, 0x00, 0x00, 0x00, 0x00, 0x00, 0x00, 0x00,
  0x00, 0x00, 0x00, 0x00, 0x00, 0x00, 0x00, 0x00, 0x00, 0x00, 0x00, 0x00,
  0x00, 0x00, 0x00, 0x00, 0x00, 0x00, 0x00, 0x00, 0x00, 0x00, 0x00, 0x00,
  0x00, 0x00, 0x00, 0x00, 0x00, 0x00, 0x00, 0x00, 0x00, 0x00, 0x00, 0x00,
  0x00, 0x00, 0x00, 0x00, 0x00, 0x00, 0x00, 0x00, 0x00, 0x00, 0x00, 0x00,
  0x00, 0x00, 0x00, 0x00, 0x00, 0x00, 0x00, 0x00, 0x00, 0x00, 0x00, 0x00,
  0x00, 0x00, 0x00, 0x00, 0x00, 0x00, 0x00, 0x00, 0x00, 0x00, 0x00, 0x00,
  0x00, 0x00, 0x00, 0x00, 0x00, 0x00, 0x00, 0x00, 0x00, 0x00, 0x00, 0x00,
  0x00, 0x00, 0x00, 0x00, 0x00, 0x00, 0x00, 0x00, 0x00, 0x00, 0x00, 0x00,
  0x00, 0x00, 0x00, 0x00, 0x00, 0x00, 0x00, 0x00, 0x00, 0x00, 0x00, 0x00,
  0x00, 0x00, 0x00, 0x00, 0x00, 0x00, 0x00, 0x00, 0x00, 0x00, 0x00, 0x00,
  0x00, 0x00, 0x00, 0x00, 0x00, 0x00, 0x00, 0x00, 0x00, 0x00, 0x00, 0x00,
  0x00, 0x00, 0x00, 0x00, 0x00, 0x00, 0x00, 0x00, 0x00, 0x00, 0x00, 0x00,
  0x00, 0x00, 0x00, 0x00, 0x00, 0x00, 0x00, 0x00, 0x00, 0x00, 0x00, 0x00,
  0x00, 0x00, 0x00, 0x00, 0x00, 0x00, 0x00, 0x00, 0x00, 0x00, 0x00, 0x00,
  0x00, 0x00, 0x00, 0x00, 0x00, 0x00, 0x00, 0x00, 0x00, 0x00, 0x00, 0x00,
  0x00, 0x00, 0x00, 0x00, 0x00, 0x00, 0x00, 0x00, 0x00, 0x00, 0x00, 0x00,
  0x00, 0x00, 0x00, 0x00, 0x00, 0x00, 0x00, 0x00, 0x00, 0x00, 0x00, 0x00,
  0x00, 0x00, 0x00, 0x00, 0x00, 0x00, 0x00, 0x00, 0x00, 0x00, 0x00, 0x00,
  0x00, 0x00, 0x00, 0x00, 0x00, 0x00, 0x00, 0x00, 0x00, 0x00, 0x00, 0x00,
  0x00, 0x00, 0x00, 0x00, 0x00, 0x00, 0x00, 0x00, 0x00, 0x00, 0x00, 0x00,
  0x00, 0x00, 0x00, 0x00, 0x00, 0x00, 0x00, 0x00, 0x00, 0x00, 0x00, 0x00,
  0x00, 0x00, 0x00, 0x00, 0x00, 0x00, 0x00, 0x00, 0x00, 0x00, 0x00, 0x00,
  0x00, 0x00, 0x00, 0x00, 0x00, 0x00, 0x00, 0x00, 0x00, 0x00, 0x00, 0x00,
  0x00, 0x00, 0x00, 0x00, 0x00, 0x00, 0x00, 0x00, 0x00, 0x00, 0x00, 0x00,
  0x00, 0x00, 0x00, 0x00, 0x00, 0x00, 0x00, 0x00, 0x00, 0x00, 0x00, 0x00,
  0x00, 0x00, 0x00, 0x00, 0x00, 0x00, 0x00, 0x00, 0x00, 0x00, 0x00, 0x00,
  0x00, 0x00, 0x00, 0x00, 0x00, 0x00, 0x00, 0x00, 0x00, 0x00, 0x00, 0x00,
  0x00, 0x00, 0x00, 0x00, 0x00, 0x00, 0x00, 0x00, 0x00, 0x00, 0x00, 0x00,
  0x00, 0x00, 0x00, 0x00, 0x00, 0x00, 0x00, 0x00, 0x00, 0x00, 0x00, 0x00,
  0x00, 0x00, 0x00, 0x00, 0x00, 0x00, 0x00, 0x00, 0x00, 0x00, 0x00, 0x00,
  0x00, 0x00, 0x00, 0x00, 0x00, 0x00, 0x00, 0x00, 0x00, 0x00, 0x00, 0x00,
  0x00, 0x00, 0x00, 0x00, 0x00, 0x00, 0x00, 0x00, 0x00, 0x00, 0x00, 0x00,
  0x00, 0x00, 0x00, 0x00, 0x00, 0x00, 0x00, 0x00, 0x00, 0x00, 0x00, 0x00,
  0x00, 0x00, 0x00, 0x00, 0x00, 0x00, 0x00, 0x00, 0x00, 0x00, 0x00, 0x00,
  0x00, 0x00, 0x00, 0x00, 0x00, 0x00, 0x00, 0x00, 0x00, 0x00, 0x00, 0x00,
  0x00, 0x00, 0x00, 0x00, 0x00, 0x00, 0x00, 0x00, 0x00, 0x00, 0x00, 0x00,
  0x00, 0x00, 0x00, 0x00, 0x00, 0x00, 0x00, 0x00, 0x00, 0x00, 0x00, 0x00,
  0x00, 0x00, 0x00, 0x00, 0x00, 0x00, 0x00, 0x00, 0x00, 0x00, 0x00, 0x00,
  0x00, 0x00, 0x00, 0x00, 0x00, 0x00, 0x00, 0x00, 0x00, 0x00, 0x00, 0x00,
  0x00, 0x00, 0x00, 0x00, 0x00, 0x00, 0x00, 0x00, 0x00, 0x00, 0x00, 0x00,
  0x00, 0x00, 0x00, 0x00, 0x00, 0x00, 0x00, 0x00, 0x00, 0x00, 0x00, 0x00,
  0x00, 0x00, 0x00, 0x00, 0x00, 0x00, 0x00, 0x00, 0x00, 0x00, 0x00, 0x00,
  0x00, 0x00, 0x00, 0x00, 0x00, 0x00, 0x00, 0x00, 0x00, 0x00, 0x00, 0x00,
  0x00, 0x00, 0x00, 0x00, 0x00, 0x00, 0x00, 0x00, 0x00, 0x00, 0x00, 0x00,
  0x00, 0x00, 0x00, 0x00, 0x00, 0x00, 0x00, 0x00, 0x00, 0x00, 0x00, 0x00,
  0x00, 0x00, 0x00, 0x00, 0x00, 0x00, 0x00, 0x00, 0x00, 0x00, 0x00, 0x00,
  0x00, 0x00, 0x00, 0x00, 0x00, 0x00, 0x00, 0x00, 0x00, 0x00, 0x00, 0x00,
  0x00, 0x00, 0x00, 0x00, 0x00, 0x00, 0x00, 0x00, 0x00, 0x00, 0x00, 0x00,
  0x00, 0x00, 0x00, 0x00, 0x00, 0x00, 0x00, 0x00, 0x00, 0x00, 0x00, 0x00,
  0x00, 0x00, 0x00, 0x00, 0x00, 0x00, 0x00, 0x00, 0x00, 0x00, 0x00, 0x00,
  0x00, 0x00, 0x00, 0x00, 0x00, 0x00, 0x00, 0x00, 0x00, 0x00, 0x00, 0x00,
  0x00, 0x00, 0x00, 0x00, 0x00, 0x00, 0x00, 0x00, 0x00, 0x00, 0x00, 0x00,
  0x00, 0x00, 0x00, 0x00, 0x00, 0x00, 0x00, 0x00, 0x00, 0x00, 0x00, 0x00,
  0x00, 0x00, 0x00, 0x00, 0x00, 0x00, 0x00, 0x00, 0x00, 0x00, 0x00, 0x00,
  0x00, 0x00, 0x00, 0x00, 0x00, 0x00, 0x00, 0x00, 0x00, 0x00, 0x00, 0x00,
  0x00, 0x00, 0x00, 0x00, 0x00, 0x00, 0x00, 0x00, 0x00, 0x00, 0x00, 0x00,
  0x00, 0x00, 0x00, 0x00, 0x00, 0x00, 0x00, 0x00, 0x00, 0x00, 0x00, 0x00,
  0x00, 0x00, 0x00, 0x00, 0x00, 0x00, 0x00, 0x00, 0x00, 0x00, 0x00, 0x00,
  0x00, 0x00, 0x00, 0x00, 0x00, 0x00, 0x00, 0x00, 0x00, 0x00, 0x00, 0x00,
  0x00, 0x00, 0x00, 0x00, 0x00, 0x00, 0x00, 0x00, 0x00, 0x00, 0x00, 0x00,
  0x00, 0x00, 0x00, 0x00, 0x00, 0x00, 0x00, 0x00, 0x00, 0x00, 0x00, 0x00,
  0x00, 0x00, 0x00, 0x00, 0x00, 0x00, 0x00, 0x00, 0x00, 0x00, 0x00, 0x00,
  0x00, 0x00, 0x00, 0x00, 0x00, 0x00, 0x00, 0x00, 0x00, 0x00, 0x00, 0x00,
  0x00, 0x00, 0x00, 0x00, 0x00, 0x00, 0x00, 0x00, 0x00, 0x00, 0x00, 0x00,
  0x00, 0x00, 0x00, 0x00, 0x00, 0x00, 0x00, 0x00, 0x00, 0x00, 0x00, 0x00,
  0x00, 0x00, 0x00, 0x00, 0x00, 0x00, 0x00, 0x00, 0x00, 0x00, 0x00, 0x00,
  0x00, 0x00, 0x00, 0x00, 0x00, 0x00, 0x00, 0x00, 0x00, 0x00, 0x00, 0x00,
  0x00, 0x00, 0x00, 0x00, 0x00, 0x00, 0x00, 0x00, 0x00, 0x00, 0x00, 0x00,
  0x00, 0x00, 0x00, 0x00, 0x00, 0x00, 0x00, 0x00, 0x00, 0x00, 0x00, 0x00,
  0x00, 0x00, 0x00, 0x00, 0x00, 0x00, 0x00, 0x00, 0x00, 0x00, 0x00, 0x00,
  0x00, 0x00, 0x00, 0x00, 0x00, 0x00, 0x00, 0x00, 0x00, 0x00, 0x00, 0x00,
  0x00, 0x00, 0x00, 0x00, 0x00, 0x00, 0x00, 0x00, 0x00, 0x00, 0x00, 0x00,
  0x00, 0x00, 0x00, 0x00, 0x00, 0x00, 0x00, 0x00, 0x00, 0x00, 0x00, 0x00,
  0x00, 0x00, 0x00, 0x00, 0x00, 0x00, 0x00, 0x00, 0x00, 0x00, 0x00, 0x00,
  0x00, 0x00, 0x00, 0x00, 0x00, 0x00, 0x00, 0x00, 0x00, 0x00, 0x00, 0x00,
  0x00, 0x00, 0x00, 0x00, 0x00, 0x00, 0x00, 0x00, 0x00, 0x00, 0x00, 0x00,
  0x00, 0x00, 0x00, 0x00, 0x00, 0x00, 0x00, 0x00, 0x00, 0x00, 0x00, 0x00,
  0x00, 0x00, 0x00, 0x00, 0x00, 0x00, 0x00, 0x00, 0x00, 0x00, 0x00, 0x00,
  0x00, 0x00, 0x00, 0x00, 0x00, 0x00, 0x00, 0x00, 0x00, 0x00, 0x00, 0x00,
  0x00, 0x00, 0x00, 0x00, 0x00, 0x00, 0x00, 0x00, 0x00, 0x00, 0x00, 0x00,
  0x00, 0x00, 0x00, 0x00, 0x00, 0x00, 0x00, 0x00, 0x00, 0x00, 0x00, 0x00,
  0x00, 0x00, 0x00, 0x00, 0x00, 0x00, 0x00, 0x00, 0x00, 0x00, 0x00, 0x00,
  0x00, 0x00, 0x00, 0x00, 0x00, 0x00, 0x00, 0x00, 0x00, 0x00, 0x00, 0x00,
  0x00, 0x00, 0x00, 0x00, 0x00, 0x00, 0x00, 0x00, 0x00, 0x00, 0x00, 0x00,
  0x00, 0x00, 0x00, 0x00, 0x00, 0x00, 0x00, 0x00, 0x00, 0x00, 0x00, 0x00,
  0x00, 0x00, 0x00, 0x00, 0x00, 0x00, 0x00, 0x00, 0x00, 0x00, 0x00, 0x00,
  0x00, 0x00, 0x00, 0x00, 0x00, 0x00, 0x00, 0x00, 0x00, 0x00, 0x00, 0x00,
  0x00, 0x00, 0x00, 0x00, 0x00, 0x00, 0x00, 0x00, 0x00, 0x00, 0x00, 0x00,
  0x00, 0x00, 0x00, 0x00, 0x00, 0x00, 0x00, 0x00, 0x00, 0x00, 0x00, 0x00,
  0x00, 0x00, 0x00, 0x00, 0x00, 0x00, 0x00, 0x00, 0x00, 0x00, 0x00, 0x00,
  0x00, 0x00, 0x00, 0x00, 0x00, 0x00, 0x00, 0x00, 0x00, 0x00, 0x00, 0x00,
  0x00, 0x00, 0x00, 0x00, 0x00, 0x00, 0x00, 0x00, 0x00, 0x00, 0x00, 0x00,
  0x00, 0x00, 0x00, 0x00, 0x00, 0x00, 0x00, 0x00, 0x00, 0x00, 0x00, 0x00,
  0x00, 0x00, 0x00, 0x00, 0x00, 0x00, 0x00, 0x00, 0x00, 0x00, 0x00, 0x00,
  0x00, 0x00, 0x00, 0x00, 0x00, 0x00, 0x00, 0x00, 0x00, 0x00, 0x00, 0x00,
  0x00, 0x00, 0x00, 0x00, 0x00, 0x00, 0x00, 0x00, 0x00, 0x00, 0x00, 0x00,
  0x00, 0x00, 0x00, 0x00, 0x00, 0x00, 0x00, 0x00, 0x00, 0x00, 0x00, 0x00,
  0x00, 0x00, 0x00, 0x00, 0x00, 0x00, 0x00, 0x00, 0x00, 0x00, 0x00, 0x00,
  0x00, 0x00, 0x00, 0x00, 0x00, 0x00, 0x00, 0x00, 0x00, 0x00, 0x00, 0x00,
  0x00, 0x00, 0x00, 0x00, 0x00, 0x00, 0x00, 0x00, 0x00, 0x00, 0x00, 0x00,
  0x00, 0x00, 0x00, 0x00, 0x00, 0x00, 0x00, 0x00, 0x00, 0x00, 0x00, 0x00,
  0x00, 0x00, 0x00, 0x00, 0x00, 0x00, 0x00, 0x00, 0x00, 0x00, 0x00, 0x00,
  0x00, 0x00, 0x00, 0x00, 0x00, 0x00, 0x00, 0x00, 0x00, 0x00, 0x00, 0x00,
  0x00, 0x00, 0x00, 0x00, 0x00, 0x00, 0x00, 0x00, 0x00, 0x00, 0x00, 0x00,
  0x00, 0x00, 0x00, 0x00, 0x00, 0x00, 0x00, 0x00, 0x00, 0x00, 0x00, 0x00,
  0x00, 0x00, 0x00, 0x00, 0x00, 0x00, 0x00, 0x00, 0x00, 0x00, 0x00, 0x00,
  0x00, 0x00, 0x00, 0x00, 0x00, 0x00, 0x00, 0x00, 0x00, 0x00, 0x00, 0x00,
  0x00, 0x00, 0x00, 0x00, 0x00, 0x00, 0x00, 0x00, 0x00, 0x00, 0x00, 0x00,
  0x00, 0x00, 0x00, 0x00, 0x00, 0x00, 0x00, 0x00, 0x00, 0x00, 0x00, 0x00,
  0x00, 0x00, 0x00, 0x00, 0x00, 0x00, 0x00, 0x00, 0x00, 0x00, 0x00, 0x00,
  0x00, 0x00, 0x00, 0x00, 0x00, 0x00, 0x00, 0x00, 0x00, 0x00, 0x00, 0x00,
  0x00, 0x00, 0x00, 0x00, 0x00, 0x00, 0x00, 0x00, 0x00, 0x00, 0x00, 0x00,
  0x00, 0x00, 0x00, 0x00, 0x00, 0x00, 0x00, 0x00, 0x00, 0x00, 0x00, 0x00,
  0x00, 0x00, 0x00, 0x00, 0x00, 0x00, 0x00, 0x00, 0x00, 0x00, 0x00, 0x00,
  0x00, 0x00, 0x00, 0x00, 0x00, 0x00, 0x00, 0x00, 0x00, 0x00, 0x00, 0x00,
  0x00, 0x00, 0x00, 0x00, 0x00, 0x00, 0x00, 0x00, 0x00, 0x00, 0x00, 0x00,
  0x00, 0x00, 0x00, 0x00, 0x00, 0x00, 0x00, 0x00, 0x00, 0x00, 0x00, 0x00,
  0x00, 0x00, 0x00, 0x00, 0x00, 0x00, 0x00, 0x00, 0x00, 0x00, 0x00, 0x00,
  0x00, 0x00, 0x00, 0x00, 0x00, 0x00, 0x00, 0x00, 0x00, 0x00, 0x00, 0x00,
  0x00, 0x00, 0x00, 0x00, 0x00, 0x00, 0x00, 0x00, 0x00, 0x00, 0x00, 0x00,
  0x00, 0x00, 0x00, 0x00, 0x00, 0x00, 0x00, 0x00, 0x00, 0x00, 0x00, 0x00,
  0x00, 0x00, 0x00, 0x00, 0x00, 0x00, 0x00, 0x00, 0x00, 0x00, 0x00, 0x00,
  0x00, 0x00, 0x00, 0x00, 0x00, 0x00, 0x00, 0x00, 0x00, 0x00, 0x00, 0x00,
  0x00, 0x00, 0x00, 0x00, 0x00, 0x00, 0x00, 0x00, 0x00, 0x00, 0x00, 0x00,
  0x00, 0x00, 0x00, 0x00, 0x00, 0x00, 0x00, 0x00, 0x00, 0x00, 0x00, 0x00,
  0x00, 0x00, 0x00, 0x00, 0x00, 0x00, 0x00, 0x00, 0x00, 0x00, 0x00, 0x00,
  0x00, 0x00, 0x00, 0x00, 0x00, 0x00, 0x00, 0x00, 0x00, 0x00, 0x00, 0x00,
  0x00, 0x00, 0x00, 0x00, 0x00, 0x00, 0x00, 0x00, 0x00, 0x00, 0x00, 0x00,
  0x00, 0x00, 0x00, 0x00, 0x00, 0x00, 0x00, 0x00, 0x00, 0x00, 0x00, 0x00,
  0x00, 0x00, 0x00, 0x00, 0x00, 0x00, 0x00, 0x00, 0x00, 0x00, 0x00, 0x00,
  0x00, 0x00, 0x00, 0x00, 0x00, 0x00, 0x00, 0x00, 0x00, 0x00, 0x00, 0x00,
  0x00, 0x00, 0x00, 0x00, 0x00, 0x00, 0x00, 0x00, 0x00, 0x00, 0x00, 0x00,
  0x00, 0x00, 0x00, 0x00, 0x00, 0x00, 0x00, 0x00, 0x00, 0x00, 0x00, 0x00,
  0x00, 0x00, 0x00, 0x00, 0x00, 0x00, 0x00, 0x00, 0x00, 0x00, 0x00, 0x00,
  0x00, 0x00, 0x00, 0x00, 0x00, 0x00, 0x00, 0x00, 0x00, 0x00, 0x00, 0x00,
  0x00, 0x00, 0x00, 0x00, 0x00, 0x00, 0x00, 0x00, 0x00, 0x00, 0x00, 0x00,
  0x00, 0x00, 0x00, 0x00, 0x00, 0x00, 0x00, 0x00, 0x00, 0x00, 0x00, 0x00,
  0x00, 0x00, 0x00, 0x00, 0x00, 0x00, 0x00, 0x00, 0x00, 0x00, 0x00, 0x00,
  0x00, 0x00, 0x00, 0x00, 0x00, 0x00, 0x00, 0x00, 0x00, 0x00, 0x00, 0x00,
  0x00, 0x00, 0x00, 0x00, 0x00, 0x00, 0x00, 0x00, 0x00, 0x00, 0x00, 0x00,
  0x00, 0x00, 0x00, 0x00, 0x00, 0x00, 0x00, 0x00, 0x00, 0x00, 0x00, 0x00,
  0x00, 0x00, 0x00, 0x00, 0x00, 0x00, 0x00, 0x00, 0x00, 0x00, 0x00, 0x00,
  0x00, 0x00, 0x00, 0x00, 0x00, 0x00, 0x00, 0x00, 0x00, 0x00, 0x00, 0x00,
  0x00, 0x00, 0x00, 0x00, 0x00, 0x00, 0x00, 0x00, 0x00, 0x00, 0x00, 0x00,
  0x00, 0x00, 0x00, 0x00, 0x00, 0x00, 0x00, 0x00, 0x00, 0x00, 0x00, 0x00,
  0x00, 0x00, 0x00, 0x00, 0x00, 0x00, 0x00, 0x00, 0x00, 0x00, 0x00, 0x00,
  0x00, 0x00, 0x00, 0x00, 0x00, 0x00, 0x00, 0x00, 0x00, 0x00, 0x00, 0x00,
  0x00, 0x00, 0x00, 0x00, 0x00, 0x00, 0x00, 0x00, 0x00, 0x00, 0x00, 0x00,
  0x00, 0x00, 0x00, 0x00, 0x00, 0x00, 0x00, 0x00, 0x00, 0x00, 0x00, 0x00,
  0x00, 0x00, 0x00, 0x00, 0x00, 0x00, 0x00, 0x00, 0x00, 0x00, 0x00, 0x00,
  0x00, 0x00, 0x00, 0x00, 0x00, 0x00, 0x00, 0x00, 0x00, 0x00, 0x00, 0x00,
  0x00, 0x00, 0x00, 0x00, 0x00, 0x00, 0x00, 0x00, 0x00, 0x00, 0x00, 0x00,
  0x00, 0x00, 0x00, 0x00, 0x00, 0x00, 0x00, 0x00, 0x00, 0x00, 0x00, 0x00,
  0x00, 0x00, 0x00, 0x00, 0x00, 0x00, 0x00, 0x00, 0x00, 0x00, 0x00, 0x00,
  0x00, 0x00, 0x00, 0x00, 0x00, 0x00, 0x00, 0x00, 0x00, 0x00, 0x00, 0x00,
  0x00, 0x00, 0x00, 0x00, 0x00, 0x00, 0x00, 0x00, 0x00, 0x00, 0x00, 0x00,
  0x00, 0x00, 0x00, 0x00, 0x00, 0x00, 0x00, 0x00, 0x00, 0x00, 0x00, 0x00,
  0x00, 0x00, 0x00, 0x00, 0x00, 0x00, 0x00, 0x00, 0x00, 0x00, 0x00, 0x00,
  0x00, 0x00, 0x00, 0x00, 0x00, 0x00, 0x00, 0x00, 0x00, 0x00, 0x00, 0x00,
  0x00, 0x00, 0x00, 0x00, 0x00, 0x00, 0x00, 0x00, 0x00, 0x00, 0x00, 0x00,
  0x00, 0x00, 0x00, 0x00, 0x00, 0x00, 0x00, 0x00, 0x00, 0x00, 0x00, 0x00,
  0x00, 0x00, 0x00, 0x00, 0x00, 0x00, 0x00, 0x00, 0x00, 0x00, 0x00, 0x00,
  0x00, 0x00, 0x00, 0x00, 0x00, 0x00, 0x00, 0x00, 0x00, 0x00, 0x00, 0x00,
  0x00, 0x00, 0x00, 0x00, 0x00, 0x00, 0x00, 0x00, 0x00, 0x00, 0x00, 0x00,
  0x00, 0x00, 0x00, 0x00, 0x00, 0x00, 0x00, 0x00, 0x00, 0x00, 0x00, 0x00,
  0x00, 0x00, 0x00, 0x00, 0x00, 0x00, 0x00, 0x00, 0x00, 0x00, 0x00, 0x00,
  0x00, 0x00, 0x00, 0x00, 0x00, 0x00, 0x00, 0x00, 0x00, 0x00, 0x00, 0x00,
  0x00, 0x00, 0x00, 0x00, 0x00, 0x00, 0x00, 0x00, 0x00, 0x00, 0x00, 0x00,
  0x00, 0x00, 0x00, 0x00, 0x00, 0x00, 0x00, 0x00, 0x00, 0x00, 0x00, 0x00,
  0x00, 0x00, 0x00, 0x00, 0x00, 0x00, 0x00, 0x00, 0x00, 0x00, 0x00, 0x00,
  0x00, 0x00, 0x00, 0x00, 0x00, 0x00, 0x00, 0x00, 0x00, 0x00, 0x00, 0x00,
  0x00, 0x00, 0x00, 0x00, 0x00, 0x00, 0x00, 0x00, 0x00, 0x00, 0x00, 0x00,
  0x00, 0x00, 0x00, 0x00, 0x00, 0x00, 0x00, 0x00, 0x00, 0x00, 0x00, 0x00,
  0x00, 0x00, 0x00, 0x00, 0x00, 0x00, 0x00, 0x00, 0x00, 0x00, 0x00, 0x00,
  0x00, 0x00, 0x00, 0x00, 0x00, 0x00, 0x00, 0x00, 0x00, 0x00, 0x00, 0x00,
  0x00, 0x00, 0x00, 0x00, 0x00, 0x00, 0x00, 0x00, 0x00, 0x00, 0x00, 0x00,
  0x00, 0x00, 0x00, 0x00, 0x00, 0x00, 0x00, 0x00, 0x00, 0x00, 0x00, 0x00,
  0x00, 0x00, 0x00, 0x00, 0x00, 0x00, 0x00, 0x00, 0x00, 0x00, 0x00, 0x00,
  0x00, 0x00, 0x00, 0x00, 0x00, 0x00, 0x00, 0x00, 0x00, 0x00, 0x00, 0x00,
  0x00, 0x00, 0x00, 0x00, 0x00, 0x00, 0x00, 0x00, 0x00, 0x00, 0x00, 0x00,
  0x00, 0x00, 0x00, 0x00, 0x00, 0x00, 0x00, 0x00, 0x00, 0x00, 0x00, 0x00,
  0x00, 0x00, 0x00, 0x00, 0x00, 0x00, 0x00, 0x00, 0x00, 0x00, 0x00, 0x00,
  0x00, 0x00, 0x00, 0x00, 0x00, 0x00, 0x00, 0x00, 0x00, 0x00, 0x00, 0x00,
  0x00, 0x00, 0x00, 0x00, 0x00, 0x00, 0x00, 0x00, 0x00, 0x00, 0x00, 0x00,
  0x00, 0x00, 0x00, 0x00, 0x00, 0x00, 0x00, 0x00, 0x00, 0x00, 0x00, 0x00,
  0x00, 0x00, 0x00, 0x00, 0x00, 0x00, 0x00, 0x00, 0x00, 0x00, 0x00, 0x00,
  0x00, 0x00, 0x00, 0x00, 0x00, 0x00, 0x00, 0x00, 0x00, 0x00, 0x00, 0x00,
  0x00, 0x00, 0x00, 0x00, 0x00, 0x00, 0x00, 0x00, 0x00, 0x00, 0x00, 0x00,
  0x00, 0x00, 0x00, 0x00, 0x00, 0x00, 0x00, 0x00, 0x00, 0x00, 0x00, 0x00,
  0x00, 0x00, 0x00, 0x00, 0x00, 0x00, 0x00, 0x00, 0x00, 0x00, 0x00, 0x00,
  0x00, 0x00, 0x00, 0x00, 0x00, 0x00, 0x00, 0x00, 0x00, 0x00, 0x00, 0x00,
  0x00, 0x00, 0x00, 0x00, 0x00, 0x00, 0x00, 0x00, 0x00, 0x00, 0x00, 0x00,
  0x00, 0x00, 0x00, 0x00, 0x00, 0x00, 0x00, 0x00, 0x00, 0x00, 0x00, 0x00,
  0x00, 0x00, 0x00, 0x00, 0x00, 0x00, 0x00, 0x00, 0x00, 0x00, 0x00, 0x00,
  0x00, 0x00, 0x00, 0x00, 0x00, 0x00, 0x00, 0x00, 0x00, 0x00, 0x00, 0x00,
  0x00, 0x00, 0x00, 0x00, 0x00, 0x00, 0x00, 0x00, 0x00, 0x00, 0x00, 0x00,
  0x00, 0x00, 0x00, 0x00, 0x00, 0x00, 0x00, 0x00, 0x00, 0x00, 0x00, 0x00,
  0x00, 0x00, 0x00, 0x00, 0x00, 0x00, 0x00, 0x00, 0x00, 0x00, 0x00, 0x00,
  0x00, 0x00, 0x00, 0x00, 0x00, 0x00, 0x00, 0x00, 0x00, 0x00, 0x00, 0x00,
  0x00, 0x00, 0x00, 0x00, 0x00, 0x00, 0x00, 0x00, 0x00, 0x00, 0x00, 0x00,
  0x00, 0x00, 0x00, 0x00, 0x00, 0x00, 0x00, 0x00, 0x00, 0x00, 0x00, 0x00,
  0x00, 0x00, 0x00, 0x00, 0x00, 0x00, 0x00, 0x00, 0x00, 0x00, 0x00, 0x00,
  0x00, 0x00, 0x00, 0x00, 0x00, 0x00, 0x00, 0x00, 0x00, 0x00, 0x00, 0x00,
  0x00, 0x00, 0x00, 0x00, 0x00, 0x00, 0x00, 0x00, 0x00, 0x00, 0x00, 0x00,
  0x00, 0x00, 0x00, 0x00, 0x00, 0x00, 0x00, 0x00, 0x00, 0x00, 0x00, 0x00,
  0x00, 0x00, 0x00, 0x00, 0x00, 0x00, 0x00, 0x00, 0x00, 0x00, 0x00, 0x00,
  0x00, 0x00, 0x00, 0x00, 0x00, 0x00, 0x00, 0x00, 0x00, 0x00, 0x00, 0x00,
  0x00, 0x00, 0x00, 0x00, 0x00, 0x00, 0x00, 0x00, 0x00, 0x00, 0x00, 0x00,
  0x00, 0x00, 0x00, 0x00, 0x00, 0x00, 0x00, 0x00, 0x00, 0x00, 0x00, 0x00,
  0x00, 0x00, 0x00, 0x00, 0x00, 0x00, 0x00, 0x00, 0x00, 0x00, 0x00, 0x00,
  0x00, 0x00, 0x00, 0x00, 0x00, 0x00, 0x00, 0x00, 0x00, 0x00, 0x00, 0x00,
  0x00, 0x00, 0x00, 0x00, 0x00, 0x00, 0x00, 0x00, 0x00, 0x00, 0x00, 0x00,
  0x00, 0x00, 0x00, 0x00, 0x00, 0x00, 0x00, 0x00, 0x00, 0x00, 0x00, 0x00,
  0x00, 0x00, 0x00, 0x00, 0x00, 0x00, 0x00, 0x00, 0x00, 0x00, 0x00, 0x00,
  0x00, 0x00, 0x00, 0x00, 0x00, 0x00, 0x00, 0x00, 0x00, 0x00, 0x00, 0x00,
  0x00, 0x00, 0x00, 0x00, 0x00, 0x00, 0x00, 0x00, 0x00, 0x00, 0x00, 0x00,
  0x00, 0x00, 0x00, 0x00, 0x00, 0x00, 0x00, 0x00, 0x00, 0x00, 0x00, 0x00,
  0x00, 0x00, 0x00, 0x00, 0x00, 0x00, 0x00, 0x00, 0x00, 0x00, 0x00, 0x00,
  0x00, 0x00, 0x00, 0x00, 0x00, 0x00, 0x00, 0x00, 0x00, 0x00, 0x00, 0x00,
  0x00, 0x00, 0x00, 0x00, 0x00, 0x00, 0x00, 0x00, 0x00, 0x00, 0x00, 0x00,
  0x00, 0x00, 0x00, 0x00, 0x00, 0x00, 0x00, 0x00, 0x00, 0x00, 0x00, 0x00,
  0x00, 0x00, 0x00, 0x00, 0x00, 0x00, 0x00, 0x00, 0x00, 0x00, 0x00, 0x00,
  0x00, 0x00, 0x00, 0x00, 0x00, 0x00, 0x00, 0x00, 0x00, 0x00, 0x00, 0x00,
  0x00, 0x00, 0x00, 0x00, 0x00, 0x00, 0x00, 0x00, 0x00, 0x00, 0x00, 0x00,
  0x00, 0x00, 0x00, 0x00, 0x00, 0x00, 0x00, 0x00, 0x00, 0x00, 0x00, 0x00,
  0x00, 0x00, 0x00, 0x00, 0x00, 0x00, 0x00, 0x00, 0x00, 0x00, 0x00, 0x00,
  0x00, 0x00, 0x00, 0x00, 0x00, 0x00, 0x00, 0x00, 0x00, 0x00, 0x00, 0x00,
  0x00, 0x00, 0x00, 0x00, 0x00, 0x00, 0x00, 0x00, 0x00, 0x00, 0x00, 0x00,
  0x00, 0x00, 0x00, 0x00, 0x00, 0x00, 0x00, 0x00, 0x00, 0x00, 0x00, 0x00,
  0x00, 0x00, 0x00, 0x00, 0x00, 0x00, 0x00, 0x00, 0x00, 0x00, 0x00, 0x00,
  0x00, 0x00, 0x00, 0x00, 0x00, 0x00, 0x00, 0x00, 0x00, 0x00, 0x00, 0x00,
  0x00, 0x00, 0x00, 0x00, 0x00, 0x00, 0x00, 0x00, 0x00, 0x00, 0x00, 0x00,
  0x00, 0x00, 0x00, 0x00, 0x00, 0x00, 0x00, 0x00, 0x00, 0x00, 0x00, 0x00,
  0x00, 0x00, 0x00, 0x00, 0x00, 0x00, 0x00, 0x00, 0x00, 0x00, 0x00, 0x00,
  0x00, 0x00, 0x00, 0x00, 0x00, 0x00, 0x00, 0x00, 0x00, 0x00, 0x00, 0x00,
  0x00, 0x00, 0x00, 0x00, 0x00, 0x00, 0x00, 0x00, 0x00, 0x00, 0x00, 0x00,
  0x00, 0x00, 0x00, 0x00, 0x00, 0x00, 0x00, 0x00, 0x00, 0x00, 0x00, 0x00,
  0x00, 0x00, 0x00, 0x00, 0x00, 0x00, 0x00, 0x00, 0x00, 0x00, 0x00, 0x00,
  0x00, 0x00, 0x00, 0x00, 0x00, 0x00, 0x00, 0x00, 0x00, 0x00, 0x00, 0x00,
  0x00, 0x00, 0x00, 0x00, 0x00, 0x00, 0x00, 0x00, 0x00, 0x00, 0x00, 0x00,
  0x00, 0x00, 0x00, 0x00, 0x00, 0x00, 0x00, 0x00, 0x00, 0x00, 0x00, 0x00,
  0x00, 0x00, 0x00, 0x00, 0x00, 0x00, 0x00, 0x00, 0x00, 0x00, 0x00, 0x00,
  0x00, 0x00, 0x00, 0x00, 0x00, 0x00, 0x00, 0x00, 0x00, 0x00, 0x00, 0x00,
  0x00, 0x00, 0x00, 0x00, 0x00, 0x00, 0x00, 0x00, 0x00, 0x00, 0x00, 0x00,
  0x00, 0x00, 0x00, 0x00, 0x00, 0x00, 0x00, 0x00, 0x00, 0x00, 0x00, 0x00,
  0x00, 0x00, 0x00, 0x00, 0x00, 0x00, 0x00, 0x00, 0x00, 0x00, 0x00, 0x00,
  0x00, 0x00, 0x00, 0x00, 0x00, 0x00, 0x00, 0x00, 0x00, 0x00, 0x00, 0x00,
  0x00, 0x00, 0x00, 0x00, 0x00, 0x00, 0x00, 0x00, 0x00, 0x00, 0x00, 0x00,
  0x00, 0x00, 0x00, 0x00, 0x00, 0x00, 0x00, 0x00, 0x00, 0x00, 0x00, 0x00,
  0x00, 0x00, 0x00, 0x00, 0x00, 0x00, 0x00, 0x00, 0x00, 0x00, 0x00, 0x00,
  0x00, 0x00, 0x00, 0x00, 0x00, 0x00, 0x00, 0x00, 0x00, 0x00, 0x00, 0x00,
  0x00, 0x00, 0x00, 0x00, 0x00, 0x00, 0x00, 0x00, 0x00, 0x00, 0x00, 0x00,
  0x00, 0x00, 0x00, 0x00, 0x00, 0x00, 0x00, 0x00, 0x00, 0x00, 0x00, 0x00,
  0x00, 0x00, 0x00, 0x00, 0x00, 0x00, 0x00, 0x00, 0x00, 0x00, 0x00, 0x00,
  0x00, 0x00, 0x00, 0x00, 0x00, 0x00, 0x00, 0x00, 0x00, 0x00, 0x00, 0x00,
  0x00, 0x00, 0x00, 0x00, 0x00, 0x00, 0x00, 0x00, 0x00, 0x00, 0x00, 0x00,
  0x00, 0x00, 0x00, 0x00, 0x00, 0x00, 0x00, 0x00, 0x00, 0x00, 0x00, 0x00,
  0x00, 0x00, 0x00, 0x00, 0x00, 0x00, 0x00, 0x00, 0x00, 0x00, 0x00, 0x00,
  0x00, 0x00, 0x00, 0x00, 0x00, 0x00, 0x00, 0x00, 0x00, 0x00, 0x00, 0x00,
  0x00, 0x00, 0x00, 0x00, 0x00, 0x00, 0x00, 0x00, 0x00, 0x00, 0x00, 0x00,
  0x00, 0x00, 0x00, 0x00, 0x00, 0x00, 0x00, 0x00, 0x00, 0x00, 0x00, 0x00,
  0x00, 0x00, 0x00, 0x00, 0x00, 0x00, 0x00, 0x00, 0x00, 0x00, 0x00, 0x00,
  0x00, 0x00, 0x00, 0x00, 0x00, 0x00, 0x00, 0x00, 0x00, 0x00, 0x00, 0x00,
  0x00, 0x00, 0x00, 0x00, 0x00, 0x00, 0x00, 0x00, 0x00, 0x00, 0x00, 0x00,
  0x00, 0x00, 0x00, 0x00, 0x00, 0x00, 0x00, 0x00, 0x00, 0x00, 0x00, 0x00,
  0x00, 0x00, 0x00, 0x00, 0x00, 0x00, 0x00, 0x00, 0x00, 0x00, 0x00, 0x00,
  0x00, 0x00, 0x00, 0x00, 0x00, 0x00, 0x00, 0x00, 0x00, 0x00, 0x00, 0x00,
  0x00, 0x00, 0x00, 0x00, 0x00, 0x00, 0x00, 0x00, 0x00, 0x00, 0x00, 0x00,
  0x00, 0x00, 0x00, 0x00, 0x00, 0x00, 0x00, 0x00, 0x00, 0x00, 0x00, 0x00,
  0x00, 0x00, 0x00, 0x00, 0x00, 0x00, 0x00, 0x00, 0x00, 0x00, 0x00, 0x00,
  0x00, 0x00, 0x00, 0x00, 0x00, 0x00, 0x00, 0x00, 0x00, 0x00, 0x00, 0x00,
  0x00, 0x00, 0x00, 0x00, 0x00, 0x00, 0x00, 0x00, 0x00, 0x00, 0x00, 0x00,
  0x00, 0x00, 0x00, 0x00, 0x00, 0x00, 0x00, 0x00, 0x00, 0x00, 0x00, 0x00,
  0x00, 0x00, 0x00, 0x00, 0x00, 0x00, 0x00, 0x00, 0x00, 0x00, 0x00, 0x00,
  0x00, 0x00, 0x00, 0x00, 0x00, 0x00, 0x00, 0x00, 0x00, 0x00, 0x00, 0x00,
  0x00, 0x00, 0x00, 0x00, 0x00, 0x00, 0x00, 0x00, 0x00, 0x00, 0x00, 0x00,
  0x00, 0x00, 0x00, 0x00, 0x00, 0x00, 0x00, 0x00, 0x00, 0x00, 0x00, 0x00,
  0x00, 0x00, 0x00, 0x00, 0x00, 0x00, 0x00, 0x00, 0x00, 0x00, 0x00, 0x00,
  0x00, 0x00, 0x00, 0x00, 0x00, 0x00, 0x00, 0x00, 0x00, 0x00, 0x00, 0x00,
  0x00, 0x00, 0x00, 0x00, 0x00, 0x00, 0x00, 0x00, 0x00, 0x00, 0x00, 0x00,
  0x00, 0x00, 0x00, 0x00, 0x00, 0x00, 0x00, 0x00, 0x00, 0x00, 0x00, 0x00,
  0x00, 0x00, 0x00, 0x00, 0x00, 0x00, 0x00, 0x00, 0x00, 0x00, 0x00, 0x00,
  0x00, 0x00, 0x00, 0x00, 0x00, 0x00, 0x00, 0x00, 0x00, 0x00, 0x00, 0x00,
  0x00, 0x00, 0x00, 0x00, 0x00, 0x00, 0x00, 0x00, 0x00, 0x00, 0x00, 0x00,
  0x00, 0x00, 0x00, 0x00, 0x00, 0x00, 0x00, 0x00, 0x00, 0x00, 0x00, 0x00,
  0x00, 0x00, 0x00, 0x00, 0x00, 0x00, 0x00, 0x00, 0x00, 0x00, 0x00, 0x00,
  0x00, 0x00, 0x00, 0x00, 0x00, 0x00, 0x00, 0x00, 0x00, 0x00, 0x00, 0x00,
  0x00, 0x00, 0x00, 0x00, 0x00, 0x00, 0x00, 0x00, 0x00, 0x00, 0x00, 0x00,
  0x00, 0x00, 0x00, 0x00, 0x00, 0x00, 0x00, 0x00, 0x00, 0x00, 0x00, 0x00,
  0x00, 0x00, 0x00, 0x00, 0x00, 0x00, 0x00, 0x00, 0x00, 0x00, 0x00, 0x00,
  0x00, 0x00, 0x00, 0x00, 0x00, 0x00, 0x00, 0x00, 0x00, 0x00, 0x00, 0x00,
  0x00, 0x00, 0x00, 0x00, 0x00, 0x00, 0x00, 0x00, 0x00, 0x00, 0x00, 0x00,
  0x00, 0x00, 0x00, 0x00, 0x00, 0x00, 0x00, 0x00, 0x00, 0x00, 0x00, 0x00,
  0x00, 0x00, 0x00, 0x00, 0x00, 0x00, 0x00, 0x00, 0x00, 0x00, 0x00, 0x00,
  0x00, 0x00, 0x00, 0x00, 0x00, 0x00, 0x00, 0x00, 0x00, 0x00, 0x00, 0x00,
  0x00, 0x00, 0x00, 0x00, 0x00, 0x00, 0x00, 0x00, 0x00, 0x00, 0x00, 0x00,
  0x00, 0x00, 0x00, 0x00, 0x00, 0x00, 0x00, 0x00, 0x00, 0x00, 0x00, 0x00,
  0x00, 0x00, 0x00, 0x00, 0x00, 0x00, 0x00, 0x00, 0x00, 0x00, 0x00, 0x00,
  0x00, 0x00, 0x00, 0x00, 0x00, 0x00, 0x00, 0x00, 0x00, 0x00, 0x00, 0x00,
  0x00, 0x00, 0x00, 0x00, 0x00, 0x00, 0x00, 0x00, 0x00, 0x00, 0x00, 0x00,
  0x00, 0x00, 0x00, 0x00, 0x00, 0x00, 0x00, 0x00, 0x00, 0x00, 0x00, 0x00,
  0x00, 0x00, 0x00, 0x00, 0x00, 0x00, 0x00, 0x00, 0x00, 0x00, 0x00, 0x00,
  0x00, 0x00, 0x00, 0x00, 0x00, 0x00, 0x00, 0x00, 0x00, 0x00, 0x00, 0x00,
  0x00, 0x00, 0x00, 0x00, 0x00, 0x00, 0x00, 0x00, 0x00, 0x00, 0x00, 0x00,
  0x00, 0x00, 0x00, 0x00, 0x00, 0x00, 0x00, 0x00, 0x00, 0x00, 0x00, 0x00,
  0x00, 0x00, 0x00, 0x00, 0x00, 0x00, 0x00, 0x00, 0x00, 0x00, 0x00, 0x00,
  0x00, 0x00, 0x00, 0x00, 0x00, 0x00, 0x00, 0x00, 0x00, 0x00, 0x00, 0x00,
  0x00, 0x00, 0x00, 0x00, 0x00, 0x00, 0x00, 0x00, 0x00, 0x00, 0x00, 0x00,
  0x00, 0x00, 0x00, 0x00, 0x00, 0x00, 0x00, 0x00, 0x00, 0x00, 0x00, 0x00,
  0x00, 0x00, 0x00, 0x00, 0x00, 0x00, 0x00, 0x00, 0x00, 0x00, 0x00, 0x00,
  0x00, 0x00, 0x00, 0x00, 0x00, 0x00, 0x00, 0x00, 0x00, 0x00, 0x00, 0x00,
  0x00, 0x00, 0x00, 0x00, 0x00, 0x00, 0x00, 0x00, 0x00, 0x00, 0x00, 0x00,
  0x00, 0x00, 0x00, 0x00, 0x00, 0x00, 0x00, 0x00, 0x00, 0x00, 0x00, 0x00,
  0x00, 0x00, 0x00, 0x00, 0x00, 0x00, 0x00, 0x00, 0x00, 0x00, 0x00, 0x00,
  0x00, 0x00, 0x00, 0x00, 0x00, 0x00, 0x00, 0x00, 0x00, 0x00, 0x00, 0x00,
  0x00, 0x00, 0x00, 0x00, 0x00, 0x00, 0x00, 0x00, 0x00, 0x00, 0x00, 0x00,
  0x00, 0x00, 0x00, 0x00, 0x00, 0x00, 0x00, 0x00, 0x00, 0x00, 0x00, 0x00,
  0x00, 0x00, 0x00, 0x00, 0x00, 0x00, 0x00, 0x00, 0x00, 0x00, 0x00, 0x00,
  0x00, 0x00, 0x00, 0x00, 0x00, 0x00, 0x00, 0x00, 0x00, 0x00, 0x00, 0x00,
  0x00, 0x00, 0x00, 0x00, 0x00, 0x00, 0x00, 0x00, 0x00, 0x00, 0x00, 0x00,
  0x00, 0x00, 0x00, 0x00, 0x00, 0x00, 0x00, 0x00, 0x00, 0x00, 0x00, 0x00,
  0x00, 0x00, 0x00, 0x00, 0x00, 0x00, 0x00, 0x00, 0x00, 0x00, 0x00, 0x00,
  0x00, 0x00, 0x00, 0x00, 0x00, 0x00, 0x00, 0x00, 0x00, 0x00, 0x00, 0x00,
  0x00, 0x00, 0x00, 0x00, 0x00, 0x00, 0x00, 0x00, 0x00, 0x00, 0x00, 0x00,
  0x00, 0x00, 0x00, 0x00, 0x00, 0x00, 0x00, 0x00, 0x00, 0x00, 0x00, 0x00,
  0x00, 0x00, 0x00, 0x00, 0x00, 0x00, 0x00, 0x00, 0x00, 0x00, 0x00, 0x00,
  0x00, 0x00, 0x00, 0x00, 0x00, 0x00, 0x00, 0x00, 0x00, 0x00, 0x00, 0x00,
  0x00, 0x00, 0x00, 0x00, 0x00, 0x00, 0x00, 0x00, 0x00, 0x00, 0x00, 0x00,
  0x00, 0x00, 0x00, 0x00, 0x00, 0x00, 0x00, 0x00, 0x00, 0x00, 0x00, 0x00,
  0x00, 0x00, 0x00, 0x00, 0x00, 0x00, 0x00, 0x00, 0x00, 0x00, 0x00, 0x00,
  0x00, 0x00, 0x00, 0x00, 0x00, 0x00, 0x00, 0x00, 0x00, 0x00, 0x00, 0x00,
  0x00, 0x00, 0x00, 0x00, 0x00, 0x00, 0x00, 0x00, 0x00, 0x00, 0x00, 0x00,
  0x00, 0x00, 0x00, 0x00, 0x00, 0x00, 0x00, 0x00, 0x00, 0x00, 0x00, 0x00,
  0x00, 0x00, 0x00, 0x00, 0x00, 0x00, 0x00, 0x00, 0x00, 0x00, 0x00, 0x00,
  0x00, 0x00, 0x00, 0x00, 0x00, 0x00, 0x00, 0x00, 0x00, 0x00, 0x00, 0x00,
  0x00, 0x00, 0x00, 0x00, 0x00, 0x00, 0x00, 0x00, 0x00, 0x00, 0x00, 0x00,
  0x00, 0x00, 0x00, 0x00, 0x00, 0x00, 0x00, 0x00, 0x00, 0x00, 0x00, 0x00,
  0x00, 0x00, 0x00, 0x00, 0x00, 0x00, 0x00, 0x00, 0x00, 0x00, 0x00, 0x00,
  0x00, 0x00, 0x00, 0x00, 0x00, 0x00, 0x00, 0x00, 0x00, 0x00, 0x00, 0x00,
  0x00, 0x00, 0x00, 0x00, 0x00, 0x00, 0x00, 0x00, 0x00, 0x00, 0x00, 0x00,
  0x00, 0x00, 0x00, 0x00, 0x00, 0x00, 0x00, 0x00, 0x00, 0x00, 0x00, 0x00,
  0x00, 0x00, 0x00, 0x00, 0x00, 0x00, 0x00, 0x00, 0x00, 0x00, 0x00, 0x00,
  0x00, 0x00, 0x00, 0x00, 0x00, 0x00, 0x00, 0x00, 0x00, 0x00, 0x00, 0x00,
  0x00, 0x00, 0x00, 0x00, 0x00, 0x00, 0x00, 0x00, 0x00, 0x00, 0x00, 0x00,
  0x00, 0x00, 0x00, 0x00, 0x00, 0x00, 0x00, 0x00, 0x00, 0x00, 0x00, 0x00,
  0x00, 0x00, 0x00, 0x00, 0x00, 0x00, 0x00, 0x00, 0x00, 0x00, 0x00, 0x00,
  0x00, 0x00, 0x00, 0x00, 0x00, 0x00, 0x00, 0x00, 0x00, 0x00, 0x00, 0x00,
  0x00, 0x00, 0x00, 0x00, 0x00, 0x00, 0x00, 0x00, 0x00, 0x00, 0x00, 0x00,
  0x00, 0x00, 0x00, 0x00, 0x00, 0x00, 0x00, 0x00, 0x00, 0x00, 0x00, 0x00,
  0x00, 0x00, 0x00, 0x00, 0x00, 0x00, 0x00, 0x00, 0x00, 0x00, 0x00, 0x00,
  0x00, 0x00, 0x00, 0x00, 0x00, 0x00, 0x00, 0x00, 0x00, 0x00, 0x00, 0x00,
  0x00, 0x00, 0x00, 0x00, 0x00, 0x00, 0x00, 0x00, 0x00, 0x00, 0x00, 0x00,
  0x00, 0x00, 0x00, 0x00, 0x00, 0x00, 0x00, 0x00, 0x00, 0x00, 0x00, 0x00,
  0x00, 0x00, 0x00, 0x00, 0x00, 0x00, 0x00, 0x00, 0x00, 0x00, 0x00, 0x00,
  0x00, 0x00, 0x00, 0x00, 0x00, 0x00, 0x00, 0x00, 0x00, 0x00, 0x00, 0x00,
  0x00, 0x00, 0x00, 0x00, 0x00, 0x00, 0x00, 0x00, 0x00, 0x00, 0x00, 0x00,
  0x00, 0x00, 0x00, 0x00, 0x00, 0x00, 0x00, 0x00, 0x00, 0x00, 0x00, 0x00,
  0x00, 0x00, 0x00, 0x00, 0x00, 0x00, 0x00, 0x00, 0x00, 0x00, 0x00, 0x00,
  0x00, 0x00, 0x00, 0x00, 0x00, 0x00, 0x00, 0x00, 0x00, 0x00, 0x00, 0x00,
  0x00, 0x00, 0x00, 0x00, 0x00, 0x00, 0x00, 0x00, 0x00, 0x00, 0x00, 0x00,
  0x00, 0x00, 0x00, 0x00, 0x00, 0x00, 0x00, 0x00, 0x00, 0x00, 0x00, 0x00,
  0x00, 0x00, 0x00, 0x00, 0x00, 0x00, 0x00, 0x00, 0x00, 0x00, 0x00, 0x00,
  0x00, 0x00, 0x00, 0x00, 0x00, 0x00, 0x00, 0x00, 0x00, 0x00, 0x00, 0x00,
  0x00, 0x00, 0x00, 0x00, 0x00, 0x00, 0x00, 0x00, 0x00, 0x00, 0x00, 0x00,
  0x00, 0x00, 0x00, 0x00, 0x00, 0x00, 0x00, 0x00, 0x00, 0x00, 0x00, 0x00,
  0x00, 0x00, 0x00, 0x00, 0x00, 0x00, 0x00, 0x00, 0x00, 0x00, 0x00, 0x00,
  0x00, 0x00, 0x00, 0x00, 0x00, 0x00, 0x00, 0x00, 0x00, 0x00, 0x00, 0x00,
  0x00, 0x00, 0x00, 0x00, 0x00, 0x00, 0x00, 0x00, 0x00, 0x00, 0x00, 0x00,
  0x00, 0x00, 0x00, 0x00, 0x00, 0x00, 0x00, 0x00, 0x00, 0x00, 0x00, 0x00,
  0x00, 0x00, 0x00, 0x00, 0x00, 0x00, 0x00, 0x00, 0x00, 0x00, 0x00, 0x00,
  0x00, 0x00, 0x00, 0x00, 0x00, 0x00, 0x00, 0x00, 0x00, 0x00, 0x00, 0x00,
  0x00, 0x00, 0x00, 0x00, 0x00, 0x00, 0x00, 0x00, 0x00, 0x00, 0x00, 0x00,
  0x00, 0x00, 0x00, 0x00, 0x00, 0x00, 0x00, 0x00, 0x00, 0x00, 0x00, 0x00,
  0x00, 0x00, 0x00, 0x00, 0x00, 0x00, 0x00, 0x00, 0x00, 0x00, 0x00, 0x00,
  0x00, 0x00, 0x00, 0x00, 0x00, 0x00, 0x00, 0x00, 0x00, 0x00, 0x00, 0x00,
  0x00, 0x00, 0x00, 0x00, 0x00, 0x00, 0x00, 0x00, 0x00, 0x00, 0x00, 0x00,
  0x00, 0x00, 0x00, 0x00, 0x00, 0x00, 0x00, 0x00, 0x00, 0x00, 0x00, 0x00,
  0x00, 0x00, 0x00, 0x00, 0x00, 0x00, 0x00, 0x00, 0x00, 0x00, 0x00, 0x00,
  0x00, 0x00, 0x00, 0x00, 0x00, 0x00, 0x00, 0x00, 0x00, 0x00, 0x00, 0x00,
  0x00, 0x00, 0x00, 0x00, 0x00, 0x00, 0x00, 0x00, 0x00, 0x00, 0x00, 0x00,
  0x00, 0x00, 0x00, 0x00, 0x00, 0x00, 0x00, 0x00, 0x00, 0x00, 0x00, 0x00,
  0x00, 0x00, 0x00, 0x00, 0x00, 0x00, 0x00, 0x00, 0x00, 0x00, 0x00, 0x00,
  0x00, 0x00, 0x00, 0x00, 0x00, 0x00, 0x00, 0x00, 0x00, 0x00, 0x00, 0x00,
  0x00, 0x00, 0x00, 0x00, 0x00, 0x00, 0x00, 0x00, 0x00, 0x00, 0x00, 0x00,
  0x00, 0x00, 0x00, 0x00, 0x00, 0x00, 0x00, 0x00, 0x00, 0x00, 0x00, 0x00,
  0x00, 0x00, 0x00, 0x00, 0x00, 0x00, 0x00, 0x00, 0x00, 0x00, 0x00, 0x00,
  0x00, 0x00, 0x00, 0x00, 0x00, 0x00, 0x00, 0x00, 0x00, 0x00, 0x00, 0x00,
  0x00, 0x00, 0x00, 0x00, 0x00, 0x00, 0x00, 0x00, 0x00, 0x00, 0x00, 0x00,
  0x00, 0x00, 0x00, 0x00, 0x00, 0x00, 0x00, 0x00, 0x00, 0x00, 0x00, 0x00,
  0x00, 0x00, 0x00, 0x00, 0x00, 0x00, 0x00, 0x00, 0x00, 0x00, 0x00, 0x00,
  0x00, 0x00, 0x00, 0x00, 0x00, 0x00, 0x00, 0x00, 0x00, 0x00, 0x00, 0x00,
  0x00, 0x00, 0x00, 0x00, 0x00, 0x00, 0x00, 0x00, 0x00, 0x00, 0x00, 0x00,
  0x00, 0x00, 0x00, 0x00, 0x00, 0x00, 0x00, 0x00, 0x00, 0x00, 0x00, 0x00,
  0x00, 0x00, 0x00, 0x00, 0x00, 0x00, 0x00, 0x00, 0x00, 0x00, 0x00, 0x00,
  0x00, 0x00, 0x00, 0x00, 0x00, 0x00, 0x00, 0x00, 0x00, 0x00, 0x00, 0x00,
  0x00, 0x00, 0x00, 0x00, 0x00, 0x00, 0x00, 0x00, 0x00, 0x00, 0x00, 0x00,
  0x00, 0x00, 0x00, 0x00, 0x00, 0x00, 0x00, 0x00, 0x00, 0x00, 0x00, 0x00,
  0x00, 0x00, 0x00, 0x00, 0x00, 0x00, 0x00, 0x00, 0x00, 0x00, 0x00, 0x00,
  0x00, 0x00, 0x00, 0x00, 0x00, 0x00, 0x00, 0x00, 0x00, 0x00, 0x00, 0x00,
  0x00, 0x00, 0x00, 0x00, 0x00, 0x00, 0x00, 0x00, 0x00, 0x00, 0x00, 0x00,
  0x00, 0x00, 0x00, 0x00, 0x00, 0x00, 0x00, 0x00, 0x00, 0x00, 0x00, 0x00,
  0x00, 0x00, 0x00, 0x00, 0x00, 0x00, 0x00, 0x00, 0x00, 0x00, 0x00, 0x00,
  0x00, 0x00, 0x00, 0x00, 0x00, 0x00, 0x00, 0x00, 0x00, 0x00, 0x00, 0x00,
  0x00, 0x00, 0x00, 0x00, 0x00, 0x00, 0x00, 0x00, 0x00, 0x00, 0x00, 0x00,
  0x00, 0x00, 0x00, 0x00, 0x00, 0x00, 0x00, 0x00, 0x00, 0x00, 0x00, 0x00,
  0x00, 0x00, 0x00, 0x00, 0x00, 0x00, 0x00, 0x00, 0x00, 0x00, 0x00, 0x00,
  0x00, 0x00, 0x00, 0x00, 0x00, 0x00, 0x00, 0x00, 0x00, 0x00, 0x00, 0x00,
  0x00, 0x00, 0x00, 0x00, 0x00, 0x00, 0x00, 0x00, 0x00, 0x00, 0x00, 0x00,
  0x00, 0x00, 0x00, 0x00, 0x00, 0x00, 0x00, 0x00, 0x00, 0x00, 0x00, 0x00,
  0x00, 0x00, 0x00, 0x00, 0x00, 0x00, 0x00, 0x00, 0x00, 0x00, 0x00, 0x00,
  0x00, 0x00, 0x00, 0x00, 0x00, 0x00, 0x00, 0x00, 0x00, 0x00, 0x00, 0x00,
  0x00, 0x00, 0x00, 0x00, 0x00, 0x00, 0x00, 0x00, 0x00, 0x00, 0x00, 0x00,
  0x00, 0x00, 0x00, 0x00, 0x00, 0x00, 0x00, 0x00, 0x00, 0x00, 0x00, 0x00,
  0x00, 0x00, 0x00, 0x00, 0x00, 0x00, 0x00, 0x00, 0x00, 0x00, 0x00, 0x00,
  0x00, 0x00, 0x00, 0x00, 0x00, 0x00, 0x00, 0x00, 0x00, 0x00, 0x00, 0x00,
  0x00, 0x00, 0x00, 0x00, 0x00, 0x00, 0x00, 0x00, 0x00, 0x00, 0x00, 0x00,
  0x00, 0x00, 0x00, 0x00, 0x00, 0x00, 0x00, 0x00, 0x00, 0x00, 0x00, 0x00,
  0x00, 0x00, 0x00, 0x00, 0x00, 0x00, 0x00, 0x00, 0x00, 0x00, 0x00, 0x00,
  0x00, 0x00, 0x00, 0x00, 0x00, 0x00, 0x00, 0x00, 0x00, 0x00, 0x00, 0x00,
  0x00, 0x00, 0x00, 0x00, 0x00, 0x00, 0x00, 0x00, 0x00, 0x00, 0x00, 0x00,
  0x00, 0x00, 0x00, 0x00, 0x00, 0x00, 0x00, 0x00, 0x00, 0x00, 0x00, 0x00,
  0x00, 0x00, 0x00, 0x00, 0x00, 0x00, 0x00, 0x00, 0x00, 0x00, 0x00, 0x00,
  0x00, 0x00, 0x00, 0x00, 0x00, 0x00, 0x00, 0x00, 0x00, 0x00, 0x00, 0x00,
  0x00, 0x00, 0x00, 0x00, 0x00, 0x00, 0x00, 0x00, 0x00, 0x00, 0x00, 0x00,
  0x00, 0x00, 0x00, 0x00, 0x00, 0x00, 0x00, 0x00, 0x00, 0x00, 0x00, 0x00,
  0x00, 0x00, 0x00, 0x00, 0x00, 0x00, 0x00, 0x00, 0x00, 0x00, 0x00, 0x00,
  0x00, 0x00, 0x00, 0x00, 0x00, 0x00, 0x00, 0x00, 0x00, 0x00, 0x00, 0x00,
  0x00, 0x00, 0x00, 0x00, 0x00, 0x00, 0x00, 0x00, 0x00, 0x00, 0x00, 0x00,
  0x00, 0x00, 0x00, 0x00, 0x00, 0x00, 0x00, 0x00, 0x00, 0x00, 0x00, 0x00,
  0x00, 0x00, 0x00, 0x00, 0x00, 0x00, 0x00, 0x00, 0x00, 0x00, 0x00, 0x00,
  0x00, 0x00, 0x00, 0x00, 0x00, 0x00, 0x00, 0x00, 0x00, 0x00, 0x00, 0x00,
  0x00, 0x00, 0x00, 0x00, 0x00, 0x00, 0x00, 0x00, 0x00, 0x00, 0x00, 0x00,
  0x00, 0x00, 0x00, 0x00, 0x00, 0x00, 0x00, 0x00, 0x00, 0x00, 0x00, 0x00,
  0x00, 0x00, 0x00, 0x00, 0x00, 0x00, 0x00, 0x00, 0x00, 0x00, 0x00, 0x00,
  0x00, 0x00, 0x00, 0x00, 0x00, 0x00, 0x00, 0x00, 0x00, 0x00, 0x00, 0x00,
  0x00, 0x00, 0x00, 0x00, 0x00, 0x00, 0x00, 0x00, 0x00, 0x00, 0x00, 0x00,
  0x00, 0x00, 0x00, 0x00, 0x00, 0x00, 0x00, 0x00, 0x00, 0x00, 0x00, 0x00,
  0x00, 0x00, 0x00, 0x00, 0x00, 0x00, 0x00, 0x00, 0x00, 0x00, 0x00, 0x00,
  0x00, 0x00, 0x00, 0x00, 0x00, 0x00, 0x00, 0x00, 0x00, 0x00, 0x00, 0x00,
  0x00, 0x00, 0x00, 0x00, 0x00, 0x00, 0x00, 0x00, 0x00, 0x00, 0x00, 0x00,
  0x00, 0x00, 0x00, 0x00, 0x00, 0x00, 0x00, 0x00, 0x00, 0x00, 0x00, 0x00,
  0x00, 0x00, 0x00, 0x00, 0x00, 0x00, 0x00, 0x00, 0x00, 0x00, 0x00, 0x00,
  0x00, 0x00, 0x00, 0x00, 0x00, 0x00, 0x00, 0x00, 0x00, 0x00, 0x00, 0x00,
  0x00, 0x00, 0x00, 0x00, 0x00, 0x00, 0x00, 0x00, 0x00, 0x00, 0x00, 0x00,
  0x00, 0x00, 0x00, 0x00, 0x00, 0x00, 0x00, 0x00, 0x00, 0x00, 0x00, 0x00,
  0x00, 0x00, 0x00, 0x00, 0x00, 0x00, 0x00, 0x00, 0x00, 0x00, 0x00, 0x00,
  0x00, 0x00, 0x00, 0x00, 0x00, 0x00, 0x00, 0x00, 0x00, 0x00, 0x00, 0x00,
  0x00, 0x00, 0x00, 0x00, 0x00, 0x00, 0x00, 0x00, 0x00, 0x00, 0x00, 0x00,
  0x00, 0x00, 0x00, 0x00, 0x00, 0x00, 0x00, 0x00, 0x00, 0x00, 0x00, 0x00,
  0x00, 0x00, 0x00, 0x00, 0x00, 0x00, 0x00, 0x00, 0x00, 0x00, 0x00, 0x00,
  0x00, 0x00, 0x00, 0x00, 0x00, 0x00, 0x00, 0x00, 0x00, 0x00, 0x00, 0x00,
  0x00, 0x00, 0x00, 0x00, 0x00, 0x00, 0x00, 0x00, 0x00, 0x00, 0x00, 0x00,
  0x00, 0x00, 0x00, 0x00, 0x00, 0x00, 0x00, 0x00, 0x00, 0x00, 0x00, 0x00,
  0x00, 0x00, 0x00, 0x00, 0x00, 0x00, 0x00, 0x00, 0x00, 0x00, 0x00, 0x00,
  0x00, 0x00, 0x00, 0x00, 0x00, 0x00, 0x00, 0x00, 0x00, 0x00, 0x00, 0x00,
  0x00, 0x00, 0x00, 0x00, 0x00, 0x00, 0x00, 0x00, 0x00, 0x00, 0x00, 0x00,
  0x00, 0x00, 0x00, 0x00, 0x00, 0x00, 0x00, 0x00, 0x00, 0x00, 0x00, 0x00,
  0x00, 0x00, 0x00, 0x00, 0x00, 0x00, 0x00, 0x00, 0x00, 0x00, 0x00, 0x00,
  0x00, 0x00, 0x00, 0x00, 0x00, 0x00, 0x00, 0x00, 0x00, 0x00, 0x00, 0x00,
  0x00, 0x00, 0x00, 0x00, 0x00, 0x00, 0x00, 0x00, 0x00, 0x00, 0x00, 0x00,
  0x00, 0x00, 0x00, 0x00, 0x00, 0x00, 0x00, 0x00, 0x00, 0x00, 0x00, 0x00,
  0x00, 0x00, 0x00, 0x00, 0x00, 0x00, 0x00, 0x00, 0x00, 0x00, 0x00, 0x00,
  0x00, 0x00, 0x00, 0x00, 0x00, 0x00, 0x00, 0x00, 0x00, 0x00, 0x00, 0x00,
  0x00, 0x00, 0x00, 0x00, 0x00, 0x00, 0x00, 0x00, 0x00, 0x00, 0x00, 0x00,
  0x00, 0x00, 0x00, 0x00, 0x00, 0x00, 0x00, 0x00, 0x00, 0x00, 0x00, 0x00,
  0x00, 0x00, 0x00, 0x00, 0x00, 0x00, 0x00, 0x00, 0x00, 0x00, 0x00, 0x00,
  0x00, 0x00, 0x00, 0x00, 0x00, 0x00, 0x00, 0x00, 0x00, 0x00, 0x00, 0x00,
  0x00, 0x00, 0x00, 0x00, 0x00, 0x00, 0x00, 0x00, 0x00, 0x00, 0x00, 0x00,
  0x00, 0x00, 0x00, 0x00, 0x00, 0x00, 0x00, 0x00, 0x00, 0x00, 0x00, 0x00,
  0x00, 0x00, 0x00, 0x00, 0x00, 0x00, 0x00, 0x00, 0x00, 0x00, 0x00, 0x00,
  0x00, 0x00, 0x00, 0x00, 0x00, 0x00, 0x00, 0x00, 0x00, 0x00, 0x00, 0x00,
  0x00, 0x00, 0x00, 0x00, 0x00, 0x00, 0x00, 0x00, 0x00, 0x00, 0x00, 0x00,
  0x00, 0x00, 0x00, 0x00, 0x00, 0x00, 0x00, 0x00, 0x00, 0x00, 0x00, 0x00,
  0x00, 0x00, 0x00, 0x00, 0x00, 0x00, 0x00, 0x00, 0x00, 0x00, 0x00, 0x00,
  0x00, 0x00, 0x00, 0x00, 0x00, 0x00, 0x00, 0x00, 0x00, 0x00, 0x00, 0x00,
  0x00, 0x00, 0x00, 0x00, 0x00, 0x00, 0x00, 0x00, 0x00, 0x00, 0x00, 0x00,
  0x00, 0x00, 0x00, 0x00, 0x00, 0x00, 0x00, 0x00, 0x00, 0x00, 0x00, 0x00,
  0x00, 0x00, 0x00, 0x00, 0x00, 0x00, 0x00, 0x00, 0x00, 0x00, 0x00, 0x00,
  0x00, 0x00, 0x00, 0x00, 0x00, 0x00, 0x00, 0x00, 0x00, 0x00, 0x00, 0x00,
  0x00, 0x00, 0x00, 0x00, 0x00, 0x00, 0x00, 0x00, 0x00, 0x00, 0x00, 0x00,
  0x00, 0x00, 0x00, 0x00, 0x00, 0x00, 0x00, 0x00, 0x00, 0x00, 0x00, 0x00,
  0x00, 0x00, 0x00, 0x00, 0x00, 0x00, 0x00, 0x00, 0x00, 0x00, 0x00, 0x00,
  0x00, 0x00, 0x00, 0x00, 0x00, 0x00, 0x00, 0x00, 0x00, 0x00, 0x00, 0x00,
  0x00, 0x00, 0x00, 0x00, 0x00, 0x00, 0x00, 0x00, 0x00, 0x00, 0x00, 0x00,
  0x00, 0x00, 0x00, 0x00, 0x00, 0x00, 0x00, 0x00, 0x00, 0x00, 0x00, 0x00,
  0x00, 0x00, 0x00, 0x00, 0x00, 0x00, 0x00, 0x00, 0x00, 0x00, 0x00, 0x00,
  0x00, 0x00, 0x00, 0x00, 0x00, 0x00, 0x00, 0x00, 0x00, 0x00, 0x00, 0x00,
  0x00, 0x00, 0x00, 0x00, 0x00, 0x00, 0x00, 0x00, 0x00, 0x00, 0x00, 0x00,
  0x00, 0x00, 0x00, 0x00, 0x00, 0x00, 0x00, 0x00, 0x00, 0x00, 0x00, 0x00,
  0x00, 0x00, 0x00, 0x00, 0x00, 0x00, 0x00, 0x00, 0x00, 0x00, 0x00, 0x00,
  0x00, 0x00, 0x00, 0x00, 0x00, 0x00, 0x00, 0x00, 0x00, 0x00, 0x00, 0x00,
  0x00, 0x00, 0x00, 0x00, 0x00, 0x00, 0x00, 0x00, 0x00, 0x00, 0x00, 0x00,
  0x00, 0x00, 0x00, 0x00, 0x00, 0x00, 0x00, 0x00, 0x00, 0x00, 0x00, 0x00,
  0x00, 0x00, 0x00, 0x00, 0x00, 0x00, 0x00, 0x00, 0x00, 0x00, 0x00, 0x00,
  0x00, 0x00, 0x00, 0x00, 0x00, 0x00, 0x00, 0x00, 0x00, 0x00, 0x00, 0x00,
  0x00, 0x00, 0x00, 0x00, 0x00, 0x00, 0x00, 0x00, 0x00, 0x00, 0x00, 0x00,
  0x00, 0x00, 0x00, 0x00, 0x00, 0x00, 0x00, 0x00, 0x00, 0x00, 0x00, 0x00,
  0x00, 0x00, 0x00, 0x00, 0x00, 0x00, 0x00, 0x00, 0x00, 0x00, 0x00, 0x00,
  0x00, 0x00, 0x00, 0x00, 0x00, 0x00, 0x00, 0x00, 0x00, 0x00, 0x00, 0x00,
  0x00, 0x00, 0x00, 0x00, 0x00, 0x00, 0x00, 0x00, 0x00, 0x00, 0x00, 0x00,
  0x00, 0x00, 0x00, 0x00, 0x00, 0x00, 0x00, 0x00, 0x00, 0x00, 0x00, 0x00,
  0x00, 0x00, 0x00, 0x00, 0x00, 0x00, 0x00, 0x00, 0x00, 0x00, 0x00, 0x00,
  0x00, 0x00, 0x00, 0x00, 0x00, 0x00, 0x00, 0x00, 0x00, 0x00, 0x00, 0x00,
  0x00, 0x00, 0x00, 0x00, 0x00, 0x00, 0x00, 0x00, 0x00, 0x00, 0x00, 0x00,
  0x00, 0x00, 0x00, 0x00, 0x00, 0x00, 0x00, 0x00, 0x00, 0x00, 0x00, 0x00,
  0x00, 0x00, 0x00, 0x00, 0x00, 0x00, 0x00, 0x00, 0x00, 0x00, 0x00, 0x00,
  0x00, 0x00, 0x00, 0x00, 0x00, 0x00, 0x00, 0x00, 0x00, 0x00, 0x00, 0x00,
  0x00, 0x00, 0x00, 0x00, 0x00, 0x00, 0x00, 0x00, 0x00, 0x00, 0x00, 0x00,
  0x00, 0x00, 0x00, 0x00, 0x00, 0x00, 0x00, 0x00, 0x00, 0x00, 0x00, 0x00,
  0x00, 0x00, 0x00, 0x00, 0x00, 0x00, 0x00, 0x00, 0x00, 0x00, 0x00, 0x00,
  0x00, 0x00, 0x00, 0x00, 0x00, 0x00, 0x00, 0x00, 0x00, 0x00, 0x00, 0x00,
  0x00, 0x00, 0x00, 0x00, 0x00, 0x00, 0x00, 0x00, 0x00, 0x00, 0x00, 0x00,
  0x00, 0x00, 0x00, 0x00, 0x00, 0x00, 0x00, 0x00, 0x00, 0x00, 0x00, 0x00,
  0x00, 0x00, 0x00, 0x00, 0x00, 0x00, 0x00, 0x00, 0x00, 0x00, 0x00, 0x00,
  0x00, 0x00, 0x00, 0x00, 0x00, 0x00, 0x00, 0x00, 0x00, 0x00, 0x00, 0x00,
  0x00, 0x00, 0x00, 0x00, 0x00, 0x00, 0x00, 0x00, 0x00, 0x00, 0x00, 0x00,
  0x00, 0x00, 0x00, 0x00, 0x00, 0x00, 0x00, 0x00, 0x00, 0x00, 0x00, 0x00,
  0x00, 0x00, 0x00, 0x00, 0x00, 0x00, 0x00, 0x00, 0x00, 0x00, 0x00, 0x00,
  0x00, 0x00, 0x00, 0x00, 0x00, 0x00, 0x00, 0x00, 0x00, 0x00, 0x00, 0x00,
  0x00, 0x00, 0x00, 0x00, 0x00, 0x00, 0x00, 0x00, 0x00, 0x00, 0x00, 0x00,
  0x00, 0x00, 0x00, 0x00, 0x00, 0x00, 0x00, 0x00, 0x00, 0x00, 0x00, 0x00,
  0x00, 0x00, 0x00, 0x00, 0x00, 0x00, 0x00, 0x00, 0x00, 0x00, 0x00, 0x00,
  0x00, 0x00, 0x00, 0x00, 0x00, 0x00, 0x00, 0x00, 0x00, 0x00, 0x00, 0x00,
  0x00, 0x00, 0x00, 0x00, 0x00, 0x00, 0x00, 0x00, 0x00, 0x00, 0x00, 0x00,
  0x00, 0x00, 0x00, 0x00, 0x00, 0x00, 0x00, 0x00, 0x00, 0x00, 0x00, 0x00,
  0x00, 0x00, 0x00, 0x00, 0x00, 0x00, 0x00, 0x00, 0x00, 0x00, 0x00, 0x00,
  0x00, 0x00, 0x00, 0x00, 0x00, 0x00, 0x00, 0x00, 0x00, 0x00, 0x00, 0x00,
  0x00, 0x00, 0x00, 0x00, 0x00, 0x00, 0x00, 0x00, 0x00, 0x00, 0x00, 0x00,
  0x00, 0x00, 0x00, 0x00, 0x00, 0x00, 0x00, 0x00, 0x00, 0x00, 0x00, 0x00,
  0x00, 0x00, 0x00, 0x00, 0x00, 0x00, 0x00, 0x00, 0x00, 0x00, 0x00, 0x00,
  0x00, 0x00, 0x00, 0x00, 0x00, 0x00, 0x00, 0x00, 0x00, 0x00, 0x00, 0x00,
  0x00, 0x00, 0x00, 0x00, 0x00, 0x00, 0x00, 0x00, 0x00, 0x00, 0x00, 0x00,
  0x00, 0x00, 0x00, 0x00, 0x00, 0x00, 0x00, 0x00, 0x00, 0x00, 0x00, 0x00,
  0x00, 0x00, 0x00, 0x00, 0x00, 0x00, 0x00, 0x00, 0x00, 0x00, 0x00, 0x00,
  0x00, 0x00, 0x00, 0x00, 0x00, 0x00, 0x00, 0x00, 0x00, 0x00, 0x00, 0x00,
  0x00, 0x00, 0x00, 0x00, 0x00, 0x00, 0x00, 0x00, 0x00, 0x00, 0x00, 0x00,
  0x00, 0x00, 0x00, 0x00, 0x00, 0x00, 0x00, 0x00, 0x00, 0x00, 0x00, 0x00,
  0x00, 0x00, 0x00, 0x00, 0x00, 0x00, 0x00, 0x00, 0x00, 0x00, 0x00, 0x00,
  0x00, 0x00, 0x00, 0x00, 0x00, 0x00, 0x00, 0x00, 0x00, 0x00, 0x00, 0x00,
  0x00, 0x00, 0x00, 0x00, 0x00, 0x00, 0x00, 0x00, 0x00, 0x00, 0x00, 0x00,
  0x00, 0x00, 0x00, 0x00, 0x00, 0x00, 0x00, 0x00, 0x00, 0x00, 0x00, 0x00,
  0x00, 0x00, 0x00, 0x00, 0x00, 0x00, 0x00, 0x00, 0x00, 0x00, 0x00, 0x00,
  0x00, 0x00, 0x00, 0x00, 0x00, 0x00, 0x00, 0x00, 0x00, 0x00, 0x00, 0x00,
  0x00, 0x00, 0x00, 0x00, 0x00, 0x00, 0x00, 0x00, 0x00, 0x00, 0x00, 0x00,
  0x00, 0x00, 0x00, 0x00, 0x00, 0x00, 0x00, 0x00, 0x00, 0x00, 0x00, 0x00,
  0x00, 0x00, 0x00, 0x00, 0x00, 0x00, 0x00, 0x00, 0x00, 0x00, 0x00, 0x00,
  0x00, 0x00, 0x00, 0x00, 0x00, 0x00, 0x00, 0x00, 0x00, 0x00, 0x00, 0x00,
  0x00, 0x00, 0x00, 0x00, 0x00, 0x00, 0x00, 0x00, 0x00, 0x00, 0x00, 0x00,
  0x00, 0x00, 0x00, 0x00, 0x00, 0x00, 0x00, 0x00, 0x00, 0x00, 0x00, 0x00,
  0x00, 0x00, 0x00, 0x00, 0x00, 0x00, 0x00, 0x00, 0x00, 0x00, 0x00, 0x00,
  0x00, 0x00, 0x00, 0x00, 0x00, 0x00, 0x00, 0x00, 0x00, 0x00, 0x00, 0x00,
  0x00, 0x00, 0x00, 0x00, 0x00, 0x00, 0x00, 0x00, 0x00, 0x00, 0x00, 0x00,
  0x00, 0x00, 0x00, 0x00, 0x00, 0x00, 0x00, 0x00, 0x00, 0x00, 0x00, 0x00,
  0x00, 0x00, 0x00, 0x00, 0x00, 0x00, 0x00, 0x00, 0x00, 0x00, 0x00, 0x00,
  0x00, 0x00, 0x00, 0x00, 0x00, 0x00, 0x00, 0x00, 0x00, 0x00, 0x00, 0x00,
  0x00, 0x00, 0x00, 0x00, 0x00, 0x00, 0x00, 0x00, 0x00, 0x00, 0x00, 0x00,
  0x00, 0x00, 0x00, 0x00, 0x00, 0x00, 0x00, 0x00, 0x00, 0x00, 0x00, 0x00,
  0x00, 0x00, 0x00, 0x00, 0x00, 0x00, 0x00, 0x00, 0x00, 0x00, 0x00, 0x00,
  0x00, 0x00, 0x00, 0x00, 0x00, 0x00, 0x00, 0x00, 0x00, 0x00, 0x00, 0x00,
  0x00, 0x00, 0x00, 0x00, 0x00, 0x00, 0x00, 0x00, 0x00, 0x00, 0x00, 0x00,
  0x00, 0x00, 0x00, 0x00, 0x00, 0x00, 0x00, 0x00, 0x00, 0x00, 0x00, 0x00,
  0x00, 0x00, 0x00, 0x00, 0x00, 0x00, 0x00, 0x00, 0x00, 0x00, 0x00, 0x00,
  0x00, 0x00, 0x00, 0x00, 0x00, 0x00, 0x00, 0x00, 0x00, 0x00, 0x00, 0x00,
  0x00, 0x00, 0x00, 0x00, 0x00, 0x00, 0x00, 0x00, 0x00, 0x00, 0x00, 0x00,
  0x00, 0x00, 0x00, 0x00, 0x00, 0x00, 0x00, 0x00, 0x00, 0x00, 0x00, 0x00,
  0x00, 0x00, 0x00, 0x00, 0x00, 0x00, 0x00, 0x00, 0x00, 0x00, 0x00, 0x00,
  0x00, 0x00, 0x00, 0x00, 0x00, 0x00, 0x00, 0x00, 0x00, 0x00, 0x00, 0x00,
  0x00, 0x00, 0x00, 0x00, 0x00, 0x00, 0x00, 0x00, 0x00, 0x00, 0x00, 0x00,
  0x00, 0x00, 0x00, 0x00, 0x00, 0x00, 0x00, 0x00, 0x00, 0x00, 0x00, 0x00,
  0x00, 0x00, 0x00, 0x00, 0x00, 0x00, 0x00, 0x00, 0x00, 0x00, 0x00, 0x00,
  0x00, 0x00, 0x00, 0x00, 0x00, 0x00, 0x00, 0x00, 0x00, 0x00, 0x00, 0x00,
  0x00, 0x00, 0x00, 0x00, 0x00, 0x00, 0x00, 0x00, 0x00, 0x00, 0x00, 0x00,
  0x00, 0x00, 0x00, 0x00, 0x00, 0x00, 0x00, 0x00, 0x00, 0x00, 0x00, 0x00,
  0x00, 0x00, 0x00, 0x00, 0x00, 0x00, 0x00, 0x00, 0x00, 0x00, 0x00, 0x00,
  0x00, 0x00, 0x00, 0x00, 0x00, 0x00, 0x00, 0x00, 0x00, 0x00, 0x00, 0x00,
  0x00, 0x00, 0x00, 0x00, 0x00, 0x00, 0x00, 0x00, 0x00, 0x00, 0x00, 0x00,
  0x00, 0x00, 0x00, 0x00, 0x00, 0x00, 0x00, 0x00, 0x00, 0x00, 0x00, 0x00,
  0x00, 0x00, 0x00, 0x00, 0x00, 0x00, 0x00, 0x00, 0x00, 0x00, 0x00, 0x00,
  0x00, 0x00, 0x00, 0x00, 0x00, 0x00, 0x00, 0x00, 0x00, 0x00, 0x00, 0x00,
  0x00, 0x00, 0x00, 0x00, 0x00, 0x00, 0x00, 0x00, 0x00, 0x00, 0x00, 0x00,
  0x00, 0x00, 0x00, 0x00, 0x00, 0x00, 0x00, 0x00, 0x00, 0x00, 0x00, 0x00,
  0x00, 0x00, 0x00, 0x00, 0x00, 0x00, 0x00, 0x00, 0x00, 0x00, 0x00, 0x00,
  0x00, 0x00, 0x00, 0x00, 0x00, 0x00, 0x00, 0x00, 0x00, 0x00, 0x00, 0x00,
  0x00, 0x00, 0x00, 0x00, 0x00, 0x00, 0x00, 0x00, 0x00, 0x00, 0x00, 0x00,
  0x00, 0x00, 0x00, 0x00, 0x00, 0x00, 0x00, 0x00, 0x00, 0x00, 0x00, 0x00,
  0x00, 0x00, 0x00, 0x00, 0x00, 0x00, 0x00, 0x00, 0x00, 0x00, 0x00, 0x00,
  0x00, 0x00, 0x00, 0x00, 0x00, 0x00, 0x00, 0x00, 0x00, 0x00, 0x00, 0x00,
  0x00, 0x00, 0x00, 0x00, 0x00, 0x00, 0x00, 0x00, 0x00, 0x00, 0x00, 0x00,
  0x00, 0x00, 0x00, 0x00, 0x00, 0x00, 0x00, 0x00, 0x00, 0x00, 0x00, 0x00,
  0x00, 0x00, 0x00, 0x00, 0x00, 0x00, 0x00, 0x00, 0x00, 0x00, 0x00, 0x00,
  0x00, 0x00, 0x00, 0x00, 0x00, 0x00, 0x00, 0x00, 0x00, 0x00, 0x00, 0x00,
  0x00, 0x00, 0x00, 0x00, 0x00, 0x00, 0x00, 0x00, 0x00, 0x00, 0x00, 0x00,
  0x00, 0x00, 0x00, 0x00, 0x00, 0x00, 0x00, 0x00, 0x00, 0x00, 0x00, 0x00,
  0x00, 0x00, 0x00, 0x00, 0x00, 0x00, 0x00, 0x00, 0x00, 0x00, 0x00, 0x00,
  0x00, 0x00, 0x00, 0x00, 0x00, 0x00, 0x00, 0x00, 0x00, 0x00, 0x00, 0x00,
  0x00, 0x00, 0x00, 0x00, 0x00, 0x00, 0x00, 0x00, 0x00, 0x00, 0x00, 0x00,
  0x00, 0x00, 0x00, 0x00, 0x00, 0x00, 0x00, 0x00, 0x00, 0x00, 0x00, 0x00,
  0x00, 0x00, 0x00, 0x00, 0x00, 0x00, 0x00, 0x00, 0x00, 0x00, 0x00, 0x00,
  0x00, 0x00, 0x00, 0x00, 0x00, 0x00, 0x00, 0x00, 0x00, 0x00, 0x00, 0x00,
  0x00, 0x00, 0x00, 0x00, 0x00, 0x00, 0x00, 0x00, 0x00, 0x00, 0x00, 0x00,
  0x00, 0x00, 0x00, 0x00, 0x00, 0x00, 0x00, 0x00, 0x00, 0x00, 0x00, 0x00,
  0x00, 0x00, 0x00, 0x00, 0x00, 0x00, 0x00, 0x00, 0x00, 0x00, 0x00, 0x00,
  0x00, 0x00, 0x00, 0x00, 0x00, 0x00, 0x00, 0x00, 0x00, 0x00, 0x00, 0x00,
  0x00, 0x00, 0x00, 0x00, 0x00, 0x00, 0x00, 0x00, 0x00, 0x00, 0x00, 0x00,
  0x00, 0x00, 0x00, 0x00, 0x00, 0x00, 0x00, 0x00, 0x00, 0x00, 0x00, 0x00,
  0x00, 0x00, 0x00, 0x00, 0x00, 0x00, 0x00, 0x00, 0x00, 0x00, 0x00, 0x00,
  0x00, 0x00, 0x00, 0x00, 0x00, 0x00, 0x00, 0x00, 0x00, 0x00, 0x00, 0x00,
  0x00, 0x00, 0x00, 0x00, 0x00, 0x00, 0x00, 0x00, 0x00, 0x00, 0x00, 0x00,
  0x00, 0x00, 0x00, 0x00, 0x00, 0x00, 0x00, 0x00, 0x00, 0x00, 0x00, 0x00,
  0x00, 0x00, 0x00, 0x00, 0x00, 0x00, 0x00, 0x00, 0x00, 0x00, 0x00, 0x00,
  0x00, 0x00, 0x00, 0x00, 0x00, 0x00, 0x00, 0x00, 0x00, 0x00, 0x00, 0x00,
  0x00, 0x00, 0x00, 0x00, 0x00, 0x00, 0x00, 0x00, 0x00, 0x00, 0x00, 0x00,
  0x00, 0x00, 0x00, 0x00, 0x00, 0x00, 0x00, 0x00, 0x00, 0x00, 0x00, 0x00,
  0x00, 0x00, 0x00, 0x00, 0x00, 0x00, 0x00, 0x00, 0x00, 0x00, 0x00, 0x00,
  0x00, 0x00, 0x00, 0x00, 0x00, 0x00, 0x00, 0x00, 0x00, 0x00, 0x00, 0x00,
  0x00, 0x00, 0x00, 0x00, 0x00, 0x00, 0x00, 0x00, 0x00, 0x00, 0x00, 0x00,
  0x00, 0x00, 0x00, 0x00, 0x00, 0x00, 0x00, 0x00, 0x00, 0x00, 0x00, 0x00,
  0x00, 0x00, 0x00, 0x00, 0x00, 0x00, 0x00, 0x00, 0x00, 0x00, 0x00, 0x00,
  0x00, 0x00, 0x00, 0x00, 0x00, 0x00, 0x00, 0x00, 0x00, 0x00, 0x00, 0x00,
  0x00, 0x00, 0x00, 0x00, 0x00, 0x00, 0x00, 0x00, 0x00, 0x00, 0x00, 0x00,
  0x00, 0x00, 0x00, 0x00, 0x00, 0x00, 0x00, 0x00, 0x00, 0x00, 0x00, 0x00,
  0x00, 0x00, 0x00, 0x00, 0x00, 0x00, 0x00, 0x00, 0x00, 0x00, 0x00, 0x00,
  0x00, 0x00, 0x00, 0x00, 0x00, 0x00, 0x00, 0x00, 0x00, 0x00, 0x00, 0x00,
  0x00, 0x00, 0x00, 0x00, 0x00, 0x00, 0x00, 0x00, 0x00, 0x00, 0x00, 0x00,
  0x00, 0x00, 0x00, 0x00, 0x00, 0x00, 0x00, 0x00, 0x00, 0x00, 0x00, 0x00,
  0x00, 0x00, 0x00, 0x00, 0x00, 0x00, 0x00, 0x00, 0x00, 0x00, 0x00, 0x00,
  0x00, 0x00, 0x00, 0x00, 0x00, 0x00, 0x00, 0x00, 0x00, 0x00, 0x00, 0x00,
  0x00, 0x00, 0x00, 0x00, 0x00, 0x00, 0x00, 0x00, 0x00, 0x00, 0x00, 0x00,
  0x00, 0x00, 0x00, 0x00, 0x00, 0x00, 0x00, 0x00, 0x00, 0x00, 0x00, 0x00,
  0x00, 0x00, 0x00, 0x00, 0x00, 0x00, 0x00, 0x00, 0x00, 0x00, 0x00, 0x00,
  0x00, 0x00, 0x00, 0x00, 0x00, 0x00, 0x00, 0x00, 0x00, 0x00, 0x00, 0x00,
  0x00, 0x00, 0x00, 0x00, 0x00, 0x00, 0x00, 0x00, 0x00, 0x00, 0x00, 0x00,
  0x00, 0x00, 0x00, 0x00, 0x00, 0x00, 0x00, 0x00, 0x00, 0x00, 0x00, 0x00,
  0x00, 0x00, 0x00, 0x00, 0x00, 0x00, 0x00, 0x00, 0x00, 0x00, 0x00, 0x00,
  0x00, 0x00, 0x00, 0x00, 0x00, 0x00, 0x00, 0x00, 0x00, 0x00, 0x00, 0x00,
  0x00, 0x00, 0x00, 0x00, 0x00, 0x00, 0x00, 0x00, 0x00, 0x00, 0x00, 0x00,
  0x00, 0x00, 0x00, 0x00, 0x00, 0x00, 0x00, 0x00, 0x00, 0x00, 0x00, 0x00,
  0x00, 0x00, 0x00, 0x00, 0x00, 0x00, 0x00, 0x00, 0x00, 0x00, 0x00, 0x00,
  0x00, 0x00, 0x00, 0x00, 0x00, 0x00, 0x00, 0x00, 0x00, 0x00, 0x00, 0x00,
  0x00, 0x00, 0x00, 0x00, 0x00, 0x00, 0x00, 0x00, 0x00, 0x00, 0x00, 0x00,
  0x00, 0x00, 0x00, 0x00, 0x00, 0x00, 0x00, 0x00, 0x00, 0x00, 0x00, 0x00,
  0x00, 0x00, 0x00, 0x00, 0x00, 0x00, 0x00, 0x00, 0x00, 0x00, 0x00, 0x00,
  0x00, 0x00, 0x00, 0x00, 0x00, 0x00, 0x00, 0x00, 0x00, 0x00, 0x00, 0x00,
  0x00, 0x00, 0x00, 0x00, 0x00, 0x00, 0x00, 0x00, 0x00, 0x00, 0x00, 0x00,
  0x00, 0x00, 0x00, 0x00, 0x00, 0x00, 0x00, 0x00, 0x00, 0x00, 0x00, 0x00,
  0x00, 0x00, 0x00, 0x00, 0x00, 0x00, 0x00, 0x00, 0x00, 0x00, 0x00, 0x00,
  0x00, 0x00, 0x00, 0x00, 0x00, 0x00, 0x00, 0x00, 0x00, 0x00, 0x00, 0x00,
  0x00, 0x00, 0x00, 0x00, 0x00, 0x00, 0x00, 0x00, 0x00, 0x00, 0x00, 0x00,
  0x00, 0x00, 0x00, 0x00, 0x00, 0x00, 0x00, 0x00, 0x00, 0x00, 0x00, 0x00,
  0x00, 0x00, 0x00, 0x00, 0x00, 0x00, 0x00, 0x00, 0x00, 0x00, 0x00, 0x00,
  0x00, 0x00, 0x00, 0x00, 0x00, 0x00, 0x00, 0x00, 0x00, 0x00, 0x00, 0x00,
  0x00, 0x00, 0x00, 0x00, 0x00, 0x00, 0x00, 0x00, 0x00, 0x00, 0x00, 0x00,
  0x00, 0x00, 0x00, 0x00, 0x00, 0x00, 0x00, 0x00, 0x00, 0x00, 0x00, 0x00,
  0x00, 0x00, 0x00, 0x00, 0x00, 0x00, 0x00, 0x00, 0x00, 0x00, 0x00, 0x00,
  0x00, 0x00, 0x00, 0x00, 0x00, 0x00, 0x00, 0x00, 0x00, 0x00, 0x00, 0x00,
  0x00, 0x00, 0x00, 0x00, 0x00, 0x00, 0x00, 0x00, 0x00, 0x00, 0x00, 0x00,
  0x00, 0x00, 0x00, 0x00, 0x00, 0x00, 0x00, 0x00, 0x00, 0x00, 0x00, 0x00,
  0x00, 0x00, 0x00, 0x00, 0x00, 0x00, 0x00, 0x00, 0x00, 0x00, 0x00, 0x00,
  0x00, 0x00, 0x00, 0x00, 0x00, 0x00, 0x00, 0x00, 0x00, 0x00, 0x00, 0x00,
  0x00, 0x00, 0x00, 0x00, 0x00, 0x00, 0x00, 0x00, 0x00, 0x00, 0x00, 0x00,
  0x00, 0x00, 0x00, 0x00, 0x00, 0x00, 0x00, 0x00, 0x00, 0x00, 0x00, 0x00,
  0x00, 0x00, 0x00, 0x00, 0x00, 0x00, 0x00, 0x00, 0x00, 0x00, 0x00, 0x00,
  0x00, 0x00, 0x00, 0x00, 0x00, 0x00, 0x00, 0x00, 0x00, 0x00, 0x00, 0x00,
  0x00, 0x00, 0x00, 0x00, 0x00, 0x00, 0x00, 0x00, 0x00, 0x00, 0x00, 0x00,
  0x00, 0x00, 0x00, 0x00, 0x00, 0x00, 0x00, 0x00, 0x00, 0x00, 0x00, 0x00,
  0x00, 0x00, 0x00, 0x00, 0x00, 0x00, 0x00, 0x00, 0x00, 0x00, 0x00, 0x00,
  0x00, 0x00, 0x00, 0x00, 0x00, 0x00, 0x00, 0x00, 0x00, 0x00, 0x00, 0x00,
  0x00, 0x00, 0x00, 0x00, 0x00, 0x00, 0x00, 0x00, 0x00, 0x00, 0x00, 0x00,
  0x00, 0x00, 0x00, 0x00, 0x00, 0x00, 0x00, 0x00, 0x00, 0x00, 0x00, 0x00,
  0x00, 0x00, 0x00, 0x00, 0x00, 0x00, 0x00, 0x00, 0x00, 0x00, 0x00, 0x00,
  0x00, 0x00, 0x00, 0x00, 0x00, 0x00, 0x00, 0x00, 0x00, 0x00, 0x00, 0x00,
  0x00, 0x00, 0x00, 0x00, 0x00, 0x00, 0x00, 0x00, 0x00, 0x00, 0x00, 0x00,
  0x00, 0x00, 0x00, 0x00, 0x00, 0x00, 0x00, 0x00, 0x00, 0x00, 0x00, 0x00,
  0x00, 0x00, 0x00, 0x00, 0x00, 0x00, 0x00, 0x00, 0x00, 0x00, 0x00, 0x00,
  0x00, 0x00, 0x00, 0x00, 0x00, 0x00, 0x00, 0x00, 0x00, 0x00, 0x00, 0x00,
  0x00, 0x00, 0x00, 0x00, 0x00, 0x00, 0x00, 0x00, 0x00, 0x00, 0x00, 0x00,
  0x00, 0x00, 0x00, 0x00, 0x00, 0x00, 0x00, 0x00, 0x00, 0x00, 0x00, 0x00,
  0x00, 0x00, 0x00, 0x00, 0x00, 0x00, 0x00, 0x00, 0x00, 0x00, 0x00, 0x00,
  0x00, 0x00, 0x00, 0x00, 0x00, 0x00, 0x00, 0x00, 0x00, 0x00, 0x00, 0x00,
  0x00, 0x00, 0x00, 0x00, 0x00, 0x00, 0x00, 0x00, 0x00, 0x00, 0x00, 0x00,
  0x00, 0x00, 0x00, 0x00, 0x00, 0x00, 0x00, 0x00, 0x00, 0x00, 0x00, 0x00,
  0x00, 0x00, 0x00, 0x00, 0x00, 0x00, 0x00, 0x00, 0x00, 0x00, 0x00, 0x00,
  0x00, 0x00, 0x00, 0x00, 0x00, 0x00, 0x00, 0x00, 0x00, 0x00, 0x00, 0x00,
  0x00, 0x00, 0x00, 0x00, 0x00, 0x00, 0x00, 0x00, 0x00, 0x00, 0x00, 0x00,
  0x00, 0x00, 0x00, 0x00, 0x00, 0x00, 0x00, 0x00, 0x00, 0x00, 0x00, 0x00,
  0x00, 0x00, 0x00, 0x00, 0x00, 0x00, 0x00, 0x00, 0x00, 0x00, 0x00, 0x00,
  0x00, 0x00, 0x00, 0x00, 0x00, 0x00, 0x00, 0x00, 0x00, 0x00, 0x00, 0x00,
  0x00, 0x00, 0x00, 0x00, 0x00, 0x00, 0x00, 0x00, 0x00, 0x00, 0x00, 0x00,
  0x00, 0x00, 0x00, 0x00, 0x00, 0x00, 0x00, 0x00, 0x00, 0x00, 0x00, 0x00,
  0x00, 0x00, 0x00, 0x00, 0x00, 0x00, 0x00, 0x00, 0x00, 0x00, 0x00, 0x00,
  0x00, 0x00, 0x00, 0x00, 0x00, 0x00, 0x00, 0x00, 0x00, 0x00, 0x00, 0x00,
  0x00, 0x00, 0x00, 0x00, 0x00, 0x00, 0x00, 0x00, 0x00, 0x00, 0x00, 0x00,
  0x00, 0x00, 0x00, 0x00, 0x00, 0x00, 0x00, 0x00, 0x00, 0x00, 0x00, 0x00,
  0x00, 0x00, 0x00, 0x00, 0x00, 0x00, 0x00, 0x00, 0x00, 0x00, 0x00, 0x00,
  0x00, 0x00, 0x00, 0x00, 0x00, 0x00, 0x00, 0x00, 0x00, 0x00, 0x00, 0x00,
  0x00, 0x00, 0x00, 0x00, 0x00, 0x00, 0x00, 0x00, 0x00, 0x00, 0x00, 0x00,
  0x00, 0x00, 0x00, 0x00, 0x00, 0x00, 0x00, 0x00, 0x00, 0x00, 0x00, 0x00,
  0x00, 0x00, 0x00, 0x00, 0x00, 0x00, 0x00, 0x00, 0x00, 0x00, 0x00, 0x00,
  0x00, 0x00, 0x00, 0x00, 0x00, 0x00, 0x00, 0x00, 0x00, 0x00, 0x00, 0x00,
  0x00, 0x00, 0x00, 0x00, 0x00, 0x00, 0x00, 0x00, 0x00, 0x00, 0x00, 0x00,
  0x00, 0x00, 0x00, 0x00, 0x00, 0x00, 0x00, 0x00, 0x00, 0x00, 0x00, 0x00,
  0x00, 0x00, 0x00, 0x00, 0x00, 0x00, 0x00, 0x00, 0x00, 0x00, 0x00, 0x00,
  0x00, 0x00, 0x00, 0x00, 0x00, 0x00, 0x00, 0x00, 0x00, 0x00, 0x00, 0x00,
  0x00, 0x00, 0x00, 0x00, 0x00, 0x00, 0x00, 0x00, 0x00, 0x00, 0x00, 0x00,
  0x00, 0x00, 0x00, 0x00, 0x00, 0x00, 0x00, 0x00, 0x00, 0x00, 0x00, 0x00,
  0x00, 0x00, 0x00, 0x00, 0x00, 0x00, 0x00, 0x00, 0x00, 0x00, 0x00, 0x00,
  0x00, 0x00, 0x00, 0x00, 0x00, 0x00, 0x00, 0x00, 0x00, 0x00, 0x00, 0x00,
  0x00, 0x00, 0x00, 0x00, 0x00, 0x00, 0x00, 0x00, 0x00, 0x00, 0x00, 0x00,
  0x00, 0x00, 0x00, 0x00, 0x00, 0x00, 0x00, 0x00, 0x00, 0x00, 0x00, 0x00,
  0x00, 0x00, 0x00, 0x00, 0x00, 0x00, 0x00, 0x00, 0x00, 0x00, 0x00, 0x00,
  0x00, 0x00, 0x00, 0x00, 0x00, 0x00, 0x00, 0x00, 0x00, 0x00, 0x00, 0x00,
  0x00, 0x00, 0x00, 0x00, 0x00, 0x00, 0x00, 0x00, 0x00, 0x00, 0x00, 0x00,
  0x00, 0x00, 0x00, 0x00, 0x00, 0x00, 0x00, 0x00, 0x00, 0x00, 0x00, 0x00,
  0x00, 0x00, 0x00, 0x00, 0x00, 0x00, 0x00, 0x00, 0x00, 0x00, 0x00, 0x00,
  0x00, 0x00, 0x00, 0x00, 0x00, 0x00, 0x00, 0x00, 0x00, 0x00, 0x00, 0x00,
  0x00, 0x00, 0x00, 0x00, 0x00, 0x00, 0x00, 0x00, 0x00, 0x00, 0x00, 0x00,
  0x00, 0x00, 0x00, 0x00, 0x00, 0x00, 0x00, 0x00, 0x00, 0x00, 0x00, 0x00,
  0x00, 0x00, 0x00, 0x00, 0x00, 0x00, 0x00, 0x00, 0x00, 0x00, 0x00, 0x00,
  0x00, 0x00, 0x00, 0x00, 0x00, 0x00, 0x00, 0x00, 0x00, 0x00, 0x00, 0x00,
  0x00, 0x00, 0x00, 0x00, 0x00, 0x00, 0x00, 0x00, 0x00, 0x00, 0x00, 0x00,
  0x00, 0x00, 0x00, 0x00, 0x00, 0x00, 0x00, 0x00, 0x00, 0x00, 0x00, 0x00,
  0x00, 0x00, 0x00, 0x00, 0x00, 0x00, 0x00, 0x00, 0x00, 0x00, 0x00, 0x00,
  0x00, 0x00, 0x00, 0x00, 0x00, 0x00, 0x00, 0x00, 0x00, 0x00, 0x00, 0x00,
  0x00, 0x00, 0x00, 0x00, 0x00, 0x00, 0x00, 0x00, 0x00, 0x00, 0x00, 0x00,
  0x00, 0x00, 0x00, 0x00, 0x00, 0x00, 0x00, 0x00, 0x00, 0x00, 0x00, 0x00,
  0x00, 0x00, 0x00, 0x00, 0x00, 0x00, 0x00, 0x00, 0x00, 0x00, 0x00, 0x00,
  0x00, 0x00, 0x00, 0x00, 0x00, 0x00, 0x00, 0x00, 0x00, 0x00, 0x00, 0x00,
  0x00, 0x00, 0x00, 0x00, 0x00, 0x00, 0x00, 0x00, 0x00, 0x00, 0x00, 0x00,
  0x00, 0x00, 0x00, 0x00, 0x00, 0x00, 0x00, 0x00, 0x00, 0x00, 0x00, 0x00,
  0x00, 0x00, 0x00, 0x00, 0x00, 0x00, 0x00, 0x00, 0x00, 0x00, 0x00, 0x00,
  0x00, 0x00, 0x00, 0x00, 0x00, 0x00, 0x00, 0x00, 0x00, 0x00, 0x00, 0x00,
  0x00, 0x00, 0x00, 0x00, 0x00, 0x00, 0x00, 0x00, 0x00, 0x00, 0x00, 0x00,
  0x00, 0x00, 0x00, 0x00, 0x00, 0x00, 0x00, 0x00, 0x00, 0x00, 0x00, 0x00,
  0x00, 0x00, 0x00, 0x00, 0x00, 0x00, 0x00, 0x00, 0x00, 0x00, 0x00, 0x00,
  0x00, 0x00, 0x00, 0x00, 0x00, 0x00, 0x00, 0x00, 0x00, 0x00, 0x00, 0x00,
  0x00, 0x00, 0x00, 0x00, 0x00, 0x00, 0x00, 0x00, 0x00, 0x00, 0x00, 0x00,
  0x00, 0x00, 0x00, 0x00, 0x00, 0x00, 0x00, 0x00, 0x00, 0x00, 0x00, 0x00,
  0x00, 0x00, 0x00, 0x00, 0x00, 0x00, 0x00, 0x00, 0x00, 0x00, 0x00, 0x00,
  0x00, 0x00, 0x00, 0x00, 0x00, 0x00, 0x00, 0x00, 0x00, 0x00, 0x00, 0x00,
  0x00, 0x00, 0x00, 0x00, 0x00, 0x00, 0x00, 0x00, 0x00, 0x00, 0x00, 0x00,
  0x00, 0x00, 0x00, 0x00, 0x00, 0x00, 0x00, 0x00, 0x00, 0x00, 0x00, 0x00,
  0x00, 0x00, 0x00, 0x00, 0x00, 0x00, 0x00, 0x00, 0x00, 0x00, 0x00, 0x00,
  0x00, 0x00, 0x00, 0x00, 0x00, 0x00, 0x00, 0x00, 0x00, 0x00, 0x00, 0x00,
  0x00, 0x00, 0x00, 0x00, 0x00, 0x00, 0x00, 0x00, 0x00, 0x00, 0x00, 0x00,
  0x00, 0x00, 0x00, 0x00, 0x00, 0x00, 0x00, 0x00, 0x00, 0x00, 0x00, 0x00,
  0x00, 0x00, 0x00, 0x00, 0x00, 0x00, 0x00, 0x00, 0x00, 0x00, 0x00, 0x00,
  0x00, 0x00, 0x00, 0x00, 0x00, 0x00, 0x00, 0x00, 0x00, 0x00, 0x00, 0x00,
  0x00, 0x00, 0x00, 0x00, 0x00, 0x00, 0x00, 0x00, 0x00, 0x00, 0x00, 0x00,
  0x00, 0x00, 0x00, 0x00, 0x00, 0x00, 0x00, 0x00, 0x00, 0x00, 0x00, 0x00,
  0x00, 0x00, 0x00, 0x00, 0x00, 0x00, 0x00, 0x00, 0x00, 0x00, 0x00, 0x00,
  0x00, 0x00, 0x00, 0x00, 0x00, 0x00, 0x00, 0x00, 0x00, 0x00, 0x00, 0x00,
  0x00, 0x00, 0x00, 0x00, 0x00, 0x00, 0x00, 0x00, 0x00, 0x00, 0x00, 0x00,
  0x00, 0x00, 0x00, 0x00, 0x00, 0x00, 0x00, 0x00, 0x00, 0x00, 0x00, 0x00,
  0x00, 0x00, 0x00, 0x00, 0x00, 0x00, 0x00, 0x00, 0x00, 0x00, 0x00, 0x00,
  0x00, 0x00, 0x00, 0x00, 0x00, 0x00, 0x00, 0x00, 0x00, 0x00, 0x00, 0x00,
  0x00, 0x00, 0x00, 0x00, 0x00, 0x00, 0x00, 0x00, 0x00, 0x00, 0x00, 0x00,
  0x00, 0x00, 0x00, 0x00, 0x00, 0x00, 0x00, 0x00, 0x00, 0x00, 0x00, 0x00,
  0x00, 0x00, 0x00, 0x00, 0x00, 0x00, 0x00, 0x00, 0x00, 0x00, 0x00, 0x00,
  0x00, 0x00, 0x00, 0x00, 0x00, 0x00, 0x00, 0x00, 0x00, 0x00, 0x00, 0x00,
  0x00, 0x00, 0x00, 0x00, 0x00, 0x00, 0x00, 0x00, 0x00, 0x00, 0x00, 0x00,
  0x00, 0x00, 0x00, 0x00, 0x00, 0x00, 0x00, 0x00, 0x00, 0x00, 0x00, 0x00,
  0x00, 0x00, 0x00, 0x00, 0x00, 0x00, 0x00, 0x00, 0x00, 0x00, 0x00, 0x00,
  0x00, 0x00, 0x00, 0x00, 0x00, 0x00, 0x00, 0x00, 0x00, 0x00, 0x00, 0x00,
  0x00, 0x00, 0x00, 0x00, 0x00, 0x00, 0x00, 0x00, 0x00, 0x00, 0x00, 0x00,
  0x00, 0x00, 0x00, 0x00, 0x00, 0x00, 0x00, 0x00, 0x00, 0x00, 0x00, 0x00,
  0x00, 0x00, 0x00, 0x00, 0x00, 0x00, 0x00, 0x00, 0x00, 0x00, 0x00, 0x00,
  0x00, 0x00, 0x00, 0x00, 0x00, 0x00, 0x00, 0x00, 0x00, 0x00, 0x00, 0x00,
  0x00, 0x00, 0x00, 0x00, 0x00, 0x00, 0x00, 0x00, 0x00, 0x00, 0x00, 0x00,
  0x00, 0x00, 0x00, 0x00, 0x00, 0x00, 0x00, 0x00, 0x00, 0x00, 0x00, 0x00,
  0x00, 0x00, 0x00, 0x00, 0x00, 0x00, 0x00, 0x00, 0x00, 0x00, 0x00, 0x00,
  0x00, 0x00, 0x00, 0x00, 0x00, 0x00, 0x00, 0x00, 0x00, 0x00, 0x00, 0x00,
  0x00, 0x00, 0x00, 0x00, 0x00, 0x00, 0x00, 0x00, 0x00, 0x00, 0x00, 0x00,
  0x00, 0x00, 0x00, 0x00, 0x00, 0x00, 0x00, 0x00, 0x00, 0x00, 0x00, 0x00,
  0x00, 0x00, 0x00, 0x00, 0x00, 0x00, 0x00, 0x00, 0x00, 0x00, 0x00, 0x00,
  0x00, 0x00, 0x00, 0x00, 0x00, 0x00, 0x00, 0x00, 0x00, 0x00, 0x00, 0x00,
  0x00, 0x00, 0x00, 0x00, 0x00, 0x00, 0x00, 0x00, 0x00, 0x00, 0x00, 0x00,
  0x00, 0x00, 0x00, 0x00, 0x00, 0x00, 0x00, 0x00, 0x00, 0x00, 0x00, 0x00,
  0x00, 0x00, 0x00, 0x00, 0x00, 0x00, 0x00, 0x00, 0x00, 0x00, 0x00, 0x00,
  0x00, 0x00, 0x00, 0x00, 0x00, 0x00, 0x00, 0x00, 0x00, 0x00, 0x00, 0x00,
  0x00, 0x00, 0x00, 0x00, 0x00, 0x00, 0x00, 0x00, 0x00, 0x00, 0x00, 0x00,
  0x00, 0x00, 0x00, 0x00, 0x00, 0x00, 0x00, 0x00, 0x00, 0x00, 0x00, 0x00,
  0x00, 0x00, 0x00, 0x00, 0x00, 0x00, 0x00, 0x00, 0x00, 0x00, 0x00, 0x00,
  0x00, 0x00, 0x00, 0x00, 0x00, 0x00, 0x00, 0x00, 0x00, 0x00, 0x00, 0x00,
  0x00, 0x00, 0x00, 0x00, 0x00, 0x00, 0x00, 0x00, 0x00, 0x00, 0x00, 0x00,
  0x00, 0x00, 0x00, 0x00, 0x00, 0x00, 0x00, 0x00, 0x00, 0x00, 0x00, 0x00,
  0x00, 0x00, 0x00, 0x00, 0x00, 0x00, 0x00, 0x00, 0x00, 0x00, 0x00, 0x00,
  0x00, 0x00, 0x00, 0x00, 0x00, 0x00, 0x00, 0x00, 0x00, 0x00, 0x00, 0x00,
  0x00, 0x00, 0x00, 0x00, 0x00, 0x00, 0x00, 0x00, 0x00, 0x00, 0x00, 0x00,
  0x00, 0x00, 0x00, 0x00, 0x00, 0x00, 0x00, 0x00, 0x00, 0x00, 0x00, 0x00,
  0x00, 0x00, 0x00, 0x00, 0x00, 0x00, 0x00, 0x00, 0x00, 0x00, 0x00, 0x00,
  0x00, 0x00, 0x00, 0x00, 0x00, 0x00, 0x00, 0x00, 0x00, 0x00, 0x00, 0x00,
  0x00, 0x00, 0x00, 0x00, 0x00, 0x00, 0x00, 0x00, 0x00, 0x00, 0x00, 0x00,
  0x00, 0x00, 0x00, 0x00, 0x00, 0x00, 0x00, 0x00, 0x00, 0x00, 0x00, 0x00,
  0x00, 0x00, 0x00, 0x00, 0x00, 0x00, 0x00, 0x00, 0x00, 0x00, 0x00, 0x00,
  0x00, 0x00, 0x00, 0x00, 0x00, 0x00, 0x00, 0x00, 0x00, 0x00, 0x00, 0x00,
  0x00, 0x00, 0x00, 0x00, 0x00, 0x00, 0x00, 0x00, 0x00, 0x00, 0x00, 0x00,
  0x00, 0x00, 0x00, 0x00, 0x00, 0x00, 0x00, 0x00, 0x00, 0x00, 0x00, 0x00,
  0x00, 0x00, 0x00, 0x00, 0x00, 0x00, 0x00, 0x00, 0x00, 0x00, 0x00, 0x00,
  0x00, 0x00, 0x00, 0x00, 0x00, 0x00, 0x00, 0x00, 0x00, 0x00, 0x00, 0x00,
  0x00, 0x00, 0x00, 0x00, 0x00, 0x00, 0x00, 0x00, 0x00, 0x00, 0x00, 0x00,
  0x00, 0x00, 0x00, 0x00, 0x00, 0x00, 0x00, 0x00, 0x00, 0x00, 0x00, 0x00,
  0x00, 0x00, 0x00, 0x00, 0x00, 0x00, 0x00, 0x00, 0x00, 0x00, 0x00, 0x00,
  0x00, 0x00, 0x00, 0x00, 0x00, 0x00, 0x00, 0x00, 0x00, 0x00, 0x00, 0x00,
  0x00, 0x00, 0x00, 0x00, 0x00, 0x00, 0x00, 0x00, 0x00, 0x00, 0x00, 0x00,
  0x00, 0x00, 0x00, 0x00, 0x00, 0x00, 0x00, 0x00, 0x00, 0x00, 0x00, 0x00,
  0x00, 0x00, 0x00, 0x00, 0x00, 0x00, 0x00, 0x00, 0x00, 0x00, 0x00, 0x00,
  0x00, 0x00, 0x00, 0x00, 0x00, 0x00, 0x00, 0x00, 0x00, 0x00, 0x00, 0x00,
  0x00, 0x00, 0x00, 0x00, 0x00, 0x00, 0x00, 0x00, 0x00, 0x00, 0x00, 0x00,
  0x00, 0x00, 0x00, 0x00, 0x00, 0x00, 0x00, 0x00, 0x00, 0x00, 0x00, 0x00,
  0x00, 0x00, 0x00, 0x00, 0x00, 0x00, 0x00, 0x00, 0x00, 0x00, 0x00, 0x00,
  0x00, 0x00, 0x00, 0x00, 0x00, 0x00, 0x00, 0x00, 0x00, 0x00, 0x00, 0x00,
  0x00, 0x00, 0x00, 0x00, 0x00, 0x00, 0x00, 0x00, 0x00, 0x00, 0x00, 0x00,
  0x00, 0x00, 0x00, 0x00, 0x00, 0x00, 0x00, 0x00, 0x00, 0x00, 0x00, 0x00,
  0x00, 0x00, 0x00, 0x00, 0x00, 0x00, 0x00, 0x00, 0x00, 0x00, 0x00, 0x00,
  0x00, 0x00, 0x00, 0x00, 0x00, 0x00, 0x00, 0x00, 0x00, 0x00, 0x00, 0x00,
  0x00, 0x00, 0x00, 0x00, 0x00, 0x00, 0x00, 0x00, 0x00, 0x00, 0x00, 0x00,
  0x00, 0x00, 0x00, 0x00, 0x00, 0x00, 0x00, 0x00, 0x00, 0x00, 0x00, 0x00,
  0x00, 0x00, 0x00, 0x00, 0x00, 0x00, 0x00, 0x00, 0x00, 0x00, 0x00, 0x00,
  0x00, 0x00, 0x00, 0x00, 0x00, 0x00, 0x00, 0x00, 0x00, 0x00, 0x00, 0x00,
  0x00, 0x00, 0x00, 0x00, 0x00, 0x00, 0x00, 0x00, 0x00, 0x00, 0x00, 0x00,
  0x00, 0x00, 0x00, 0x00, 0x00, 0x00, 0x00, 0x00, 0x00, 0x00, 0x00, 0x00,
  0x00, 0x00, 0x00, 0x00, 0x00, 0x00, 0x00, 0x00, 0x00, 0x00, 0x00, 0x00,
  0x00, 0x00, 0x00, 0x00, 0x00, 0x00, 0x00, 0x00, 0x00, 0x00, 0x00, 0x00,
  0x00, 0x00, 0x00, 0x00, 0x00, 0x00, 0x00, 0x00, 0x00, 0x00, 0x00, 0x00,
  0x00, 0x00, 0x00, 0x00, 0x00, 0x00, 0x00, 0x00, 0x00, 0x00, 0x00, 0x00,
  0x00, 0x00, 0x00, 0x00, 0x00, 0x00, 0x00, 0x00, 0x00, 0x00, 0x00, 0x00,
  0x00, 0x00, 0x00, 0x00, 0x00, 0x00, 0x00, 0x00, 0x00, 0x00, 0x00, 0x00,
  0x00, 0x00, 0x00, 0x00, 0x00, 0x00, 0x00, 0x00, 0x00, 0x00, 0x00, 0x00,
  0x00, 0x00, 0x00, 0x00, 0x00, 0x00, 0x00, 0x00, 0x00, 0x00, 0x00, 0x00,
  0x00, 0x00, 0x00, 0x00, 0x00, 0x00, 0x00, 0x00, 0x00, 0x00, 0x00, 0x00,
  0x00, 0x00, 0x00, 0x00, 0x00, 0x00, 0x00, 0x00, 0x00, 0x00, 0x00, 0x00,
  0x00, 0x00, 0x00, 0x00, 0x00, 0x00, 0x00, 0x00, 0x00, 0x00, 0x00, 0x00,
  0x00, 0x00, 0x00, 0x00, 0x00, 0x00, 0x00, 0x00, 0x00, 0x00, 0x00, 0x00,
  0x00, 0x00, 0x00, 0x00, 0x00, 0x00, 0x00, 0x00, 0x00, 0x00, 0x00, 0x00,
  0x00, 0x00, 0x00, 0x00, 0x00, 0x00, 0x00, 0x00, 0x00, 0x00, 0x00, 0x00,
  0x00, 0x00, 0x00, 0x00, 0x00, 0x00, 0x00, 0x00, 0x00, 0x00, 0x00, 0x00,
  0x00, 0x00, 0x00, 0x00, 0x00, 0x00, 0x00, 0x00, 0x00, 0x00, 0x00, 0x00,
  0x00, 0x00, 0x00, 0x00, 0x00, 0x00, 0x00, 0x00, 0x00, 0x00, 0x00, 0x00,
  0x00, 0x00, 0x00, 0x00, 0x00, 0x00, 0x00, 0x00, 0x00, 0x00, 0x00, 0x00,
  0x00, 0x00, 0x00, 0x00, 0x00, 0x00, 0x00, 0x00, 0x00, 0x00, 0x00, 0x00,
  0x00, 0x00, 0x00, 0x00, 0x00, 0x00, 0x00, 0x00, 0x00, 0x00, 0x00, 0x00,
  0x00, 0x00, 0x00, 0x00, 0x00, 0x00, 0x00, 0x00, 0x00, 0x00, 0x00, 0x00,
  0x00, 0x00, 0x00, 0x00, 0x00, 0x00, 0x00, 0x00, 0x00, 0x00, 0x00, 0x00,
  0x00, 0x00, 0x00, 0x00, 0x00, 0x00, 0x00, 0x00, 0x00, 0x00, 0x00, 0x00,
  0x00, 0x00, 0x00, 0x00, 0x00, 0x00, 0x00, 0x00, 0x00, 0x00, 0x00, 0x00,
  0x00, 0x00, 0x00, 0x00, 0x00, 0x00, 0x00, 0x00, 0x00, 0x00, 0x00, 0x00,
  0x00, 0x00, 0x00, 0x00, 0x00, 0x00, 0x00, 0x00, 0x00, 0x00, 0x00, 0x00,
  0x00, 0x00, 0x00, 0x00, 0x00, 0x00, 0x00, 0x00, 0x00, 0x00, 0x00, 0x00,
  0x00, 0x00, 0x00, 0x00, 0x00, 0x00, 0x00, 0x00, 0x00, 0x00, 0x00, 0x00,
  0x00, 0x00, 0x00, 0x00, 0x00, 0x00, 0x00, 0x00, 0x00, 0x00, 0x00, 0x00,
  0x00, 0x00, 0x00, 0x00, 0x00, 0x00, 0x00, 0x00, 0x00, 0x00, 0x00, 0x00,
  0x00, 0x00, 0x00, 0x00, 0x00, 0x00, 0x00, 0x00, 0x00, 0x00, 0x00, 0x00,
  0x00, 0x00, 0x00, 0x00, 0x00, 0x00, 0x00, 0x00, 0x00, 0x00, 0x00, 0x00,
  0x00, 0x00, 0x00, 0x00, 0x00, 0x00, 0x00, 0x00, 0x00, 0x00, 0x00, 0x00,
  0x00, 0x00, 0x00, 0x00, 0x00, 0x00, 0x00, 0x00, 0x00, 0x00, 0x00, 0x00,
  0x00, 0x00, 0x00, 0x00, 0x00, 0x00, 0x00, 0x00, 0x00, 0x00, 0x00, 0x00,
  0x00, 0x00, 0x00, 0x00, 0x00, 0x00, 0x00, 0x00, 0x00, 0x00, 0x00, 0x00,
  0x00, 0x00, 0x00, 0x00, 0x00, 0x00, 0x00, 0x00, 0x00, 0x00, 0x00, 0x00,
  0x00, 0x00, 0x00, 0x00, 0x00, 0x00, 0x00, 0x00, 0x00, 0x00, 0x00, 0x00,
  0x00, 0x00, 0x00, 0x00, 0x00, 0x00, 0x00, 0x00, 0x00, 0x00, 0x00, 0x00,
  0x00, 0x00, 0x00, 0x00, 0x00, 0x00, 0x00, 0x00, 0x00, 0x00, 0x00, 0x00,
  0x00, 0x00, 0x00, 0x00, 0x00, 0x00, 0x00, 0x00, 0x00, 0x00, 0x00, 0x00,
  0x00, 0x00, 0x00, 0x00, 0x00, 0x00, 0x00, 0x00, 0x00, 0x00, 0x00, 0x00,
  0x00, 0x00, 0x00, 0x00, 0x00, 0x00, 0x00, 0x00, 0x00, 0x00, 0x00, 0x00,
  0x00, 0x00, 0x00, 0x00, 0x00, 0x00, 0x00, 0x00, 0x00, 0x00, 0x00, 0x00,
  0x00, 0x00, 0x00, 0x00, 0x00, 0x00, 0x00, 0x00, 0x00, 0x00, 0x00, 0x00,
  0x00, 0x00, 0x00, 0x00, 0x00, 0x00, 0x00, 0x00, 0x00, 0x00, 0x00, 0x00,
  0x00, 0x00, 0x00, 0x00, 0x00, 0x00, 0x00, 0x00, 0x00, 0x00, 0x00, 0x00,
  0x00, 0x00, 0x00, 0x00, 0x00, 0x00, 0x00, 0x00, 0x00, 0x00, 0x00, 0x00,
  0x00, 0x00, 0x00, 0x00, 0x00, 0x00, 0x00, 0x00, 0x00, 0x00, 0x00, 0x00,
  0x00, 0x00, 0x00, 0x00, 0x00, 0x00, 0x00, 0x00, 0x00, 0x00, 0x00, 0x00,
  0x00, 0x00, 0x00, 0x00, 0x00, 0x00, 0x00, 0x00, 0x00, 0x00, 0x00, 0x00,
  0x00, 0x00, 0x00, 0x00, 0x00, 0x00, 0x00, 0x00, 0x00, 0x00, 0x00, 0x00,
  0x00, 0x00, 0x00, 0x00, 0x00, 0x00, 0x00, 0x00, 0x00, 0x00, 0x00, 0x00,
  0x00, 0x00, 0x00, 0x00, 0x00, 0x00, 0x00, 0x00, 0x00, 0x00, 0x00, 0x00,
  0x00, 0x00, 0x00, 0x00, 0x00, 0x00, 0x00, 0x00, 0x00, 0x00, 0x00, 0x00,
  0x00, 0x00, 0x00, 0x00, 0x00, 0x00, 0x00, 0x00, 0x00, 0x00, 0x00, 0x00,
  0x00, 0x00, 0x00, 0x00, 0x00, 0x00, 0x00, 0x00, 0x00, 0x00, 0x00, 0x00,
  0x00, 0x00, 0x00, 0x00, 0x00, 0x00, 0x00, 0x00, 0x00, 0x00, 0x00, 0x00,
  0x00, 0x00, 0x00, 0x00, 0x00, 0x00, 0x00, 0x00, 0x00, 0x00, 0x00, 0x00,
  0x00, 0x00, 0x00, 0x00, 0x00, 0x00, 0x00, 0x00, 0x00, 0x00, 0x00, 0x00,
  0x00, 0x00, 0x00, 0x00, 0x00, 0x00, 0x00, 0x00, 0x00, 0x00, 0x00, 0x00,
  0x00, 0x00, 0x00, 0x00, 0x00, 0x00, 0x00, 0x00, 0x00, 0x00, 0x00, 0x00,
  0x00, 0x00, 0x00, 0x00, 0x00, 0x00, 0x00, 0x00, 0x00, 0x00, 0x00, 0x00,
  0x00, 0x00, 0x00, 0x00, 0x00, 0x00, 0x00, 0x00, 0x00, 0x00, 0x00, 0x00,
  0x00, 0x00, 0x00, 0x00, 0x00, 0x00, 0x00, 0x00, 0x00, 0x00, 0x00, 0x00,
  0x00, 0x00, 0x00, 0x00, 0x00, 0x00, 0x00, 0x00, 0x00, 0x00, 0x00, 0x00,
  0x00, 0x00, 0x00, 0x00, 0x00, 0x00, 0x00, 0x00, 0x00, 0x00, 0x00, 0x00,
  0x00, 0x00, 0x00, 0x00, 0x00, 0x00, 0x00, 0x00, 0x00, 0x00, 0x00, 0x00,
  0x00, 0x00, 0x00, 0x00, 0x00, 0x00, 0x00, 0x00, 0x00, 0x00, 0x00, 0x00,
  0x00, 0x00, 0x00, 0x00, 0x00, 0x00, 0x00, 0x00, 0x00, 0x00, 0x00, 0x00,
  0x00, 0x00, 0x00, 0x00, 0x00, 0x00, 0x00, 0x00, 0x00, 0x00, 0x00, 0x00,
  0x00, 0x00, 0x00, 0x00, 0x00, 0x00, 0x00, 0x00, 0x00, 0x00, 0x00, 0x00,
  0x00, 0x00, 0x00, 0x00, 0x00, 0x00, 0x00, 0x00, 0x00, 0x00, 0x00, 0x00,
  0x00, 0x00, 0x00, 0x00, 0x00, 0x00, 0x00, 0x00, 0x00, 0x00, 0x00, 0x00,
  0x00, 0x00, 0x00, 0x00, 0x00, 0x00, 0x00, 0x00, 0x00, 0x00, 0x00, 0x00,
  0x00, 0x00, 0x00, 0x00, 0x00, 0x00, 0x00, 0x00, 0x00, 0x00, 0x00, 0x00,
  0x00, 0x00, 0x00, 0x00, 0x00, 0x00, 0x00, 0x00, 0x00, 0x00, 0x00, 0x00,
  0x00, 0x00, 0x00, 0x00, 0x00, 0x00, 0x00, 0x00, 0x00, 0x00, 0x00, 0x00,
  0x00, 0x00, 0x00, 0x00, 0x00, 0x00, 0x00, 0x00, 0x00, 0x00, 0x00, 0x00,
  0x00, 0x00, 0x00, 0x00, 0x00, 0x00, 0x00, 0x00, 0x00, 0x00, 0x00, 0x00,
  0x00, 0x00, 0x00, 0x00, 0x00, 0x00, 0x00, 0x00, 0x00, 0x00, 0x00, 0x00,
  0x00, 0x00, 0x00, 0x00, 0x00, 0x00, 0x00, 0x00, 0x00, 0x00, 0x00, 0x00,
  0x00, 0x00, 0x00, 0x00, 0x00, 0x00, 0x00, 0x00, 0x00, 0x00, 0x00, 0x00,
  0x00, 0x00, 0x00, 0x00, 0x00, 0x00, 0x00, 0x00, 0x00, 0x00, 0x00, 0x00,
  0x00, 0x00, 0x00, 0x00, 0x00, 0x00, 0x00, 0x00, 0x00, 0x00, 0x00, 0x00,
  0x00, 0x00, 0x00, 0x00, 0x00, 0x00, 0x00, 0x00, 0x00, 0x00, 0x00, 0x00,
  0x00, 0x00, 0x00, 0x00, 0x00, 0x00, 0x00, 0x00, 0x00, 0x00, 0x00, 0x00,
  0x00, 0x00, 0x00, 0x00, 0x00, 0x00, 0x00, 0x00, 0x00, 0x00, 0x00, 0x00,
  0x00, 0x00, 0x00, 0x00, 0x00, 0x00, 0x00, 0x00, 0x00, 0x00, 0x00, 0x00,
  0x00, 0x00, 0x00, 0x00, 0x00, 0x00, 0x00, 0x00, 0x00, 0x00, 0x00, 0x00,
  0x00, 0x00, 0x00, 0x00, 0x00, 0x00, 0x00, 0x00, 0x00, 0x00, 0x00, 0x00,
  0x00, 0x00, 0x00, 0x00, 0x00, 0x00, 0x00, 0x00, 0x00, 0x00, 0x00, 0x00,
  0x00, 0x00, 0x00, 0x00, 0x00, 0x00, 0x00, 0x00, 0x00, 0x00, 0x00, 0x00,
  0x00, 0x00, 0x00, 0x00, 0x00, 0x00, 0x00, 0x00, 0x00, 0x00, 0x00, 0x00,
  0x00, 0x00, 0x00, 0x00, 0x00, 0x00, 0x00, 0x00, 0x00, 0x00, 0x00, 0x00,
  0x00, 0x00, 0x00, 0x00, 0x00, 0x00, 0x00, 0x00, 0x00, 0x00, 0x00, 0x00,
  0x00, 0x00, 0x00, 0x00, 0x00, 0x00, 0x00, 0x00, 0x00, 0x00, 0x00, 0x00,
  0x00, 0x00, 0x00, 0x00, 0x00, 0x00, 0x00, 0x00, 0x00, 0x00, 0x00, 0x00,
  0x00, 0x00, 0x00, 0x00, 0x00, 0x00, 0x00, 0x00, 0x00, 0x00, 0x00, 0x00,
  0x00, 0x00, 0x00, 0x00, 0x00, 0x00, 0x00, 0x00, 0x00, 0x00, 0x00, 0x00,
  0x00, 0x00, 0x00, 0x00, 0x00, 0x00, 0x00, 0x00, 0x00, 0x00, 0x00, 0x00,
  0x00, 0x00, 0x00, 0x00, 0x00, 0x00, 0x00, 0x00, 0x00, 0x00, 0x00, 0x00,
  0x00, 0x00, 0x00, 0x00, 0x00, 0x00, 0x00, 0x00, 0x00, 0x00, 0x00, 0x00,
  0x00, 0x00, 0x00, 0x00, 0x00, 0x00, 0x00, 0x00, 0x00, 0x00, 0x00, 0x00,
  0x00, 0x00, 0x00, 0x00, 0x00, 0x00, 0x00, 0x00, 0x00, 0x00, 0x00, 0x00,
  0x00, 0x00, 0x00, 0x00, 0x00, 0x00, 0x00, 0x00, 0x00, 0x00, 0x00, 0x00,
  0x00, 0x00, 0x00, 0x00, 0x00, 0x00, 0x00, 0x00, 0x00, 0x00, 0x00, 0x00,
  0x00, 0x00, 0x00, 0x00, 0x00, 0x00, 0x00, 0x00, 0x00, 0x00, 0x00, 0x00,
  0x00, 0x00, 0x00, 0x00, 0x00, 0x00, 0x00, 0x00, 0x00, 0x00, 0x00, 0x00,
  0x00, 0x00, 0x00, 0x00, 0x00, 0x00, 0x00, 0x00, 0x00, 0x00, 0x00, 0x00,
  0x00, 0x00, 0x00, 0x00, 0x00, 0x00, 0x00, 0x00, 0x00, 0x00, 0x00, 0x00,
  0x00, 0x00, 0x00, 0x00, 0x00, 0x00, 0x00, 0x00, 0x00, 0x00, 0x00, 0x00,
  0x00, 0x00, 0x00, 0x00, 0x00, 0x00, 0x00, 0x00, 0x00, 0x00, 0x00, 0x00,
  0x00, 0x00, 0x00, 0x00, 0x00, 0x00, 0x00, 0x00, 0x00, 0x00, 0x00, 0x00,
  0x00, 0x00, 0x00, 0x00, 0x00, 0x00, 0x00, 0x00, 0x00, 0x00, 0x00, 0x00,
  0x00, 0x00, 0x00, 0x00, 0x00, 0x00, 0x00, 0x00, 0x00, 0x00, 0x00, 0x00,
  0x00, 0x00, 0x00, 0x00, 0x00, 0x00, 0x00, 0x00, 0x00, 0x00, 0x00, 0x00,
  0x00, 0x00, 0x00, 0x00, 0x00, 0x00, 0x00, 0x00, 0x00, 0x00, 0x00, 0x00,
  0x00, 0x00, 0x00, 0x00, 0x00, 0x00, 0x00, 0x00, 0x00, 0x00, 0x00, 0x00,
  0x00, 0x00, 0x00, 0x00, 0x00, 0x00, 0x00, 0x00, 0x00, 0x00, 0x00, 0x00,
  0x00, 0x00, 0x00, 0x00, 0x00, 0x00, 0x00, 0x00, 0x00, 0x00, 0x00, 0x00,
  0x00, 0x00, 0x00, 0x00, 0x00, 0x00, 0x00, 0x00, 0x00, 0x00, 0x00, 0x00,
  0x00, 0x00, 0x00, 0x00, 0x00, 0x00, 0x00, 0x00, 0x00, 0x00, 0x00, 0x00,
  0x00, 0x00, 0x00, 0x00, 0x00, 0x00, 0x00, 0x00, 0x00, 0x00, 0x00, 0x00,
  0x00, 0x00, 0x00, 0x00, 0x00, 0x00, 0x00, 0x00, 0x00, 0x00, 0x00, 0x00,
  0x00, 0x00, 0x00, 0x00, 0x00, 0x00, 0x00, 0x00, 0x00, 0x00, 0x00, 0x00,
  0x00, 0x00, 0x00, 0x00, 0x00, 0x00, 0x00, 0x00, 0x00, 0x00, 0x00, 0x00,
  0x00, 0x00, 0x00, 0x00, 0x00, 0x00, 0x00, 0x00, 0x00, 0x00, 0x00, 0x00,
  0x00, 0x00, 0x00, 0x00, 0x00, 0x00, 0x00, 0x00, 0x00, 0x00, 0x00, 0x00,
  0x00, 0x00, 0x00, 0x00, 0x00, 0x00, 0x00, 0x00, 0x00, 0x00, 0x00, 0x00,
  0x00, 0x00, 0x00, 0x00, 0x00, 0x00, 0x00, 0x00, 0x00, 0x00, 0x00, 0x00,
  0x00, 0x00, 0x00, 0x00, 0x00, 0x00, 0x00, 0x00, 0x00, 0x00, 0x00, 0x00,
  0x00, 0x00, 0x00, 0x00, 0x00, 0x00, 0x00, 0x00, 0x00, 0x00, 0x00, 0x00,
  0x00, 0x00, 0x00, 0x00, 0x00, 0x00, 0x00, 0x00, 0x00, 0x00, 0x00, 0x00,
  0x00, 0x00, 0x00, 0x00, 0x00, 0x00, 0x00, 0x00, 0x00, 0x00, 0x00, 0x00,
  0x00, 0x00, 0x00, 0x00, 0x00, 0x00, 0x00, 0x00, 0x00, 0x00, 0x00, 0x00,
  0x00, 0x00, 0x00, 0x00, 0x00, 0x00, 0x00, 0x00, 0x00, 0x00, 0x00, 0x00,
  0x00, 0x00, 0x00, 0x00, 0x00, 0x00, 0x00, 0x00, 0x00, 0x00, 0x00, 0x00,
  0x00, 0x00, 0x00, 0x00, 0x00, 0x00, 0x00, 0x00, 0x00, 0x00, 0x00, 0x00,
  0x00, 0x00, 0x00, 0x00, 0x00, 0x00, 0x00, 0x00, 0x00, 0x00, 0x00, 0x00,
  0x00, 0x00, 0x00, 0x00, 0x00, 0x00, 0x00, 0x00, 0x00, 0x00, 0x00, 0x00,
  0x00, 0x00, 0x00, 0x00, 0x00, 0x00, 0x00, 0x00, 0x00, 0x00, 0x00, 0x00,
  0x00, 0x00, 0x00, 0x00, 0x00, 0x00, 0x00, 0x00, 0x00, 0x00, 0x00, 0x00,
  0x00, 0x00, 0x00, 0x00, 0x00, 0x00, 0x00, 0x00, 0x00, 0x00, 0x00, 0x00,
  0x00, 0x00, 0x00, 0x00, 0x00, 0x00, 0x00, 0x00, 0x00, 0x00, 0x00, 0x00,
  0x50, 0x40, 0x01, 0x00, 0x00, 0x00, 0x00, 0x00, 0x00, 0x00, 0x00, 0x00,
  0x00, 0x00, 0x00, 0x00, 0x00, 0x00, 0x00, 0x00, 0x00, 0x00, 0x00, 0x00,
  0x56, 0xa9, 0x00, 0x00, 0x00, 0x00, 0x00, 0x00, 0x66, 0xa9, 0x00, 0x00,
  0x00, 0x00, 0x00, 0x00, 0x76, 0xa9, 0x00, 0x00, 0x00, 0x00, 0x00, 0x00,
  0x86, 0xa9, 0x00, 0x00, 0x00, 0x00, 0x00, 0x00, 0x96, 0xa9, 0x00, 0x00,
  0x00, 0x00, 0x00, 0x00, 0xa6, 0xa9, 0x00, 0x00, 0x00, 0x00, 0x00, 0x00,
  0xb6, 0xa9, 0x00, 0x00, 0x00, 0x00, 0x00, 0x00, 0xc6, 0xa9, 0x00, 0x00,
  0x00, 0x00, 0x00, 0x00, 0xd6, 0xa9, 0x00, 0x00, 0x00, 0x00, 0x00, 0x00,
  0xe6, 0xa9, 0x00, 0x00, 0x00, 0x00, 0x00, 0x00, 0xf6, 0xa9, 0x00, 0x00,
  0x00, 0x00, 0x00, 0x00, 0x06, 0xaa, 0x00, 0x00, 0x00, 0x00, 0x00, 0x00,
  0x16, 0xaa, 0x00, 0x00, 0x00, 0x00, 0x00, 0x00, 0x26, 0xaa, 0x00, 0x00,
  0x00, 0x00, 0x00, 0x00, 0x36, 0xaa, 0x00, 0x00, 0x00, 0x00, 0x00, 0x00,
  0x46, 0xaa, 0x00, 0x00, 0x00, 0x00, 0x00, 0x00, 0x56, 0xaa, 0x00, 0x00,
  0x00, 0x00, 0x00, 0x00, 0x66, 0xaa, 0x00, 0x00, 0x00, 0x00, 0x00, 0x00,
  0x76, 0xaa, 0x00, 0x00, 0x00, 0x00, 0x00, 0x00, 0x86, 0xaa, 0x00, 0x00,
  0x00, 0x00, 0x00, 0x00, 0x96, 0xaa, 0x00, 0x00, 0x00, 0x00, 0x00, 0x00,
  0xa6, 0xaa, 0x00, 0x00, 0x00, 0x00, 0x00, 0x00, 0xb6, 0xaa, 0x00, 0x00,
  0x00, 0x00, 0x00, 0x00, 0xc6, 0xaa, 0x00, 0x00, 0x00, 0x00, 0x00, 0x00,
  0xd6, 0xaa, 0x00, 0x00, 0x00, 0x00, 0x00, 0x00, 0xe6, 0xaa, 0x00, 0x00,
  0x00, 0x00, 0x00, 0x00, 0xf6, 0xaa, 0x00, 0x00, 0x00, 0x00, 0x00, 0x00,
  0x06, 0xab, 0x00, 0x00, 0x00, 0x00, 0x00, 0x00, 0x16, 0xab, 0x00, 0x00,
  0x00, 0x00, 0x00, 0x00, 0x26, 0xab, 0x00, 0x00, 0x00, 0x00, 0x00, 0x00,
  0x36, 0xab, 0x00, 0x00, 0x00, 0x00, 0x00, 0x00, 0x46, 0xab, 0x00, 0x00,
  0x00, 0x00, 0x00, 0x00, 0x56, 0xab, 0x00, 0x00, 0x00, 0x00, 0x00, 0x00,
  0x66, 0xab, 0x00, 0x00, 0x00, 0x00, 0x00, 0x00, 0x76, 0xab, 0x00, 0x00,
  0x00, 0x00, 0x00, 0x00, 0x86, 0xab, 0x00, 0x00, 0x00, 0x00, 0x00, 0x00,
  0x96, 0xab, 0x00, 0x00, 0x00, 0x00, 0x00, 0x00, 0xa6, 0xab, 0x00, 0x00,
  0x00, 0x00, 0x00, 0x00, 0xb6, 0xab, 0x00, 0x00, 0x00, 0x00, 0x00, 0x00,
  0xc6, 0xab, 0x00, 0x00, 0x00, 0x00, 0x00, 0x00, 0xd6, 0xab, 0x00, 0x00,
  0x00, 0x00, 0x00, 0x00, 0xe6, 0xab, 0x00, 0x00, 0x00, 0x00, 0x00, 0x00,
  0xf6, 0xab, 0x00, 0x00, 0x00, 0x00, 0x00, 0x00, 0x06, 0xac, 0x00, 0x00,
  0x00, 0x00, 0x00, 0x00, 0x16, 0xac, 0x00, 0x00, 0x00, 0x00, 0x00, 0x00,
  0x26, 0xac, 0x00, 0x00, 0x00, 0x00, 0x00, 0x00, 0x36, 0xac, 0x00, 0x00,
  0x00, 0x00, 0x00, 0x00, 0x46, 0xac, 0x00, 0x00, 0x00, 0x00, 0x00, 0x00,
  0x56, 0xac, 0x00, 0x00, 0x00, 0x00, 0x00, 0x00, 0x66, 0xac, 0x00, 0x00,
  0x00, 0x00, 0x00, 0x00, 0x76, 0xac, 0x00, 0x00, 0x00, 0x00, 0x00, 0x00,
  0x86, 0xac, 0x00, 0x00, 0x00, 0x00, 0x00, 0x00, 0x96, 0xac, 0x00, 0x00,
  0x00, 0x00, 0x00, 0x00, 0xa6, 0xac, 0x00, 0x00, 0x00, 0x00, 0x00, 0x00,
  0xb6, 0xac, 0x00, 0x00, 0x00, 0x00, 0x00, 0x00, 0xc6, 0xac, 0x00, 0x00,
  0x00, 0x00, 0x00, 0x00, 0xd6, 0xac, 0x00, 0x00, 0x00, 0x00, 0x00, 0x00,
  0xe6, 0xac, 0x00, 0x00, 0x00, 0x00, 0x00, 0x00, 0xf6, 0xac, 0x00, 0x00,
  0x00, 0x00, 0x00, 0x00, 0x06, 0xad, 0x00, 0x00, 0x00, 0x00, 0x00, 0x00,
  0x16, 0xad, 0x00, 0x00, 0x00, 0x00, 0x00, 0x00, 0x26, 0xad, 0x00, 0x00,
  0x00, 0x00, 0x00, 0x00, 0x36, 0xad, 0x00, 0x00, 0x00, 0x00, 0x00, 0x00,
  0x46, 0xad, 0x00, 0x00, 0x00, 0x00, 0x00, 0x00, 0x56, 0xad, 0x00, 0x00,
  0x00, 0x00, 0x00, 0x00, 0x66, 0xad, 0x00, 0x00, 0x00, 0x00, 0x00, 0x00,
  0x76, 0xad, 0x00, 0x00, 0x00, 0x00, 0x00, 0x00, 0x86, 0xad, 0x00, 0x00,
  0x00, 0x00, 0x00, 0x00, 0x96, 0xad, 0x00, 0x00, 0x00, 0x00, 0x00, 0x00,
  0xa6, 0xad, 0x00, 0x00, 0x00, 0x00, 0x00, 0x00, 0xb6, 0xad, 0x00, 0x00,
  0x00, 0x00, 0x00, 0x00, 0xc6, 0xad, 0x00, 0x00, 0x00, 0x00, 0x00, 0x00,
  0xd6, 0xad, 0x00, 0x00, 0x00, 0x00, 0x00, 0x00, 0xe6, 0xad, 0x00, 0x00,
  0x00, 0x00, 0x00, 0x00, 0xf6, 0xad, 0x00, 0x00, 0x00, 0x00, 0x00, 0x00,
  0x06, 0xae, 0x00, 0x00, 0x00, 0x00, 0x00, 0x00, 0x16, 0xae, 0x00, 0x00,
  0x00, 0x00, 0x00, 0x00, 0x00, 0x00, 0x00, 0x00, 0x00, 0x00, 0x00, 0x00,
  0x00, 0x00, 0x00, 0x00, 0x00, 0x00, 0x00, 0x00, 0x00, 0x00, 0x00, 0x00,
  0x00, 0x00, 0x00, 0x00, 0x00, 0x00, 0x00, 0x00, 0x00, 0x00, 0x00, 0x00,
  0x00, 0x00, 0x00, 0x00, 0x00, 0x00, 0x00, 0x00, 0x00, 0x00, 0x00, 0x00,
  0x00, 0x00, 0x00, 0x00, 0x00, 0x00, 0x00, 0x00, 0x00, 0x00, 0x00, 0x00,
  0x00, 0x00, 0x00, 0x00, 0x00, 0x00, 0x00, 0x00, 0x00, 0x00, 0x00, 0x00,
  0x00, 0x00, 0x00, 0x00, 0x00, 0x00, 0x00, 0x00, 0x00, 0x00, 0x00, 0x00,
  0x00, 0x00, 0x00, 0x00, 0x00, 0x00, 0x00, 0x00, 0x00, 0x00, 0x00, 0x00,
  0x00, 0x00, 0x00, 0x00, 0x00, 0x00, 0x00, 0x00, 0x00, 0x00, 0x00, 0x00,
  0x00, 0x00, 0x00, 0x00, 0x00, 0x00, 0x00, 0x00, 0x00, 0x00, 0x00, 0x00,
  0x00, 0x00, 0x00, 0x00, 0x00, 0x00, 0x00, 0x00, 0x00, 0x00, 0x00, 0x00,
  0x00, 0x00, 0x00, 0x00, 0x00, 0x00, 0x00, 0x00, 0x00, 0x00, 0x00, 0x00,
  0x00, 0x00, 0x00, 0x00, 0x00, 0x00, 0x00, 0x00, 0x00, 0x00, 0x00, 0x00,
  0x00, 0x00, 0x00, 0x00, 0x00, 0x00, 0x00, 0x00, 0x00, 0x00, 0x00, 0x00,
  0x00, 0x00, 0x00, 0x00, 0x00, 0x00, 0x00, 0x00, 0x00, 0x00, 0x00, 0x00,
  0x00, 0x00, 0x00, 0x00, 0x00, 0x00, 0x00, 0x00, 0x00, 0x00, 0x00, 0x00,
  0x00, 0x00, 0x00, 0x00, 0x00, 0x00, 0x00, 0x00, 0x00, 0x00, 0x00, 0x00,
  0x00, 0x00, 0x00, 0x00, 0x00, 0x00, 0x00, 0x00, 0x00, 0x00, 0x00, 0x00,
  0x00, 0x00, 0x00, 0x00, 0x00, 0x00, 0x00, 0x00, 0x00, 0x00, 0x00, 0x00,
  0x00, 0x00, 0x00, 0x00, 0x00, 0x00, 0x00, 0x00, 0x00, 0x00, 0x00, 0x00,
  0x00, 0x00, 0x00, 0x00, 0x00, 0x00, 0x00, 0x00, 0x00, 0x00, 0x00, 0x00,
  0x00, 0x00, 0x00, 0x00, 0x00, 0x00, 0x00, 0x00, 0x00, 0x00, 0x00, 0x00,
  0x00, 0x00, 0x00, 0x00, 0x00, 0x00, 0x00, 0x00, 0x00, 0x00, 0x00, 0x00,
  0x00, 0x00, 0x00, 0x00, 0x00, 0x00, 0x00, 0x00, 0x00, 0x00, 0x00, 0x00,
  0x00, 0x00, 0x00, 0x00, 0x00, 0x00, 0x00, 0x00, 0x00, 0x00, 0x00, 0x00,
  0x00, 0x00, 0x00, 0x00, 0x00, 0x00, 0x00, 0x00, 0x00, 0x00, 0x00, 0x00,
  0x00, 0x00, 0x00, 0x00, 0x00, 0x00, 0x00, 0x00, 0x00, 0x00, 0x00, 0x00,
  0x00, 0x00, 0x00, 0x00, 0x00, 0x00, 0x00, 0x00, 0x00, 0x00, 0x00, 0x00,
  0x00, 0x00, 0x00, 0x00, 0x00, 0x00, 0x00, 0x00, 0x00, 0x00, 0x00, 0x00,
  0x00, 0x00, 0x00, 0x00, 0x00, 0x00, 0x00, 0x00, 0x00, 0x00, 0x00, 0x00,
  0x00, 0x00, 0x00, 0x00, 0x00, 0x00, 0x00, 0x00, 0x00, 0x00, 0x00, 0x00,
  0x00, 0x00, 0x00, 0x00, 0x00, 0x00, 0x00, 0x00, 0x00, 0x00, 0x00, 0x00,
  0x00, 0x00, 0x00, 0x00, 0x00, 0x00, 0x00, 0x00, 0x00, 0x00, 0x00, 0x00,
  0x00, 0x00, 0x00, 0x00, 0x00, 0x00, 0x00, 0x00, 0x00, 0x00, 0x00, 0x00,
  0x00, 0x00, 0x00, 0x00, 0x00, 0x00, 0x00, 0x00, 0x00, 0x00, 0x00, 0x00,
  0x00, 0x00, 0x00, 0x00, 0x00, 0x00, 0x00, 0x00, 0x00, 0x00, 0x00, 0x00,
  0x00, 0x00, 0x00, 0x00, 0x00, 0x00, 0x00, 0x00, 0x00, 0x00, 0x00, 0x00,
  0x00, 0x00, 0x00, 0x00, 0x00, 0x00, 0x00, 0x00, 0x00, 0x00, 0x00, 0x00,
  0x00, 0x00, 0x00, 0x00, 0x00, 0x00, 0x00, 0x00, 0x00, 0x00, 0x00, 0x00,
  0x00, 0x00, 0x00, 0x00, 0x00, 0x00, 0x00, 0x00, 0x00, 0x00, 0x00, 0x00,
  0x00, 0x00, 0x00, 0x00, 0x00, 0x00, 0x00, 0x00, 0x00, 0x00, 0x00, 0x00,
  0x00, 0x00, 0x00, 0x00, 0x00, 0x00, 0x00, 0x00, 0x00, 0x00, 0x00, 0x00,
  0x00, 0x00, 0x00, 0x00, 0x00, 0x00, 0x00, 0x00, 0x00, 0x00, 0x00, 0x00,
  0x00, 0x00, 0x00, 0x00, 0x00, 0x00, 0x00, 0x00, 0x00, 0x00, 0x00, 0x00,
  0x00, 0x00, 0x00, 0x00, 0x00, 0x00, 0x00, 0x00, 0x00, 0x00, 0x00, 0x00,
  0x00, 0x00, 0x00, 0x00, 0x00, 0x00, 0x00, 0x00, 0x00, 0x00, 0x00, 0x00,
  0x00, 0x00, 0x00, 0x00, 0x00, 0x00, 0x00, 0x00, 0x00, 0x00, 0x00, 0x00,
  0x00, 0x00, 0x00, 0x00, 0x00, 0x00, 0x00, 0x00, 0x00, 0x00, 0x00, 0x00,
  0x00, 0x00, 0x00, 0x00, 0x00, 0x00, 0x00, 0x00, 0x00, 0x00, 0x00, 0x00,
  0x00, 0x00, 0x00, 0x00, 0x00, 0x00, 0x00, 0x00, 0x00, 0x00, 0x00, 0x00,
  0x00, 0x00, 0x00, 0x00, 0x00, 0x00, 0x00, 0x00, 0x00, 0x00, 0x00, 0x00,
  0x00, 0x00, 0x00, 0x00, 0x00, 0x00, 0x00, 0x00, 0x00, 0x00, 0x00, 0x00,
  0x00, 0x00, 0x00, 0x00, 0x00, 0x00, 0x00, 0x00, 0x00, 0x00, 0x00, 0x00,
  0x00, 0x00, 0x00, 0x00, 0x00, 0x00, 0x00, 0x00, 0x00, 0x00, 0x00, 0x00,
  0x00, 0x00, 0x00, 0x00, 0x00, 0x00, 0x00, 0x00, 0x00, 0x00, 0x00, 0x00,
  0x00, 0x00, 0x00, 0x00, 0x00, 0x00, 0x00, 0x00, 0x00, 0x00, 0x00, 0x00,
  0x00, 0x00, 0x00, 0x00, 0x00, 0x00, 0x00, 0x00, 0x00, 0x00, 0x00, 0x00,
  0x00, 0x00, 0x00, 0x00, 0x00, 0x00, 0x00, 0x00, 0x00, 0x00, 0x00, 0x00,
  0x00, 0x00, 0x00, 0x00, 0x00, 0x00, 0x00, 0x00, 0x00, 0x00, 0x00, 0x00,
  0x00, 0x00, 0x00, 0x00, 0x00, 0x00, 0x00, 0x00, 0x00, 0x00, 0x00, 0x00,
  0x00, 0x00, 0x00, 0x00, 0x00, 0x00, 0x00, 0x00, 0x00, 0x00, 0x00, 0x00,
  0x00, 0x00, 0x00, 0x00, 0x00, 0x00, 0x00, 0x00, 0x00, 0x00, 0x00, 0x00,
  0x00, 0x00, 0x00, 0x00, 0x00, 0x00, 0x00, 0x00, 0x00, 0x00, 0x00, 0x00,
  0x00, 0x00, 0x00, 0x00, 0x00, 0x00, 0x00, 0x00, 0x00, 0x00, 0x00, 0x00,
  0x00, 0x00, 0x00, 0x00, 0x00, 0x00, 0x00, 0x00, 0x00, 0x00, 0x00, 0x00,
  0x00, 0x00, 0x00, 0x00, 0x00, 0x00, 0x00, 0x00, 0x00, 0x00, 0x00, 0x00,
  0x00, 0x00, 0x00, 0x00, 0x00, 0x00, 0x00, 0x00, 0x00, 0x00, 0x00, 0x00,
  0x00, 0x00, 0x00, 0x00, 0x00, 0x00, 0x00, 0x00, 0x00, 0x00, 0x00, 0x00,
  0x00, 0x00, 0x00, 0x00, 0x00, 0x00, 0x00, 0x00, 0x00, 0x00, 0x00, 0x00,
  0x00, 0x00, 0x00, 0x00, 0x00, 0x00, 0x00, 0x00, 0x00, 0x00, 0x00, 0x00,
  0x00, 0x00, 0x00, 0x00, 0x00, 0x00, 0x00, 0x00, 0x00, 0x00, 0x00, 0x00,
  0x00, 0x00, 0x00, 0x00, 0x00, 0x00, 0x00, 0x00, 0x00, 0x00, 0x00, 0x00,
  0x00, 0x00, 0x00, 0x00, 0x00, 0x00, 0x00, 0x00, 0x00, 0x00, 0x00, 0x00,
  0x00, 0x00, 0x00, 0x00, 0x00, 0x00, 0x00, 0x00, 0x00, 0x00, 0x00, 0x00,
  0x00, 0x00, 0x00, 0x00, 0x00, 0x00, 0x00, 0x00, 0x00, 0x00, 0x00, 0x00,
  0x00, 0x00, 0x00, 0x00, 0x00, 0x00, 0x00, 0x00, 0x00, 0x00, 0x00, 0x00,
  0x00, 0x00, 0x00, 0x00, 0x00, 0x00, 0x00, 0x00, 0x00, 0x00, 0x00, 0x00,
  0x00, 0x00, 0x00, 0x00, 0x00, 0x00, 0x00, 0x00, 0x00, 0x00, 0x00, 0x00,
  0x00, 0x00, 0x00, 0x00, 0x00, 0x00, 0x00, 0x00, 0x00, 0x00, 0x00, 0x00,
  0x00, 0x00, 0x00, 0x00, 0x00, 0x00, 0x00, 0x00, 0x00, 0x00, 0x00, 0x00,
  0x00, 0x00, 0x00, 0x00, 0x00, 0x00, 0x00, 0x00, 0x00, 0x00, 0x00, 0x00,
  0x00, 0x00, 0x00, 0x00, 0x00, 0x00, 0x00, 0x00, 0x00, 0x00, 0x00, 0x00,
  0x00, 0x00, 0x00, 0x00, 0x00, 0x00, 0x00, 0x00, 0x00, 0x00, 0x00, 0x00,
  0x00, 0x00, 0x00, 0x00, 0x00, 0x00, 0x00, 0x00, 0x00, 0x00, 0x00, 0x00,
  0x00, 0x00, 0x00, 0x00, 0x00, 0x00, 0x00, 0x00, 0x00, 0x00, 0x00, 0x00,
  0x00, 0x00, 0x00, 0x00, 0x00, 0x00, 0x00, 0x00, 0x00, 0x00, 0x00, 0x00,
  0x00, 0x00, 0x00, 0x00, 0x00, 0x00, 0x00, 0x00, 0x00, 0x00, 0x00, 0x00,
  0x00, 0x00, 0x00, 0x00, 0x00, 0x00, 0x00, 0x00, 0x00, 0x00, 0x00, 0x00,
  0x00, 0x00, 0x00, 0x00, 0x00, 0x00, 0x00, 0x00, 0x00, 0x00, 0x00, 0x00,
  0x00, 0x00, 0x00, 0x00, 0x00, 0x00, 0x00, 0x00, 0x00, 0x00, 0x00, 0x00,
  0x00, 0x00, 0x00, 0x00, 0x00, 0x00, 0x00, 0x00, 0x00, 0x00, 0x00, 0x00,
  0x00, 0x00, 0x00, 0x00, 0x00, 0x00, 0x00, 0x00, 0x00, 0x00, 0x00, 0x00,
  0x00, 0x00, 0x00, 0x00, 0x00, 0x00, 0x00, 0x00, 0x00, 0x00, 0x00, 0x00,
  0x00, 0x00, 0x00, 0x00, 0x00, 0x00, 0x00, 0x00, 0x00, 0x00, 0x00, 0x00,
  0x00, 0x00, 0x00, 0x00, 0x00, 0x00, 0x00, 0x00, 0x00, 0x00, 0x00, 0x00,
  0x00, 0x00, 0x00, 0x00, 0x00, 0x00, 0x00, 0x00, 0x00, 0x00, 0x00, 0x00,
  0x00, 0x00, 0x00, 0x00, 0x00, 0x00, 0x00, 0x00, 0x00, 0x00, 0x00, 0x00,
  0x00, 0x00, 0x00, 0x00, 0x00, 0x00, 0x00, 0x00, 0x00, 0x00, 0x00, 0x00,
  0x00, 0x00, 0x00, 0x00, 0x00, 0x00, 0x00, 0x00, 0x00, 0x00, 0x00, 0x00,
  0x00, 0x00, 0x00, 0x00, 0x00, 0x00, 0x00, 0x00, 0x00, 0x00, 0x00, 0x00,
  0x00, 0x00, 0x00, 0x00, 0x00, 0x00, 0x00, 0x00, 0x00, 0x00, 0x00, 0x00,
  0x00, 0x00, 0x00, 0x00, 0x00, 0x00, 0x00, 0x00, 0x00, 0x00, 0x00, 0x00,
  0x00, 0x00, 0x00, 0x00, 0x00, 0x00, 0x00, 0x00, 0x00, 0x00, 0x00, 0x00,
  0x00, 0x00, 0x00, 0x00, 0x00, 0x00, 0x00, 0x00, 0x00, 0x00, 0x00, 0x00,
  0x00, 0x00, 0x00, 0x00, 0x00, 0x00, 0x00, 0x00, 0x00, 0x00, 0x00, 0x00,
  0x00, 0x00, 0x00, 0x00, 0x00, 0x00, 0x00, 0x00, 0x00, 0x00, 0x00, 0x00,
  0x00, 0x00, 0x00, 0x00, 0x00, 0x00, 0x00, 0x00, 0x00, 0x00, 0x00, 0x00,
  0x00, 0x00, 0x00, 0x00, 0x00, 0x00, 0x00, 0x00, 0x00, 0x00, 0x00, 0x00,
  0x00, 0x00, 0x00, 0x00, 0x00, 0x00, 0x00, 0x00, 0x00, 0x00, 0x00, 0x00,
  0x00, 0x00, 0x00, 0x00, 0x00, 0x00, 0x00, 0x00, 0x00, 0x00, 0x00, 0x00,
  0x00, 0x00, 0x00, 0x00, 0x00, 0x00, 0x00, 0x00, 0x00, 0x00, 0x00, 0x00,
  0x00, 0x00, 0x00, 0x00, 0x00, 0x00, 0x00, 0x00, 0x00, 0x00, 0x00, 0x00,
  0x00, 0x00, 0x00, 0x00, 0x00, 0x00, 0x00, 0x00, 0x00, 0x00, 0x00, 0x00,
  0x00, 0x00, 0x00, 0x00, 0x00, 0x00, 0x00, 0x00, 0x00, 0x00, 0x00, 0x00,
  0x00, 0x00, 0x00, 0x00, 0x00, 0x00, 0x00, 0x00, 0x00, 0x00, 0x00, 0x00,
  0x00, 0x00, 0x00, 0x00, 0x00, 0x00, 0x00, 0x00, 0x00, 0x00, 0x00, 0x00,
  0x00, 0x00, 0x00, 0x00, 0x00, 0x00, 0x00, 0x00, 0x00, 0x00, 0x00, 0x00,
  0x00, 0x00, 0x00, 0x00, 0x00, 0x00, 0x00, 0x00, 0x00, 0x00, 0x00, 0x00,
  0x00, 0x00, 0x00, 0x00, 0x00, 0x00, 0x00, 0x00, 0x00, 0x00, 0x00, 0x00,
  0x00, 0x00, 0x00, 0x00, 0x00, 0x00, 0x00, 0x00, 0x00, 0x00, 0x00, 0x00,
  0x00, 0x00, 0x00, 0x00, 0x00, 0x00, 0x00, 0x00, 0x00, 0x00, 0x00, 0x00,
  0x00, 0x00, 0x00, 0x00, 0x00, 0x00, 0x00, 0x00, 0x00, 0x00, 0x00, 0x00,
  0x00, 0x00, 0x00, 0x00, 0x00, 0x00, 0x00, 0x00, 0x00, 0x00, 0x00, 0x00,
  0x00, 0x00, 0x00, 0x00, 0x00, 0x00, 0x00, 0x00, 0x00, 0x00, 0x00, 0x00,
  0x00, 0x00, 0x00, 0x00, 0x00, 0x00, 0x00, 0x00, 0x00, 0x00, 0x00, 0x00,
  0x00, 0x00, 0x00, 0x00, 0x00, 0x00, 0x00, 0x00, 0x00, 0x00, 0x00, 0x00,
  0x00, 0x00, 0x00, 0x00, 0x00, 0x00, 0x00, 0x00, 0x00, 0x00, 0x00, 0x00,
  0x00, 0x00, 0x00, 0x00, 0x00, 0x00, 0x00, 0x00, 0x00, 0x00, 0x00, 0x00,
  0x00, 0x00, 0x00, 0x00, 0x00, 0x00, 0x00, 0x00, 0x00, 0x00, 0x00, 0x00,
  0x00, 0x00, 0x00, 0x00, 0x00, 0x00, 0x00, 0x00, 0x00, 0x00, 0x00, 0x00,
  0x00, 0x00, 0x00, 0x00, 0x00, 0x00, 0x00, 0x00, 0x00, 0x00, 0x00, 0x00,
  0x00, 0x00, 0x00, 0x00, 0x00, 0x00, 0x00, 0x00, 0x00, 0x00, 0x00, 0x00,
  0x00, 0x00, 0x00, 0x00, 0x00, 0x00, 0x00, 0x00, 0x00, 0x00, 0x00, 0x00,
  0x00, 0x00, 0x00, 0x00, 0x00, 0x00, 0x00, 0x00, 0x00, 0x00, 0x00, 0x00,
  0x00, 0x00, 0x00, 0x00, 0x00, 0x00, 0x00, 0x00, 0x00, 0x00, 0x00, 0x00,
  0x00, 0x00, 0x00, 0x00, 0x00, 0x00, 0x00, 0x00, 0x00, 0x00, 0x00, 0x00,
  0x00, 0x00, 0x00, 0x00, 0x00, 0x00, 0x00, 0x00, 0x00, 0x00, 0x00, 0x00,
  0x00, 0x00, 0x00, 0x00, 0x00, 0x00, 0x00, 0x00, 0x00, 0x00, 0x00, 0x00,
  0x00, 0x00, 0x00, 0x00, 0x00, 0x00, 0x00, 0x00, 0x00, 0x00, 0x00, 0x00,
  0x00, 0x00, 0x00, 0x00, 0x00, 0x00, 0x00, 0x00, 0x00, 0x00, 0x00, 0x00,
  0x00, 0x00, 0x00, 0x00, 0x00, 0x00, 0x00, 0x00, 0x00, 0x00, 0x00, 0x00,
  0x00, 0x00, 0x00, 0x00, 0x00, 0x00, 0x00, 0x00, 0x00, 0x00, 0x00, 0x00,
  0x00, 0x00, 0x00, 0x00, 0x00, 0x00, 0x00, 0x00, 0x00, 0x00, 0x00, 0x00,
  0x00, 0x00, 0x00, 0x00, 0x00, 0x00, 0x00, 0x00, 0x00, 0x00, 0x00, 0x00,
  0x00, 0x00, 0x00, 0x00, 0x00, 0x00, 0x00, 0x00, 0x00, 0x00, 0x00, 0x00,
  0x00, 0x00, 0x00, 0x00, 0x00, 0x00, 0x00, 0x00, 0x00, 0x00, 0x00, 0x00,
  0x00, 0x00, 0x00, 0x00, 0x00, 0x00, 0x00, 0x00, 0x00, 0x00, 0x00, 0x00,
  0x00, 0x00, 0x00, 0x00, 0x00, 0x00, 0x00, 0x00, 0x00, 0x00, 0x00, 0x00,
  0x00, 0x00, 0x00, 0x00, 0x00, 0x00, 0x00, 0x00, 0x00, 0x00, 0x00, 0x00,
  0x00, 0x00, 0x00, 0x00, 0x00, 0x00, 0x00, 0x00, 0x00, 0x00, 0x00, 0x00,
  0x00, 0x00, 0x00, 0x00, 0x00, 0x00, 0x00, 0x00, 0x00, 0x00, 0x00, 0x00,
  0x00, 0x00, 0x00, 0x00, 0x00, 0x00, 0x00, 0x00, 0x00, 0x00, 0x00, 0x00,
  0x00, 0x00, 0x00, 0x00, 0x00, 0x00, 0x00, 0x00, 0x00, 0x00, 0x00, 0x00,
  0x00, 0x00, 0x00, 0x00, 0x00, 0x00, 0x00, 0x00, 0x00, 0x00, 0x00, 0x00,
  0x00, 0x00, 0x00, 0x00, 0x00, 0x00, 0x00, 0x00, 0x00, 0x00, 0x00, 0x00,
  0x00, 0x00, 0x00, 0x00, 0x00, 0x00, 0x00, 0x00, 0x00, 0x00, 0x00, 0x00,
  0x00, 0x00, 0x00, 0x00, 0x00, 0x00, 0x00, 0x00, 0x00, 0x00, 0x00, 0x00,
  0x00, 0x00, 0x00, 0x00, 0x00, 0x00, 0x00, 0x00, 0x00, 0x00, 0x00, 0x00,
  0x00, 0x00, 0x00, 0x00, 0x00, 0x00, 0x00, 0x00, 0x00, 0x00, 0x00, 0x00,
  0x00, 0x00, 0x00, 0x00, 0x00, 0x00, 0x00, 0x00, 0x00, 0x00, 0x00, 0x00,
  0x00, 0x00, 0x00, 0x00, 0x00, 0x00, 0x00, 0x00, 0x00, 0x00, 0x00, 0x00,
  0x00, 0x00, 0x00, 0x00, 0x00, 0x00, 0x00, 0x00, 0x00, 0x00, 0x00, 0x00,
  0x00, 0x00, 0x00, 0x00, 0x00, 0x00, 0x00, 0x00, 0x00, 0x00, 0x00, 0x00,
  0x00, 0x00, 0x00, 0x00, 0x00, 0x00, 0x00, 0x00, 0x00, 0x00, 0x00, 0x00,
  0x00, 0x00, 0x00, 0x00, 0x00, 0x00, 0x00, 0x00, 0x00, 0x00, 0x00, 0x00,
  0x00, 0x00, 0x00, 0x00, 0x00, 0x00, 0x00, 0x00, 0x00, 0x00, 0x00, 0x00,
  0x00, 0x00, 0x00, 0x00, 0x00, 0x00, 0x00, 0x00, 0x00, 0x00, 0x00, 0x00,
  0x00, 0x00, 0x00, 0x00, 0x00, 0x00, 0x00, 0x00, 0x00, 0x00, 0x00, 0x00,
  0x00, 0x00, 0x00, 0x00, 0x00, 0x00, 0x00, 0x00, 0x00, 0x00, 0x00, 0x00,
  0x00, 0x00, 0x00, 0x00, 0x00, 0x00, 0x00, 0x00, 0x00, 0x00, 0x00, 0x00,
  0x00, 0x00, 0x00, 0x00, 0x00, 0x00, 0x00, 0x00, 0x00, 0x00, 0x00, 0x00,
  0x00, 0x00, 0x00, 0x00, 0x00, 0x00, 0x00, 0x00, 0x00, 0x00, 0x00, 0x00,
  0x00, 0x00, 0x00, 0x00, 0x00, 0x00, 0x00, 0x00, 0x00, 0x00, 0x00, 0x00,
  0x00, 0x00, 0x00, 0x00, 0x00, 0x00, 0x00, 0x00, 0x00, 0x00, 0x00, 0x00,
  0x00, 0x00, 0x00, 0x00, 0x00, 0x00, 0x00, 0x00, 0x00, 0x00, 0x00, 0x00,
  0x00, 0x00, 0x00, 0x00, 0x00, 0x00, 0x00, 0x00, 0x00, 0x00, 0x00, 0x00,
  0x00, 0x00, 0x00, 0x00, 0x00, 0x00, 0x00, 0x00, 0x00, 0x00, 0x00, 0x00,
  0x00, 0x00, 0x00, 0x00, 0x00, 0x00, 0x00, 0x00, 0x00, 0x00, 0x00, 0x00,
  0x00, 0x00, 0x00, 0x00, 0x00, 0x00, 0x00, 0x00, 0x00, 0x00, 0x00, 0x00,
  0x00, 0x00, 0x00, 0x00, 0x00, 0x00, 0x00, 0x00, 0x00, 0x00, 0x00, 0x00,
  0x00, 0x00, 0x00, 0x00, 0x00, 0x00, 0x00, 0x00, 0x00, 0x00, 0x00, 0x00,
  0x00, 0x00, 0x00, 0x00, 0x00, 0x00, 0x00, 0x00, 0x00, 0x00, 0x00, 0x00,
  0x00, 0x00, 0x00, 0x00, 0x00, 0x00, 0x00, 0x00, 0x00, 0x00, 0x00, 0x00,
  0x00, 0x00, 0x00, 0x00, 0x00, 0x00, 0x00, 0x00, 0x00, 0x00, 0x00, 0x00,
  0x00, 0x00, 0x00, 0x00, 0x00, 0x00, 0x00, 0x00, 0x00, 0x00, 0x00, 0x00,
  0x00, 0x00, 0x00, 0x00, 0x00, 0x00, 0x00, 0x00, 0x00, 0x00, 0x00, 0x00,
  0x00, 0x00, 0x00, 0x00, 0x00, 0x00, 0x00, 0x00, 0x00, 0x00, 0x00, 0x00,
  0x00, 0x00, 0x00, 0x00, 0x00, 0x00, 0x00, 0x00, 0x00, 0x00, 0x00, 0x00,
  0x00, 0x00, 0x00, 0x00, 0x00, 0x00, 0x00, 0x00, 0x00, 0x00, 0x00, 0x00,
  0x00, 0x00, 0x00, 0x00, 0x00, 0x00, 0x00, 0x00, 0x00, 0x00, 0x00, 0x00,
  0x00, 0x00, 0x00, 0x00, 0x00, 0x00, 0x00, 0x00, 0x00, 0x00, 0x00, 0x00,
  0x00, 0x00, 0x00, 0x00, 0x00, 0x00, 0x00, 0x00, 0x00, 0x00, 0x00, 0x00,
  0x00, 0x00, 0x00, 0x00, 0x00, 0x00, 0x00, 0x00, 0x00, 0x00, 0x00, 0x00,
  0x00, 0x00, 0x00, 0x00, 0x00, 0x00, 0x00, 0x00, 0x00, 0x00, 0x00, 0x00,
  0x00, 0x00, 0x00, 0x00, 0x00, 0x00, 0x00, 0x00, 0x00, 0x00, 0x00, 0x00,
  0x00, 0x00, 0x00, 0x00, 0x00, 0x00, 0x00, 0x00, 0x00, 0x00, 0x00, 0x00,
  0x00, 0x00, 0x00, 0x00, 0x00, 0x00, 0x00, 0x00, 0x00, 0x00, 0x00, 0x00,
  0x00, 0x00, 0x00, 0x00, 0x00, 0x00, 0x00, 0x00, 0x00, 0x00, 0x00, 0x00,
  0x00, 0x00, 0x00, 0x00, 0x00, 0x00, 0x00, 0x00, 0x00, 0x00, 0x00, 0x00,
  0x00, 0x00, 0x00, 0x00, 0x00, 0x00, 0x00, 0x00, 0x00, 0x00, 0x00, 0x00,
  0x00, 0x00, 0x00, 0x00, 0x00, 0x00, 0x00, 0x00, 0x00, 0x00, 0x00, 0x00,
  0x00, 0x00, 0x00, 0x00, 0x00, 0x00, 0x00, 0x00, 0x00, 0x00, 0x00, 0x00,
  0x00, 0x00, 0x00, 0x00, 0x00, 0x00, 0x00, 0x00, 0x00, 0x00, 0x00, 0x00,
  0x00, 0x00, 0x00, 0x00, 0x00, 0x00, 0x00, 0x00, 0x00, 0x00, 0x00, 0x00,
  0x00, 0x00, 0x00, 0x00, 0x00, 0x00, 0x00, 0x00, 0x00, 0x00, 0x00, 0x00,
  0x00, 0x00, 0x00, 0x00, 0x00, 0x00, 0x00, 0x00, 0x00, 0x00, 0x00, 0x00,
  0x00, 0x00, 0x00, 0x00, 0x00, 0x00, 0x00, 0x00, 0x00, 0x00, 0x00, 0x00,
  0x00, 0x00, 0x00, 0x00, 0x00, 0x00, 0x00, 0x00, 0x00, 0x00, 0x00, 0x00,
  0x00, 0x00, 0x00, 0x00, 0x00, 0x00, 0x00, 0x00, 0x00, 0x00, 0x00, 0x00,
  0x00, 0x00, 0x00, 0x00, 0x00, 0x00, 0x00, 0x00, 0x00, 0x00, 0x00, 0x00,
  0x00, 0x00, 0x00, 0x00, 0x00, 0x00, 0x00, 0x00, 0x00, 0x00, 0x00, 0x00,
  0x00, 0x00, 0x00, 0x00, 0x00, 0x00, 0x00, 0x00, 0x00, 0x00, 0x00, 0x00,
  0x00, 0x00, 0x00, 0x00, 0x00, 0x00, 0x00, 0x00, 0x00, 0x00, 0x00, 0x00,
  0x00, 0x00, 0x00, 0x00, 0x00, 0x00, 0x00, 0x00, 0x00, 0x00, 0x00, 0x00,
  0x00, 0x00, 0x00, 0x00, 0x00, 0x00, 0x00, 0x00, 0x00, 0x00, 0x00, 0x00,
  0x00, 0x00, 0x00, 0x00, 0x00, 0x00, 0x00, 0x00, 0x00, 0x00, 0x00, 0x00,
  0x00, 0x00, 0x00, 0x00, 0x00, 0x00, 0x00, 0x00, 0x00, 0x00, 0x00, 0x00,
  0x00, 0x00, 0x00, 0x00, 0x00, 0x00, 0x00, 0x00, 0x00, 0x00, 0x00, 0x00,
  0x00, 0x00, 0x00, 0x00, 0x00, 0x00, 0x00, 0x00, 0x00, 0x00, 0x00, 0x00,
  0x00, 0x00, 0x00, 0x00, 0x00, 0x00, 0x00, 0x00, 0x00, 0x00, 0x00, 0x00,
  0x00, 0x00, 0x00, 0x00, 0x00, 0x00, 0x00, 0x00, 0x00, 0x00, 0x00, 0x00,
  0x00, 0x00, 0x00, 0x00, 0x00, 0x00, 0x00, 0x00, 0x00, 0x00, 0x00, 0x00,
  0x00, 0x00, 0x00, 0x00, 0x00, 0x00, 0x00, 0x00, 0x00, 0x00, 0x00, 0x00,
  0x00, 0x00, 0x00, 0x00, 0x00, 0x00, 0x00, 0x00, 0x00, 0x00, 0x00, 0x00,
  0x00, 0x00, 0x00, 0x00, 0x00, 0x00, 0x00, 0x00, 0x00, 0x00, 0x00, 0x00,
  0x00, 0x00, 0x00, 0x00, 0x00, 0x00, 0x00, 0x00, 0x00, 0x00, 0x00, 0x00,
  0x00, 0x00, 0x00, 0x00, 0x00, 0x00, 0x00, 0x00, 0x00, 0x00, 0x00, 0x00,
  0x00, 0x00, 0x00, 0x00, 0x00, 0x00, 0x00, 0x00, 0x00, 0x00, 0x00, 0x00,
  0x00, 0x00, 0x00, 0x00, 0x00, 0x00, 0x00, 0x00, 0x00, 0x00, 0x00, 0x00,
  0x00, 0x00, 0x00, 0x00, 0x00, 0x00, 0x00, 0x00, 0x00, 0x00, 0x00, 0x00,
  0x00, 0x00, 0x00, 0x00, 0x00, 0x00, 0x00, 0x00, 0x00, 0x00, 0x00, 0x00,
  0x00, 0x00, 0x00, 0x00, 0x00, 0x00, 0x00, 0x00, 0x00, 0x00, 0x00, 0x00,
  0x00, 0x00, 0x00, 0x00, 0x00, 0x00, 0x00, 0x00, 0x00, 0x00, 0x00, 0x00,
  0x00, 0x00, 0x00, 0x00, 0x00, 0x00, 0x00, 0x00, 0x00, 0x00, 0x00, 0x00,
  0x00, 0x00, 0x00, 0x00, 0x00, 0x00, 0x00, 0x00, 0x00, 0x00, 0x00, 0x00,
  0x00, 0x00, 0x00, 0x00, 0x00, 0x00, 0x00, 0x00, 0x00, 0x00, 0x00, 0x00,
  0x00, 0x00, 0x00, 0x00, 0x00, 0x00, 0x00, 0x00, 0x00, 0x00, 0x00, 0x00,
  0x00, 0x00, 0x00, 0x00, 0x00, 0x00, 0x00, 0x00, 0x00, 0x00, 0x00, 0x00,
  0x00, 0x00, 0x00, 0x00, 0x00, 0x00, 0x00, 0x00, 0x00, 0x00, 0x00, 0x00,
  0x00, 0x00, 0x00, 0x00, 0x00, 0x00, 0x00, 0x00, 0x00, 0x00, 0x00, 0x00,
  0x00, 0x00, 0x00, 0x00, 0x00, 0x00, 0x00, 0x00, 0x00, 0x00, 0x00, 0x00,
  0x00, 0x00, 0x00, 0x00, 0x00, 0x00, 0x00, 0x00, 0x00, 0x00, 0x00, 0x00,
  0x00, 0x00, 0x00, 0x00, 0x00, 0x00, 0x00, 0x00, 0x00, 0x00, 0x00, 0x00,
  0x00, 0x00, 0x00, 0x00, 0x00, 0x00, 0x00, 0x00, 0x00, 0x00, 0x00, 0x00,
  0x00, 0x00, 0x00, 0x00, 0x00, 0x00, 0x00, 0x00, 0x00, 0x00, 0x00, 0x00,
  0x00, 0x00, 0x00, 0x00, 0x00, 0x00, 0x00, 0x00, 0x00, 0x00, 0x00, 0x00,
  0x00, 0x00, 0x00, 0x00, 0x00, 0x00, 0x00, 0x00, 0x00, 0x00, 0x00, 0x00,
  0x00, 0x00, 0x00, 0x00, 0x00, 0x00, 0x00, 0x00, 0x00, 0x00, 0x00, 0x00,
  0x00, 0x00, 0x00, 0x00, 0x00, 0x00, 0x00, 0x00, 0x00, 0x00, 0x00, 0x00,
  0x00, 0x00, 0x00, 0x00, 0x00, 0x00, 0x00, 0x00, 0x00, 0x00, 0x00, 0x00,
  0x00, 0x00, 0x00, 0x00, 0x00, 0x00, 0x00, 0x00, 0x00, 0x00, 0x00, 0x00,
  0x00, 0x00, 0x00, 0x00, 0x00, 0x00, 0x00, 0x00, 0x00, 0x00, 0x00, 0x00,
  0x00, 0x00, 0x00, 0x00, 0x00, 0x00, 0x00, 0x00, 0x00, 0x00, 0x00, 0x00,
  0x00, 0x00, 0x00, 0x00, 0x00, 0x00, 0x00, 0x00, 0x00, 0x00, 0x00, 0x00,
  0x00, 0x00, 0x00, 0x00, 0x00, 0x00, 0x00, 0x00, 0x00, 0x00, 0x00, 0x00,
  0x00, 0x00, 0x00, 0x00, 0x00, 0x00, 0x00, 0x00, 0x00, 0x00, 0x00, 0x00,
  0x00, 0x00, 0x00, 0x00, 0x00, 0x00, 0x00, 0x00, 0x00, 0x00, 0x00, 0x00,
  0x00, 0x00, 0x00, 0x00, 0x00, 0x00, 0x00, 0x00, 0x00, 0x00, 0x00, 0x00,
  0x00, 0x00, 0x00, 0x00, 0x00, 0x00, 0x00, 0x00, 0x00, 0x00, 0x00, 0x00,
  0x00, 0x00, 0x00, 0x00, 0x00, 0x00, 0x00, 0x00, 0x00, 0x00, 0x00, 0x00,
  0x00, 0x00, 0x00, 0x00, 0x00, 0x00, 0x00, 0x00, 0x00, 0x00, 0x00, 0x00,
  0x00, 0x00, 0x00, 0x00, 0x00, 0x00, 0x00, 0x00, 0x00, 0x00, 0x00, 0x00,
  0x00, 0x00, 0x00, 0x00, 0x00, 0x00, 0x00, 0x00, 0x00, 0x00, 0x00, 0x00,
  0x00, 0x00, 0x00, 0x00, 0x00, 0x00, 0x00, 0x00, 0x00, 0x00, 0x00, 0x00,
  0x00, 0x00, 0x00, 0x00, 0x00, 0x00, 0x00, 0x00, 0x00, 0x00, 0x00, 0x00,
  0x00, 0x00, 0x00, 0x00, 0x00, 0x00, 0x00, 0x00, 0x00, 0x00, 0x00, 0x00,
  0x00, 0x00, 0x00, 0x00, 0x00, 0x00, 0x00, 0x00, 0x00, 0x00, 0x00, 0x00,
  0x00, 0x00, 0x00, 0x00, 0x00, 0x00, 0x00, 0x00, 0x00, 0x00, 0x00, 0x00,
  0x00, 0x00, 0x00, 0x00, 0x00, 0x00, 0x00, 0x00, 0x00, 0x00, 0x00, 0x00,
  0x00, 0x00, 0x00, 0x00, 0x00, 0x00, 0x00, 0x00, 0x00, 0x00, 0x00, 0x00,
  0x00, 0x00, 0x00, 0x00, 0x00, 0x00, 0x00, 0x00, 0x00, 0x00, 0x00, 0x00,
  0x00, 0x00, 0x00, 0x00, 0x00, 0x00, 0x00, 0x00, 0x00, 0x00, 0x00, 0x00,
  0x00, 0x00, 0x00, 0x00, 0x00, 0x00, 0x00, 0x00, 0x00, 0x00, 0x00, 0x00,
  0x00, 0x00, 0x00, 0x00, 0x00, 0x00, 0x00, 0x00, 0x00, 0x00, 0x00, 0x00,
  0x00, 0x00, 0x00, 0x00, 0x00, 0x00, 0x00, 0x00, 0x00, 0x00, 0x00, 0x00,
  0x00, 0x00, 0x00, 0x00, 0x00, 0x00, 0x00, 0x00, 0x00, 0x00, 0x00, 0x00,
  0x00, 0x00, 0x00, 0x00, 0x00, 0x00, 0x00, 0x00, 0x00, 0x00, 0x00, 0x00,
  0x00, 0x00, 0x00, 0x00, 0x00, 0x00, 0x00, 0x00, 0x00, 0x00, 0x00, 0x00,
  0x00, 0x00, 0x00, 0x00, 0x00, 0x00, 0x00, 0x00, 0x00, 0x00, 0x00, 0x00,
  0x00, 0x00, 0x00, 0x00, 0x00, 0x00, 0x00, 0x00, 0x00, 0x00, 0x00, 0x00,
  0x00, 0x00, 0x00, 0x00, 0x00, 0x00, 0x00, 0x00, 0x00, 0x00, 0x00, 0x00,
  0x00, 0x00, 0x00, 0x00, 0x00, 0x00, 0x00, 0x00, 0x00, 0x00, 0x00, 0x00,
  0x00, 0x00, 0x00, 0x00, 0x00, 0x00, 0x00, 0x00, 0x00, 0x00, 0x00, 0x00,
  0x00, 0x00, 0x00, 0x00, 0x00, 0x00, 0x00, 0x00, 0x00, 0x00, 0x00, 0x00,
  0x00, 0x00, 0x00, 0x00, 0x00, 0x00, 0x00, 0x00, 0x00, 0x00, 0x00, 0x00,
  0x00, 0x00, 0x00, 0x00, 0x00, 0x00, 0x00, 0x00, 0x00, 0x00, 0x00, 0x00,
  0x00, 0x00, 0x00, 0x00, 0x00, 0x00, 0x00, 0x00, 0x00, 0x00, 0x00, 0x00,
  0x00, 0x00, 0x00, 0x00, 0x00, 0x00, 0x00, 0x00, 0x00, 0x00, 0x00, 0x00,
  0x00, 0x00, 0x00, 0x00, 0x00, 0x00, 0x00, 0x00, 0x00, 0x00, 0x00, 0x00,
  0x00, 0x00, 0x00, 0x00, 0x00, 0x00, 0x00, 0x00, 0x00, 0x00, 0x00, 0x00,
  0x00, 0x00, 0x00, 0x00, 0x00, 0x00, 0x00, 0x00, 0x00, 0x00, 0x00, 0x00,
  0x00, 0x00, 0x00, 0x00, 0x00, 0x00, 0x00, 0x00, 0x00, 0x00, 0x00, 0x00,
  0x00, 0x00, 0x00, 0x00, 0x00, 0x00, 0x00, 0x00, 0x00, 0x00, 0x00, 0x00,
  0x00, 0x00, 0x00, 0x00, 0x00, 0x00, 0x00, 0x00, 0x00, 0x00, 0x00, 0x00,
  0x00, 0x00, 0x00, 0x00, 0x00, 0x00, 0x00, 0x00, 0x00, 0x00, 0x00, 0x00,
  0x00, 0x00, 0x00, 0x00, 0x00, 0x00, 0x00, 0x00, 0x00, 0x00, 0x00, 0x00,
  0x00, 0x00, 0x00, 0x00, 0x00, 0x00, 0x00, 0x00, 0x00, 0x00, 0x00, 0x00,
  0x00, 0x00, 0x00, 0x00, 0x00, 0x00, 0x00, 0x00, 0x00, 0x00, 0x00, 0x00,
  0x00, 0x00, 0x00, 0x00, 0x00, 0x00, 0x00, 0x00, 0x00, 0x00, 0x00, 0x00,
  0x00, 0x00, 0x00, 0x00, 0x00, 0x00, 0x00, 0x00, 0x00, 0x00, 0x00, 0x00,
  0x00, 0x00, 0x00, 0x00, 0x00, 0x00, 0x00, 0x00, 0x00, 0x00, 0x00, 0x00,
  0x00, 0x00, 0x00, 0x00, 0x00, 0x00, 0x00, 0x00, 0x00, 0x00, 0x00, 0x00,
  0x00, 0x00, 0x00, 0x00, 0x00, 0x00, 0x00, 0x00, 0x00, 0x00, 0x00, 0x00,
  0x00, 0x00, 0x00, 0x00, 0x00, 0x00, 0x00, 0x00, 0x00, 0x00, 0x00, 0x00,
  0x00, 0x00, 0x00, 0x00, 0x00, 0x00, 0x00, 0x00, 0x00, 0x00, 0x00, 0x00,
  0x00, 0x00, 0x00, 0x00, 0x00, 0x00, 0x00, 0x00, 0x00, 0x00, 0x00, 0x00,
  0x00, 0x00, 0x00, 0x00, 0x00, 0x00, 0x00, 0x00, 0x00, 0x00, 0x00, 0x00,
  0x00, 0x00, 0x00, 0x00, 0x00, 0x00, 0x00, 0x00, 0x00, 0x00, 0x00, 0x00,
  0x00, 0x00, 0x00, 0x00, 0x00, 0x00, 0x00, 0x00, 0x00, 0x00, 0x00, 0x00,
  0x00, 0x00, 0x00, 0x00, 0x00, 0x00, 0x00, 0x00, 0x00, 0x00, 0x00, 0x00,
  0x00, 0x00, 0x00, 0x00, 0x00, 0x00, 0x00, 0x00, 0x00, 0x00, 0x00, 0x00,
  0x00, 0x00, 0x00, 0x00, 0x00, 0x00, 0x00, 0x00, 0x00, 0x00, 0x00, 0x00,
  0x00, 0x00, 0x00, 0x00, 0x00, 0x00, 0x00, 0x00, 0x00, 0x00, 0x00, 0x00,
  0x00, 0x00, 0x00, 0x00, 0x00, 0x00, 0x00, 0x00, 0x00, 0x00, 0x00, 0x00,
  0x00, 0x00, 0x00, 0x00, 0x00, 0x00, 0x00, 0x00, 0x00, 0x00, 0x00, 0x00,
  0x00, 0x00, 0x00, 0x00, 0x00, 0x00, 0x00, 0x00, 0x00, 0x00, 0x00, 0x00,
  0x00, 0x00, 0x00, 0x00, 0x00, 0x00, 0x00, 0x00, 0x00, 0x00, 0x00, 0x00,
  0x00, 0x00, 0x00, 0x00, 0x00, 0x00, 0x00, 0x00, 0x00, 0x00, 0x00, 0x00,
  0x00, 0x00, 0x00, 0x00, 0x00, 0x00, 0x00, 0x00, 0x00, 0x00, 0x00, 0x00,
  0x00, 0x00, 0x00, 0x00, 0x00, 0x00, 0x00, 0x00, 0x00, 0x00, 0x00, 0x00,
  0x00, 0x00, 0x00, 0x00, 0x00, 0x00, 0x00, 0x00, 0x00, 0x00, 0x00, 0x00,
  0x00, 0x00, 0x00, 0x00, 0x00, 0x00, 0x00, 0x00, 0x00, 0x00, 0x00, 0x00,
  0x00, 0x00, 0x00, 0x00, 0x00, 0x00, 0x00, 0x00, 0x00, 0x00, 0x00, 0x00,
  0x00, 0x00, 0x00, 0x00, 0x00, 0x00, 0x00, 0x00, 0x00, 0x00, 0x00, 0x00,
  0x00, 0x00, 0x00, 0x00, 0x00, 0x00, 0x00, 0x00, 0x00, 0x00, 0x00, 0x00,
  0x00, 0x00, 0x00, 0x00, 0x00, 0x00, 0x00, 0x00, 0x00, 0x00, 0x00, 0x00,
  0x00, 0x00, 0x00, 0x00, 0x00, 0x00, 0x00, 0x00, 0x00, 0x00, 0x00, 0x00,
  0x00, 0x00, 0x00, 0x00, 0x00, 0x00, 0x00, 0x00, 0x00, 0x00, 0x00, 0x00,
  0x00, 0x00, 0x00, 0x00, 0x00, 0x00, 0x00, 0x00, 0x00, 0x00, 0x00, 0x00,
  0x00, 0x00, 0x00, 0x00, 0x00, 0x00, 0x00, 0x00, 0x00, 0x00, 0x00, 0x00,
  0x00, 0x00, 0x00, 0x00, 0x00, 0x00, 0x00, 0x00, 0x00, 0x00, 0x00, 0x00,
  0x00, 0x00, 0x00, 0x00, 0x00, 0x00, 0x00, 0x00, 0x00, 0x00, 0x00, 0x00,
  0x00, 0x00, 0x00, 0x00, 0x00, 0x00, 0x00, 0x00, 0x00, 0x00, 0x00, 0x00,
  0x00, 0x00, 0x00, 0x00, 0x00, 0x00, 0x00, 0x00, 0x00, 0x00, 0x00, 0x00,
  0x00, 0x00, 0x00, 0x00, 0x00, 0x00, 0x00, 0x00, 0x00, 0x00, 0x00, 0x00,
  0x00, 0x00, 0x00, 0x00, 0x00, 0x00, 0x00, 0x00, 0x00, 0x00, 0x00, 0x00,
  0x00, 0x00, 0x00, 0x00, 0x00, 0x00, 0x00, 0x00, 0x00, 0x00, 0x00, 0x00,
  0x00, 0x00, 0x00, 0x00, 0x00, 0x00, 0x00, 0x00, 0x00, 0x00, 0x00, 0x00,
  0x00, 0x00, 0x00, 0x00, 0x00, 0x00, 0x00, 0x00, 0x00, 0x00, 0x00, 0x00,
  0x00, 0x00, 0x00, 0x00, 0x00, 0x00, 0x00, 0x00, 0x00, 0x00, 0x00, 0x00,
  0x00, 0x00, 0x00, 0x00, 0x00, 0x00, 0x00, 0x00, 0x00, 0x00, 0x00, 0x00,
  0x00, 0x00, 0x00, 0x00, 0x00, 0x00, 0x00, 0x00, 0x00, 0x00, 0x00, 0x00,
  0x00, 0x00, 0x00, 0x00, 0x00, 0x00, 0x00, 0x00, 0x00, 0x00, 0x00, 0x00,
  0x00, 0x00, 0x00, 0x00, 0x00, 0x00, 0x00, 0x00, 0x00, 0x00, 0x00, 0x00,
  0x00, 0x00, 0x00, 0x00, 0x00, 0x00, 0x00, 0x00, 0x00, 0x00, 0x00, 0x00,
  0x00, 0x00, 0x00, 0x00, 0x00, 0x00, 0x00, 0x00, 0x00, 0x00, 0x00, 0x00,
  0x00, 0x00, 0x00, 0x00, 0x00, 0x00, 0x00, 0x00, 0x00, 0x00, 0x00, 0x00,
  0x00, 0x00, 0x00, 0x00, 0x00, 0x00, 0x00, 0x00, 0x00, 0x00, 0x00, 0x00,
  0x00, 0x00, 0x00, 0x00, 0x00, 0x00, 0x00, 0x00, 0x00, 0x00, 0x00, 0x00,
  0x00, 0x00, 0x00, 0x00, 0x00, 0x00, 0x00, 0x00, 0x00, 0x00, 0x00, 0x00,
  0x00, 0x00, 0x00, 0x00, 0x00, 0x00, 0x00, 0x00, 0x00, 0x00, 0x00, 0x00,
  0x00, 0x00, 0x00, 0x00, 0x00, 0x00, 0x00, 0x00, 0x00, 0x00, 0x00, 0x00,
  0x00, 0x00, 0x00, 0x00, 0x00, 0x00, 0x00, 0x00, 0x00, 0x00, 0x00, 0x00,
  0x00, 0x00, 0x00, 0x00, 0x00, 0x00, 0x00, 0x00, 0x00, 0x00, 0x00, 0x00,
  0x00, 0x00, 0x00, 0x00, 0x00, 0x00, 0x00, 0x00, 0x00, 0x00, 0x00, 0x00,
  0x00, 0x00, 0x00, 0x00, 0x00, 0x00, 0x00, 0x00, 0x00, 0x00, 0x00, 0x00,
  0x00, 0x00, 0x00, 0x00, 0x00, 0x00, 0x00, 0x00, 0x00, 0x00, 0x00, 0x00,
  0x00, 0x00, 0x00, 0x00, 0x00, 0x00, 0x00, 0x00, 0x00, 0x00, 0x00, 0x00,
  0x00, 0x00, 0x00, 0x00, 0x00, 0x00, 0x00, 0x00, 0x00, 0x00, 0x00, 0x00,
  0x00, 0x00, 0x00, 0x00, 0x00, 0x00, 0x00, 0x00, 0x00, 0x00, 0x00, 0x00,
  0x00, 0x00, 0x00, 0x00, 0x00, 0x00, 0x00, 0x00, 0x00, 0x00, 0x00, 0x00,
  0x00, 0x00, 0x00, 0x00, 0x00, 0x00, 0x00, 0x00, 0x00, 0x00, 0x00, 0x00,
  0x00, 0x00, 0x00, 0x00, 0x00, 0x00, 0x00, 0x00, 0x00, 0x00, 0x00, 0x00,
  0x00, 0x00, 0x00, 0x00, 0x00, 0x00, 0x00, 0x00, 0x00, 0x00, 0x00, 0x00,
  0x00, 0x00, 0x00, 0x00, 0x00, 0x00, 0x00, 0x00, 0x00, 0x00, 0x00, 0x00,
  0x00, 0x00, 0x00, 0x00, 0x00, 0x00, 0x00, 0x00, 0x00, 0x00, 0x00, 0x00,
  0x00, 0x00, 0x00, 0x00, 0x00, 0x00, 0x00, 0x00, 0x00, 0x00, 0x00, 0x00,
  0x00, 0x00, 0x00, 0x00, 0x00, 0x00, 0x00, 0x00, 0x00, 0x00, 0x00, 0x00,
  0x00, 0x00, 0x00, 0x00, 0x00, 0x00, 0x00, 0x00, 0x00, 0x00, 0x00, 0x00,
  0x00, 0x00, 0x00, 0x00, 0x00, 0x00, 0x00, 0x00, 0x00, 0x00, 0x00, 0x00,
  0x00, 0x00, 0x00, 0x00, 0x00, 0x00, 0x00, 0x00, 0x00, 0x00, 0x00, 0x00,
  0x00, 0x00, 0x00, 0x00, 0x00, 0x00, 0x00, 0x00, 0x00, 0x00, 0x00, 0x00,
  0x00, 0x00, 0x00, 0x00, 0x00, 0x00, 0x00, 0x00, 0x00, 0x00, 0x00, 0x00,
  0x00, 0x00, 0x00, 0x00, 0x00, 0x00, 0x00, 0x00, 0x00, 0x00, 0x00, 0x00,
  0x00, 0x00, 0x00, 0x00, 0x00, 0x00, 0x00, 0x00, 0x00, 0x00, 0x00, 0x00,
  0x00, 0x00, 0x00, 0x00, 0x00, 0x00, 0x00, 0x00, 0x00, 0x00, 0x00, 0x00,
  0x00, 0x00, 0x00, 0x00, 0x00, 0x00, 0x00, 0x00, 0x00, 0x00, 0x00, 0x00,
  0x00, 0x00, 0x00, 0x00, 0x00, 0x00, 0x00, 0x00, 0x00, 0x00, 0x00, 0x00,
  0x00, 0x00, 0x00, 0x00, 0x00, 0x00, 0x00, 0x00, 0x00, 0x00, 0x00, 0x00,
  0x00, 0x00, 0x00, 0x00, 0x00, 0x00, 0x00, 0x00, 0x00, 0x00, 0x00, 0x00,
  0x00, 0x00, 0x00, 0x00, 0x00, 0x00, 0x00, 0x00, 0x00, 0x00, 0x00, 0x00,
  0x00, 0x00, 0x00, 0x00, 0x00, 0x00, 0x00, 0x00, 0x00, 0x00, 0x00, 0x00,
  0x00, 0x00, 0x00, 0x00, 0x00, 0x00, 0x00, 0x00, 0x00, 0x00, 0x00, 0x00,
  0x00, 0x00, 0x00, 0x00, 0x00, 0x00, 0x00, 0x00, 0x00, 0x00, 0x00, 0x00,
  0x00, 0x00, 0x00, 0x00, 0x00, 0x00, 0x00, 0x00, 0x00, 0x00, 0x00, 0x00,
  0x00, 0x00, 0x00, 0x00, 0x00, 0x00, 0x00, 0x00, 0x00, 0x00, 0x00, 0x00,
  0x00, 0x00, 0x00, 0x00, 0x00, 0x00, 0x00, 0x00, 0x00, 0x00, 0x00, 0x00,
  0x00, 0x00, 0x00, 0x00, 0x00, 0x00, 0x00, 0x00, 0x00, 0x00, 0x00, 0x00,
  0x00, 0x00, 0x00, 0x00, 0x00, 0x00, 0x00, 0x00, 0x00, 0x00, 0x00, 0x00,
  0x00, 0x00, 0x00, 0x00, 0x00, 0x00, 0x00, 0x00, 0x00, 0x00, 0x00, 0x00,
  0x00, 0x00, 0x00, 0x00, 0x00, 0x00, 0x00, 0x00, 0x00, 0x00, 0x00, 0x00,
  0x00, 0x00, 0x00, 0x00, 0x00, 0x00, 0x00, 0x00, 0x00, 0x00, 0x00, 0x00,
  0x00, 0x00, 0x00, 0x00, 0x00, 0x00, 0x00, 0x00, 0x00, 0x00, 0x00, 0x00,
  0x00, 0x00, 0x00, 0x00, 0x00, 0x00, 0x00, 0x00, 0x00, 0x00, 0x00, 0x00,
  0x00, 0x00, 0x00, 0x00, 0x00, 0x00, 0x00, 0x00, 0x00, 0x00, 0x00, 0x00,
  0x00, 0x00, 0x00, 0x00, 0x00, 0x00, 0x00, 0x00, 0x00, 0x00, 0x00, 0x00,
  0x00, 0x00, 0x00, 0x00, 0x00, 0x00, 0x00, 0x00, 0x00, 0x00, 0x00, 0x00,
  0x00, 0x00, 0x00, 0x00, 0x00, 0x00, 0x00, 0x00, 0x00, 0x00, 0x00, 0x00,
  0x00, 0x00, 0x00, 0x00, 0x00, 0x00, 0x00, 0x00, 0x00, 0x00, 0x00, 0x00,
  0x00, 0x00, 0x00, 0x00, 0x00, 0x00, 0x00, 0x00, 0x00, 0x00, 0x00, 0x00,
  0x00, 0x00, 0x00, 0x00, 0x00, 0x00, 0x00, 0x00, 0x00, 0x00, 0x00, 0x00,
  0x00, 0x00, 0x00, 0x00, 0x00, 0x00, 0x00, 0x00, 0x00, 0x00, 0x00, 0x00,
  0x00, 0x00, 0x00, 0x00, 0x00, 0x00, 0x00, 0x00, 0x00, 0x00, 0x00, 0x00,
  0x00, 0x00, 0x00, 0x00, 0x00, 0x00, 0x00, 0x00, 0x00, 0x00, 0x00, 0x00,
  0x00, 0x00, 0x00, 0x00, 0x00, 0x00, 0x00, 0x00, 0x00, 0x00, 0x00, 0x00,
  0x00, 0x00, 0x00, 0x00, 0x00, 0x00, 0x00, 0x00, 0x00, 0x00, 0x00, 0x00,
  0x00, 0x00, 0x00, 0x00, 0x00, 0x00, 0x00, 0x00, 0x00, 0x00, 0x00, 0x00,
  0x00, 0x00, 0x00, 0x00, 0x00, 0x00, 0x00, 0x00, 0x00, 0x00, 0x00, 0x00,
  0x00, 0x00, 0x00, 0x00, 0x00, 0x00, 0x00, 0x00, 0x00, 0x00, 0x00, 0x00,
  0x00, 0x00, 0x00, 0x00, 0x00, 0x00, 0x00, 0x00, 0x00, 0x00, 0x00, 0x00,
  0x00, 0x00, 0x00, 0x00, 0x00, 0x00, 0x00, 0x00, 0x00, 0x00, 0x00, 0x00,
  0x00, 0x00, 0x00, 0x00, 0x00, 0x00, 0x00, 0x00, 0x00, 0x00, 0x00, 0x00,
  0x00, 0x00, 0x00, 0x00, 0x00, 0x00, 0x00, 0x00, 0x00, 0x00, 0x00, 0x00,
  0x00, 0x00, 0x00, 0x00, 0x00, 0x00, 0x00, 0x00, 0x00, 0x00, 0x00, 0x00,
  0x00, 0x00, 0x00, 0x00, 0x00, 0x00, 0x00, 0x00, 0x00, 0x00, 0x00, 0x00,
  0x00, 0x00, 0x00, 0x00, 0x00, 0x00, 0x00, 0x00, 0x00, 0x00, 0x00, 0x00,
  0x00, 0x00, 0x00, 0x00, 0x00, 0x00, 0x00, 0x00, 0x00, 0x00, 0x00, 0x00,
  0x00, 0x00, 0x00, 0x00, 0x00, 0x00, 0x00, 0x00, 0x00, 0x00, 0x00, 0x00,
  0x00, 0x00, 0x00, 0x00, 0x00, 0x00, 0x00, 0x00, 0x00, 0x00, 0x00, 0x00,
  0x00, 0x00, 0x00, 0x00, 0x00, 0x00, 0x00, 0x00, 0x00, 0x00, 0x00, 0x00,
  0x00, 0x00, 0x00, 0x00, 0x00, 0x00, 0x00, 0x00, 0x00, 0x00, 0x00, 0x00,
  0x00, 0x00, 0x00, 0x00, 0x00, 0x00, 0x00, 0x00, 0x00, 0x00, 0x00, 0x00,
  0x00, 0x00, 0x00, 0x00, 0x00, 0x00, 0x00, 0x00, 0x00, 0x00, 0x00, 0x00,
  0x00, 0x00, 0x00, 0x00, 0x00, 0x00, 0x00, 0x00, 0x00, 0x00, 0x00, 0x00,
  0x00, 0x00, 0x00, 0x00, 0x00, 0x00, 0x00, 0x00, 0x00, 0x00, 0x00, 0x00,
  0x00, 0x00, 0x00, 0x00, 0x00, 0x00, 0x00, 0x00, 0x00, 0x00, 0x00, 0x00,
  0x00, 0x00, 0x00, 0x00, 0x00, 0x00, 0x00, 0x00, 0x00, 0x00, 0x00, 0x00,
  0x00, 0x00, 0x00, 0x00, 0x00, 0x00, 0x00, 0x00, 0x00, 0x00, 0x00, 0x00,
  0x00, 0x00, 0x00, 0x00, 0x00, 0x00, 0x00, 0x00, 0x00, 0x00, 0x00, 0x00,
  0x00, 0x00, 0x00, 0x00, 0x00, 0x00, 0x00, 0x00, 0x00, 0x00, 0x00, 0x00,
  0x00, 0x00, 0x00, 0x00, 0x00, 0x00, 0x00, 0x00, 0x00, 0x00, 0x00, 0x00,
  0x00, 0x00, 0x00, 0x00, 0x00, 0x00, 0x00, 0x00, 0x00, 0x00, 0x00, 0x00,
  0x00, 0x00, 0x00, 0x00, 0x00, 0x00, 0x00, 0x00, 0x00, 0x00, 0x00, 0x00,
  0x00, 0x00, 0x00, 0x00, 0x00, 0x00, 0x00, 0x00, 0x00, 0x00, 0x00, 0x00,
  0x00, 0x00, 0x00, 0x00, 0x00, 0x00, 0x00, 0x00, 0x00, 0x00, 0x00, 0x00,
  0x00, 0x00, 0x00, 0x00, 0x00, 0x00, 0x00, 0x00, 0x00, 0x00, 0x00, 0x00,
  0x00, 0x00, 0x00, 0x00, 0x00, 0x00, 0x00, 0x00, 0x00, 0x00, 0x00, 0x00,
  0x00, 0x00, 0x00, 0x00, 0x00, 0x00, 0x00, 0x00, 0x00, 0x00, 0x00, 0x00,
  0x00, 0x00, 0x00, 0x00, 0x00, 0x00, 0x00, 0x00, 0x00, 0x00, 0x00, 0x00,
  0x00, 0x00, 0x00, 0x00, 0x00, 0x00, 0x00, 0x00, 0x00, 0x00, 0x00, 0x00,
  0x00, 0x00, 0x00, 0x00, 0x00, 0x00, 0x00, 0x00, 0x00, 0x00, 0x00, 0x00,
  0x00, 0x00, 0x00, 0x00, 0x00, 0x00, 0x00, 0x00, 0x00, 0x00, 0x00, 0x00,
  0x00, 0x00, 0x00, 0x00, 0x00, 0x00, 0x00, 0x00, 0x00, 0x00, 0x00, 0x00,
  0x00, 0x00, 0x00, 0x00, 0x00, 0x00, 0x00, 0x00, 0x00, 0x00, 0x00, 0x00,
  0x00, 0x00, 0x00, 0x00, 0x00, 0x00, 0x00, 0x00, 0x00, 0x00, 0x00, 0x00,
  0x00, 0x00, 0x00, 0x00, 0x00, 0x00, 0x00, 0x00, 0x00, 0x00, 0x00, 0x00,
  0x00, 0x00, 0x00, 0x00, 0x00, 0x00, 0x00, 0x00, 0x00, 0x00, 0x00, 0x00,
  0x00, 0x00, 0x00, 0x00, 0x00, 0x00, 0x00, 0x00, 0x00, 0x00, 0x00, 0x00,
  0x00, 0x00, 0x00, 0x00, 0x00, 0x00, 0x00, 0x00, 0x00, 0x00, 0x00, 0x00,
  0x00, 0x00, 0x00, 0x00, 0x00, 0x00, 0x00, 0x00, 0x00, 0x00, 0x00, 0x00,
  0x00, 0x00, 0x00, 0x00, 0x00, 0x00, 0x00, 0x00, 0x00, 0x00, 0x00, 0x00,
  0x00, 0x00, 0x00, 0x00, 0x00, 0x00, 0x00, 0x00, 0x00, 0x00, 0x00, 0x00,
  0x00, 0x00, 0x00, 0x00, 0x00, 0x00, 0x00, 0x00, 0x00, 0x00, 0x00, 0x00,
  0x00, 0x00, 0x00, 0x00, 0x00, 0x00, 0x00, 0x00, 0x00, 0x00, 0x00, 0x00,
  0x00, 0x00, 0x00, 0x00, 0x00, 0x00, 0x00, 0x00, 0x00, 0x00, 0x00, 0x00,
  0x00, 0x00, 0x00, 0x00, 0x00, 0x00, 0x00, 0x00, 0x00, 0x00, 0x00, 0x00,
  0x00, 0x00, 0x00, 0x00, 0x00, 0x00, 0x00, 0x00, 0x00, 0x00, 0x00, 0x00,
  0x00, 0x00, 0x00, 0x00, 0x00, 0x00, 0x00, 0x00, 0x00, 0x00, 0x00, 0x00,
  0x00, 0x00, 0x00, 0x00, 0x00, 0x00, 0x00, 0x00, 0x00, 0x00, 0x00, 0x00,
  0x00, 0x00, 0x00, 0x00, 0x00, 0x00, 0x00, 0x00, 0x00, 0x00, 0x00, 0x00,
  0x00, 0x00, 0x00, 0x00, 0x00, 0x00, 0x00, 0x00, 0x00, 0x00, 0x00, 0x00,
  0x00, 0x00, 0x00, 0x00, 0x00, 0x00, 0x00, 0x00, 0x00, 0x00, 0x00, 0x00,
  0x00, 0x00, 0x00, 0x00, 0x00, 0x00, 0x00, 0x00, 0x00, 0x00, 0x00, 0x00,
  0x00, 0x00, 0x00, 0x00, 0x00, 0x00, 0x00, 0x00, 0x00, 0x00, 0x00, 0x00,
  0x00, 0x00, 0x00, 0x00, 0x00, 0x00, 0x00, 0x00, 0x00, 0x00, 0x00, 0x00,
  0x00, 0x00, 0x00, 0x00, 0x00, 0x00, 0x00, 0x00, 0x00, 0x00, 0x00, 0x00,
  0x00, 0x00, 0x00, 0x00, 0x00, 0x00, 0x00, 0x00, 0x00, 0x00, 0x00, 0x00,
  0x00, 0x00, 0x00, 0x00, 0x00, 0x00, 0x00, 0x00, 0x00, 0x00, 0x00, 0x00,
  0x00, 0x00, 0x00, 0x00, 0x00, 0x00, 0x00, 0x00, 0x00, 0x00, 0x00, 0x00,
  0x00, 0x00, 0x00, 0x00, 0x00, 0x00, 0x00, 0x00, 0x00, 0x00, 0x00, 0x00,
  0x00, 0x00, 0x00, 0x00, 0x00, 0x00, 0x00, 0x00, 0x00, 0x00, 0x00, 0x00,
  0x00, 0x00, 0x00, 0x00, 0x00, 0x00, 0x00, 0x00, 0x00, 0x00, 0x00, 0x00,
  0x00, 0x00, 0x00, 0x00, 0x00, 0x00, 0x00, 0x00, 0x00, 0x00, 0x00, 0x00,
  0x00, 0x00, 0x00, 0x00, 0x00, 0x00, 0x00, 0x00, 0x00, 0x00, 0x00, 0x00,
  0x00, 0x00, 0x00, 0x00, 0x00, 0x00, 0x00, 0x00, 0x00, 0x00, 0x00, 0x00,
  0x00, 0x00, 0x00, 0x00, 0x00, 0x00, 0x00, 0x00, 0x00, 0x00, 0x00, 0x00,
  0x00, 0x00, 0x00, 0x00, 0x00, 0x00, 0x00, 0x00, 0x00, 0x00, 0x00, 0x00,
  0x00, 0x00, 0x00, 0x00, 0x00, 0x00, 0x00, 0x00, 0x00, 0x00, 0x00, 0x00,
  0x00, 0x00, 0x00, 0x00, 0x00, 0x00, 0x00, 0x00, 0x00, 0x00, 0x00, 0x00,
  0x00, 0x00, 0x00, 0x00, 0x00, 0x00, 0x00, 0x00, 0x00, 0x00, 0x00, 0x00,
  0x00, 0x00, 0x00, 0x00, 0x00, 0x00, 0x00, 0x00, 0x00, 0x00, 0x00, 0x00,
  0x00, 0x00, 0x00, 0x00, 0x00, 0x00, 0x00, 0x00, 0x00, 0x00, 0x00, 0x00,
  0x00, 0x00, 0x00, 0x00, 0x00, 0x00, 0x00, 0x00, 0x00, 0x00, 0x00, 0x00,
  0x00, 0x00, 0x00, 0x00, 0x00, 0x00, 0x00, 0x00, 0x00, 0x00, 0x00, 0x00,
  0x00, 0x00, 0x00, 0x00, 0x00, 0x00, 0x00, 0x00, 0x00, 0x00, 0x00, 0x00,
  0x00, 0x00, 0x00, 0x00, 0x00, 0x00, 0x00, 0x00, 0x00, 0x00, 0x00, 0x00,
  0x00, 0x00, 0x00, 0x00, 0x00, 0x00, 0x00, 0x00, 0x00, 0x00, 0x00, 0x00,
  0x00, 0x00, 0x00, 0x00, 0x00, 0x00, 0x00, 0x00, 0x00, 0x00, 0x00, 0x00,
  0x00, 0x00, 0x00, 0x00, 0x00, 0x00, 0x00, 0x00, 0x00, 0x00, 0x00, 0x00,
  0x00, 0x00, 0x00, 0x00, 0x00, 0x00, 0x00, 0x00, 0x00, 0x00, 0x00, 0x00,
  0x00, 0x00, 0x00, 0x00, 0x00, 0x00, 0x00, 0x00, 0x00, 0x00, 0x00, 0x00,
  0x00, 0x00, 0x00, 0x00, 0x00, 0x00, 0x00, 0x00, 0x00, 0x00, 0x00, 0x00,
  0x00, 0x00, 0x00, 0x00, 0x00, 0x00, 0x00, 0x00, 0x00, 0x00, 0x00, 0x00,
  0x00, 0x00, 0x00, 0x00, 0x00, 0x00, 0x00, 0x00, 0x00, 0x00, 0x00, 0x00,
  0x00, 0x00, 0x00, 0x00, 0x00, 0x00, 0x00, 0x00, 0x00, 0x00, 0x00, 0x00,
  0x00, 0x00, 0x00, 0x00, 0x00, 0x00, 0x00, 0x00, 0x00, 0x00, 0x00, 0x00,
  0x00, 0x00, 0x00, 0x00, 0x00, 0x00, 0x00, 0x00, 0x00, 0x00, 0x00, 0x00,
  0x00, 0x00, 0x00, 0x00, 0x00, 0x00, 0x00, 0x00, 0x00, 0x00, 0x00, 0x00,
  0x00, 0x00, 0x00, 0x00, 0x00, 0x00, 0x00, 0x00, 0x00, 0x00, 0x00, 0x00,
  0x00, 0x00, 0x00, 0x00, 0x00, 0x00, 0x00, 0x00, 0x00, 0x00, 0x00, 0x00,
  0x00, 0x00, 0x00, 0x00, 0x00, 0x00, 0x00, 0x00, 0x00, 0x00, 0x00, 0x00,
  0x00, 0x00, 0x00, 0x00, 0x00, 0x00, 0x00, 0x00, 0x00, 0x00, 0x00, 0x00,
  0x00, 0x00, 0x00, 0x00, 0x00, 0x00, 0x00, 0x00, 0x00, 0x00, 0x00, 0x00,
  0x00, 0x00, 0x00, 0x00, 0x00, 0x00, 0x00, 0x00, 0x00, 0x00, 0x00, 0x00,
  0x00, 0x00, 0x00, 0x00, 0x00, 0x00, 0x00, 0x00, 0x00, 0x00, 0x00, 0x00,
  0x00, 0x00, 0x00, 0x00, 0x00, 0x00, 0x00, 0x00, 0x00, 0x00, 0x00, 0x00,
  0x00, 0x00, 0x00, 0x00, 0x00, 0x00, 0x00, 0x00, 0x00, 0x00, 0x00, 0x00,
  0x00, 0x00, 0x00, 0x00, 0x00, 0x00, 0x00, 0x00, 0x00, 0x00, 0x00, 0x00,
  0x00, 0x00, 0x00, 0x00, 0x00, 0x00, 0x00, 0x00, 0x00, 0x00, 0x00, 0x00,
  0x00, 0x00, 0x00, 0x00, 0x00, 0x00, 0x00, 0x00, 0x00, 0x00, 0x00, 0x00,
  0x00, 0x00, 0x00, 0x00, 0x00, 0x00, 0x00, 0x00, 0x00, 0x00, 0x00, 0x00,
  0x00, 0x00, 0x00, 0x00, 0x00, 0x00, 0x00, 0x00, 0x00, 0x00, 0x00, 0x00,
  0x00, 0x00, 0x00, 0x00, 0x00, 0x00, 0x00, 0x00, 0x00, 0x00, 0x00, 0x00,
  0x00, 0x00, 0x00, 0x00, 0x00, 0x00, 0x00, 0x00, 0x00, 0x00, 0x00, 0x00,
  0x00, 0x00, 0x00, 0x00, 0x00, 0x00, 0x00, 0x00, 0x00, 0x00, 0x00, 0x00,
  0x00, 0x00, 0x00, 0x00, 0x00, 0x00, 0x00, 0x00, 0x00, 0x00, 0x00, 0x00,
  0x00, 0x00, 0x00, 0x00, 0x00, 0x00, 0x00, 0x00, 0x00, 0x00, 0x00, 0x00,
  0x00, 0x00, 0x00, 0x00, 0x00, 0x00, 0x00, 0x00, 0x00, 0x00, 0x00, 0x00,
  0x00, 0x00, 0x00, 0x00, 0x00, 0x00, 0x00, 0x00, 0x00, 0x00, 0x00, 0x00,
  0x00, 0x00, 0x00, 0x00, 0x00, 0x00, 0x00, 0x00, 0x00, 0x00, 0x00, 0x00,
  0x00, 0x00, 0x00, 0x00, 0x00, 0x00, 0x00, 0x00, 0x00, 0x00, 0x00, 0x00,
  0x00, 0x00, 0x00, 0x00, 0x00, 0x00, 0x00, 0x00, 0x00, 0x00, 0x00, 0x00,
  0x00, 0x00, 0x00, 0x00, 0x00, 0x00, 0x00, 0x00, 0x00, 0x00, 0x00, 0x00,
  0x00, 0x00, 0x00, 0x00, 0x00, 0x00, 0x00, 0x00, 0x00, 0x00, 0x00, 0x00,
  0x00, 0x00, 0x00, 0x00, 0x00, 0x00, 0x00, 0x00, 0x00, 0x00, 0x00, 0x00,
  0x00, 0x00, 0x00, 0x00, 0x00, 0x00, 0x00, 0x00, 0x00, 0x00, 0x00, 0x00,
  0x00, 0x00, 0x00, 0x00, 0x00, 0x00, 0x00, 0x00, 0x00, 0x00, 0x00, 0x00,
  0x00, 0x00, 0x00, 0x00, 0x00, 0x00, 0x00, 0x00, 0x00, 0x00, 0x00, 0x00,
  0x00, 0x00, 0x00, 0x00, 0x00, 0x00, 0x00, 0x00, 0x00, 0x00, 0x00, 0x00,
  0x00, 0x00, 0x00, 0x00, 0x00, 0x00, 0x00, 0x00, 0x00, 0x00, 0x00, 0x00,
  0x00, 0x00, 0x00, 0x00, 0x00, 0x00, 0x00, 0x00, 0x00, 0x00, 0x00, 0x00,
  0x00, 0x00, 0x00, 0x00, 0x00, 0x00, 0x00, 0x00, 0x00, 0x00, 0x00, 0x00,
  0x00, 0x00, 0x00, 0x00, 0x00, 0x00, 0x00, 0x00, 0x00, 0x00, 0x00, 0x00,
  0x00, 0x00, 0x00, 0x00, 0x00, 0x00, 0x00, 0x00, 0x00, 0x00, 0x00, 0x00,
  0x00, 0x00, 0x00, 0x00, 0x00, 0x00, 0x00, 0x00, 0x00, 0x00, 0x00, 0x00,
  0x00, 0x00, 0x00, 0x00, 0x00, 0x00, 0x00, 0x00, 0x00, 0x00, 0x00, 0x00,
  0x00, 0x00, 0x00, 0x00, 0x00, 0x00, 0x00, 0x00, 0x00, 0x00, 0x00, 0x00,
  0x00, 0x00, 0x00, 0x00, 0x00, 0x00, 0x00, 0x00, 0x00, 0x00, 0x00, 0x00,
  0x00, 0x00, 0x00, 0x00, 0x00, 0x00, 0x00, 0x00, 0x00, 0x00, 0x00, 0x00,
  0x00, 0x00, 0x00, 0x00, 0x00, 0x00, 0x00, 0x00, 0x00, 0x00, 0x00, 0x00,
  0x00, 0x00, 0x00, 0x00, 0x00, 0x00, 0x00, 0x00, 0x00, 0x00, 0x00, 0x00,
  0x00, 0x00, 0x00, 0x00, 0x00, 0x00, 0x00, 0x00, 0x00, 0x00, 0x00, 0x00,
  0x00, 0x00, 0x00, 0x00, 0x00, 0x00, 0x00, 0x00, 0x00, 0x00, 0x00, 0x00,
  0x00, 0x00, 0x00, 0x00, 0x00, 0x00, 0x00, 0x00, 0x00, 0x00, 0x00, 0x00,
  0x00, 0x00, 0x00, 0x00, 0x00, 0x00, 0x00, 0x00, 0x00, 0x00, 0x00, 0x00,
  0x00, 0x00, 0x00, 0x00, 0x00, 0x00, 0x00, 0x00, 0x00, 0x00, 0x00, 0x00,
  0x00, 0x00, 0x00, 0x00, 0x00, 0x00, 0x00, 0x00, 0x00, 0x00, 0x00, 0x00,
  0x00, 0x00, 0x00, 0x00, 0x00, 0x00, 0x00, 0x00, 0x00, 0x00, 0x00, 0x00,
  0x00, 0x00, 0x00, 0x00, 0x00, 0x00, 0x00, 0x00, 0x00, 0x00, 0x00, 0x00,
  0x00, 0x00, 0x00, 0x00, 0x00, 0x00, 0x00, 0x00, 0x00, 0x00, 0x00, 0x00,
  0x00, 0x00, 0x00, 0x00, 0x00, 0x00, 0x00, 0x00, 0x00, 0x00, 0x00, 0x00,
  0x00, 0x00, 0x00, 0x00, 0x00, 0x00, 0x00, 0x00, 0x00, 0x00, 0x00, 0x00,
  0x00, 0x00, 0x00, 0x00, 0x00, 0x00, 0x00, 0x00, 0x00, 0x00, 0x00, 0x00,
  0x00, 0x00, 0x00, 0x00, 0x00, 0x00, 0x00, 0x00, 0x00, 0x00, 0x00, 0x00,
  0x00, 0x00, 0x00, 0x00, 0x00, 0x00, 0x00, 0x00, 0x00, 0x00, 0x00, 0x00,
  0x00, 0x00, 0x00, 0x00, 0x00, 0x00, 0x00, 0x00, 0x00, 0x00, 0x00, 0x00,
  0x00, 0x00, 0x00, 0x00, 0x00, 0x00, 0x00, 0x00, 0x00, 0x00, 0x00, 0x00,
  0x00, 0x00, 0x00, 0x00, 0x00, 0x00, 0x00, 0x00, 0x00, 0x00, 0x00, 0x00,
  0x00, 0x00, 0x00, 0x00, 0x00, 0x00, 0x00, 0x00, 0x00, 0x00, 0x00, 0x00,
  0x00, 0x00, 0x00, 0x00, 0x00, 0x00, 0x00, 0x00, 0x00, 0x00, 0x00, 0x00,
  0x00, 0x00, 0x00, 0x00, 0x00, 0x00, 0x00, 0x00, 0x00, 0x00, 0x00, 0x00,
  0x00, 0x00, 0x00, 0x00, 0x00, 0x00, 0x00, 0x00, 0x00, 0x00, 0x00, 0x00,
  0x00, 0x00, 0x00, 0x00, 0x00, 0x00, 0x00, 0x00, 0x00, 0x00, 0x00, 0x00,
  0x00, 0x00, 0x00, 0x00, 0x00, 0x00, 0x00, 0x00, 0x00, 0x00, 0x00, 0x00,
  0x00, 0x00, 0x00, 0x00, 0x00, 0x00, 0x00, 0x00, 0x00, 0x00, 0x00, 0x00,
  0x00, 0x00, 0x00, 0x00, 0x00, 0x00, 0x00, 0x00, 0x00, 0x00, 0x00, 0x00,
  0x00, 0x00, 0x00, 0x00, 0x00, 0x00, 0x00, 0x00, 0x00, 0x00, 0x00, 0x00,
  0x00, 0x00, 0x00, 0x00, 0x00, 0x00, 0x00, 0x00, 0x00, 0x00, 0x00, 0x00,
  0x00, 0x00, 0x00, 0x00, 0x00, 0x00, 0x00, 0x00, 0x00, 0x00, 0x00, 0x00,
  0x00, 0x00, 0x00, 0x00, 0x00, 0x00, 0x00, 0x00, 0x00, 0x00, 0x00, 0x00,
  0x00, 0x00, 0x00, 0x00, 0x00, 0x00, 0x00, 0x00, 0x00, 0x00, 0x00, 0x00,
  0x00, 0x00, 0x00, 0x00, 0x00, 0x00, 0x00, 0x00, 0x00, 0x00, 0x00, 0x00,
  0x00, 0x00, 0x00, 0x00, 0x00, 0x00, 0x00, 0x00, 0x00, 0x00, 0x00, 0x00,
  0x00, 0x00, 0x00, 0x00, 0x00, 0x00, 0x00, 0x00, 0x00, 0x00, 0x00, 0x00,
  0x00, 0x00, 0x00, 0x00, 0x00, 0x00, 0x00, 0x00, 0x00, 0x00, 0x00, 0x00,
  0x00, 0x00, 0x00, 0x00, 0x00, 0x00, 0x00, 0x00, 0x00, 0x00, 0x00, 0x00,
  0x00, 0x00, 0x00, 0x00, 0x00, 0x00, 0x00, 0x00, 0x00, 0x00, 0x00, 0x00,
  0x00, 0x00, 0x00, 0x00, 0x00, 0x00, 0x00, 0x00, 0x00, 0x00, 0x00, 0x00,
  0x00, 0x00, 0x00, 0x00, 0x00, 0x00, 0x00, 0x00, 0x00, 0x00, 0x00, 0x00,
  0x00, 0x00, 0x00, 0x00, 0x00, 0x00, 0x00, 0x00, 0x00, 0x00, 0x00, 0x00,
  0x00, 0x00, 0x00, 0x00, 0x00, 0x00, 0x00, 0x00, 0x00, 0x00, 0x00, 0x00,
  0x00, 0x00, 0x00, 0x00, 0x00, 0x00, 0x00, 0x00, 0x00, 0x00, 0x00, 0x00,
  0x00, 0x00, 0x00, 0x00, 0x00, 0x00, 0x00, 0x00, 0x00, 0x00, 0x00, 0x00,
  0x00, 0x00, 0x00, 0x00, 0x00, 0x00, 0x00, 0x00, 0x00, 0x00, 0x00, 0x00,
  0x00, 0x00, 0x00, 0x00, 0x00, 0x00, 0x00, 0x00, 0x00, 0x00, 0x00, 0x00,
  0x00, 0x00, 0x00, 0x00, 0x00, 0x00, 0x00, 0x00, 0x00, 0x00, 0x00, 0x00,
  0x00, 0x00, 0x00, 0x00, 0x00, 0x00, 0x00, 0x00, 0x00, 0x00, 0x00, 0x00,
  0x00, 0x00, 0x00, 0x00, 0x00, 0x00, 0x00, 0x00, 0x00, 0x00, 0x00, 0x00,
  0x00, 0x00, 0x00, 0x00, 0x00, 0x00, 0x00, 0x00, 0x00, 0x00, 0x00, 0x00,
  0x00, 0x00, 0x00, 0x00, 0x00, 0x00, 0x00, 0x00, 0x00, 0x00, 0x00, 0x00,
  0x00, 0x00, 0x00, 0x00, 0x00, 0x00, 0x00, 0x00, 0x00, 0x00, 0x00, 0x00,
  0x00, 0x00, 0x00, 0x00, 0x00, 0x00, 0x00, 0x00, 0x00, 0x00, 0x00, 0x00,
  0x00, 0x00, 0x00, 0x00, 0x00, 0x00, 0x00, 0x00, 0x00, 0x00, 0x00, 0x00,
  0x00, 0x00, 0x00, 0x00, 0x00, 0x00, 0x00, 0x00, 0x00, 0x00, 0x00, 0x00,
  0x00, 0x00, 0x00, 0x00, 0x00, 0x00, 0x00, 0x00, 0x00, 0x00, 0x00, 0x00,
  0x00, 0x00, 0x00, 0x00, 0x00, 0x00, 0x00, 0x00, 0x00, 0x00, 0x00, 0x00,
  0x00, 0x00, 0x00, 0x00, 0x00, 0x00, 0x00, 0x00, 0x00, 0x00, 0x00, 0x00,
  0x00, 0x00, 0x00, 0x00, 0x00, 0x00, 0x00, 0x00, 0x00, 0x00, 0x00, 0x00,
  0x00, 0x00, 0x00, 0x00, 0x00, 0x00, 0x00, 0x00, 0x00, 0x00, 0x00, 0x00,
  0x00, 0x00, 0x00, 0x00, 0x00, 0x00, 0x00, 0x00, 0x00, 0x00, 0x00, 0x00,
  0x00, 0x00, 0x00, 0x00, 0x00, 0x00, 0x00, 0x00, 0x00, 0x00, 0x00, 0x00,
  0x00, 0x00, 0x00, 0x00, 0x00, 0x00, 0x00, 0x00, 0x00, 0x00, 0x00, 0x00,
  0x00, 0x00, 0x00, 0x00, 0x00, 0x00, 0x00, 0x00, 0x00, 0x00, 0x00, 0x00,
  0x00, 0x00, 0x00, 0x00, 0x00, 0x00, 0x00, 0x00, 0x00, 0x00, 0x00, 0x00,
  0x00, 0x00, 0x00, 0x00, 0x00, 0x00, 0x00, 0x00, 0x00, 0x00, 0x00, 0x00,
  0x00, 0x00, 0x00, 0x00, 0x00, 0x00, 0x00, 0x00, 0x00, 0x00, 0x00, 0x00,
  0x00, 0x00, 0x00, 0x00, 0x00, 0x00, 0x00, 0x00, 0x00, 0x00, 0x00, 0x00,
  0x00, 0x00, 0x00, 0x00, 0x00, 0x00, 0x00, 0x00, 0x00, 0x00, 0x00, 0x00,
  0x00, 0x00, 0x00, 0x00, 0x00, 0x00, 0x00, 0x00, 0x00, 0x00, 0x00, 0x00,
  0x00, 0x00, 0x00, 0x00, 0x00, 0x00, 0x00, 0x00, 0x00, 0x00, 0x00, 0x00,
  0x00, 0x00, 0x00, 0x00, 0x00, 0x00, 0x00, 0x00, 0x00, 0x00, 0x00, 0x00,
  0x00, 0x00, 0x00, 0x00, 0x00, 0x00, 0x00, 0x00, 0x00, 0x00, 0x00, 0x00,
  0x00, 0x00, 0x00, 0x00, 0x00, 0x00, 0x00, 0x00, 0x00, 0x00, 0x00, 0x00,
  0x00, 0x00, 0x00, 0x00, 0x00, 0x00, 0x00, 0x00, 0x00, 0x00, 0x00, 0x00,
  0x00, 0x00, 0x00, 0x00, 0x00, 0x00, 0x00, 0x00, 0x00, 0x00, 0x00, 0x00,
  0x00, 0x00, 0x00, 0x00, 0x00, 0x00, 0x00, 0x00, 0x00, 0x00, 0x00, 0x00,
  0x00, 0x00, 0x00, 0x00, 0x00, 0x00, 0x00, 0x00, 0x00, 0x00, 0x00, 0x00,
  0x00, 0x00, 0x00, 0x00, 0x00, 0x00, 0x00, 0x00, 0x00, 0x00, 0x00, 0x00,
  0x00, 0x00, 0x00, 0x00, 0x00, 0x00, 0x00, 0x00, 0x00, 0x00, 0x00, 0x00,
  0x00, 0x00, 0x00, 0x00, 0x00, 0x00, 0x00, 0x00, 0x00, 0x00, 0x00, 0x00,
  0x00, 0x00, 0x00, 0x00, 0x00, 0x00, 0x00, 0x00, 0x00, 0x00, 0x00, 0x00,
  0x00, 0x00, 0x00, 0x00, 0x00, 0x00, 0x00, 0x00, 0x00, 0x00, 0x00, 0x00,
  0x00, 0x00, 0x00, 0x00, 0x00, 0x00, 0x00, 0x00, 0x00, 0x00, 0x00, 0x00,
  0x00, 0x00, 0x00, 0x00, 0x00, 0x00, 0x00, 0x00, 0x00, 0x00, 0x00, 0x00,
  0x00, 0x00, 0x00, 0x00, 0x00, 0x00, 0x00, 0x00, 0x00, 0x00, 0x00, 0x00,
  0x00, 0x00, 0x00, 0x00, 0x00, 0x00, 0x00, 0x00, 0x00, 0x00, 0x00, 0x00,
  0x00, 0x00, 0x00, 0x00, 0x00, 0x00, 0x00, 0x00, 0x00, 0x00, 0x00, 0x00,
  0x00, 0x00, 0x00, 0x00, 0x00, 0x00, 0x00, 0x00, 0x00, 0x00, 0x00, 0x00,
  0x00, 0x00, 0x00, 0x00, 0x00, 0x00, 0x00, 0x00, 0x00, 0x00, 0x00, 0x00,
  0x00, 0x00, 0x00, 0x00, 0x00, 0x00, 0x00, 0x00, 0x00, 0x00, 0x00, 0x00,
  0x00, 0x00, 0x00, 0x00, 0x00, 0x00, 0x00, 0x00, 0x00, 0x00, 0x00, 0x00,
  0x00, 0x00, 0x00, 0x00, 0x00, 0x00, 0x00, 0x00, 0x00, 0x00, 0x00, 0x00,
  0x00, 0x00, 0x00, 0x00, 0x00, 0x00, 0x00, 0x00, 0x00, 0x00, 0x00, 0x00,
  0x00, 0x00, 0x00, 0x00, 0x00, 0x00, 0x00, 0x00, 0x00, 0x00, 0x00, 0x00,
  0x00, 0x00, 0x00, 0x00, 0x00, 0x00, 0x00, 0x00, 0x00, 0x00, 0x00, 0x00,
  0x00, 0x00, 0x00, 0x00, 0x00, 0x00, 0x00, 0x00, 0x00, 0x00, 0x00, 0x00,
  0x00, 0x00, 0x00, 0x00, 0x00, 0x00, 0x00, 0x00, 0x00, 0x00, 0x00, 0x00,
  0x00, 0x00, 0x00, 0x00, 0x00, 0x00, 0x00, 0x00, 0x00, 0x00, 0x00, 0x00,
  0x00, 0x00, 0x00, 0x00, 0x00, 0x00, 0x00, 0x00, 0x00, 0x00, 0x00, 0x00,
  0x00, 0x00, 0x00, 0x00, 0x00, 0x00, 0x00, 0x00, 0x00, 0x00, 0x00, 0x00,
  0x00, 0x00, 0x00, 0x00, 0x00, 0x00, 0x00, 0x00, 0x00, 0x00, 0x00, 0x00,
  0x00, 0x00, 0x00, 0x00, 0x00, 0x00, 0x00, 0x00, 0x00, 0x00, 0x00, 0x00,
  0x00, 0x00, 0x00, 0x00, 0x00, 0x00, 0x00, 0x00, 0x00, 0x00, 0x00, 0x00,
  0x00, 0x00, 0x00, 0x00, 0x00, 0x00, 0x00, 0x00, 0x00, 0x00, 0x00, 0x00,
  0x00, 0x00, 0x00, 0x00, 0x00, 0x00, 0x00, 0x00, 0x00, 0x00, 0x00, 0x00,
  0x00, 0x00, 0x00, 0x00, 0x00, 0x00, 0x00, 0x00, 0x00, 0x00, 0x00, 0x00,
  0x00, 0x00, 0x00, 0x00, 0x00, 0x00, 0x00, 0x00, 0x00, 0x00, 0x00, 0x00,
  0x00, 0x00, 0x00, 0x00, 0x00, 0x00, 0x00, 0x00, 0x00, 0x00, 0x00, 0x00,
  0x00, 0x00, 0x00, 0x00, 0x00, 0x00, 0x00, 0x00, 0x00, 0x00, 0x00, 0x00,
  0x00, 0x00, 0x00, 0x00, 0x00, 0x00, 0x00, 0x00, 0x00, 0x00, 0x00, 0x00,
  0x00, 0x00, 0x00, 0x00, 0x00, 0x00, 0x00, 0x00, 0x00, 0x00, 0x00, 0x00,
  0x00, 0x00, 0x00, 0x00, 0x00, 0x00, 0x00, 0x00, 0x00, 0x00, 0x00, 0x00,
  0x00, 0x00, 0x00, 0x00, 0x00, 0x00, 0x00, 0x00, 0x00, 0x00, 0x00, 0x00,
  0x00, 0x00, 0x00, 0x00, 0x00, 0x00, 0x00, 0x00, 0x00, 0x00, 0x00, 0x00,
  0x00, 0x00, 0x00, 0x00, 0x00, 0x00, 0x00, 0x00, 0x00, 0x00, 0x00, 0x00,
  0x00, 0x00, 0x00, 0x00, 0x00, 0x00, 0x00, 0x00, 0x00, 0x00, 0x00, 0x00,
  0x00, 0x00, 0x00, 0x00, 0x00, 0x00, 0x00, 0x00, 0x00, 0x00, 0x00, 0x00,
  0x00, 0x00, 0x00, 0x00, 0x00, 0x00, 0x00, 0x00, 0x00, 0x00, 0x00, 0x00,
  0x00, 0x00, 0x00, 0x00, 0x00, 0x00, 0x00, 0x00, 0x00, 0x00, 0x00, 0x00,
  0x00, 0x00, 0x00, 0x00, 0x00, 0x00, 0x00, 0x00, 0x00, 0x00, 0x00, 0x00,
  0x00, 0x00, 0x00, 0x00, 0x00, 0x00, 0x00, 0x00, 0x00, 0x00, 0x00, 0x00,
  0x00, 0x00, 0x00, 0x00, 0x00, 0x00, 0x00, 0x00, 0x00, 0x00, 0x00, 0x00,
  0x00, 0x00, 0x00, 0x00, 0x00, 0x00, 0x00, 0x00, 0x00, 0x00, 0x00, 0x00,
  0x00, 0x00, 0x00, 0x00, 0x00, 0x00, 0x00, 0x00, 0x00, 0x00, 0x00, 0x00,
  0x00, 0x00, 0x00, 0x00, 0x00, 0x00, 0x00, 0x00, 0x00, 0x00, 0x00, 0x00,
  0x00, 0x00, 0x00, 0x00, 0x00, 0x00, 0x00, 0x00, 0x00, 0x00, 0x00, 0x00,
  0x00, 0x00, 0x00, 0x00, 0x00, 0x00, 0x00, 0x00, 0x00, 0x00, 0x00, 0x00,
  0x00, 0x00, 0x00, 0x00, 0x00, 0x00, 0x00, 0x00, 0x00, 0x00, 0x00, 0x00,
  0x00, 0x00, 0x00, 0x00, 0x00, 0x00, 0x00, 0x00, 0x00, 0x00, 0x00, 0x00,
  0x00, 0x00, 0x00, 0x00, 0x00, 0x00, 0x00, 0x00, 0x00, 0x00, 0x00, 0x00,
  0x00, 0x00, 0x00, 0x00, 0x00, 0x00, 0x00, 0x00, 0x00, 0x00, 0x00, 0x00,
  0x00, 0x00, 0x00, 0x00, 0x00, 0x00, 0x00, 0x00, 0x00, 0x00, 0x00, 0x00,
  0x00, 0x00, 0x00, 0x00, 0x00, 0x00, 0x00, 0x00, 0x00, 0x00, 0x00, 0x00,
  0x00, 0x00, 0x00, 0x00, 0x00, 0x00, 0x00, 0x00, 0x00, 0x00, 0x00, 0x00,
  0x00, 0x00, 0x00, 0x00, 0x00, 0x00, 0x00, 0x00, 0x00, 0x00, 0x00, 0x00,
  0x00, 0x00, 0x00, 0x00, 0x00, 0x00, 0x00, 0x00, 0x00, 0x00, 0x00, 0x00,
  0x00, 0x00, 0x00, 0x00, 0x00, 0x00, 0x00, 0x00, 0x00, 0x00, 0x00, 0x00,
  0x00, 0x00, 0x00, 0x00, 0x00, 0x00, 0x00, 0x00, 0x00, 0x00, 0x00, 0x00,
  0x00, 0x00, 0x00, 0x00, 0x00, 0x00, 0x00, 0x00, 0x00, 0x00, 0x00, 0x00,
  0x00, 0x00, 0x00, 0x00, 0x00, 0x00, 0x00, 0x00, 0x00, 0x00, 0x00, 0x00,
  0x00, 0x00, 0x00, 0x00, 0x00, 0x00, 0x00, 0x00, 0x00, 0x00, 0x00, 0x00,
  0x00, 0x00, 0x00, 0x00, 0x00, 0x00, 0x00, 0x00, 0x00, 0x00, 0x00, 0x00,
  0x00, 0x00, 0x00, 0x00, 0x00, 0x00, 0x00, 0x00, 0x00, 0x00, 0x00, 0x00,
  0x00, 0x00, 0x00, 0x00, 0x00, 0x00, 0x00, 0x00, 0x00, 0x00, 0x00, 0x00,
  0x00, 0x00, 0x00, 0x00, 0x00, 0x00, 0x00, 0x00, 0x00, 0x00, 0x00, 0x00,
  0x00, 0x00, 0x00, 0x00, 0x00, 0x00, 0x00, 0x00, 0x00, 0x00, 0x00, 0x00,
  0x00, 0x00, 0x00, 0x00, 0x00, 0x00, 0x00, 0x00, 0x00, 0x00, 0x00, 0x00,
  0x00, 0x00, 0x00, 0x00, 0x00, 0x00, 0x00, 0x00, 0x00, 0x00, 0x00, 0x00,
  0x00, 0x00, 0x00, 0x00, 0x00, 0x00, 0x00, 0x00, 0x00, 0x00, 0x00, 0x00,
  0x00, 0x00, 0x00, 0x00, 0x00, 0x00, 0x00, 0x00, 0x00, 0x00, 0x00, 0x00,
  0x00, 0x00, 0x00, 0x00, 0x00, 0x00, 0x00, 0x00, 0x00, 0x00, 0x00, 0x00,
  0x00, 0x00, 0x00, 0x00, 0x00, 0x00, 0x00, 0x00, 0x00, 0x00, 0x00, 0x00,
  0x00, 0x00, 0x00, 0x00, 0x00, 0x00, 0x00, 0x00, 0x00, 0x00, 0x00, 0x00,
  0x00, 0x00, 0x00, 0x00, 0x00, 0x00, 0x00, 0x00, 0x00, 0x00, 0x00, 0x00,
  0x00, 0x00, 0x00, 0x00, 0x00, 0x00, 0x00, 0x00, 0x00, 0x00, 0x00, 0x00,
  0x00, 0x00, 0x00, 0x00, 0x00, 0x00, 0x00, 0x00, 0x00, 0x00, 0x00, 0x00,
  0x00, 0x00, 0x00, 0x00, 0x00, 0x00, 0x00, 0x00, 0x00, 0x00, 0x00, 0x00,
  0x00, 0x00, 0x00, 0x00, 0x00, 0x00, 0x00, 0x00, 0x00, 0x00, 0x00, 0x00,
  0x00, 0x00, 0x00, 0x00, 0x00, 0x00, 0x00, 0x00, 0x00, 0x00, 0x00, 0x00,
  0x00, 0x00, 0x00, 0x00, 0x00, 0x00, 0x00, 0x00, 0x00, 0x00, 0x00, 0x00,
  0x00, 0x00, 0x00, 0x00, 0x00, 0x00, 0x00, 0x00, 0x00, 0x00, 0x00, 0x00,
  0x00, 0x00, 0x00, 0x00, 0x00, 0x00, 0x00, 0x00, 0x00, 0x00, 0x00, 0x00,
  0x00, 0x00, 0x00, 0x00, 0x00, 0x00, 0x00, 0x00, 0x00, 0x00, 0x00, 0x00,
  0x00, 0x00, 0x00, 0x00, 0x00, 0x00, 0x00, 0x00, 0x00, 0x00, 0x00, 0x00,
  0x00, 0x00, 0x00, 0x00, 0x00, 0x00, 0x00, 0x00, 0x00, 0x00, 0x00, 0x00,
  0x00, 0x00, 0x00, 0x00, 0x00, 0x00, 0x00, 0x00, 0x00, 0x00, 0x00, 0x00,
  0x00, 0x00, 0x00, 0x00, 0x00, 0x00, 0x00, 0x00, 0x00, 0x00, 0x00, 0x00,
  0x00, 0x00, 0x00, 0x00, 0x00, 0x00, 0x00, 0x00, 0x00, 0x00, 0x00, 0x00,
  0x00, 0x00, 0x00, 0x00, 0x00, 0x00, 0x00, 0x00, 0x00, 0x00, 0x00, 0x00,
  0x00, 0x00, 0x00, 0x00, 0x00, 0x00, 0x00, 0x00, 0x00, 0x00, 0x00, 0x00,
  0x00, 0x00, 0x00, 0x00, 0x00, 0x00, 0x00, 0x00, 0x00, 0x00, 0x00, 0x00,
  0x00, 0x00, 0x00, 0x00, 0x00, 0x00, 0x00, 0x00, 0x00, 0x00, 0x00, 0x00,
  0x00, 0x00, 0x00, 0x00, 0x00, 0x00, 0x00, 0x00, 0x00, 0x00, 0x00, 0x00,
  0x00, 0x00, 0x00, 0x00, 0x00, 0x00, 0x00, 0x00, 0x00, 0x00, 0x00, 0x00,
  0x00, 0x00, 0x00, 0x00, 0x00, 0x00, 0x00, 0x00, 0x00, 0x00, 0x00, 0x00,
  0x00, 0x00, 0x00, 0x00, 0x00, 0x00, 0x00, 0x00, 0x00, 0x00, 0x00, 0x00,
  0x00, 0x00, 0x00, 0x00, 0x00, 0x00, 0x00, 0x00, 0x00, 0x00, 0x00, 0x00,
  0x00, 0x00, 0x00, 0x00, 0x00, 0x00, 0x00, 0x00, 0x00, 0x00, 0x00, 0x00,
  0x00, 0x00, 0x00, 0x00, 0x00, 0x00, 0x00, 0x00, 0x00, 0x00, 0x00, 0x00,
  0x00, 0x00, 0x00, 0x00, 0x00, 0x00, 0x00, 0x00, 0x00, 0x00, 0x00, 0x00,
  0x00, 0x00, 0x00, 0x00, 0x00, 0x00, 0x00, 0x00, 0x00, 0x00, 0x00, 0x00,
  0x00, 0x00, 0x00, 0x00, 0x00, 0x00, 0x00, 0x00, 0x00, 0x00, 0x00, 0x00,
  0x00, 0x00, 0x00, 0x00, 0x00, 0x00, 0x00, 0x00, 0x00, 0x00, 0x00, 0x00,
  0x00, 0x00, 0x00, 0x00, 0x00, 0x00, 0x00, 0x00, 0x00, 0x00, 0x00, 0x00,
  0x00, 0x00, 0x00, 0x00, 0x00, 0x00, 0x00, 0x00, 0x00, 0x00, 0x00, 0x00,
  0x00, 0x00, 0x00, 0x00, 0x00, 0x00, 0x00, 0x00, 0x00, 0x00, 0x00, 0x00,
  0x00, 0x00, 0x00, 0x00, 0x00, 0x00, 0x00, 0x00, 0x00, 0x00, 0x00, 0x00,
  0x00, 0x00, 0x00, 0x00, 0x00, 0x00, 0x00, 0x00, 0x00, 0x00, 0x00, 0x00,
  0x00, 0x00, 0x00, 0x00, 0x00, 0x00, 0x00, 0x00, 0x00, 0x00, 0x00, 0x00,
  0x00, 0x00, 0x00, 0x00, 0x00, 0x00, 0x00, 0x00, 0x00, 0x00, 0x00, 0x00,
  0x00, 0x00, 0x00, 0x00, 0x00, 0x00, 0x00, 0x00, 0x00, 0x00, 0x00, 0x00,
  0x00, 0x00, 0x00, 0x00, 0x00, 0x00, 0x00, 0x00, 0x00, 0x00, 0x00, 0x00,
  0x00, 0x00, 0x00, 0x00, 0x00, 0x00, 0x00, 0x00, 0x00, 0x00, 0x00, 0x00,
  0x00, 0x00, 0x00, 0x00, 0x00, 0x00, 0x00, 0x00, 0x00, 0x00, 0x00, 0x00,
  0x00, 0x00, 0x00, 0x00, 0x00, 0x00, 0x00, 0x00, 0x00, 0x00, 0x00, 0x00,
  0x00, 0x00, 0x00, 0x00, 0x00, 0x00, 0x00, 0x00, 0x00, 0x00, 0x00, 0x00,
  0x00, 0x00, 0x00, 0x00, 0x00, 0x00, 0x00, 0x00, 0x00, 0x00, 0x00, 0x00,
  0x00, 0x00, 0x00, 0x00, 0x00, 0x00, 0x00, 0x00, 0x00, 0x00, 0x00, 0x00,
  0x00, 0x00, 0x00, 0x00, 0x00, 0x00, 0x00, 0x00, 0x00, 0x00, 0x00, 0x00,
  0x00, 0x00, 0x00, 0x00, 0x00, 0x00, 0x00, 0x00, 0x00, 0x00, 0x00, 0x00,
  0x00, 0x00, 0x00, 0x00, 0x00, 0x00, 0x00, 0x00, 0x00, 0x00, 0x00, 0x00,
  0x00, 0x00, 0x00, 0x00, 0x00, 0x00, 0x00, 0x00, 0x00, 0x00, 0x00, 0x00,
  0x00, 0x00, 0x00, 0x00, 0x00, 0x00, 0x00, 0x00, 0x00, 0x00, 0x00, 0x00,
  0x00, 0x00, 0x00, 0x00, 0x00, 0x00, 0x00, 0x00, 0x00, 0x00, 0x00, 0x00,
  0x00, 0x00, 0x00, 0x00, 0x00, 0x00, 0x00, 0x00, 0x00, 0x00, 0x00, 0x00,
  0x00, 0x00, 0x00, 0x00, 0x00, 0x00, 0x00, 0x00, 0x00, 0x00, 0x00, 0x00,
  0x00, 0x00, 0x00, 0x00, 0x00, 0x00, 0x00, 0x00, 0x00, 0x00, 0x00, 0x00,
  0x00, 0x00, 0x00, 0x00, 0x00, 0x00, 0x00, 0x00, 0x00, 0x00, 0x00, 0x00,
  0x00, 0x00, 0x00, 0x00, 0x00, 0x00, 0x00, 0x00, 0x00, 0x00, 0x00, 0x00,
  0x00, 0x00, 0x00, 0x00, 0x00, 0x00, 0x00, 0x00, 0x00, 0x00, 0x00, 0x00,
  0x00, 0x00, 0x00, 0x00, 0x00, 0x00, 0x00, 0x00, 0x00, 0x00, 0x00, 0x00,
  0x00, 0x00, 0x00, 0x00, 0x00, 0x00, 0x00, 0x00, 0x00, 0x00, 0x00, 0x00,
  0x00, 0x00, 0x00, 0x00, 0x00, 0x00, 0x00, 0x00, 0x00, 0x00, 0x00, 0x00,
  0x00, 0x00, 0x00, 0x00, 0x00, 0x00, 0x00, 0x00, 0x00, 0x00, 0x00, 0x00,
  0x00, 0x00, 0x00, 0x00, 0x00, 0x00, 0x00, 0x00, 0x00, 0x00, 0x00, 0x00,
  0x00, 0x00, 0x00, 0x00, 0x00, 0x00, 0x00, 0x00, 0x00, 0x00, 0x00, 0x00,
  0x00, 0x00, 0x00, 0x00, 0x00, 0x00, 0x00, 0x00, 0x00, 0x00, 0x00, 0x00,
  0x00, 0x00, 0x00, 0x00, 0x00, 0x00, 0x00, 0x00, 0x00, 0x00, 0x00, 0x00,
  0x00, 0x00, 0x00, 0x00, 0x00, 0x00, 0x00, 0x00, 0x00, 0x00, 0x00, 0x00,
  0x00, 0x00, 0x00, 0x00, 0x00, 0x00, 0x00, 0x00, 0x00, 0x00, 0x00, 0x00,
  0x00, 0x00, 0x00, 0x00, 0x00, 0x00, 0x00, 0x00, 0x00, 0x00, 0x00, 0x00,
  0x00, 0x00, 0x00, 0x00, 0x00, 0x00, 0x00, 0x00, 0x00, 0x00, 0x00, 0x00,
  0x00, 0x00, 0x00, 0x00, 0x00, 0x00, 0x00, 0x00, 0x00, 0x00, 0x00, 0x00,
  0x00, 0x00, 0x00, 0x00, 0x00, 0x00, 0x00, 0x00, 0x00, 0x00, 0x00, 0x00,
  0x00, 0x00, 0x00, 0x00, 0x00, 0x00, 0x00, 0x00, 0x00, 0x00, 0x00, 0x00,
  0x00, 0x00, 0x00, 0x00, 0x00, 0x00, 0x00, 0x00, 0x00, 0x00, 0x00, 0x00,
  0x00, 0x00, 0x00, 0x00, 0x00, 0x00, 0x00, 0x00, 0x00, 0x00, 0x00, 0x00,
  0x00, 0x00, 0x00, 0x00, 0x00, 0x00, 0x00, 0x00, 0x00, 0x00, 0x00, 0x00,
  0x00, 0x00, 0x00, 0x00, 0x00, 0x00, 0x00, 0x00, 0x00, 0x00, 0x00, 0x00,
  0x00, 0x00, 0x00, 0x00, 0x00, 0x00, 0x00, 0x00, 0x00, 0x00, 0x00, 0x00,
  0x00, 0x00, 0x00, 0x00, 0x00, 0x00, 0x00, 0x00, 0x00, 0x00, 0x00, 0x00,
  0x00, 0x00, 0x00, 0x00, 0x00, 0x00, 0x00, 0x00, 0x00, 0x00, 0x00, 0x00,
  0x00, 0x00, 0x00, 0x00, 0x00, 0x00, 0x00, 0x00, 0x00, 0x00, 0x00, 0x00,
  0x00, 0x00, 0x00, 0x00, 0x00, 0x00, 0x00, 0x00, 0x00, 0x00, 0x00, 0x00,
  0x00, 0x00, 0x00, 0x00, 0x00, 0x00, 0x00, 0x00, 0x00, 0x00, 0x00, 0x00,
  0x00, 0x00, 0x00, 0x00, 0x00, 0x00, 0x00, 0x00, 0x00, 0x00, 0x00, 0x00,
  0x00, 0x00, 0x00, 0x00, 0x00, 0x00, 0x00, 0x00, 0x00, 0x00, 0x00, 0x00,
  0x00, 0x00, 0x00, 0x00, 0x00, 0x00, 0x00, 0x00, 0x00, 0x00, 0x00, 0x00,
  0x00, 0x00, 0x00, 0x00, 0x00, 0x00, 0x00, 0x00, 0x00, 0x00, 0x00, 0x00,
  0x00, 0x00, 0x00, 0x00, 0x00, 0x00, 0x00, 0x00, 0x00, 0x00, 0x00, 0x00,
  0x00, 0x00, 0x00, 0x00, 0x00, 0x00, 0x00, 0x00, 0x00, 0x00, 0x00, 0x00,
  0x00, 0x00, 0x00, 0x00, 0x00, 0x00, 0x00, 0x00, 0x00, 0x00, 0x00, 0x00,
  0x00, 0x00, 0x00, 0x00, 0x00, 0x00, 0x00, 0x00, 0x00, 0x00, 0x00, 0x00,
  0x00, 0x00, 0x00, 0x00, 0x00, 0x00, 0x00, 0x00, 0x00, 0x00, 0x00, 0x00,
  0x00, 0x00, 0x00, 0x00, 0x00, 0x00, 0x00, 0x00, 0x00, 0x00, 0x00, 0x00,
  0x00, 0x00, 0x00, 0x00, 0x00, 0x00, 0x00, 0x00, 0x00, 0x00, 0x00, 0x00,
  0x00, 0x00, 0x00, 0x00, 0x00, 0x00, 0x00, 0x00, 0x00, 0x00, 0x00, 0x00,
  0x00, 0x00, 0x00, 0x00, 0x00, 0x00, 0x00, 0x00, 0x00, 0x00, 0x00, 0x00,
  0x00, 0x00, 0x00, 0x00, 0x00, 0x00, 0x00, 0x00, 0x00, 0x00, 0x00, 0x00,
  0x00, 0x00, 0x00, 0x00, 0x00, 0x00, 0x00, 0x00, 0x00, 0x00, 0x00, 0x00,
  0x00, 0x00, 0x00, 0x00, 0x00, 0x00, 0x00, 0x00, 0x00, 0x00, 0x00, 0x00,
  0x00, 0x00, 0x00, 0x00, 0x00, 0x00, 0x00, 0x00, 0x00, 0x00, 0x00, 0x00,
  0x00, 0x00, 0x00, 0x00, 0x00, 0x00, 0x00, 0x00, 0x00, 0x00, 0x00, 0x00,
  0x00, 0x00, 0x00, 0x00, 0x00, 0x00, 0x00, 0x00, 0x00, 0x00, 0x00, 0x00,
  0x00, 0x00, 0x00, 0x00, 0x00, 0x00, 0x00, 0x00, 0x00, 0x00, 0x00, 0x00,
  0x00, 0x00, 0x00, 0x00, 0x00, 0x00, 0x00, 0x00, 0x00, 0x00, 0x00, 0x00,
  0x00, 0x00, 0x00, 0x00, 0x00, 0x00, 0x00, 0x00, 0x00, 0x00, 0x00, 0x00,
  0x00, 0x00, 0x00, 0x00, 0x00, 0x00, 0x00, 0x00, 0x00, 0x00, 0x00, 0x00,
  0x00, 0x00, 0x00, 0x00, 0x00, 0x00, 0x00, 0x00, 0x00, 0x00, 0x00, 0x00,
  0x00, 0x00, 0x00, 0x00, 0x00, 0x00, 0x00, 0x00, 0x00, 0x00, 0x00, 0x00,
  0x00, 0x00, 0x00, 0x00, 0x00, 0x00, 0x00, 0x00, 0x00, 0x00, 0x00, 0x00,
  0x00, 0x00, 0x00, 0x00, 0x00, 0x00, 0x00, 0x00, 0x00, 0x00, 0x00, 0x00,
  0x00, 0x00, 0x00, 0x00, 0x00, 0x00, 0x00, 0x00, 0x00, 0x00, 0x00, 0x00,
  0x00, 0x00, 0x00, 0x00, 0x00, 0x00, 0x00, 0x00, 0x00, 0x00, 0x00, 0x00,
  0x00, 0x00, 0x00, 0x00, 0x00, 0x00, 0x00, 0x00, 0x00, 0x00, 0x00, 0x00,
  0x00, 0x00, 0x00, 0x00, 0x00, 0x00, 0x00, 0x00, 0x00, 0x00, 0x00, 0x00,
  0x00, 0x00, 0x00, 0x00, 0x00, 0x00, 0x00, 0x00, 0x00, 0x00, 0x00, 0x00,
  0x00, 0x00, 0x00, 0x00, 0x00, 0x00, 0x00, 0x00, 0x00, 0x00, 0x00, 0x00,
  0x00, 0x00, 0x00, 0x00, 0x00, 0x00, 0x00, 0x00, 0x00, 0x00, 0x00, 0x00,
  0x00, 0x00, 0x00, 0x00, 0x00, 0x00, 0x00, 0x00, 0x00, 0x00, 0x00, 0x00,
  0x00, 0x00, 0x00, 0x00, 0x00, 0x00, 0x00, 0x00, 0x00, 0x00, 0x00, 0x00,
  0x00, 0x00, 0x00, 0x00, 0x00, 0x00, 0x00, 0x00, 0x00, 0x00, 0x00, 0x00,
  0x00, 0x00, 0x00, 0x00, 0x00, 0x00, 0x00, 0x00, 0x00, 0x00, 0x00, 0x00,
  0x00, 0x00, 0x00, 0x00, 0x00, 0x00, 0x00, 0x00, 0x00, 0x00, 0x00, 0x00,
  0x00, 0x00, 0x00, 0x00, 0x00, 0x00, 0x00, 0x00, 0x00, 0x00, 0x00, 0x00,
  0x00, 0x00, 0x00, 0x00, 0x00, 0x00, 0x00, 0x00, 0x00, 0x00, 0x00, 0x00,
  0x00, 0x00, 0x00, 0x00, 0x00, 0x00, 0x00, 0x00, 0x00, 0x00, 0x00, 0x00,
  0x00, 0x00, 0x00, 0x00, 0x00, 0x00, 0x00, 0x00, 0x00, 0x00, 0x00, 0x00,
  0x00, 0x00, 0x00, 0x00, 0x00, 0x00, 0x00, 0x00, 0x00, 0x00, 0x00, 0x00,
  0x00, 0x00, 0x00, 0x00, 0x00, 0x00, 0x00, 0x00, 0x00, 0x00, 0x00, 0x00,
  0x00, 0x00, 0x00, 0x00, 0x00, 0x00, 0x00, 0x00, 0x00, 0x00, 0x00, 0x00,
  0x00, 0x00, 0x00, 0x00, 0x00, 0x00, 0x00, 0x00, 0x00, 0x00, 0x00, 0x00,
  0x00, 0x00, 0x00, 0x00, 0x00, 0x00, 0x00, 0x00, 0x00, 0x00, 0x00, 0x00,
  0x00, 0x00, 0x00, 0x00, 0x00, 0x00, 0x00, 0x00, 0x00, 0x00, 0x00, 0x00,
  0x00, 0x00, 0x00, 0x00, 0x00, 0x00, 0x00, 0x00, 0x00, 0x00, 0x00, 0x00,
  0x00, 0x00, 0x00, 0x00, 0x00, 0x00, 0x00, 0x00, 0x00, 0x00, 0x00, 0x00,
  0x00, 0x00, 0x00, 0x00, 0x00, 0x00, 0x00, 0x00, 0x00, 0x00, 0x00, 0x00,
  0x00, 0x00, 0x00, 0x00, 0x00, 0x00, 0x00, 0x00, 0x00, 0x00, 0x00, 0x00,
  0x00, 0x00, 0x00, 0x00, 0x00, 0x00, 0x00, 0x00, 0x00, 0x00, 0x00, 0x00,
  0x00, 0x00, 0x00, 0x00, 0x00, 0x00, 0x00, 0x00, 0x00, 0x00, 0x00, 0x00,
  0x00, 0x00, 0x00, 0x00, 0x00, 0x00, 0x00, 0x00, 0x00, 0x00, 0x00, 0x00,
  0x00, 0x00, 0x00, 0x00, 0x00, 0x00, 0x00, 0x00, 0x00, 0x00, 0x00, 0x00,
  0x00, 0x00, 0x00, 0x00, 0x00, 0x00, 0x00, 0x00, 0x00, 0x00, 0x00, 0x00,
  0x00, 0x00, 0x00, 0x00, 0x00, 0x00, 0x00, 0x00, 0x00, 0x00, 0x00, 0x00,
  0x00, 0x00, 0x00, 0x00, 0x00, 0x00, 0x00, 0x00, 0x00, 0x00, 0x00, 0x00,
  0x00, 0x00, 0x00, 0x00, 0x00, 0x00, 0x00, 0x00, 0x00, 0x00, 0x00, 0x00,
  0x00, 0x00, 0x00, 0x00, 0x00, 0x00, 0x00, 0x00, 0x00, 0x00, 0x00, 0x00,
  0x00, 0x00, 0x00, 0x00, 0x00, 0x00, 0x00, 0x00, 0x00, 0x00, 0x00, 0x00,
  0x00, 0x00, 0x00, 0x00, 0x00, 0x00, 0x00, 0x00, 0x00, 0x00, 0x00, 0x00,
  0x00, 0x00, 0x00, 0x00, 0x00, 0x00, 0x00, 0x00, 0x00, 0x00, 0x00, 0x00,
  0x00, 0x00, 0x00, 0x00, 0x00, 0x00, 0x00, 0x00, 0x00, 0x00, 0x00, 0x00,
  0x00, 0x00, 0x00, 0x00, 0x00, 0x00, 0x00, 0x00, 0x00, 0x00, 0x00, 0x00,
  0x00, 0x00, 0x00, 0x00, 0x00, 0x00, 0x00, 0x00, 0x00, 0x00, 0x00, 0x00,
  0x00, 0x00, 0x00, 0x00, 0x00, 0x00, 0x00, 0x00, 0x00, 0x00, 0x00, 0x00,
  0x00, 0x00, 0x00, 0x00, 0x00, 0x00, 0x00, 0x00, 0x00, 0x00, 0x00, 0x00,
  0x00, 0x00, 0x00, 0x00, 0x00, 0x00, 0x00, 0x00, 0x00, 0x00, 0x00, 0x00,
  0x00, 0x00, 0x00, 0x00, 0x00, 0x00, 0x00, 0x00, 0x00, 0x00, 0x00, 0x00,
  0x00, 0x00, 0x00, 0x00, 0x00, 0x00, 0x00, 0x00, 0x00, 0x00, 0x00, 0x00,
  0x00, 0x00, 0x00, 0x00, 0x00, 0x00, 0x00, 0x00, 0x00, 0x00, 0x00, 0x00,
  0x00, 0x00, 0x00, 0x00, 0x00, 0x00, 0x00, 0x00, 0x00, 0x00, 0x00, 0x00,
  0x00, 0x00, 0x00, 0x00, 0x00, 0x00, 0x00, 0x00, 0x00, 0x00, 0x00, 0x00,
  0x00, 0x00, 0x00, 0x00, 0x00, 0x00, 0x00, 0x00, 0x00, 0x00, 0x00, 0x00,
  0x00, 0x00, 0x00, 0x00, 0x00, 0x00, 0x00, 0x00, 0x00, 0x00, 0x00, 0x00,
  0x00, 0x00, 0x00, 0x00, 0x00, 0x00, 0x00, 0x00, 0x00, 0x00, 0x00, 0x00,
  0x00, 0x00, 0x00, 0x00, 0x00, 0x00, 0x00, 0x00, 0x00, 0x00, 0x00, 0x00,
  0x00, 0x00, 0x00, 0x00, 0x00, 0x00, 0x00, 0x00, 0x00, 0x00, 0x00, 0x00,
  0x00, 0x00, 0x00, 0x00, 0x00, 0x00, 0x00, 0x00, 0x00, 0x00, 0x00, 0x00,
  0x00, 0x00, 0x00, 0x00, 0x00, 0x00, 0x00, 0x00, 0x00, 0x00, 0x00, 0x00,
  0x00, 0x00, 0x00, 0x00, 0x00, 0x00, 0x00, 0x00, 0x00, 0x00, 0x00, 0x00,
  0x00, 0x00, 0x00, 0x00, 0x00, 0x00, 0x00, 0x00, 0x00, 0x00, 0x00, 0x00,
  0x00, 0x00, 0x00, 0x00, 0x00, 0x00, 0x00, 0x00, 0x00, 0x00, 0x00, 0x00,
  0x00, 0x00, 0x00, 0x00, 0x00, 0x00, 0x00, 0x00, 0x00, 0x00, 0x00, 0x00,
  0x00, 0x00, 0x00, 0x00, 0x00, 0x00, 0x00, 0x00, 0x00, 0x00, 0x00, 0x00,
  0x00, 0x00, 0x00, 0x00, 0x00, 0x00, 0x00, 0x00, 0x00, 0x00, 0x00, 0x00,
  0x00, 0x00, 0x00, 0x00, 0x00, 0x00, 0x00, 0x00, 0x00, 0x00, 0x00, 0x00,
  0x00, 0x00, 0x00, 0x00, 0x00, 0x00, 0x00, 0x00, 0x00, 0x00, 0x00, 0x00,
  0x00, 0x00, 0x00, 0x00, 0x00, 0x00, 0x00, 0x00, 0x00, 0x00, 0x00, 0x00,
  0x00, 0x00, 0x00, 0x00, 0x00, 0x00, 0x00, 0x00, 0x00, 0x00, 0x00, 0x00,
  0x00, 0x00, 0x00, 0x00, 0x00, 0x00, 0x00, 0x00, 0x00, 0x00, 0x00, 0x00,
  0x00, 0x00, 0x00, 0x00, 0x00, 0x00, 0x00, 0x00, 0x00, 0x00, 0x00, 0x00,
  0x00, 0x00, 0x00, 0x00, 0x00, 0x00, 0x00, 0x00, 0x00, 0x00, 0x00, 0x00,
  0x00, 0x00, 0x00, 0x00, 0x00, 0x00, 0x00, 0x00, 0x00, 0x00, 0x00, 0x00,
  0x00, 0x00, 0x00, 0x00, 0x00, 0x00, 0x00, 0x00, 0x00, 0x00, 0x00, 0x00,
  0x00, 0x00, 0x00, 0x00, 0x00, 0x00, 0x00, 0x00, 0x00, 0x00, 0x00, 0x00,
  0x00, 0x00, 0x00, 0x00, 0x00, 0x00, 0x00, 0x00, 0x00, 0x00, 0x00, 0x00,
  0x00, 0x00, 0x00, 0x00, 0x00, 0x00, 0x00, 0x00, 0x00, 0x00, 0x00, 0x00,
  0x00, 0x00, 0x00, 0x00, 0x00, 0x00, 0x00, 0x00, 0x00, 0x00, 0x00, 0x00,
  0x00, 0x00, 0x00, 0x00, 0x00, 0x00, 0x00, 0x00, 0x00, 0x00, 0x00, 0x00,
  0x00, 0x00, 0x00, 0x00, 0x00, 0x00, 0x00, 0x00, 0x00, 0x00, 0x00, 0x00,
  0x00, 0x00, 0x00, 0x00, 0x00, 0x00, 0x00, 0x00, 0x00, 0x00, 0x00, 0x00,
  0x00, 0x00, 0x00, 0x00, 0x00, 0x00, 0x00, 0x00, 0x00, 0x00, 0x00, 0x00,
  0x00, 0x00, 0x00, 0x00, 0x00, 0x00, 0x00, 0x00, 0x00, 0x00, 0x00, 0x00,
  0x00, 0x00, 0x00, 0x00, 0x00, 0x00, 0x00, 0x00, 0x00, 0x00, 0x00, 0x00,
  0x00, 0x00, 0x00, 0x00, 0x00, 0x00, 0x00, 0x00, 0x00, 0x00, 0x00, 0x00,
  0x00, 0x00, 0x00, 0x00, 0x00, 0x00, 0x00, 0x00, 0x00, 0x00, 0x00, 0x00,
  0x00, 0x00, 0x00, 0x00, 0x00, 0x00, 0x00, 0x00, 0x00, 0x00, 0x00, 0x00,
  0x00, 0x00, 0x00, 0x00, 0x00, 0x00, 0x00, 0x00, 0x00, 0x00, 0x00, 0x00,
  0x00, 0x00, 0x00, 0x00, 0x00, 0x00, 0x00, 0x00, 0x00, 0x00, 0x00, 0x00,
  0x00, 0x00, 0x00, 0x00, 0x00, 0x00, 0x00, 0x00, 0x00, 0x00, 0x00, 0x00,
  0x00, 0x00, 0x00, 0x00, 0x00, 0x00, 0x00, 0x00, 0x00, 0x00, 0x00, 0x00,
  0x00, 0x00, 0x00, 0x00, 0x00, 0x00, 0x00, 0x00, 0x00, 0x00, 0x00, 0x00,
  0x00, 0x00, 0x00, 0x00, 0x00, 0x00, 0x00, 0x00, 0x00, 0x00, 0x00, 0x00,
  0x00, 0x00, 0x00, 0x00, 0x00, 0x00, 0x00, 0x00, 0x00, 0x00, 0x00, 0x00,
  0x00, 0x00, 0x00, 0x00, 0x00, 0x00, 0x00, 0x00, 0x00, 0x00, 0x00, 0x00,
  0x00, 0x00, 0x00, 0x00, 0x00, 0x00, 0x00, 0x00, 0x00, 0x00, 0x00, 0x00,
  0x00, 0x00, 0x00, 0x00, 0x00, 0x00, 0x00, 0x00, 0x00, 0x00, 0x00, 0x00,
  0x00, 0x00, 0x00, 0x00, 0x00, 0x00, 0x00, 0x00, 0x00, 0x00, 0x00, 0x00,
  0x00, 0x00, 0x00, 0x00, 0x00, 0x00, 0x00, 0x00, 0x00, 0x00, 0x00, 0x00,
  0x00, 0x00, 0x00, 0x00, 0x00, 0x00, 0x00, 0x00, 0x00, 0x00, 0x00, 0x00,
  0x00, 0x00, 0x00, 0x00, 0x00, 0x00, 0x00, 0x00, 0x00, 0x00, 0x00, 0x00,
  0x00, 0x00, 0x00, 0x00, 0x00, 0x00, 0x00, 0x00, 0x00, 0x00, 0x00, 0x00,
  0x00, 0x00, 0x00, 0x00, 0x00, 0x00, 0x00, 0x00, 0x00, 0x00, 0x00, 0x00,
  0x00, 0x00, 0x00, 0x00, 0x00, 0x00, 0x00, 0x00, 0x00, 0x00, 0x00, 0x00,
  0x00, 0x00, 0x00, 0x00, 0x00, 0x00, 0x00, 0x00, 0x00, 0x00, 0x00, 0x00,
  0x00, 0x00, 0x00, 0x00, 0x00, 0x00, 0x00, 0x00, 0x00, 0x00, 0x00, 0x00,
  0x00, 0x00, 0x00, 0x00, 0x00, 0x00, 0x00, 0x00, 0x00, 0x00, 0x00, 0x00,
  0x00, 0x00, 0x00, 0x00, 0x00, 0x00, 0x00, 0x00, 0x00, 0x00, 0x00, 0x00,
  0x00, 0x00, 0x00, 0x00, 0x00, 0x00, 0x00, 0x00, 0x00, 0x00, 0x00, 0x00,
  0x00, 0x00, 0x00, 0x00, 0x00, 0x00, 0x00, 0x00, 0x00, 0x00, 0x00, 0x00,
  0x00, 0x00, 0x00, 0x00, 0x00, 0x00, 0x00, 0x00, 0x00, 0x00, 0x00, 0x00,
  0x00, 0x00, 0x00, 0x00, 0x00, 0x00, 0x00, 0x00, 0x00, 0x00, 0x00, 0x00,
  0x00, 0x00, 0x00, 0x00, 0x00, 0x00, 0x00, 0x00, 0x00, 0x00, 0x00, 0x00,
  0x00, 0x00, 0x00, 0x00, 0x00, 0x00, 0x00, 0x00, 0x00, 0x00, 0x00, 0x00,
  0x00, 0x00, 0x00, 0x00, 0x00, 0x00, 0x00, 0x00, 0x00, 0x00, 0x00, 0x00,
  0x00, 0x00, 0x00, 0x00, 0x00, 0x00, 0x00, 0x00, 0x00, 0x00, 0x00, 0x00,
  0x00, 0x00, 0x00, 0x00, 0x00, 0x00, 0x00, 0x00, 0x00, 0x00, 0x00, 0x00,
  0x00, 0x00, 0x00, 0x00, 0x00, 0x00, 0x00, 0x00, 0x00, 0x00, 0x00, 0x00,
  0x00, 0x00, 0x00, 0x00, 0x00, 0x00, 0x00, 0x00, 0x00, 0x00, 0x00, 0x00,
  0x00, 0x00, 0x00, 0x00, 0x00, 0x00, 0x00, 0x00, 0x00, 0x00, 0x00, 0x00,
  0x00, 0x00, 0x00, 0x00, 0x00, 0x00, 0x00, 0x00, 0x00, 0x00, 0x00, 0x00,
  0x00, 0x00, 0x00, 0x00, 0x00, 0x00, 0x00, 0x00, 0x00, 0x00, 0x00, 0x00,
  0x00, 0x00, 0x00, 0x00, 0x00, 0x00, 0x00, 0x00, 0x00, 0x00, 0x00, 0x00,
  0x00, 0x00, 0x00, 0x00, 0x00, 0x00, 0x00, 0x00, 0x00, 0x00, 0x00, 0x00,
  0x00, 0x00, 0x00, 0x00, 0x00, 0x00, 0x00, 0x00, 0x00, 0x00, 0x00, 0x00,
  0x00, 0x00, 0x00, 0x00, 0x00, 0x00, 0x00, 0x00, 0x00, 0x00, 0x00, 0x00,
  0x00, 0x00, 0x00, 0x00, 0x00, 0x00, 0x00, 0x00, 0x00, 0x00, 0x00, 0x00,
  0x00, 0x00, 0x00, 0x00, 0x00, 0x00, 0x00, 0x00, 0x00, 0x00, 0x00, 0x00,
  0x00, 0x00, 0x00, 0x00, 0x00, 0x00, 0x00, 0x00, 0x00, 0x00, 0x00, 0x00,
  0x00, 0x00, 0x00, 0x00, 0x00, 0x00, 0x00, 0x00, 0x00, 0x00, 0x00, 0x00,
  0x00, 0x00, 0x00, 0x00, 0x00, 0x00, 0x00, 0x00, 0x00, 0x00, 0x00, 0x00,
  0x00, 0x00, 0x00, 0x00, 0x00, 0x00, 0x00, 0x00, 0x00, 0x00, 0x00, 0x00,
  0x00, 0x00, 0x00, 0x00, 0x00, 0x00, 0x00, 0x00, 0x00, 0x00, 0x00, 0x00,
  0x00, 0x00, 0x00, 0x00, 0x00, 0x00, 0x00, 0x00, 0x00, 0x00, 0x00, 0x00,
  0x00, 0x00, 0x00, 0x00, 0x00, 0x00, 0x00, 0x00, 0x00, 0x00, 0x00, 0x00,
  0x00, 0x00, 0x00, 0x00, 0x00, 0x00, 0x00, 0x00, 0x00, 0x00, 0x00, 0x00,
  0x00, 0x00, 0x00, 0x00, 0x00, 0x00, 0x00, 0x00, 0x00, 0x00, 0x00, 0x00,
  0x00, 0x00, 0x00, 0x00, 0x00, 0x00, 0x00, 0x00, 0x00, 0x00, 0x00, 0x00,
  0x00, 0x00, 0x00, 0x00, 0x00, 0x00, 0x00, 0x00, 0x00, 0x00, 0x00, 0x00,
  0x00, 0x00, 0x00, 0x00, 0x00, 0x00, 0x00, 0x00, 0x00, 0x00, 0x00, 0x00,
  0x00, 0x00, 0x00, 0x00, 0x00, 0x00, 0x00, 0x00, 0x00, 0x00, 0x00, 0x00,
  0x00, 0x00, 0x00, 0x00, 0x00, 0x00, 0x00, 0x00, 0x00, 0x00, 0x00, 0x00,
  0x00, 0x00, 0x00, 0x00, 0x00, 0x00, 0x00, 0x00, 0x00, 0x00, 0x00, 0x00,
  0x00, 0x00, 0x00, 0x00, 0x00, 0x00, 0x00, 0x00, 0x00, 0x00, 0x00, 0x00,
  0x00, 0x00, 0x00, 0x00, 0x00, 0x00, 0x00, 0x00, 0x00, 0x00, 0x00, 0x00,
  0x00, 0x00, 0x00, 0x00, 0x00, 0x00, 0x00, 0x00, 0x00, 0x00, 0x00, 0x00,
  0x00, 0x00, 0x00, 0x00, 0x00, 0x00, 0x00, 0x00, 0x00, 0x00, 0x00, 0x00,
  0x00, 0x00, 0x00, 0x00, 0x00, 0x00, 0x00, 0x00, 0x00, 0x00, 0x00, 0x00,
  0x00, 0x00, 0x00, 0x00, 0x00, 0x00, 0x00, 0x00, 0x00, 0x00, 0x00, 0x00,
  0x00, 0x00, 0x00, 0x00, 0x00, 0x00, 0x00, 0x00, 0x00, 0x00, 0x00, 0x00,
  0x00, 0x00, 0x00, 0x00, 0x00, 0x00, 0x00, 0x00, 0x00, 0x00, 0x00, 0x00,
  0x00, 0x00, 0x00, 0x00, 0x00, 0x00, 0x00, 0x00, 0x00, 0x00, 0x00, 0x00,
  0x00, 0x00, 0x00, 0x00, 0x00, 0x00, 0x00, 0x00, 0x00, 0x00, 0x00, 0x00,
  0x00, 0x00, 0x00, 0x00, 0x00, 0x00, 0x00, 0x00, 0x00, 0x00, 0x00, 0x00,
  0x00, 0x00, 0x00, 0x00, 0x00, 0x00, 0x00, 0x00, 0x00, 0x00, 0x00, 0x00,
  0x00, 0x00, 0x00, 0x00, 0x00, 0x00, 0x00, 0x00, 0x00, 0x00, 0x00, 0x00,
  0x00, 0x00, 0x00, 0x00, 0x00, 0x00, 0x00, 0x00, 0x00, 0x00, 0x00, 0x00,
  0x00, 0x00, 0x00, 0x00, 0x00, 0x00, 0x00, 0x00, 0x00, 0x00, 0x00, 0x00,
  0x00, 0x00, 0x00, 0x00, 0x00, 0x00, 0x00, 0x00, 0x00, 0x00, 0x00, 0x00,
  0x00, 0x00, 0x00, 0x00, 0x00, 0x00, 0x00, 0x00, 0x00, 0x00, 0x00, 0x00,
  0x00, 0x00, 0x00, 0x00, 0x00, 0x00, 0x00, 0x00, 0x00, 0x00, 0x00, 0x00,
  0x00, 0x00, 0x00, 0x00, 0x00, 0x00, 0x00, 0x00, 0x00, 0x00, 0x00, 0x00,
  0x00, 0x00, 0x00, 0x00, 0x00, 0x00, 0x00, 0x00, 0x00, 0x00, 0x00, 0x00,
  0x00, 0x00, 0x00, 0x00, 0x00, 0x00, 0x00, 0x00, 0x00, 0x00, 0x00, 0x00,
  0x00, 0x00, 0x00, 0x00, 0x00, 0x00, 0x00, 0x00, 0x00, 0x00, 0x00, 0x00,
  0x00, 0x00, 0x00, 0x00, 0x00, 0x00, 0x00, 0x00, 0x00, 0x00, 0x00, 0x00,
  0x00, 0x00, 0x00, 0x00, 0x00, 0x00, 0x00, 0x00, 0x00, 0x00, 0x00, 0x00,
  0x00, 0x00, 0x00, 0x00, 0x00, 0x00, 0x00, 0x00, 0x00, 0x00, 0x00, 0x00,
  0x00, 0x00, 0x00, 0x00, 0x00, 0x00, 0x00, 0x00, 0x00, 0x00, 0x00, 0x00,
  0x00, 0x00, 0x00, 0x00, 0x00, 0x00, 0x00, 0x00, 0x00, 0x00, 0x00, 0x00,
  0x00, 0x00, 0x00, 0x00, 0x00, 0x00, 0x00, 0x00, 0x00, 0x00, 0x00, 0x00,
  0x00, 0x00, 0x00, 0x00, 0x00, 0x00, 0x00, 0x00, 0x00, 0x00, 0x00, 0x00,
  0x00, 0x00, 0x00, 0x00, 0x00, 0x00, 0x00, 0x00, 0x00, 0x00, 0x00, 0x00,
  0x00, 0x00, 0x00, 0x00, 0x00, 0x00, 0x00, 0x00, 0x00, 0x00, 0x00, 0x00,
  0x00, 0x00, 0x00, 0x00, 0x00, 0x00, 0x00, 0x00, 0x00, 0x00, 0x00, 0x00,
  0x00, 0x00, 0x00, 0x00, 0x00, 0x00, 0x00, 0x00, 0x00, 0x00, 0x00, 0x00,
  0x00, 0x00, 0x00, 0x00, 0x00, 0x00, 0x00, 0x00, 0x00, 0x00, 0x00, 0x00,
  0x00, 0x00, 0x00, 0x00, 0x00, 0x00, 0x00, 0x00, 0x00, 0x00, 0x00, 0x00,
  0x00, 0x00, 0x00, 0x00, 0x00, 0x00, 0x00, 0x00, 0x00, 0x00, 0x00, 0x00,
  0x00, 0x00, 0x00, 0x00, 0x00, 0x00, 0x00, 0x00, 0x00, 0x00, 0x00, 0x00,
  0x00, 0x00, 0x00, 0x00, 0x00, 0x00, 0x00, 0x00, 0x00, 0x00, 0x00, 0x00,
  0x00, 0x00, 0x00, 0x00, 0x00, 0x00, 0x00, 0x00, 0x00, 0x00, 0x00, 0x00,
  0x00, 0x00, 0x00, 0x00, 0x00, 0x00, 0x00, 0x00, 0x00, 0x00, 0x00, 0x00,
  0x00, 0x00, 0x00, 0x00, 0x00, 0x00, 0x00, 0x00, 0x00, 0x00, 0x00, 0x00,
  0x00, 0x00, 0x00, 0x00, 0x00, 0x00, 0x00, 0x00, 0x00, 0x00, 0x00, 0x00,
  0x00, 0x00, 0x00, 0x00, 0x00, 0x00, 0x00, 0x00, 0x00, 0x00, 0x00, 0x00,
  0x00, 0x00, 0x00, 0x00, 0x00, 0x00, 0x00, 0x00, 0x00, 0x00, 0x00, 0x00,
  0x00, 0x00, 0x00, 0x00, 0x00, 0x00, 0x00, 0x00, 0x00, 0x00, 0x00, 0x00,
  0x00, 0x00, 0x00, 0x00, 0x00, 0x00, 0x00, 0x00, 0x00, 0x00, 0x00, 0x00,
  0x00, 0x00, 0x00, 0x00, 0x00, 0x00, 0x00, 0x00, 0x00, 0x00, 0x00, 0x00,
  0x00, 0x00, 0x00, 0x00, 0x00, 0x00, 0x00, 0x00, 0x00, 0x00, 0x00, 0x00,
  0x00, 0x00, 0x00, 0x00, 0x00, 0x00, 0x00, 0x00, 0x00, 0x00, 0x00, 0x00,
  0x00, 0x00, 0x00, 0x00, 0x00, 0x00, 0x00, 0x00, 0x00, 0x00, 0x00, 0x00,
  0x00, 0x00, 0x00, 0x00, 0x00, 0x00, 0x00, 0x00, 0x00, 0x00, 0x00, 0x00,
  0x00, 0x00, 0x00, 0x00, 0x00, 0x00, 0x00, 0x00, 0x00, 0x00, 0x00, 0x00,
  0x00, 0x00, 0x00, 0x00, 0x00, 0x00, 0x00, 0x00, 0x00, 0x00, 0x00, 0x00,
  0x00, 0x00, 0x00, 0x00, 0x00, 0x00, 0x00, 0x00, 0x00, 0x00, 0x00, 0x00,
  0x00, 0x00, 0x00, 0x00, 0x00, 0x00, 0x00, 0x00, 0x00, 0x00, 0x00, 0x00,
  0x00, 0x00, 0x00, 0x00, 0x00, 0x00, 0x00, 0x00, 0x00, 0x00, 0x00, 0x00,
  0x00, 0x00, 0x00, 0x00, 0x00, 0x00, 0x00, 0x00, 0x00, 0x00, 0x00, 0x00,
  0x00, 0x00, 0x00, 0x00, 0x00, 0x00, 0x00, 0x00, 0x00, 0x00, 0x00, 0x00,
  0x00, 0x00, 0x00, 0x00, 0x00, 0x00, 0x00, 0x00, 0x00, 0x00, 0x00, 0x00,
  0x00, 0x00, 0x00, 0x00, 0x00, 0x00, 0x00, 0x00, 0x00, 0x00, 0x00, 0x00,
  0x00, 0x00, 0x00, 0x00, 0x00, 0x00, 0x00, 0x00, 0x00, 0x00, 0x00, 0x00,
  0x00, 0x00, 0x00, 0x00, 0x00, 0x00, 0x00, 0x00, 0x00, 0x00, 0x00, 0x00,
  0x00, 0x00, 0x00, 0x00, 0x00, 0x00, 0x00, 0x00, 0x00, 0x00, 0x00, 0x00,
  0x00, 0x00, 0x00, 0x00, 0x00, 0x00, 0x00, 0x00, 0x00, 0x00, 0x00, 0x00,
  0x00, 0x00, 0x00, 0x00, 0x00, 0x00, 0x00, 0x00, 0x00, 0x00, 0x00, 0x00,
  0x00, 0x00, 0x00, 0x00, 0x00, 0x00, 0x00, 0x00, 0x00, 0x00, 0x00, 0x00,
  0x00, 0x00, 0x00, 0x00, 0x00, 0x00, 0x00, 0x00, 0x00, 0x00, 0x00, 0x00,
  0x00, 0x00, 0x00, 0x00, 0x00, 0x00, 0x00, 0x00, 0x00, 0x00, 0x00, 0x00,
  0x00, 0x00, 0x00, 0x00, 0x00, 0x00, 0x00, 0x00, 0x00, 0x00, 0x00, 0x00,
  0x00, 0x00, 0x00, 0x00, 0x00, 0x00, 0x00, 0x00, 0x00, 0x00, 0x00, 0x00,
  0x00, 0x00, 0x00, 0x00, 0x00, 0x00, 0x00, 0x00, 0x00, 0x00, 0x00, 0x00,
  0x00, 0x00, 0x00, 0x00, 0x00, 0x00, 0x00, 0x00, 0x00, 0x00, 0x00, 0x00,
  0x00, 0x00, 0x00, 0x00, 0x00, 0x00, 0x00, 0x00, 0x00, 0x00, 0x00, 0x00,
  0x00, 0x00, 0x00, 0x00, 0x00, 0x00, 0x00, 0x00, 0x00, 0x00, 0x00, 0x00,
  0x00, 0x00, 0x00, 0x00, 0x00, 0x00, 0x00, 0x00, 0x00, 0x00, 0x00, 0x00,
  0x00, 0x00, 0x00, 0x00, 0x00, 0x00, 0x00, 0x00, 0x00, 0x00, 0x00, 0x00,
  0x00, 0x00, 0x00, 0x00, 0x00, 0x00, 0x00, 0x00, 0x00, 0x00, 0x00, 0x00,
  0x00, 0x00, 0x00, 0x00, 0x00, 0x00, 0x00, 0x00, 0x00, 0x00, 0x00, 0x00,
  0x00, 0x00, 0x00, 0x00, 0x00, 0x00, 0x00, 0x00, 0x00, 0x00, 0x00, 0x00,
  0x00, 0x00, 0x00, 0x00, 0x00, 0x00, 0x00, 0x00, 0x00, 0x00, 0x00, 0x00,
  0x00, 0x00, 0x00, 0x00, 0x00, 0x00, 0x00, 0x00, 0x00, 0x00, 0x00, 0x00,
  0x00, 0x00, 0x00, 0x00, 0x00, 0x00, 0x00, 0x00, 0x00, 0x00, 0x00, 0x00,
  0x00, 0x00, 0x00, 0x00, 0x00, 0x00, 0x00, 0x00, 0x00, 0x00, 0x00, 0x00,
  0x00, 0x00, 0x00, 0x00, 0x00, 0x00, 0x00, 0x00, 0x00, 0x00, 0x00, 0x00,
  0x00, 0x00, 0x00, 0x00, 0x00, 0x00, 0x00, 0x00, 0x00, 0x00, 0x00, 0x00,
  0x00, 0x00, 0x00, 0x00, 0x00, 0x00, 0x00, 0x00, 0x00, 0x00, 0x00, 0x00,
  0x00, 0x00, 0x00, 0x00, 0x00, 0x00, 0x00, 0x00, 0x00, 0x00, 0x00, 0x00,
  0x00, 0x00, 0x00, 0x00, 0x00, 0x00, 0x00, 0x00, 0x00, 0x00, 0x00, 0x00,
  0x00, 0x00, 0x00, 0x00, 0x00, 0x00, 0x00, 0x00, 0x00, 0x00, 0x00, 0x00,
  0x00, 0x00, 0x00, 0x00, 0x00, 0x00, 0x00, 0x00, 0x00, 0x00, 0x00, 0x00,
  0x00, 0x00, 0x00, 0x00, 0x00, 0x00, 0x00, 0x00, 0x00, 0x00, 0x00, 0x00,
  0x00, 0x00, 0x00, 0x00, 0x00, 0x00, 0x00, 0x00, 0x00, 0x00, 0x00, 0x00,
  0x00, 0x00, 0x00, 0x00, 0x00, 0x00, 0x00, 0x00, 0x00, 0x00, 0x00, 0x00,
  0x00, 0x00, 0x00, 0x00, 0x00, 0x00, 0x00, 0x00, 0x00, 0x00, 0x00, 0x00,
  0x00, 0x00, 0x00, 0x00, 0x00, 0x00, 0x00, 0x00, 0x00, 0x00, 0x00, 0x00,
  0x00, 0x00, 0x00, 0x00, 0x00, 0x00, 0x00, 0x00, 0x00, 0x00, 0x00, 0x00,
  0x00, 0x00, 0x00, 0x00, 0x00, 0x00, 0x00, 0x00, 0x00, 0x00, 0x00, 0x00,
  0x00, 0x00, 0x00, 0x00, 0x00, 0x00, 0x00, 0x00, 0x00, 0x00, 0x00, 0x00,
  0x00, 0x00, 0x00, 0x00, 0x00, 0x00, 0x00, 0x00, 0x00, 0x00, 0x00, 0x00,
  0x00, 0x00, 0x00, 0x00, 0x00, 0x00, 0x00, 0x00, 0x00, 0x00, 0x00, 0x00,
  0x00, 0x00, 0x00, 0x00, 0x00, 0x00, 0x00, 0x00, 0x00, 0x00, 0x00, 0x00,
  0x00, 0x00, 0x00, 0x00, 0x00, 0x00, 0x00, 0x00, 0x00, 0x00, 0x00, 0x00,
  0x00, 0x00, 0x00, 0x00, 0x00, 0x00, 0x00, 0x00, 0x00, 0x00, 0x00, 0x00,
  0x00, 0x00, 0x00, 0x00, 0x00, 0x00, 0x00, 0x00, 0x00, 0x00, 0x00, 0x00,
  0x00, 0x00, 0x00, 0x00, 0x00, 0x00, 0x00, 0x00, 0x00, 0x00, 0x00, 0x00,
  0x00, 0x00, 0x00, 0x00, 0x00, 0x00, 0x00, 0x00, 0x00, 0x00, 0x00, 0x00,
  0x00, 0x00, 0x00, 0x00, 0x00, 0x00, 0x00, 0x00, 0x00, 0x00, 0x00, 0x00,
  0x00, 0x00, 0x00, 0x00, 0x00, 0x00, 0x00, 0x00, 0x00, 0x00, 0x00, 0x00,
  0x00, 0x00, 0x00, 0x00, 0x00, 0x00, 0x00, 0x00, 0x00, 0x00, 0x00, 0x00,
  0x00, 0x00, 0x00, 0x00, 0x00, 0x00, 0x00, 0x00, 0x00, 0x00, 0x00, 0x00,
  0x00, 0x00, 0x00, 0x00, 0x00, 0x00, 0x00, 0x00, 0x00, 0x00, 0x00, 0x00,
  0x00, 0x00, 0x00, 0x00, 0x00, 0x00, 0x00, 0x00, 0x00, 0x00, 0x00, 0x00,
  0x00, 0x00, 0x00, 0x00, 0x00, 0x00, 0x00, 0x00, 0x00, 0x00, 0x00, 0x00,
  0x00, 0x00, 0x00, 0x00, 0x00, 0x00, 0x00, 0x00, 0x00, 0x00, 0x00, 0x00,
  0x00, 0x00, 0x00, 0x00, 0x00, 0x00, 0x00, 0x00, 0x00, 0x00, 0x00, 0x00,
  0x00, 0x00, 0x00, 0x00, 0x00, 0x00, 0x00, 0x00, 0x00, 0x00, 0x00, 0x00,
  0x00, 0x00, 0x00, 0x00, 0x00, 0x00, 0x00, 0x00, 0x00, 0x00, 0x00, 0x00,
  0x00, 0x00, 0x00, 0x00, 0x00, 0x00, 0x00, 0x00, 0x00, 0x00, 0x00, 0x00,
  0x00, 0x00, 0x00, 0x00, 0x00, 0x00, 0x00, 0x00, 0x00, 0x00, 0x00, 0x00,
  0x00, 0x00, 0x00, 0x00, 0x00, 0x00, 0x00, 0x00, 0x00, 0x00, 0x00, 0x00,
  0x00, 0x00, 0x00, 0x00, 0x00, 0x00, 0x00, 0x00, 0x00, 0x00, 0x00, 0x00,
  0x00, 0x00, 0x00, 0x00, 0x00, 0x00, 0x00, 0x00, 0x00, 0x00, 0x00, 0x00,
  0x00, 0x00, 0x00, 0x00, 0x00, 0x00, 0x00, 0x00, 0x00, 0x00, 0x00, 0x00,
  0x00, 0x00, 0x00, 0x00, 0x00, 0x00, 0x00, 0x00, 0x00, 0x00, 0x00, 0x00,
  0x00, 0x00, 0x00, 0x00, 0x00, 0x00, 0x00, 0x00, 0x00, 0x00, 0x00, 0x00,
  0x00, 0x00, 0x00, 0x00, 0x00, 0x00, 0x00, 0x00, 0x00, 0x00, 0x00, 0x00,
  0x00, 0x00, 0x00, 0x00, 0x00, 0x00, 0x00, 0x00, 0x00, 0x00, 0x00, 0x00,
  0x00, 0x00, 0x00, 0x00, 0x00, 0x00, 0x00, 0x00, 0x00, 0x00, 0x00, 0x00,
  0x00, 0x00, 0x00, 0x00, 0x00, 0x00, 0x00, 0x00, 0x00, 0x00, 0x00, 0x00,
  0x00, 0x00, 0x00, 0x00, 0x00, 0x00, 0x00, 0x00, 0x00, 0x00, 0x00, 0x00,
  0x00, 0x00, 0x00, 0x00, 0x00, 0x00, 0x00, 0x00, 0x00, 0x00, 0x00, 0x00,
  0x00, 0x00, 0x00, 0x00, 0x00, 0x00, 0x00, 0x00, 0x00, 0x00, 0x00, 0x00,
  0x00, 0x00, 0x00, 0x00, 0x00, 0x00, 0x00, 0x00, 0x00, 0x00, 0x00, 0x00,
  0x00, 0x00, 0x00, 0x00, 0x00, 0x00, 0x00, 0x00, 0x00, 0x00, 0x00, 0x00,
  0x00, 0x00, 0x00, 0x00, 0x00, 0x00, 0x00, 0x00, 0x00, 0x00, 0x00, 0x00,
  0x00, 0x00, 0x00, 0x00, 0x00, 0x00, 0x00, 0x00, 0x00, 0x00, 0x00, 0x00,
  0x00, 0x00, 0x00, 0x00, 0x00, 0x00, 0x00, 0x00, 0x00, 0x00, 0x00, 0x00,
  0x00, 0x00, 0x00, 0x00, 0x00, 0x00, 0x00, 0x00, 0x00, 0x00, 0x00, 0x00,
  0x00, 0x00, 0x00, 0x00, 0x00, 0x00, 0x00, 0x00, 0x00, 0x00, 0x00, 0x00,
  0x00, 0x00, 0x00, 0x00, 0x00, 0x00, 0x00, 0x00, 0x00, 0x00, 0x00, 0x00,
  0x00, 0x00, 0x00, 0x00, 0x00, 0x00, 0x00, 0x00, 0x00, 0x00, 0x00, 0x00,
  0x00, 0x00, 0x00, 0x00, 0x00, 0x00, 0x00, 0x00, 0x00, 0x00, 0x00, 0x00,
  0x00, 0x00, 0x00, 0x00, 0x00, 0x00, 0x00, 0x00, 0x00, 0x00, 0x00, 0x00,
  0x00, 0x00, 0x00, 0x00, 0x00, 0x00, 0x00, 0x00, 0x00, 0x00, 0x00, 0x00,
  0x00, 0x00, 0x00, 0x00, 0x00, 0x00, 0x00, 0x00, 0x00, 0x00, 0x00, 0x00,
  0x00, 0x00, 0x00, 0x00, 0x00, 0x00, 0x00, 0x00, 0x00, 0x00, 0x00, 0x00,
  0x00, 0x00, 0x00, 0x00, 0x00, 0x00, 0x00, 0x00, 0x00, 0x00, 0x00, 0x00,
  0x00, 0x00, 0x00, 0x00, 0x00, 0x00, 0x00, 0x00, 0x00, 0x00, 0x00, 0x00,
  0x00, 0x00, 0x00, 0x00, 0x00, 0x00, 0x00, 0x00, 0x00, 0x00, 0x00, 0x00,
  0x00, 0x00, 0x00, 0x00, 0x00, 0x00, 0x00, 0x00, 0x00, 0x00, 0x00, 0x00,
  0x00, 0x00, 0x00, 0x00, 0x00, 0x00, 0x00, 0x00, 0x00, 0x00, 0x00, 0x00,
  0x00, 0x00, 0x00, 0x00, 0x00, 0x00, 0x00, 0x00, 0x00, 0x00, 0x00, 0x00,
  0x00, 0x00, 0x00, 0x00, 0x00, 0x00, 0x00, 0x00, 0x00, 0x00, 0x00, 0x00,
  0x00, 0x00, 0x00, 0x00, 0x00, 0x00, 0x00, 0x00, 0x00, 0x00, 0x00, 0x00,
  0x00, 0x00, 0x00, 0x00, 0x00, 0x00, 0x00, 0x00, 0x00, 0x00, 0x00, 0x00,
  0x00, 0x00, 0x00, 0x00, 0x00, 0x00, 0x00, 0x00, 0x00, 0x00, 0x00, 0x00,
  0x00, 0x00, 0x00, 0x00, 0x00, 0x00, 0x00, 0x00, 0x00, 0x00, 0x00, 0x00,
  0x00, 0x00, 0x00, 0x00, 0x00, 0x00, 0x00, 0x00, 0x00, 0x00, 0x00, 0x00,
  0x00, 0x00, 0x00, 0x00, 0x00, 0x00, 0x00, 0x00, 0x00, 0x00, 0x00, 0x00,
  0x00, 0x00, 0x00, 0x00, 0x00, 0x00, 0x00, 0x00, 0x00, 0x00, 0x00, 0x00,
  0x00, 0x00, 0x00, 0x00, 0x00, 0x00, 0x00, 0x00, 0x00, 0x00, 0x00, 0x00,
  0x00, 0x00, 0x00, 0x00, 0x00, 0x00, 0x00, 0x00, 0x00, 0x00, 0x00, 0x00,
  0x00, 0x00, 0x00, 0x00, 0x00, 0x00, 0x00, 0x00, 0x00, 0x00, 0x00, 0x00,
  0x00, 0x00, 0x00, 0x00, 0x00, 0x00, 0x00, 0x00, 0x00, 0x00, 0x00, 0x00,
  0x00, 0x00, 0x00, 0x00, 0x00, 0x00, 0x00, 0x00, 0x00, 0x00, 0x00, 0x00,
  0x00, 0x00, 0x00, 0x00, 0x00, 0x00, 0x00, 0x00, 0x00, 0x00, 0x00, 0x00,
  0x00, 0x00, 0x00, 0x00, 0x00, 0x00, 0x00, 0x00, 0x00, 0x00, 0x00, 0x00,
  0x00, 0x00, 0x00, 0x00, 0x00, 0x00, 0x00, 0x00, 0x00, 0x00, 0x00, 0x00,
  0x00, 0x00, 0x00, 0x00, 0x00, 0x00, 0x00, 0x00, 0x00, 0x00, 0x00, 0x00,
  0x00, 0x00, 0x00, 0x00, 0x00, 0x00, 0x00, 0x00, 0x00, 0x00, 0x00, 0x00,
  0x00, 0x00, 0x00, 0x00, 0x00, 0x00, 0x00, 0x00, 0x00, 0x00, 0x00, 0x00,
  0x00, 0x00, 0x00, 0x00, 0x00, 0x00, 0x00, 0x00, 0x00, 0x00, 0x00, 0x00,
  0x00, 0x00, 0x00, 0x00, 0x00, 0x00, 0x00, 0x00, 0x00, 0x00, 0x00, 0x00,
  0x00, 0x00, 0x00, 0x00, 0x00, 0x00, 0x00, 0x00, 0x00, 0x00, 0x00, 0x00,
  0x00, 0x00, 0x00, 0x00, 0x00, 0x00, 0x00, 0x00, 0x00, 0x00, 0x00, 0x00,
  0x00, 0x00, 0x00, 0x00, 0x00, 0x00, 0x00, 0x00, 0x00, 0x00, 0x00, 0x00,
  0x00, 0x00, 0x00, 0x00, 0x00, 0x00, 0x00, 0x00, 0x00, 0x00, 0x00, 0x00,
  0x00, 0x00, 0x00, 0x00, 0x00, 0x00, 0x00, 0x00, 0x00, 0x00, 0x00, 0x00,
  0x00, 0x00, 0x00, 0x00, 0x00, 0x00, 0x00, 0x00, 0x00, 0x00, 0x00, 0x00,
  0x00, 0x00, 0x00, 0x00, 0x00, 0x00, 0x00, 0x00, 0x00, 0x00, 0x00, 0x00,
  0x00, 0x00, 0x00, 0x00, 0x00, 0x00, 0x00, 0x00, 0x00, 0x00, 0x00, 0x00,
  0x00, 0x00, 0x00, 0x00, 0x00, 0x00, 0x00, 0x00, 0x00, 0x00, 0x00, 0x00,
  0x00, 0x00, 0x00, 0x00, 0x00, 0x00, 0x00, 0x00, 0x00, 0x00, 0x00, 0x00,
  0x00, 0x00, 0x00, 0x00, 0x00, 0x00, 0x00, 0x00, 0x00, 0x00, 0x00, 0x00,
  0x00, 0x00, 0x00, 0x00, 0x00, 0x00, 0x00, 0x00, 0x00, 0x00, 0x00, 0x00,
  0x00, 0x00, 0x00, 0x00, 0x00, 0x00, 0x00, 0x00, 0x00, 0x00, 0x00, 0x00,
  0x00, 0x00, 0x00, 0x00, 0x00, 0x00, 0x00, 0x00, 0x00, 0x00, 0x00, 0x00,
  0x00, 0x00, 0x00, 0x00, 0x00, 0x00, 0x00, 0x00, 0x00, 0x00, 0x00, 0x00,
  0x00, 0x00, 0x00, 0x00, 0x00, 0x00, 0x00, 0x00, 0x00, 0x00, 0x00, 0x00,
  0x00, 0x00, 0x00, 0x00, 0x00, 0x00, 0x00, 0x00, 0x00, 0x00, 0x00, 0x00,
  0x00, 0x00, 0x00, 0x00, 0x00, 0x00, 0x00, 0x00, 0x00, 0x00, 0x00, 0x00,
  0x00, 0x00, 0x00, 0x00, 0x00, 0x00, 0x00, 0x00, 0x00, 0x00, 0x00, 0x00,
  0x00, 0x00, 0x00, 0x00, 0x00, 0x00, 0x00, 0x00, 0x00, 0x00, 0x00, 0x00,
  0x00, 0x00, 0x00, 0x00, 0x00, 0x00, 0x00, 0x00, 0x00, 0x00, 0x00, 0x00,
  0x00, 0x00, 0x00, 0x00, 0x00, 0x00, 0x00, 0x00, 0x00, 0x00, 0x00, 0x00,
  0x00, 0x00, 0x00, 0x00, 0x00, 0x00, 0x00, 0x00, 0x00, 0x00, 0x00, 0x00,
  0x00, 0x00, 0x00, 0x00, 0x00, 0x00, 0x00, 0x00, 0x00, 0x00, 0x00, 0x00,
  0x00, 0x00, 0x00, 0x00, 0x00, 0x00, 0x00, 0x00, 0x00, 0x00, 0x00, 0x00,
  0x00, 0x00, 0x00, 0x00, 0x00, 0x00, 0x00, 0x00, 0x00, 0x00, 0x00, 0x00,
  0x00, 0x00, 0x00, 0x00, 0x00, 0x00, 0x00, 0x00, 0x00, 0x00, 0x00, 0x00,
  0x00, 0x00, 0x00, 0x00, 0x00, 0x00, 0x00, 0x00, 0x00, 0x00, 0x00, 0x00,
  0x00, 0x00, 0x00, 0x00, 0x00, 0x00, 0x00, 0x00, 0x00, 0x00, 0x00, 0x00,
  0x00, 0x00, 0x00, 0x00, 0x00, 0x00, 0x00, 0x00, 0x00, 0x00, 0x00, 0x00,
  0x00, 0x00, 0x00, 0x00, 0x00, 0x00, 0x00, 0x00, 0x00, 0x00, 0x00, 0x00,
  0x00, 0x00, 0x00, 0x00, 0x00, 0x00, 0x00, 0x00, 0x00, 0x00, 0x00, 0x00,
  0x00, 0x00, 0x00, 0x00, 0x00, 0x00, 0x00, 0x00, 0x00, 0x00, 0x00, 0x00,
  0x00, 0x00, 0x00, 0x00, 0x00, 0x00, 0x00, 0x00, 0x00, 0x00, 0x00, 0x00,
  0x00, 0x00, 0x00, 0x00, 0x00, 0x00, 0x00, 0x00, 0x00, 0x00, 0x00, 0x00,
  0x00, 0x00, 0x00, 0x00, 0x00, 0x00, 0x00, 0x00, 0x00, 0x00, 0x00, 0x00,
  0x00, 0x00, 0x00, 0x00, 0x00, 0x00, 0x00, 0x00, 0x00, 0x00, 0x00, 0x00,
  0x00, 0x00, 0x00, 0x00, 0x00, 0x00, 0x00, 0x00, 0x00, 0x00, 0x00, 0x00,
  0x00, 0x00, 0x00, 0x00, 0x00, 0x00, 0x00, 0x00, 0x00, 0x00, 0x00, 0x00,
  0x00, 0x00, 0x00, 0x00, 0x00, 0x00, 0x00, 0x00, 0x00, 0x00, 0x00, 0x00,
  0x00, 0x00, 0x00, 0x00, 0x00, 0x00, 0x00, 0x00, 0x00, 0x00, 0x00, 0x00,
  0x00, 0x00, 0x00, 0x00, 0x00, 0x00, 0x00, 0x00, 0x00, 0x00, 0x00, 0x00,
  0x00, 0x00, 0x00, 0x00, 0x00, 0x00, 0x00, 0x00, 0x00, 0x00, 0x00, 0x00,
  0x00, 0x00, 0x00, 0x00, 0x00, 0x00, 0x00, 0x00, 0x00, 0x00, 0x00, 0x00,
  0x00, 0x00, 0x00, 0x00, 0x00, 0x00, 0x00, 0x00, 0x00, 0x00, 0x00, 0x00,
  0x00, 0x00, 0x00, 0x00, 0x00, 0x00, 0x00, 0x00, 0x00, 0x00, 0x00, 0x00,
  0x00, 0x00, 0x00, 0x00, 0x00, 0x00, 0x00, 0x00, 0x00, 0x00, 0x00, 0x00,
  0x00, 0x00, 0x00, 0x00, 0x00, 0x00, 0x00, 0x00, 0x00, 0x00, 0x00, 0x00,
  0x00, 0x00, 0x00, 0x00, 0x00, 0x00, 0x00, 0x00, 0x00, 0x00, 0x00, 0x00,
  0x00, 0x00, 0x00, 0x00, 0x00, 0x00, 0x00, 0x00, 0x00, 0x00, 0x00, 0x00,
  0x00, 0x00, 0x00, 0x00, 0x00, 0x00, 0x00, 0x00, 0x00, 0x00, 0x00, 0x00,
  0x00, 0x00, 0x00, 0x00, 0x00, 0x00, 0x00, 0x00, 0x00, 0x00, 0x00, 0x00,
  0x00, 0x00, 0x00, 0x00, 0x00, 0x00, 0x00, 0x00, 0x00, 0x00, 0x00, 0x00,
  0x00, 0x00, 0x00, 0x00, 0x00, 0x00, 0x00, 0x00, 0x00, 0x00, 0x00, 0x00,
  0x00, 0x00, 0x00, 0x00, 0x00, 0x00, 0x00, 0x00, 0x00, 0x00, 0x00, 0x00,
  0x00, 0x00, 0x00, 0x00, 0x00, 0x00, 0x00, 0x00, 0x00, 0x00, 0x00, 0x00,
  0x00, 0x00, 0x00, 0x00, 0x00, 0x00, 0x00, 0x00, 0x00, 0x00, 0x00, 0x00,
  0x00, 0x00, 0x00, 0x00, 0x00, 0x00, 0x00, 0x00, 0x00, 0x00, 0x00, 0x00,
  0x00, 0x00, 0x00, 0x00, 0x00, 0x00, 0x00, 0x00, 0x00, 0x00, 0x00, 0x00,
  0x00, 0x00, 0x00, 0x00, 0x00, 0x00, 0x00, 0x00, 0x00, 0x00, 0x00, 0x00,
  0x00, 0x00, 0x00, 0x00, 0x00, 0x00, 0x00, 0x00, 0x00, 0x00, 0x00, 0x00,
  0x00, 0x00, 0x00, 0x00, 0x00, 0x00, 0x00, 0x00, 0x00, 0x00, 0x00, 0x00,
  0x00, 0x00, 0x00, 0x00, 0x00, 0x00, 0x00, 0x00, 0x00, 0x00, 0x00, 0x00,
  0x00, 0x00, 0x00, 0x00, 0x00, 0x00, 0x00, 0x00, 0x00, 0x00, 0x00, 0x00,
  0x00, 0x00, 0x00, 0x00, 0x00, 0x00, 0x00, 0x00, 0x00, 0x00, 0x00, 0x00,
  0x00, 0x00, 0x00, 0x00, 0x00, 0x00, 0x00, 0x00, 0x00, 0x00, 0x00, 0x00,
  0x00, 0x00, 0x00, 0x00, 0x00, 0x00, 0x00, 0x00, 0x00, 0x00, 0x00, 0x00,
  0x00, 0x00, 0x00, 0x00, 0x00, 0x00, 0x00, 0x00, 0x00, 0x00, 0x00, 0x00,
  0x00, 0x00, 0x00, 0x00, 0x00, 0x00, 0x00, 0x00, 0x00, 0x00, 0x00, 0x00,
  0x00, 0x00, 0x00, 0x00, 0x00, 0x00, 0x00, 0x00, 0x00, 0x00, 0x00, 0x00,
  0x00, 0x00, 0x00, 0x00, 0x00, 0x00, 0x00, 0x00, 0x00, 0x00, 0x00, 0x00,
  0x00, 0x00, 0x00, 0x00, 0x00, 0x00, 0x00, 0x00, 0x00, 0x00, 0x00, 0x00,
  0x00, 0x00, 0x00, 0x00, 0x00, 0x00, 0x00, 0x00, 0x00, 0x00, 0x00, 0x00,
  0x00, 0x00, 0x00, 0x00, 0x00, 0x00, 0x00, 0x00, 0x00, 0x00, 0x00, 0x00,
  0x00, 0x00, 0x00, 0x00, 0x00, 0x00, 0x00, 0x00, 0x00, 0x00, 0x00, 0x00,
  0x00, 0x00, 0x00, 0x00, 0x00, 0x00, 0x00, 0x00, 0x00, 0x00, 0x00, 0x00,
  0x00, 0x00, 0x00, 0x00, 0x00, 0x00, 0x00, 0x00, 0x00, 0x00, 0x00, 0x00,
  0x00, 0x00, 0x00, 0x00, 0x00, 0x00, 0x00, 0x00, 0x00, 0x00, 0x00, 0x00,
  0x00, 0x00, 0x00, 0x00, 0x00, 0x00, 0x00, 0x00, 0x00, 0x00, 0x00, 0x00,
  0x00, 0x00, 0x00, 0x00, 0x00, 0x00, 0x00, 0x00, 0x00, 0x00, 0x00, 0x00,
  0x00, 0x00, 0x00, 0x00, 0x00, 0x00, 0x00, 0x00, 0x00, 0x00, 0x00, 0x00,
  0x00, 0x00, 0x00, 0x00, 0x00, 0x00, 0x00, 0x00, 0x00, 0x00, 0x00, 0x00,
  0x00, 0x00, 0x00, 0x00, 0x00, 0x00, 0x00, 0x00, 0x00, 0x00, 0x00, 0x00,
  0x00, 0x00, 0x00, 0x00, 0x00, 0x00, 0x00, 0x00, 0x00, 0x00, 0x00, 0x00,
  0x00, 0x00, 0x00, 0x00, 0x00, 0x00, 0x00, 0x00, 0x00, 0x00, 0x00, 0x00,
  0x00, 0x00, 0x00, 0x00, 0x00, 0x00, 0x00, 0x00, 0x00, 0x00, 0x00, 0x00,
  0x00, 0x00, 0x00, 0x00, 0x00, 0x00, 0x00, 0x00, 0x00, 0x00, 0x00, 0x00,
  0x00, 0x00, 0x00, 0x00, 0x00, 0x00, 0x00, 0x00, 0x00, 0x00, 0x00, 0x00,
  0x00, 0x00, 0x00, 0x00, 0x00, 0x00, 0x00, 0x00, 0x00, 0x00, 0x00, 0x00,
  0x00, 0x00, 0x00, 0x00, 0x00, 0x00, 0x00, 0x00, 0x00, 0x00, 0x00, 0x00,
  0x00, 0x00, 0x00, 0x00, 0x00, 0x00, 0x00, 0x00, 0x00, 0x00, 0x00, 0x00,
  0x00, 0x00, 0x00, 0x00, 0x00, 0x00, 0x00, 0x00, 0x00, 0x00, 0x00, 0x00,
  0x00, 0x00, 0x00, 0x00, 0x00, 0x00, 0x00, 0x00, 0x00, 0x00, 0x00, 0x00,
  0x00, 0x00, 0x00, 0x00, 0x00, 0x00, 0x00, 0x00, 0x00, 0x00, 0x00, 0x00,
  0x00, 0x00, 0x00, 0x00, 0x00, 0x00, 0x00, 0x00, 0x00, 0x00, 0x00, 0x00,
  0x00, 0x00, 0x00, 0x00, 0x00, 0x00, 0x00, 0x00, 0x00, 0x00, 0x00, 0x00,
  0x00, 0x00, 0x00, 0x00, 0x00, 0x00, 0x00, 0x00, 0x00, 0x00, 0x00, 0x00,
  0x00, 0x00, 0x00, 0x00, 0x00, 0x00, 0x00, 0x00, 0x00, 0x00, 0x00, 0x00,
  0x00, 0x00, 0x00, 0x00, 0x00, 0x00, 0x00, 0x00, 0x00, 0x00, 0x00, 0x00,
  0x00, 0x00, 0x00, 0x00, 0x00, 0x00, 0x00, 0x00, 0x00, 0x00, 0x00, 0x00,
  0x00, 0x00, 0x00, 0x00, 0x00, 0x00, 0x00, 0x00, 0x00, 0x00, 0x00, 0x00,
  0x00, 0x00, 0x00, 0x00, 0x00, 0x00, 0x00, 0x00, 0x00, 0x00, 0x00, 0x00,
  0x00, 0x00, 0x00, 0x00, 0x00, 0x00, 0x00, 0x00, 0x00, 0x00, 0x00, 0x00,
  0x00, 0x00, 0x00, 0x00, 0x00, 0x00, 0x00, 0x00, 0x00, 0x00, 0x00, 0x00,
  0x00, 0x00, 0x00, 0x00, 0x00, 0x00, 0x00, 0x00, 0x00, 0x00, 0x00, 0x00,
  0x00, 0x00, 0x00, 0x00, 0x00, 0x00, 0x00, 0x00, 0x00, 0x00, 0x00, 0x00,
  0x00, 0x00, 0x00, 0x00, 0x00, 0x00, 0x00, 0x00, 0x00, 0x00, 0x00, 0x00,
  0x00, 0x00, 0x00, 0x00, 0x00, 0x00, 0x00, 0x00, 0x00, 0x00, 0x00, 0x00,
  0x00, 0x00, 0x00, 0x00, 0x00, 0x00, 0x00, 0x00, 0x00, 0x00, 0x00, 0x00,
  0x00, 0x00, 0x00, 0x00, 0x00, 0x00, 0x00, 0x00, 0x00, 0x00, 0x00, 0x00,
  0x00, 0x00, 0x00, 0x00, 0x00, 0x00, 0x00, 0x00, 0x00, 0x00, 0x00, 0x00,
  0x00, 0x00, 0x00, 0x00, 0x00, 0x00, 0x00, 0x00, 0x00, 0x00, 0x00, 0x00,
  0x00, 0x00, 0x00, 0x00, 0x00, 0x00, 0x00, 0x00, 0x00, 0x00, 0x00, 0x00,
  0x00, 0x00, 0x00, 0x00, 0x00, 0x00, 0x00, 0x00, 0x00, 0x00, 0x00, 0x00,
  0x00, 0x00, 0x00, 0x00, 0x00, 0x00, 0x00, 0x00, 0x00, 0x00, 0x00, 0x00,
  0x00, 0x00, 0x00, 0x00, 0x00, 0x00, 0x00, 0x00, 0x00, 0x00, 0x00, 0x00,
  0x00, 0x00, 0x00, 0x00, 0x00, 0x00, 0x00, 0x00, 0x00, 0x00, 0x00, 0x00,
  0x00, 0x00, 0x00, 0x00, 0x00, 0x00, 0x00, 0x00, 0x00, 0x00, 0x00, 0x00,
  0x00, 0x00, 0x00, 0x00, 0x00, 0x00, 0x00, 0x00, 0x00, 0x00, 0x00, 0x00,
  0x00, 0x00, 0x00, 0x00, 0x00, 0x00, 0x00, 0x00, 0x00, 0x00, 0x00, 0x00,
  0x00, 0x00, 0x00, 0x00, 0x00, 0x00, 0x00, 0x00, 0x00, 0x00, 0x00, 0x00,
  0x00, 0x00, 0x00, 0x00, 0x00, 0x00, 0x00, 0x00, 0x00, 0x00, 0x00, 0x00,
  0x00, 0x00, 0x00, 0x00, 0x00, 0x00, 0x00, 0x00, 0x00, 0x00, 0x00, 0x00,
  0x00, 0x00, 0x00, 0x00, 0x00, 0x00, 0x00, 0x00, 0x00, 0x00, 0x00, 0x00,
  0x00, 0x00, 0x00, 0x00, 0x00, 0x00, 0x00, 0x00, 0x00, 0x00, 0x00, 0x00,
  0x00, 0x00, 0x00, 0x00, 0x00, 0x00, 0x00, 0x00, 0x00, 0x00, 0x00, 0x00,
  0x00, 0x00, 0x00, 0x00, 0x00, 0x00, 0x00, 0x00, 0x00, 0x00, 0x00, 0x00,
  0x00, 0x00, 0x00, 0x00, 0x00, 0x00, 0x00, 0x00, 0x00, 0x00, 0x00, 0x00,
  0x00, 0x00, 0x00, 0x00, 0x00, 0x00, 0x00, 0x00, 0x00, 0x00, 0x00, 0x00,
  0x00, 0x00, 0x00, 0x00, 0x00, 0x00, 0x00, 0x00, 0x00, 0x00, 0x00, 0x00,
  0x00, 0x00, 0x00, 0x00, 0x00, 0x00, 0x00, 0x00, 0x00, 0x00, 0x00, 0x00,
  0x00, 0x00, 0x00, 0x00, 0x00, 0x00, 0x00, 0x00, 0x00, 0x00, 0x00, 0x00,
  0x00, 0x00, 0x00, 0x00, 0x00, 0x00, 0x00, 0x00, 0x00, 0x00, 0x00, 0x00,
  0x00, 0x00, 0x00, 0x00, 0x00, 0x00, 0x00, 0x00, 0x00, 0x00, 0x00, 0x00,
  0x00, 0x00, 0x00, 0x00, 0x00, 0x00, 0x00, 0x00, 0x00, 0x00, 0x00, 0x00,
  0x00, 0x00, 0x00, 0x00, 0x00, 0x00, 0x00, 0x00, 0x00, 0x00, 0x00, 0x00,
  0x00, 0x00, 0x00, 0x00, 0x00, 0x00, 0x00, 0x00, 0x00, 0x00, 0x00, 0x00,
  0x00, 0x00, 0x00, 0x00, 0x00, 0x00, 0x00, 0x00, 0x00, 0x00, 0x00, 0x00,
  0x00, 0x00, 0x00, 0x00, 0x00, 0x00, 0x00, 0x00, 0x00, 0x00, 0x00, 0x00,
  0x00, 0x00, 0x00, 0x00, 0x00, 0x00, 0x00, 0x00, 0x00, 0x00, 0x00, 0x00,
  0x00, 0x00, 0x00, 0x00, 0x00, 0x00, 0x00, 0x00, 0x00, 0x00, 0x00, 0x00,
  0x00, 0x00, 0x00, 0x00, 0x00, 0x00, 0x00, 0x00, 0x00, 0x00, 0x00, 0x00,
  0x00, 0x00, 0x00, 0x00, 0x00, 0x00, 0x00, 0x00, 0x00, 0x00, 0x00, 0x00,
  0x00, 0x00, 0x00, 0x00, 0x00, 0x00, 0x00, 0x00, 0x00, 0x00, 0x00, 0x00,
  0x00, 0x00, 0x00, 0x00, 0x00, 0x00, 0x00, 0x00, 0x00, 0x00, 0x00, 0x00,
  0x00, 0x00, 0x00, 0x00, 0x00, 0x00, 0x00, 0x00, 0x00, 0x00, 0x00, 0x00,
  0x00, 0x00, 0x00, 0x00, 0x00, 0x00, 0x00, 0x00, 0x00, 0x00, 0x00, 0x00,
  0x00, 0x00, 0x00, 0x00, 0x00, 0x00, 0x00, 0x00, 0x00, 0x00, 0x00, 0x00,
  0x00, 0x00, 0x00, 0x00, 0x00, 0x00, 0x00, 0x00, 0x00, 0x00, 0x00, 0x00,
  0x00, 0x00, 0x00, 0x00, 0x00, 0x00, 0x00, 0x00, 0x00, 0x00, 0x00, 0x00,
  0x00, 0x00, 0x00, 0x00, 0x00, 0x00, 0x00, 0x00, 0x00, 0x00, 0x00, 0x00,
  0x00, 0x00, 0x00, 0x00, 0x00, 0x00, 0x00, 0x00, 0x00, 0x00, 0x00, 0x00,
  0x00, 0x00, 0x00, 0x00, 0x00, 0x00, 0x00, 0x00, 0x00, 0x00, 0x00, 0x00,
  0x00, 0x00, 0x00, 0x00, 0x00, 0x00, 0x00, 0x00, 0x00, 0x00, 0x00, 0x00,
  0x00, 0x00, 0x00, 0x00, 0x00, 0x00, 0x00, 0x00, 0x00, 0x00, 0x00, 0x00,
  0x00, 0x00, 0x00, 0x00, 0x00, 0x00, 0x00, 0x00, 0x00, 0x00, 0x00, 0x00,
  0x00, 0x00, 0x00, 0x00, 0x00, 0x00, 0x00, 0x00, 0x00, 0x00, 0x00, 0x00,
  0x00, 0x00, 0x00, 0x00, 0x00, 0x00, 0x00, 0x00, 0x00, 0x00, 0x00, 0x00,
  0x00, 0x00, 0x00, 0x00, 0x00, 0x00, 0x00, 0x00, 0x00, 0x00, 0x00, 0x00,
  0x00, 0x00, 0x00, 0x00, 0x00, 0x00, 0x00, 0x00, 0x00, 0x00, 0x00, 0x00,
  0x00, 0x00, 0x00, 0x00, 0x00, 0x00, 0x00, 0x00, 0x00, 0x00, 0x00, 0x00,
  0x00, 0x00, 0x00, 0x00, 0x00, 0x00, 0x00, 0x00, 0x00, 0x00, 0x00, 0x00,
  0x00, 0x00, 0x00, 0x00, 0x00, 0x00, 0x00, 0x00, 0x00, 0x00, 0x00, 0x00,
  0x00, 0x00, 0x00, 0x00, 0x00, 0x00, 0x00, 0x00, 0x00, 0x00, 0x00, 0x00,
  0x00, 0x00, 0x00, 0x00, 0x00, 0x00, 0x00, 0x00, 0x00, 0x00, 0x00, 0x00,
  0x00, 0x00, 0x00, 0x00, 0x00, 0x00, 0x00, 0x00, 0x00, 0x00, 0x00, 0x00,
  0x00, 0x00, 0x00, 0x00, 0x00, 0x00, 0x00, 0x00, 0x00, 0x00, 0x00, 0x00,
  0x00, 0x00, 0x00, 0x00, 0x00, 0x00, 0x00, 0x00, 0x00, 0x00, 0x00, 0x00,
  0x00, 0x00, 0x00, 0x00, 0x00, 0x00, 0x00, 0x00, 0x00, 0x00, 0x00, 0x00,
  0x00, 0x00, 0x00, 0x00, 0x00, 0x00, 0x00, 0x00, 0x00, 0x00, 0x00, 0x00,
  0x00, 0x00, 0x00, 0x00, 0x00, 0x00, 0x00, 0x00, 0x00, 0x00, 0x00, 0x00,
  0x00, 0x00, 0x00, 0x00, 0x00, 0x00, 0x00, 0x00, 0x00, 0x00, 0x00, 0x00,
  0x00, 0x00, 0x00, 0x00, 0x00, 0x00, 0x00, 0x00, 0x00, 0x00, 0x00, 0x00,
  0x00, 0x00, 0x00, 0x00, 0x00, 0x00, 0x00, 0x00, 0x00, 0x00, 0x00, 0x00,
  0x00, 0x00, 0x00, 0x00, 0x00, 0x00, 0x00, 0x00, 0x00, 0x00, 0x00, 0x00,
  0x00, 0x00, 0x00, 0x00, 0x00, 0x00, 0x00, 0x00, 0x00, 0x00, 0x00, 0x00,
  0x00, 0x00, 0x00, 0x00, 0x00, 0x00, 0x00, 0x00, 0x00, 0x00, 0x00, 0x00,
  0x00, 0x00, 0x00, 0x00, 0x00, 0x00, 0x00, 0x00, 0x00, 0x00, 0x00, 0x00,
  0x00, 0x00, 0x00, 0x00, 0x00, 0x00, 0x00, 0x00, 0x00, 0x00, 0x00, 0x00,
  0x00, 0x00, 0x00, 0x00, 0x00, 0x00, 0x00, 0x00, 0x00, 0x00, 0x00, 0x00,
  0x00, 0x00, 0x00, 0x00, 0x00, 0x00, 0x00, 0x00, 0x00, 0x00, 0x00, 0x00,
  0x00, 0x00, 0x00, 0x00, 0x00, 0x00, 0x00, 0x00, 0x00, 0x00, 0x00, 0x00,
  0x00, 0x00, 0x00, 0x00, 0x00, 0x00, 0x00, 0x00, 0x00, 0x00, 0x00, 0x00,
  0x00, 0x00, 0x00, 0x00, 0x00, 0x00, 0x00, 0x00, 0x00, 0x00, 0x00, 0x00,
  0x00, 0x00, 0x00, 0x00, 0x00, 0x00, 0x00, 0x00, 0x00, 0x00, 0x00, 0x00,
  0x00, 0x00, 0x00, 0x00, 0x00, 0x00, 0x00, 0x00, 0x00, 0x00, 0x00, 0x00,
  0x00, 0x00, 0x00, 0x00, 0x00, 0x00, 0x00, 0x00, 0x00, 0x00, 0x00, 0x00,
  0x00, 0x00, 0x00, 0x00, 0x00, 0x00, 0x00, 0x00, 0x00, 0x00, 0x00, 0x00,
  0x00, 0x00, 0x00, 0x00, 0x00, 0x00, 0x00, 0x00, 0x00, 0x00, 0x00, 0x00,
  0x00, 0x00, 0x00, 0x00, 0x00, 0x00, 0x00, 0x00, 0x00, 0x00, 0x00, 0x00,
  0x00, 0x00, 0x00, 0x00, 0x00, 0x00, 0x00, 0x00, 0x00, 0x00, 0x00, 0x00,
  0x00, 0x00, 0x00, 0x00, 0x00, 0x00, 0x00, 0x00, 0x00, 0x00, 0x00, 0x00,
  0x00, 0x00, 0x00, 0x00, 0x00, 0x00, 0x00, 0x00, 0x00, 0x00, 0x00, 0x00,
  0x00, 0x00, 0x00, 0x00, 0x00, 0x00, 0x00, 0x00, 0x00, 0x00, 0x00, 0x00,
  0x00, 0x00, 0x00, 0x00, 0x00, 0x00, 0x00, 0x00, 0x00, 0x00, 0x00, 0x00,
  0x00, 0x00, 0x00, 0x00, 0x00, 0x00, 0x00, 0x00, 0x00, 0x00, 0x00, 0x00,
  0x00, 0x00, 0x00, 0x00, 0x00, 0x00, 0x00, 0x00, 0x00, 0x00, 0x00, 0x00,
  0x00, 0x00, 0x00, 0x00, 0x00, 0x00, 0x00, 0x00, 0x00, 0x00, 0x00, 0x00,
  0x00, 0x00, 0x00, 0x00, 0x00, 0x00, 0x00, 0x00, 0x00, 0x00, 0x00, 0x00,
  0x00, 0x00, 0x00, 0x00, 0x00, 0x00, 0x00, 0x00, 0x00, 0x00, 0x00, 0x00,
  0x18, 0x00, 0x00, 0x00, 0x00, 0x00, 0x00, 0x00, 0xbf, 0xf4, 0x13, 0x3c,
  0x01, 0x00, 0x00, 0x00, 0x51, 0x00, 0x00, 0x01, 0x00, 0x00, 0x00, 0x00,
  0x00, 0x00, 0x00, 0x00, 0x00, 0x00, 0x00, 0x00, 0x00, 0x00, 0x00, 0x00,
  0x00, 0x00, 0x00, 0x00, 0x00, 0x00, 0x00, 0x00, 0x00, 0x00, 0x00, 0x00,
  0x00, 0x00, 0x00, 0x00, 0x00, 0x00, 0x00, 0x00, 0x00, 0x00, 0x00, 0x00,
  0x00, 0x00, 0x00, 0x00, 0xa5, 0xaa, 0xa5, 0xb8, 0xa5, 0xaa, 0xa5, 0xaa,
  0xa5, 0xb8, 0xa5, 0xb8, 0xa5, 0xb8, 0xa5, 0xb8, 0xc0, 0xc0, 0xc0, 0xc0,
  0xc0, 0xc0, 0xc0, 0xc0, 0xac, 0xc0, 0xcc, 0xc0, 0xa1, 0xa1, 0xa1, 0xa1,
  0xb1, 0xa5, 0xa5, 0xa6, 0xc0, 0xc0, 0xd7, 0xda, 0xe0, 0xc0, 0xe4, 0xc0,
  0xea, 0xea, 0xe0, 0xe0, 0x98, 0xc8, 0xee, 0xf1, 0xa5, 0xd3, 0xa5, 0xa5,
  0xa1, 0xea, 0x9e, 0xc0, 0xc0, 0xc2, 0xc0, 0xe6, 0x03, 0x7f, 0x11, 0x7f,
  0x01, 0x7f, 0x01, 0x3f, 0x01, 0x01, 0xab, 0x8b, 0x90, 0x64, 0x5b, 0x5b,
  0x5b, 0x5b, 0x5b, 0x92, 0x5b, 0x5b, 0x76, 0x90, 0x92, 0x92, 0x5b, 0x5b,
  0x5b, 0x5b, 0x5b, 0x5b, 0x5b, 0x5b, 0x5b, 0x5b, 0x5b, 0x5b, 0x6a, 0x73,
  0x90, 0x5b, 0x52, 0x52, 0x52, 0x52, 0x5b, 0x5b, 0x5b, 0x5b, 0x77, 0x7c,
  0x77, 0x85, 0x5b, 0x5b, 0x70, 0x5b, 0x7a, 0xaf, 0x76, 0x76, 0x5b, 0x5b,
  0x5b, 0x5b, 0x5b, 0x5b, 0x5b, 0x5b, 0x5b, 0x5b, 0x5b, 0x86, 0x01, 0x03,
  0x01, 0x04, 0x03, 0xd5, 0x03, 0xd5, 0x03, 0xcc, 0x01, 0xbc, 0x03, 0xf0,
  0x03, 0x03, 0x04, 0x00, 0x50, 0x50, 0x50, 0x50, 0xff, 0x20, 0x20, 0x20,
  0x20, 0x01, 0x01, 0x01, 0x01, 0xc4, 0x02, 0x10, 0xff, 0xff, 0xff, 0x01,
  0x00, 0x03, 0x11, 0xff, 0x03, 0xc4, 0xc6, 0xc8, 0x02, 0x10, 0x00, 0xff,
  0xcc, 0x01, 0x01, 0x01, 0x00, 0x00, 0x00, 0x00, 0x01, 0x01, 0x03, 0x01,
  0xff, 0xff, 0xc0, 0xc2, 0x10, 0x11, 0x02, 0x03, 0x01, 0x01, 0x01, 0xff,
  0xff, 0xff, 0x00, 0x00, 0x00, 0xff, 0x00, 0x00, 0xff, 0xff, 0xff, 0xff,
  0x10, 0x10, 0x10, 0x10, 0x02, 0x10, 0x00, 0x00, 0xc6, 0xc8, 0x02, 0x02,
  0x02, 0x02, 0x06, 0x00, 0x04, 0x00, 0x02, 0xff, 0x00, 0xc0, 0xc2, 0x01,
  0x01, 0x03, 0x03, 0x03, 0xca, 0x40, 0x00, 0x0a, 0x00, 0x04, 0x00, 0x00,
  0x00, 0x00, 0x7f, 0x00, 0x33, 0x01, 0x00, 0x00, 0x00, 0x00, 0x00, 0x00,
  0xff, 0xbf, 0xff, 0xff, 0x00, 0x00, 0x00, 0x00, 0x07, 0x00, 0x00, 0xff,
  0x00, 0x00, 0x00, 0x00, 0x00, 0x00, 0x00, 0x00, 0x00, 0x00, 0x00, 0x00,
  0x00, 0x00, 0xff, 0xff, 0x00, 0x00, 0x00, 0xbf, 0x00, 0x00, 0x00, 0x00,
  0x00, 0x00, 0x00, 0x00, 0x7f, 0x00, 0x00, 0xff, 0x40, 0x40, 0x40, 0x40,
  0x41, 0x49, 0x40, 0x40, 0x40, 0x40, 0x4c, 0x42, 0x40, 0x40, 0x40, 0x40,
  0x40, 0x40, 0x40, 0x40, 0x4f, 0x44, 0x53, 0x40, 0x40, 0x40, 0x44, 0x57,
  0x43, 0x5c, 0x40, 0x60, 0x40, 0x40, 0x40, 0x40, 0x40, 0x40, 0x40, 0x40,
  0x40, 0x40, 0x40, 0x40, 0x40, 0x40, 0x64, 0x66, 0x6e, 0x6b, 0x40, 0x40,
  0x6a, 0x46, 0x40, 0x40, 0x44, 0x46, 0x40, 0x40, 0x5b, 0x44, 0x40, 0x40,
  0x00, 0x00, 0x00, 0x00, 0x06, 0x06, 0x06, 0x06, 0x01, 0x06, 0x06, 0x02,
  0x06, 0x06, 0x00, 0x06, 0x00, 0x0a, 0x0a, 0x00, 0x00, 0x00, 0x02, 0x07,
  0x07, 0x06, 0x02, 0x0d, 0x06, 0x06, 0x06, 0x0e, 0x05, 0x05, 0x02, 0x02,
  0x00, 0x00, 0x04, 0x04, 0x04, 0x04, 0x05, 0x06, 0x06, 0x06, 0x00, 0x00,
  0x00, 0x0e, 0x00, 0x00, 0x08, 0x00, 0x10, 0x00, 0x18, 0x00, 0x20, 0x00,
  0x28, 0x00, 0x30, 0x00, 0x80, 0x01, 0x82, 0x01, 0x86, 0x00, 0xf6, 0xcf,
  0xfe, 0x3f, 0xab, 0x00, 0xb0, 0x00, 0xb1, 0x00, 0xb3, 0x00, 0xba, 0xf8,
  0xbb, 0x00, 0xc0, 0x00, 0xc1, 0x00, 0xc7, 0xbf, 0x62, 0xff, 0x00, 0x8d,
  0xff, 0x00, 0xc4, 0xff, 0x00, 0xc5, 0xff, 0x00, 0xff, 0xff, 0xeb, 0x01,
  0xff, 0x0e, 0x12, 0x08, 0x00, 0x13, 0x09, 0x00, 0x16, 0x08, 0x00, 0x17,
  0x09, 0x00, 0x2b, 0x09, 0x00, 0xae, 0xff, 0x07, 0xb2, 0xff, 0x00, 0xb4,
  0xff, 0x00, 0xb5, 0xff, 0x00, 0xc3, 0x01, 0x00, 0xc7, 0xff, 0xbf, 0xe7,
  0x08, 0x00, 0xf0, 0x02, 0x00, 0x00, 0x00, 0x00, 0x05, 0x00, 0x00, 0x00,
  0x01, 0x01, 0x00, 0x00, 0x00, 0x00, 0x00, 0x00, 0x00, 0x00, 0x00, 0x00,
  0x00, 0x00, 0x00, 0x00, 0x00, 0x00, 0x00, 0x00, 0x00, 0x00, 0x00, 0x00,
  0x00, 0x00, 0x00, 0x00, 0x00, 0x00, 0x00, 0x00, 0x00, 0x00, 0x00, 0x00,
  0x00, 0x00, 0x00, 0x00, 0x00, 0x00, 0x00, 0x00, 0x00, 0x00, 0x00, 0x00,
  0x00, 0x00, 0x00, 0x00, 0x00, 0x00, 0x00, 0x00, 0x4f, 0x50, 0x45, 0x4e,
  0x4f, 0x52, 0x42, 0x49, 0x53, 0x2d, 0x48, 0x4f, 0x4d, 0x45, 0x42, 0x52,
  0x45, 0x57, 0x00, 0x00, 0x00, 0x00, 0x00, 0x00, 0x00, 0x6c, 0x69, 0x62,
  0x6b, 0x65, 0x72, 0x6e, 0x65, 0x6c, 0x2e, 0x70, 0x72, 0x78, 0x00, 0x6c,
  0x69, 0x62, 0x53, 0x63, 0x65, 0x4c, 0x69, 0x62, 0x63, 0x49, 0x6e, 0x74,
  0x65, 0x72, 0x6e, 0x61, 0x6c, 0x2e, 0x70, 0x72, 0x78, 0x00, 0x6c, 0x69,
  0x62, 0x53, 0x63, 0x65, 0x50, 0x73, 0x6d, 0x2e, 0x70, 0x72, 0x78, 0x00,
  0x6c, 0x69, 0x62, 0x6d, 0x6f, 0x6e, 0x6f, 0x73, 0x67, 0x65, 0x6e, 0x2e,
  0x70, 0x72, 0x78, 0x00, 0x6c, 0x69, 0x62, 0x53, 0x63, 0x65, 0x52, 0x65,
  0x67, 0x4d, 0x67, 0x72, 0x2e, 0x70, 0x72, 0x78, 0x00, 0x6c, 0x69, 0x62,
  0x6b, 0x65, 0x72, 0x6e, 0x65, 0x6c, 0x00, 0x6c, 0x69, 0x62, 0x53, 0x63,
  0x65, 0x4c, 0x69, 0x62, 0x63, 0x49, 0x6e, 0x74, 0x65, 0x72, 0x6e, 0x61,
  0x6c, 0x00, 0x6c, 0x69, 0x62, 0x53, 0x63, 0x65, 0x50, 0x73, 0x6d, 0x00,
  0x6c, 0x69, 0x62, 0x6d, 0x6f, 0x6e, 0x6f, 0x73, 0x67, 0x65, 0x6e, 0x00,
  0x6c, 0x69, 0x62, 0x53, 0x63, 0x65, 0x52, 0x65, 0x67, 0x4d, 0x67, 0x72,
  0x00, 0x70, 0x6c, 0x75, 0x67, 0x69, 0x6e, 0x5f, 0x6d, 0x6f, 0x6e, 0x6f,
  0x00, 0x2f, 0x68, 0x6f, 0x6d, 0x65, 0x2f, 0x72, 0x75, 0x6e, 0x6e, 0x65,
  0x72, 0x2f, 0x77, 0x6f, 0x72, 0x6b, 0x2f, 0x70, 0x73, 0x34, 0x2d, 0x68,
  0x65, 0x6e, 0x2d, 0x70, 0x6c, 0x75, 0x67, 0x69, 0x6e, 0x73, 0x2f, 0x70,
  0x73, 0x34, 0x2d, 0x68, 0x65, 0x6e, 0x2d, 0x70, 0x6c, 0x75, 0x67, 0x69,
  0x6e, 0x73, 0x2f, 0x70, 0x6c, 0x75, 0x67, 0x69, 0x6e, 0x5f, 0x6d, 0x6f,
  0x6e, 0x6f, 0x2f, 0x2e, 0x2e, 0x2f, 0x62, 0x69, 0x6e, 0x2f, 0x70, 0x6c,
  0x75, 0x67, 0x69, 0x6e, 0x73, 0x2f, 0x65, 0x6c, 0x66, 0x2f, 0x70, 0x6c,
  0x75, 0x67, 0x69, 0x6e, 0x5f, 0x6d, 0x6f, 0x6e, 0x6f, 0x2e, 0x65, 0x6c,
  0x66, 0x00, 0x38, 0x7a, 0x54, 0x46, 0x76, 0x42, 0x49, 0x41, 0x49, 0x4e,
  0x38, 0x23, 0x43, 0x23, 0x43, 0x00, 0x45, 0x36, 0x61, 0x6f, 0x33, 0x34,
  0x77, 0x50, 0x77, 0x2b, 0x55, 0x23, 0x42, 0x23, 0x42, 0x00, 0x78, 0x65,
  0x59, 0x4f, 0x34, 0x75, 0x37, 0x75, 0x79, 0x4a, 0x30, 0x23, 0x43, 0x23,
  0x43, 0x00, 0x6c, 0x62, 0x42, 0x2b, 0x55, 0x6c, 0x5a, 0x71, 0x56, 0x47,
  0x30, 0x23, 0x43, 0x23, 0x43, 0x00, 0x75, 0x6f, 0x64, 0x4c, 0x59, 0x79,
  0x55, 0x69, 0x70, 0x32, 0x30, 0x23, 0x43, 0x23, 0x43, 0x00, 0x4d, 0x70,
  0x78, 0x68, 0x4d, 0x68, 0x38, 0x51, 0x46, 0x72, 0x6f, 0x23, 0x43, 0x23,
  0x43, 0x00, 0x38, 0x76, 0x45, 0x36, 0x5a, 0x36, 0x56, 0x45, 0x59, 0x79,
  0x6b, 0x23, 0x42, 0x23, 0x42, 0x00, 0x65, 0x4c, 0x64, 0x44, 0x77, 0x36,
  0x6c, 0x30, 0x2d, 0x62, 0x55, 0x23, 0x43, 0x23, 0x43, 0x00, 0x68, 0x63,
  0x75, 0x51, 0x67, 0x44, 0x35, 0x33, 0x55, 0x78, 0x4d, 0x23, 0x43, 0x23,
  0x43, 0x00, 0x6a, 0x34, 0x56, 0x69, 0x57, 0x4e, 0x48, 0x45, 0x67, 0x77,
  0x77, 0x23, 0x43, 0x23, 0x43, 0x00, 0x54, 0x59, 0x45, 0x34, 0x69, 0x72,
  0x78, 0x53, 0x6d, 0x6b, 0x6f, 0x23, 0x43, 0x23, 0x43, 0x00, 0x67, 0x51,
  0x58, 0x2b, 0x34, 0x47, 0x44, 0x51, 0x6a, 0x70, 0x4d, 0x23, 0x43, 0x23,
  0x43, 0x00, 0x6b, 0x69, 0x5a, 0x53, 0x58, 0x49, 0x57, 0x64, 0x39, 0x76,
  0x67, 0x23, 0x43, 0x23, 0x43, 0x00, 0x4b, 0x64, 0x50, 0x2d, 0x6e, 0x55,
  0x4c, 0x70, 0x75, 0x47, 0x77, 0x23, 0x43, 0x23, 0x43, 0x00, 0x71, 0x30,
  0x46, 0x36, 0x79, 0x53, 0x2d, 0x72, 0x43, 0x6d, 0x73, 0x23, 0x43, 0x23,
  0x43, 0x00, 0x67, 0x37, 0x7a, 0x7a, 0x7a, 0x4c, 0x44, 0x59, 0x47, 0x77,
  0x30, 0x23, 0x43, 0x23, 0x43, 0x00, 0x6f, 0x62, 0x35, 0x78, 0x41, 0x57,
  0x34, 0x6c, 0x6e, 0x2d, 0x30, 0x23, 0x43, 0x23, 0x43, 0x00, 0x36, 0x73,
  0x4a, 0x57, 0x69, 0x57, 0x53, 0x52, 0x75, 0x71, 0x6b, 0x23, 0x43, 0x23,
  0x43, 0x00, 0x74, 0x49, 0x68, 0x73, 0x71, 0x6a, 0x30, 0x71, 0x73, 0x46,
  0x45, 0x23, 0x43, 0x23, 0x43, 0x00, 0x66, 0x66, 0x66, 0x77, 0x45, 0x4c,
  0x58, 0x4e, 0x56, 0x46, 0x41, 0x23, 0x43, 0x23, 0x43, 0x00, 0x4f, 0x76,
  0x62, 0x32, 0x64, 0x53, 0x4a, 0x4f, 0x41, 0x75, 0x45, 0x23, 0x43, 0x23,
  0x43, 0x00, 0x4a, 0x47, 0x66, 0x54, 0x4d, 0x42, 0x4f, 0x64, 0x55, 0x4a,
  0x6f, 0x23, 0x42, 0x23, 0x42, 0x00, 0x48, 0x6f, 0x4c, 0x56, 0x57, 0x4e,
  0x61, 0x6e, 0x42, 0x42, 0x63, 0x23, 0x42, 0x23, 0x42, 0x00, 0x4a, 0x47,
  0x4d, 0x69, 0x6f, 0x2b, 0x32, 0x31, 0x4c, 0x34, 0x63, 0x23, 0x42, 0x23,
  0x42, 0x00, 0x59, 0x51, 0x30, 0x6e, 0x61, 0x76, 0x70, 0x2b, 0x59, 0x49,
  0x63, 0x23, 0x43, 0x23, 0x43, 0x00, 0x77, 0x75, 0x43, 0x72, 0x6f, 0x49,
  0x47, 0x6a, 0x74, 0x32, 0x67, 0x23, 0x42, 0x23, 0x42, 0x00, 0x77, 0x64,
  0x55, 0x75, 0x66, 0x61, 0x39, 0x67, 0x2d, 0x44, 0x38, 0x23, 0x42, 0x23,
  0x42, 0x00, 0x62, 0x59, 0x2d, 0x50, 0x4f, 0x36, 0x4a, 0x68, 0x7a, 0x68,
  0x51, 0x23, 0x42, 0x23, 0x42, 0x00, 0x4c, 0x77, 0x47, 0x38, 0x67, 0x33,
  0x6e, 0x69, 0x71, 0x77, 0x41, 0x23, 0x42, 0x23, 0x42, 0x00, 0x76, 0x69,
  0x69, 0x77, 0x46, 0x4d, 0x61, 0x4e, 0x61, 0x6d, 0x41, 0x23, 0x43, 0x23,
  0x43, 0x00, 0x35, 0x61, 0x38, 0x62, 0x2b, 0x73, 0x36, 0x48, 0x74, 0x61,
  0x41, 0x23, 0x45, 0x23, 0x45, 0x00, 0x6b, 0x55, 0x70, 0x67, 0x72, 0x58,
  0x49, 0x72, 0x7a, 0x37, 0x51, 0x23, 0x42, 0x23, 0x42, 0x00, 0x35, 0x4f,
  0x71, 0x73, 0x7a, 0x47, 0x70, 0x79, 0x37, 0x4d, 0x67, 0x23, 0x43, 0x23,
  0x43, 0x00, 0x65, 0x47, 0x6b, 0x4f, 0x70, 0x54, 0x6f, 0x6a, 0x4a, 0x6c,
  0x34, 0x23, 0x43, 0x23, 0x43, 0x00, 0x44, 0x66, 0x69, 0x76, 0x50, 0x41,
  0x72, 0x68, 0x75, 0x63, 0x67, 0x23, 0x43, 0x23, 0x43, 0x00, 0x44, 0x46,
  0x6d, 0x4d, 0x54, 0x38, 0x30, 0x78, 0x63, 0x4e, 0x49, 0x23, 0x42, 0x23,
  0x42, 0x00, 0x31, 0x6a, 0x66, 0x58, 0x4c, 0x52, 0x56, 0x7a, 0x69, 0x73,
  0x63, 0x23, 0x42, 0x23, 0x42, 0x00, 0x77, 0x7a, 0x76, 0x71, 0x54, 0x34,
  0x55, 0x71, 0x4b, 0x58, 0x38, 0x23, 0x42, 0x23, 0x42, 0x00, 0x61, 0x65,
  0x73, 0x79, 0x6a, 0x72, 0x48, 0x56, 0x57, 0x79, 0x34, 0x23, 0x43, 0x23,
  0x43, 0x00, 0x64, 0x43, 0x65, 0x69, 0x68, 0x50, 0x74, 0x61, 0x64, 0x43,
  0x4d, 0x23, 0x45, 0x23, 0x45, 0x00, 0x78, 0x50, 0x34, 0x45, 0x43, 0x34,
  0x53, 0x70, 0x39, 0x47, 0x49, 0x23, 0x45, 0x23, 0x45, 0x00, 0x62, 0x7a,
  0x78, 0x54, 0x5a, 0x53, 0x6e, 0x6e, 0x42, 0x33, 0x38, 0x23, 0x45, 0x23,
  0x45, 0x00, 0x4b, 0x4b, 0x38, 0x43, 0x72, 0x30, 0x77, 0x45, 0x38, 0x31,
  0x4d, 0x23, 0x45, 0x23, 0x45, 0x00, 0x75, 0x7a, 0x4c, 0x73, 0x4a, 0x55,
  0x4d, 0x6a, 0x76, 0x4c, 0x59, 0x23, 0x45, 0x23, 0x45, 0x00, 0x70, 0x72,
  0x65, 0x39, 0x42, 0x6a, 0x6b, 0x79, 0x44, 0x68, 0x73, 0x23, 0x45, 0x23,
  0x45, 0x00, 0x48, 0x35, 0x49, 0x42, 0x79, 0x4c, 0x69, 0x78, 0x65, 0x61,
  0x49, 0x23, 0x45, 0x23, 0x45, 0x00, 0x36, 0x74, 0x35, 0x47, 0x35, 0x64,
  0x59, 0x70, 0x4d, 0x56, 0x67, 0x23, 0x45, 0x23, 0x45, 0x00, 0x70, 0x58,
  0x76, 0x2d, 0x57, 0x43, 0x6f, 0x6b, 0x4e, 0x73, 0x59, 0x23, 0x45, 0x23,
  0x45, 0x00, 0x76, 0x30, 0x47, 0x64, 0x58, 0x4c, 0x4e, 0x31, 0x4d, 0x79,
  0x45, 0x23, 0x45, 0x23, 0x45, 0x00, 0x74, 0x38, 0x66, 0x5a, 0x49, 0x59,
  0x77, 0x64, 0x5a, 0x55, 0x77, 0x23, 0x45, 0x23, 0x45, 0x00, 0x76, 0x49,
  0x66, 0x74, 0x66, 0x7a, 0x39, 0x57, 0x6d, 0x4b, 0x77, 0x23, 0x45, 0x23,
  0x45, 0x00, 0x51, 0x33, 0x56, 0x42, 0x78, 0x43, 0x58, 0x68, 0x55, 0x48,
  0x73, 0x23, 0x43, 0x23, 0x43, 0x00, 0x38, 0x71, 0x6b, 0x36, 0x32, 0x4a,
  0x53, 0x32, 0x64, 0x47, 0x30, 0x23, 0x45, 0x23, 0x45, 0x00, 0x72, 0x58,
  0x34, 0x72, 0x64, 0x44, 0x6e, 0x64, 0x64, 0x31, 0x49, 0x23, 0x45, 0x23,
  0x45, 0x00, 0x41, 0x6e, 0x2b, 0x49, 0x2b, 0x66, 0x62, 0x46, 0x44, 0x7a,
  0x55, 0x23, 0x45, 0x23, 0x45, 0x00, 0x37, 0x45, 0x55, 0x33, 0x48, 0x70,
  0x67, 0x78, 0x63, 0x76, 0x59, 0x23, 0x45, 0x23, 0x45, 0x00, 0x42, 0x68,
  0x72, 0x45, 0x79, 0x4d, 0x31, 0x6b, 0x47, 0x57, 0x38, 0x23, 0x45, 0x23,
  0x45, 0x00, 0x6a, 0x2d, 0x67, 0x57, 0x4c, 0x36, 0x77, 0x44, 0x72, 0x6f,
  0x73, 0x23, 0x43, 0x23, 0x43, 0x00, 0x35, 0x6a, 0x52, 0x43, 0x73, 0x32,
  0x61, 0x78, 0x74, 0x72, 0x34, 0x23, 0x42, 0x23, 0x42, 0x00, 0x4e, 0x32,
  0x4f, 0x6a, 0x77, 0x4a, 0x4a, 0x47, 0x6a, 0x65, 0x51, 0x23, 0x43, 0x23,
  0x43, 0x00, 0x43, 0x54, 0x70, 0x6c, 0x4c, 0x72, 0x72, 0x6e, 0x64, 0x55,
  0x67, 0x23, 0x46, 0x23, 0x46, 0x00, 0x57, 0x30, 0x78, 0x6b, 0x4e, 0x30,
  0x2b, 0x5a, 0x6b, 0x43, 0x45, 0x23, 0x42, 0x23, 0x42, 0x00, 0x30, 0x44,
  0x34, 0x2d, 0x46, 0x56, 0x76, 0x45, 0x69, 0x6b, 0x77, 0x23, 0x42, 0x23,
  0x42, 0x00, 0x68, 0x39, 0x43, 0x63, 0x50, 0x33, 0x4a, 0x30, 0x6f, 0x56,
  0x4d, 0x23, 0x42, 0x23, 0x42, 0x00, 0x4f, 0x78, 0x68, 0x49, 0x42, 0x38,
  0x4c, 0x42, 0x2d, 0x50, 0x51, 0x23, 0x42, 0x23, 0x42, 0x00, 0x46, 0x4a,
  0x72, 0x54, 0x35, 0x4c, 0x75, 0x55, 0x42, 0x41, 0x55, 0x23, 0x42, 0x23,
  0x42, 0x00, 0x57, 0x44, 0x70, 0x6f, 0x62, 0x6a, 0x49, 0x6d, 0x41, 0x62,
  0x34, 0x23, 0x43, 0x23, 0x43, 0x00, 0x56, 0x41, 0x7a, 0x73, 0x77, 0x76,
  0x54, 0x4f, 0x43, 0x7a, 0x49, 0x23, 0x42, 0x23, 0x42, 0x00, 0x51, 0x4b,
  0x64, 0x30, 0x71, 0x4d, 0x35, 0x38, 0x51, 0x65, 0x73, 0x23, 0x42, 0x23,
  0x42, 0x00, 0x61, 0x79, 0x33, 0x75, 0x52, 0x4f, 0x51, 0x41, 0x63, 0x35,
  0x41, 0x23, 0x43, 0x23, 0x43, 0x00, 0x45, 0x4d, 0x75, 0x74, 0x77, 0x61,
  0x51, 0x33, 0x34, 0x4a, 0x6f, 0x23, 0x43, 0x23, 0x43, 0x00, 0x6c, 0x79,
  0x62, 0x79, 0x79, 0x4b, 0x74, 0x50, 0x35, 0x34, 0x63, 0x23, 0x43, 0x23,
  0x43, 0x00, 0x58, 0x65, 0x70, 0x64, 0x71, 0x65, 0x68, 0x56, 0x59, 0x65,
  0x34, 0x23, 0x43, 0x23, 0x43, 0x00, 0x6a, 0x62, 0x7a, 0x39, 0x49, 0x39,
  0x76, 0x6b, 0x71, 0x6b, 0x6b, 0x23, 0x43, 0x23, 0x43, 0x00, 0x7a, 0x6c,
  0x37, 0x68, 0x75, 0x70, 0x53, 0x4f, 0x30, 0x43, 0x30, 0x23, 0x42, 0x23,
  0x42, 0x00, 0x6b, 0x48, 0x67, 0x34, 0x35, 0x71, 0x50, 0x43, 0x36, 0x66,
  0x30, 0x23, 0x43, 0x23, 0x43, 0x00, 0x4d, 0x30, 0x78, 0x52, 0x64, 0x4e,
  0x55, 0x61, 0x2d, 0x6b, 0x73, 0x23, 0x45, 0x23, 0x45, 0x00, 0x38, 0x4b,
  0x48, 0x68, 0x2b, 0x56, 0x65, 0x66, 0x5a, 0x44, 0x4d, 0x23, 0x42, 0x23,
  0x42, 0x00, 0x75, 0x63, 0x65, 0x5a, 0x33, 0x4f, 0x42, 0x4d, 0x77, 0x73,
  0x67, 0x23, 0x41, 0x23, 0x41, 0x00, 0x33, 0x56, 0x35, 0x30, 0x53, 0x42,
  0x77, 0x6d, 0x68, 0x46, 0x67, 0x23, 0x41, 0x23, 0x41, 0x00, 0x4f, 0x4e,
  0x77, 0x66, 0x31, 0x63, 0x48, 0x71, 0x4f, 0x62, 0x63, 0x23, 0x41, 0x23,
  0x41, 0x00, 0x31, 0x68, 0x31, 0x6a, 0x61, 0x46, 0x6c, 0x50, 0x74, 0x66,
  0x41, 0x23, 0x41, 0x23, 0x41, 0x00, 0x57, 0x2b, 0x42, 0x54, 0x33, 0x2d,
  0x52, 0x4c, 0x59, 0x6d, 0x59, 0x23, 0x41, 0x23, 0x41, 0x00, 0x4e, 0x48,
  0x78, 0x39, 0x70, 0x78, 0x48, 0x69, 0x53, 0x62, 0x55, 0x23, 0x41, 0x23,
  0x41, 0x00, 0x33, 0x34, 0x34, 0x76, 0x7a, 0x7a, 0x65, 0x68, 0x42, 0x37,
  0x4d, 0x23, 0x41, 0x23, 0x41, 0x00, 0x67, 0x41, 0x6a, 0x76, 0x43, 0x55,
  0x48, 0x65, 0x41, 0x62, 0x45, 0x23, 0x41, 0x23, 0x41, 0x00, 0x34, 0x6b,
  0x2b, 0x35, 0x6c, 0x61, 0x32, 0x30, 0x7a, 0x54, 0x38, 0x23, 0x41, 0x23,
  0x41, 0x00, 0x75, 0x54, 0x79, 0x74, 0x74, 0x4d, 0x31, 0x33, 0x71, 0x56,
  0x63, 0x23, 0x41, 0x23, 0x41, 0x00, 0x51, 0x59, 0x74, 0x30, 0x45, 0x30,
  0x32, 0x69, 0x6d, 0x38, 0x45, 0x23, 0x41, 0x23, 0x41, 0x00, 0x71, 0x47,
  0x65, 0x6a, 0x39, 0x72, 0x6b, 0x74, 0x47, 0x6a, 0x4d, 0x23, 0x41, 0x23,
  0x41, 0x00, 0x53, 0x58, 0x74, 0x39, 0x67, 0x63, 0x7a, 0x4a, 0x43, 0x36,
  0x77, 0x23, 0x41, 0x23, 0x41, 0x00, 0x36, 0x4c, 0x2b, 0x64, 0x50, 0x46,
  0x74, 0x62, 0x73, 0x39, 0x49, 0x23, 0x41, 0x23, 0x41, 0x00, 0x6d, 0x6f,
  0x64, 0x75, 0x6c, 0x65, 0x5f, 0x73, 0x74, 0x6f, 0x70, 0x00, 0x6d, 0x6f,
  0x64, 0x75, 0x6c, 0x65, 0x5f, 0x73, 0x74, 0x61, 0x72, 0x74, 0x00, 0x00,
  0x00, 0x00, 0x00, 0x00, 0x00, 0x00, 0x00, 0x00, 0x00, 0x00, 0x00, 0x00,
  0x00, 0x00, 0x00, 0x00, 0x00, 0x00, 0x00, 0x00, 0x00, 0x00, 0x00, 0x00,
  0x00, 0x00, 0x00, 0x00, 0x00, 0x00, 0x00, 0x00, 0x03, 0x00, 0x00, 0x00,
  0x00, 0x00, 0x00, 0x00, 0x00, 0x00, 0x00, 0x00, 0x00, 0x00, 0x00, 0x00,
  0x00, 0x00, 0x00, 0x00, 0x02, 0x01, 0x00, 0x00, 0x12, 0x00, 0x00, 0x00,
  0x00, 0x00, 0x00, 0x00, 0x00, 0x00, 0x00, 0x00, 0x00, 0x00, 0x00, 0x00,
  0x00, 0x00, 0x00, 0x00, 0x12, 0x01, 0x00, 0x00, 0x12, 0x00, 0x00, 0x00,
  0x00, 0x00, 0x00, 0x00, 0x00, 0x00, 0x00, 0x00, 0x00, 0x00, 0x00, 0x00,
  0x00, 0x00, 0x00, 0x00, 0x22, 0x01, 0x00, 0x00, 0x12, 0x00, 0x00, 0x00,
  0x00, 0x00, 0x00, 0x00, 0x00, 0x00, 0x00, 0x00, 0x00, 0x00, 0x00, 0x00,
  0x00, 0x00, 0x00, 0x00, 0x32, 0x01, 0x00, 0x00, 0x12, 0x00, 0x00, 0x00,
  0x00, 0x00, 0x00, 0x00, 0x00, 0x00, 0x00, 0x00, 0x00, 0x00, 0x00, 0x00,
  0x00, 0x00, 0x00, 0x00, 0x42, 0x01, 0x00, 0x00, 0x12, 0x00, 0x00, 0x00,
  0x00, 0x00, 0x00, 0x00, 0x00, 0x00, 0x00, 0x00, 0x00, 0x00, 0x00, 0x00,
  0x00, 0x00, 0x00, 0x00, 0x52, 0x01, 0x00, 0x00, 0x12, 0x00, 0x00, 0x00,
  0x00, 0x00, 0x00, 0x00, 0x00, 0x00, 0x00, 0x00, 0x00, 0x00, 0x00, 0x00,
  0x00, 0x00, 0x00, 0x00, 0x62, 0x01, 0x00, 0x00, 0x12, 0x00, 0x00, 0x00,
  0x00, 0x00, 0x00, 0x00, 0x00, 0x00, 0x00, 0x00, 0x00, 0x00, 0x00, 0x00,
  0x00, 0x00, 0x00, 0x00, 0x72, 0x01, 0x00, 0x00, 0x12, 0x00, 0x00, 0x00,
  0x00, 0x00, 0x00, 0x00, 0x00, 0x00, 0x00, 0x00, 0x00, 0x00, 0x00, 0x00,
  0x00, 0x00, 0x00, 0x00, 0x82, 0x01, 0x00, 0x00, 0x12, 0x00, 0x00, 0x00,
  0x00, 0x00, 0x00, 0x00, 0x00, 0x00, 0x00, 0x00, 0x00, 0x00, 0x00, 0x00,
  0x00, 0x00, 0x00, 0x00, 0x92, 0x01, 0x00, 0x00, 0x12, 0x00, 0x00, 0x00,
  0x00, 0x00, 0x00, 0x00, 0x00, 0x00, 0x00, 0x00, 0x00, 0x00, 0x00, 0x00,
  0x00, 0x00, 0x00, 0x00, 0xa2, 0x01, 0x00, 0x00, 0x12, 0x00, 0x00, 0x00,
  0x00, 0x00, 0x00, 0x00, 0x00, 0x00, 0x00, 0x00, 0x00, 0x00, 0x00, 0x00,
  0x00, 0x00, 0x00, 0x00, 0xb2, 0x01, 0x00, 0x00, 0x12, 0x00, 0x00, 0x00,
  0x00, 0x00, 0x00, 0x00, 0x00, 0x00, 0x00, 0x00, 0x00, 0x00, 0x00, 0x00,
  0x00, 0x00, 0x00, 0x00, 0xc2, 0x01, 0x00, 0x00, 0x12, 0x00, 0x00, 0x00,
  0x00, 0x00, 0x00, 0x00, 0x00, 0x00, 0x00, 0x00, 0x00, 0x00, 0x00, 0x00,
  0x00, 0x00, 0x00, 0x00, 0xd2, 0x01, 0x00, 0x00, 0x12, 0x00, 0x00, 0x00,
  0x00, 0x00, 0x00, 0x00, 0x00, 0x00, 0x00, 0x00, 0x00, 0x00, 0x00, 0x00,
  0x00, 0x00, 0x00, 0x00, 0xe2, 0x01, 0x00, 0x00, 0x12, 0x00, 0x00, 0x00,
  0x00, 0x00, 0x00, 0x00, 0x00, 0x00, 0x00, 0x00, 0x00, 0x00, 0x00, 0x00,
  0x00, 0x00, 0x00, 0x00, 0xf2, 0x01, 0x00, 0x00, 0x12, 0x00, 0x00, 0x00,
  0x00, 0x00, 0x00, 0x00, 0x00, 0x00, 0x00, 0x00, 0x00, 0x00, 0x00, 0x00,
  0x00, 0x00, 0x00, 0x00, 0x02, 0x02, 0x00, 0x00, 0x12, 0x00, 0x00, 0x00,
  0x00, 0x00, 0x00, 0x00, 0x00, 0x00, 0x00, 0x00, 0x00, 0x00, 0x00, 0x00,
  0x00, 0x00, 0x00, 0x00, 0x12, 0x02, 0x00, 0x00, 0x12, 0x00, 0x00, 0x00,
  0x00, 0x00, 0x00, 0x00, 0x00, 0x00, 0x00, 0x00, 0x00, 0x00, 0x00, 0x00,
  0x00, 0x00, 0x00, 0x00, 0x22, 0x02, 0x00, 0x00, 0x12, 0x00, 0x00, 0x00,
  0x00, 0x00, 0x00, 0x00, 0x00, 0x00, 0x00, 0x00, 0x00, 0x00, 0x00, 0x00,
  0x00, 0x00, 0x00, 0x00, 0x32, 0x02, 0x00, 0x00, 0x12, 0x00, 0x00, 0x00,
  0x00, 0x00, 0x00, 0x00, 0x00, 0x00, 0x00, 0x00, 0x00, 0x00, 0x00, 0x00,
  0x00, 0x00, 0x00, 0x00, 0x42, 0x02, 0x00, 0x00, 0x12, 0x00, 0x00, 0x00,
  0x00, 0x00, 0x00, 0x00, 0x00, 0x00, 0x00, 0x00, 0x00, 0x00, 0x00, 0x00,
  0x00, 0x00, 0x00, 0x00, 0x52, 0x02, 0x00, 0x00, 0x12, 0x00, 0x00, 0x00,
  0x00, 0x00, 0x00, 0x00, 0x00, 0x00, 0x00, 0x00, 0x00, 0x00, 0x00, 0x00,
  0x00, 0x00, 0x00, 0x00, 0x62, 0x02, 0x00, 0x00, 0x12, 0x00, 0x00, 0x00,
  0x00, 0x00, 0x00, 0x00, 0x00, 0x00, 0x00, 0x00, 0x00, 0x00, 0x00, 0x00,
  0x00, 0x00, 0x00, 0x00, 0x72, 0x02, 0x00, 0x00, 0x12, 0x00, 0x00, 0x00,
  0x00, 0x00, 0x00, 0x00, 0x00, 0x00, 0x00, 0x00, 0x00, 0x00, 0x00, 0x00,
  0x00, 0x00, 0x00, 0x00, 0x82, 0x02, 0x00, 0x00, 0x12, 0x00, 0x00, 0x00,
  0x00, 0x00, 0x00, 0x00, 0x00, 0x00, 0x00, 0x00, 0x00, 0x00, 0x00, 0x00,
  0x00, 0x00, 0x00, 0x00, 0x92, 0x02, 0x00, 0x00, 0x12, 0x00, 0x00, 0x00,
  0x00, 0x00, 0x00, 0x00, 0x00, 0x00, 0x00, 0x00, 0x00, 0x00, 0x00, 0x00,
  0x00, 0x00, 0x00, 0x00, 0xa2, 0x02, 0x00, 0x00, 0x12, 0x00, 0x00, 0x00,
  0x00, 0x00, 0x00, 0x00, 0x00, 0x00, 0x00, 0x00, 0x00, 0x00, 0x00, 0x00,
  0x00, 0x00, 0x00, 0x00, 0xb2, 0x02, 0x00, 0x00, 0x12, 0x00, 0x00, 0x00,
  0x00, 0x00, 0x00, 0x00, 0x00, 0x00, 0x00, 0x00, 0x00, 0x00, 0x00, 0x00,
  0x00, 0x00, 0x00, 0x00, 0xc2, 0x02, 0x00, 0x00, 0x12, 0x00, 0x00, 0x00,
  0x00, 0x00, 0x00, 0x00, 0x00, 0x00, 0x00, 0x00, 0x00, 0x00, 0x00, 0x00,
  0x00, 0x00, 0x00, 0x00, 0xd2, 0x02, 0x00, 0x00, 0x12, 0x00, 0x00, 0x00,
  0x00, 0x00, 0x00, 0x00, 0x00, 0x00, 0x00, 0x00, 0x00, 0x00, 0x00, 0x00,
  0x00, 0x00, 0x00, 0x00, 0xe2, 0x02, 0x00, 0x00, 0x12, 0x00, 0x00, 0x00,
  0x00, 0x00, 0x00, 0x00, 0x00, 0x00, 0x00, 0x00, 0x00, 0x00, 0x00, 0x00,
  0x00, 0x00, 0x00, 0x00, 0xf2, 0x02, 0x00, 0x00, 0x12, 0x00, 0x00, 0x00,
  0x00, 0x00, 0x00, 0x00, 0x00, 0x00, 0x00, 0x00, 0x00, 0x00, 0x00, 0x00,
  0x00, 0x00, 0x00, 0x00, 0x02, 0x03, 0x00, 0x00, 0x12, 0x00, 0x00, 0x00,
  0x00, 0x00, 0x00, 0x00, 0x00, 0x00, 0x00, 0x00, 0x00, 0x00, 0x00, 0x00,
  0x00, 0x00, 0x00, 0x00, 0x12, 0x03, 0x00, 0x00, 0x12, 0x00, 0x00, 0x00,
  0x00, 0x00, 0x00, 0x00, 0x00, 0x00, 0x00, 0x00, 0x00, 0x00, 0x00, 0x00,
  0x00, 0x00, 0x00, 0x00, 0x22, 0x03, 0x00, 0x00, 0x12, 0x00, 0x00, 0x00,
  0x00, 0x00, 0x00, 0x00, 0x00, 0x00, 0x00, 0x00, 0x00, 0x00, 0x00, 0x00,
  0x00, 0x00, 0x00, 0x00, 0x32, 0x03, 0x00, 0x00, 0x12, 0x00, 0x00, 0x00,
  0x00, 0x00, 0x00, 0x00, 0x00, 0x00, 0x00, 0x00, 0x00, 0x00, 0x00, 0x00,
  0x00, 0x00, 0x00, 0x00, 0x42, 0x03, 0x00, 0x00, 0x12, 0x00, 0x00, 0x00,
  0x00, 0x00, 0x00, 0x00, 0x00, 0x00, 0x00, 0x00, 0x00, 0x00, 0x00, 0x00,
  0x00, 0x00, 0x00, 0x00, 0x52, 0x03, 0x00, 0x00, 0x12, 0x00, 0x00, 0x00,
  0x00, 0x00, 0x00, 0x00, 0x00, 0x00, 0x00, 0x00, 0x00, 0x00, 0x00, 0x00,
  0x00, 0x00, 0x00, 0x00, 0x62, 0x03, 0x00, 0x00, 0x12, 0x00, 0x00, 0x00,
  0x00, 0x00, 0x00, 0x00, 0x00, 0x00, 0x00, 0x00, 0x00, 0x00, 0x00, 0x00,
  0x00, 0x00, 0x00, 0x00, 0x72, 0x03, 0x00, 0x00, 0x12, 0x00, 0x00, 0x00,
  0x00, 0x00, 0x00, 0x00, 0x00, 0x00, 0x00, 0x00, 0x00, 0x00, 0x00, 0x00,
  0x00, 0x00, 0x00, 0x00, 0x82, 0x03, 0x00, 0x00, 0x12, 0x00, 0x00, 0x00,
  0x00, 0x00, 0x00, 0x00, 0x00, 0x00, 0x00, 0x00, 0x00, 0x00, 0x00, 0x00,
  0x00, 0x00, 0x00, 0x00, 0x92, 0x03, 0x00, 0x00, 0x12, 0x00, 0x00, 0x00,
  0x00, 0x00, 0x00, 0x00, 0x00, 0x00, 0x00, 0x00, 0x00, 0x00, 0x00, 0x00,
  0x00, 0x00, 0x00, 0x00, 0xa2, 0x03, 0x00, 0x00, 0x12, 0x00, 0x00, 0x00,
  0x00, 0x00, 0x00, 0x00, 0x00, 0x00, 0x00, 0x00, 0x00, 0x00, 0x00, 0x00,
  0x00, 0x00, 0x00, 0x00, 0xb2, 0x03, 0x00, 0x00, 0x12, 0x00, 0x00, 0x00,
  0x00, 0x00, 0x00, 0x00, 0x00, 0x00, 0x00, 0x00, 0x00, 0x00, 0x00, 0x00,
  0x00, 0x00, 0x00, 0x00, 0xc2, 0x03, 0x00, 0x00, 0x12, 0x00, 0x00, 0x00,
  0x00, 0x00, 0x00, 0x00, 0x00, 0x00, 0x00, 0x00, 0x00, 0x00, 0x00, 0x00,
  0x00, 0x00, 0x00, 0x00, 0xd2, 0x03, 0x00, 0x00, 0x12, 0x00, 0x00, 0x00,
  0x00, 0x00, 0x00, 0x00, 0x00, 0x00, 0x00, 0x00, 0x00, 0x00, 0x00, 0x00,
  0x00, 0x00, 0x00, 0x00, 0xe2, 0x03, 0x00, 0x00, 0x12, 0x00, 0x00, 0x00,
  0x00, 0x00, 0x00, 0x00, 0x00, 0x00, 0x00, 0x00, 0x00, 0x00, 0x00, 0x00,
  0x00, 0x00, 0x00, 0x00, 0xf2, 0x03, 0x00, 0x00, 0x12, 0x00, 0x00, 0x00,
  0x00, 0x00, 0x00, 0x00, 0x00, 0x00, 0x00, 0x00, 0x00, 0x00, 0x00, 0x00,
  0x00, 0x00, 0x00, 0x00, 0x02, 0x04, 0x00, 0x00, 0x12, 0x00, 0x00, 0x00,
  0x00, 0x00, 0x00, 0x00, 0x00, 0x00, 0x00, 0x00, 0x00, 0x00, 0x00, 0x00,
  0x00, 0x00, 0x00, 0x00, 0x12, 0x04, 0x00, 0x00, 0x12, 0x00, 0x00, 0x00,
  0x00, 0x00, 0x00, 0x00, 0x00, 0x00, 0x00, 0x00, 0x00, 0x00, 0x00, 0x00,
  0x00, 0x00, 0x00, 0x00, 0x22, 0x04, 0x00, 0x00, 0x12, 0x00, 0x00, 0x00,
  0x00, 0x00, 0x00, 0x00, 0x00, 0x00, 0x00, 0x00, 0x00, 0x00, 0x00, 0x00,
  0x00, 0x00, 0x00, 0x00, 0x32, 0x04, 0x00, 0x00, 0x12, 0x00, 0x00, 0x00,
  0x00, 0x00, 0x00, 0x00, 0x00, 0x00, 0x00, 0x00, 0x00, 0x00, 0x00, 0x00,
  0x00, 0x00, 0x00, 0x00, 0x42, 0x04, 0x00, 0x00, 0x12, 0x00, 0x00, 0x00,
  0x00, 0x00, 0x00, 0x00, 0x00, 0x00, 0x00, 0x00, 0x00, 0x00, 0x00, 0x00,
  0x00, 0x00, 0x00, 0x00, 0x52, 0x04, 0x00, 0x00, 0x12, 0x00, 0x00, 0x00,
  0x00, 0x00, 0x00, 0x00, 0x00, 0x00, 0x00, 0x00, 0x00, 0x00, 0x00, 0x00,
  0x00, 0x00, 0x00, 0x00, 0x62, 0x04, 0x00, 0x00, 0x12, 0x00, 0x00, 0x00,
  0x00, 0x00, 0x00, 0x00, 0x00, 0x00, 0x00, 0x00, 0x00, 0x00, 0x00, 0x00,
  0x00, 0x00, 0x00, 0x00, 0x72, 0x04, 0x00, 0x00, 0x12, 0x00, 0x00, 0x00,
  0x00, 0x00, 0x00, 0x00, 0x00, 0x00, 0x00, 0x00, 0x00, 0x00, 0x00, 0x00,
  0x00, 0x00, 0x00, 0x00, 0x82, 0x04, 0x00, 0x00, 0x12, 0x00, 0x00, 0x00,
  0x00, 0x00, 0x00, 0x00, 0x00, 0x00, 0x00, 0x00, 0x00, 0x00, 0x00, 0x00,
  0x00, 0x00, 0x00, 0x00, 0x92, 0x04, 0x00, 0x00, 0x12, 0x00, 0x00, 0x00,
  0x00, 0x00, 0x00, 0x00, 0x00, 0x00, 0x00, 0x00, 0x00, 0x00, 0x00, 0x00,
  0x00, 0x00, 0x00, 0x00, 0xa2, 0x04, 0x00, 0x00, 0x12, 0x00, 0x00, 0x00,
  0x00, 0x00, 0x00, 0x00, 0x00, 0x00, 0x00, 0x00, 0x00, 0x00, 0x00, 0x00,
  0x00, 0x00, 0x00, 0x00, 0xb2, 0x04, 0x00, 0x00, 0x12, 0x00, 0x00, 0x00,
  0x00, 0x00, 0x00, 0x00, 0x00, 0x00, 0x00, 0x00, 0x00, 0x00, 0x00, 0x00,
  0x00, 0x00, 0x00, 0x00, 0xc2, 0x04, 0x00, 0x00, 0x12, 0x00, 0x00, 0x00,
  0x00, 0x00, 0x00, 0x00, 0x00, 0x00, 0x00, 0x00, 0x00, 0x00, 0x00, 0x00,
  0x00, 0x00, 0x00, 0x00, 0xd2, 0x04, 0x00, 0x00, 0x12, 0x00, 0x00, 0x00,
  0x00, 0x00, 0x00, 0x00, 0x00, 0x00, 0x00, 0x00, 0x00, 0x00, 0x00, 0x00,
  0x00, 0x00, 0x00, 0x00, 0xe2, 0x04, 0x00, 0x00, 0x12, 0x00, 0x00, 0x00,
  0x00, 0x00, 0x00, 0x00, 0x00, 0x00, 0x00, 0x00, 0x00, 0x00, 0x00, 0x00,
  0x00, 0x00, 0x00, 0x00, 0xf2, 0x04, 0x00, 0x00, 0x12, 0x00, 0x00, 0x00,
  0x00, 0x00, 0x00, 0x00, 0x00, 0x00, 0x00, 0x00, 0x00, 0x00, 0x00, 0x00,
  0x00, 0x00, 0x00, 0x00, 0x02, 0x05, 0x00, 0x00, 0x12, 0x00, 0x00, 0x00,
  0x00, 0x00, 0x00, 0x00, 0x00, 0x00, 0x00, 0x00, 0x00, 0x00, 0x00, 0x00,
  0x00, 0x00, 0x00, 0x00, 0x12, 0x05, 0x00, 0x00, 0x12, 0x00, 0x00, 0x00,
  0x00, 0x00, 0x00, 0x00, 0x00, 0x00, 0x00, 0x00, 0x00, 0x00, 0x00, 0x00,
  0x00, 0x00, 0x00, 0x00, 0x22, 0x05, 0x00, 0x00, 0x12, 0x00, 0x00, 0x00,
  0x00, 0x00, 0x00, 0x00, 0x00, 0x00, 0x00, 0x00, 0x00, 0x00, 0x00, 0x00,
  0x00, 0x00, 0x00, 0x00, 0x32, 0x05, 0x00, 0x00, 0x12, 0x00, 0x00, 0x00,
  0x00, 0x00, 0x00, 0x00, 0x00, 0x00, 0x00, 0x00, 0x00, 0x00, 0x00, 0x00,
  0x00, 0x00, 0x00, 0x00, 0x42, 0x05, 0x00, 0x00, 0x12, 0x00, 0x00, 0x00,
  0x00, 0x00, 0x00, 0x00, 0x00, 0x00, 0x00, 0x00, 0x00, 0x00, 0x00, 0x00,
  0x00, 0x00, 0x00, 0x00, 0x52, 0x05, 0x00, 0x00, 0x12, 0x00, 0x00, 0x00,
  0x00, 0x00, 0x00, 0x00, 0x00, 0x00, 0x00, 0x00, 0x00, 0x00, 0x00, 0x00,
  0x00, 0x00, 0x00, 0x00, 0x62, 0x05, 0x00, 0x00, 0x12, 0x00, 0x00, 0x00,
  0x00, 0x00, 0x00, 0x00, 0x00, 0x00, 0x00, 0x00, 0x00, 0x00, 0x00, 0x00,
  0x00, 0x00, 0x00, 0x00, 0x72, 0x05, 0x00, 0x00, 0x12, 0x00, 0x00, 0x00,
  0x00, 0x00, 0x00, 0x00, 0x00, 0x00, 0x00, 0x00, 0x00, 0x00, 0x00, 0x00,
  0x00, 0x00, 0x00, 0x00, 0x82, 0x05, 0x00, 0x00, 0x12, 0x00, 0x00, 0x00,
  0x00, 0x00, 0x00, 0x00, 0x00, 0x00, 0x00, 0x00, 0x00, 0x00, 0x00, 0x00,
  0x00, 0x00, 0x00, 0x00, 0x92, 0x05, 0x00, 0x00, 0x12, 0x00, 0x00, 0x00,
  0x00, 0x00, 0x00, 0x00, 0x00, 0x00, 0x00, 0x00, 0x00, 0x00, 0x00, 0x00,
  0x00, 0x00, 0x00, 0x00, 0xa2, 0x05, 0x00, 0x00, 0x12, 0x00, 0x00, 0x00,
  0x00, 0x00, 0x00, 0x00, 0x00, 0x00, 0x00, 0x00, 0x00, 0x00, 0x00, 0x00,
  0x00, 0x00, 0x00, 0x00, 0xb2, 0x05, 0x00, 0x00, 0x12, 0x00, 0x00, 0x00,
  0x00, 0x00, 0x00, 0x00, 0x00, 0x00, 0x00, 0x00, 0x00, 0x00, 0x00, 0x00,
  0x00, 0x00, 0x00, 0x00, 0xc2, 0x05, 0x00, 0x00, 0x12, 0x00, 0x00, 0x00,
  0x00, 0x00, 0x00, 0x00, 0x00, 0x00, 0x00, 0x00, 0x00, 0x00, 0x00, 0x00,
  0x00, 0x00, 0x00, 0x00, 0xd2, 0x05, 0x00, 0x00, 0x12, 0x00, 0x00, 0x00,
  0x00, 0x00, 0x00, 0x00, 0x00, 0x00, 0x00, 0x00, 0x00, 0x00, 0x00, 0x00,
  0x00, 0x00, 0x00, 0x00, 0xe2, 0x05, 0x00, 0x00, 0x12, 0x00, 0x01, 0x00,
  0x20, 0x1e, 0x00, 0x00, 0x00, 0x00, 0x00, 0x00, 0xbe, 0x00, 0x00, 0x00,
  0x00, 0x00, 0x00, 0x00, 0xf2, 0x05, 0x00, 0x00, 0x11, 0x00, 0x11, 0x00,
  0x20, 0x00, 0x02, 0x00, 0x00, 0x00, 0x00, 0x00, 0x08, 0x00, 0x00, 0x00,
  0x00, 0x00, 0x00, 0x00, 0x02, 0x06, 0x00, 0x00, 0x11, 0x00, 0x11, 0x00,
  0x38, 0x00, 0x02, 0x00, 0x00, 0x00, 0x00, 0x00, 0x08, 0x00, 0x00, 0x00,
  0x00, 0x00, 0x00, 0x00, 0x12, 0x06, 0x00, 0x00, 0x11, 0x00, 0x11, 0x00,
  0x28, 0x00, 0x02, 0x00, 0x00, 0x00, 0x00, 0x00, 0x08, 0x00, 0x00, 0x00,
  0x00, 0x00, 0x00, 0x00, 0x22, 0x06, 0x00, 0x00, 0x11, 0x00, 0x11, 0x00,
  0x30, 0x00, 0x02, 0x00, 0x00, 0x00, 0x00, 0x00, 0x08, 0x00, 0x00, 0x00,
  0x00, 0x00, 0x00, 0x00, 0x32, 0x06, 0x00, 0x00, 0x11, 0x00, 0x12, 0x00,
  0x00, 0x27, 0x02, 0x00, 0x00, 0x00, 0x00, 0x00, 0x08, 0x00, 0x00, 0x00,
  0x00, 0x00, 0x00, 0x00, 0x42, 0x06, 0x00, 0x00, 0x11, 0x00, 0x12, 0x00,
  0x08, 0x27, 0x02, 0x00, 0x00, 0x00, 0x00, 0x00, 0x08, 0x00, 0x00, 0x00,
  0x00, 0x00, 0x00, 0x00, 0x52, 0x06, 0x00, 0x00, 0x12, 0x00, 0x01, 0x00,
  0x20, 0xa9, 0x00, 0x00, 0x00, 0x00, 0x00, 0x00, 0x08, 0x00, 0x00, 0x00,
  0x00, 0x00, 0x00, 0x00, 0x62, 0x06, 0x00, 0x00, 0x12, 0x00, 0x01, 0x00,
  0x30, 0xa9, 0x00, 0x00, 0x00, 0x00, 0x00, 0x00, 0x08, 0x00, 0x00, 0x00,
  0x00, 0x00, 0x00, 0x00, 0x72, 0x06, 0x00, 0x00, 0x10, 0x00, 0x0a, 0x00,
  0xd8, 0x0a, 0x01, 0x00, 0x00, 0x00, 0x00, 0x00, 0x00, 0x00, 0x00, 0x00,
  0x00, 0x00, 0x00, 0x00, 0x82, 0x06, 0x00, 0x00, 0x10, 0x00, 0x0a, 0x00,
  0xec, 0x1b, 0x01, 0x00, 0x00, 0x00, 0x00, 0x00, 0x00, 0x00, 0x00, 0x00,
  0x00, 0x00, 0x00, 0x00, 0x92, 0x06, 0x00, 0x00, 0x10, 0x00, 0x0b, 0x00,
  0xec, 0x1b, 0x01, 0x00, 0x00, 0x00, 0x00, 0x00, 0x00, 0x00, 0x00, 0x00,
  0x00, 0x00, 0x00, 0x00, 0xa2, 0x06, 0x00, 0x00, 0x10, 0x00, 0x0b, 0x00,
  0x38, 0x20, 0x01, 0x00, 0x00, 0x00, 0x00, 0x00, 0x00, 0x00, 0x00, 0x00,
  0x00, 0x00, 0x00, 0x00, 0xb2, 0x06, 0x00, 0x00, 0x10, 0x00, 0x0c, 0x00,
  0x50, 0x40, 0x01, 0x00, 0x00, 0x00, 0x00, 0x00, 0x00, 0x00, 0x00, 0x00,
  0x00, 0x00, 0x00, 0x00, 0xc2, 0x06, 0x00, 0x00, 0x20, 0x00, 0x00, 0x00,
  0x00, 0x00, 0x00, 0x00, 0x00, 0x00, 0x00, 0x00, 0x00, 0x00, 0x00, 0x00,
  0x00, 0x00, 0x00, 0x00, 0xce, 0x06, 0x00, 0x00, 0x20, 0x00, 0x00, 0x00,
  0x00, 0x00, 0x00, 0x00, 0x00, 0x00, 0x00, 0x00, 0x00, 0x00, 0x00, 0x00,
  0x00, 0x00, 0x00, 0x00, 0x18, 0xc0, 0x01, 0x00, 0x00, 0x00, 0x00, 0x00,
  0x07, 0x00, 0x00, 0x00, 0x02, 0x00, 0x00, 0x00, 0x00, 0x00, 0x00, 0x00,
  0x00, 0x00, 0x00, 0x00, 0x20, 0xc0, 0x01, 0x00, 0x00, 0x00, 0x00, 0x00,
  0x07, 0x00, 0x00, 0x00, 0x03, 0x00, 0x00, 0x00, 0x00, 0x00, 0x00, 0x00,
  0x00, 0x00, 0x00, 0x00, 0x28, 0xc0, 0x01, 0x00, 0x00, 0x00, 0x00, 0x00,
  0x07, 0x00, 0x00, 0x00, 0x04, 0x00, 0x00, 0x00, 0x00, 0x00, 0x00, 0x00,
  0x00, 0x00, 0x00, 0x00, 0x30, 0xc0, 0x01, 0x00, 0x00, 0x00, 0x00, 0x00,
  0x07, 0x00, 0x00, 0x00, 0x05, 0x00, 0x00, 0x00, 0x00, 0x00, 0x00, 0x00,
  0x00, 0x00, 0x00, 0x00, 0x38, 0xc0, 0x01, 0x00, 0x00, 0x00, 0x00, 0x00,
  0x07, 0x00, 0x00, 0x00, 0x06, 0x00, 0x00, 0x00, 0x00, 0x00, 0x00, 0x00,
  0x00, 0x00, 0x00, 0x00, 0x40, 0xc0, 0x01, 0x00, 0x00, 0x00, 0x00, 0x00,
  0x07, 0x00, 0x00, 0x00, 0x07, 0x00, 0x00, 0x00, 0x00, 0x00, 0x00, 0x00,
  0x00, 0x00, 0x00, 0x00, 0x48, 0xc0, 0x01, 0x00, 0x00, 0x00, 0x00, 0x00,
  0x07, 0x00, 0x00, 0x00, 0x08, 0x00, 0x00, 0x00, 0x00, 0x00, 0x00, 0x00,
  0x00, 0x00, 0x00, 0x00, 0x50, 0xc0, 0x01, 0x00, 0x00, 0x00, 0x00, 0x00,
  0x07, 0x00, 0x00, 0x00, 0x09, 0x00, 0x00, 0x00, 0x00, 0x00, 0x00, 0x00,
  0x00, 0x00, 0x00, 0x00, 0x58, 0xc0, 0x01, 0x00, 0x00, 0x00, 0x00, 0x00,
  0x07, 0x00, 0x00, 0x00, 0x0a, 0x00, 0x00, 0x00, 0x00, 0x00, 0x00, 0x00,
  0x00, 0x00, 0x00, 0x00, 0x60, 0xc0, 0x01, 0x00, 0x00, 0x00, 0x00, 0x00,
  0x07, 0x00, 0x00, 0x00, 0x0b, 0x00, 0x00, 0x00, 0x00, 0x00, 0x00, 0x00,
  0x00, 0x00, 0x00, 0x00, 0x68, 0xc0, 0x01, 0x00, 0x00, 0x00, 0x00, 0x00,
  0x07, 0x00, 0x00, 0x00, 0x0c, 0x00, 0x00, 0x00, 0x00, 0x00, 0x00, 0x00,
  0x00, 0x00, 0x00, 0x00, 0x70, 0xc0, 0x01, 0x00, 0x00, 0x00, 0x00, 0x00,
  0x07, 0x00, 0x00, 0x00, 0x0d, 0x00, 0x00, 0x00, 0x00, 0x00, 0x00, 0x00,
  0x00, 0x00, 0x00, 0x00, 0x78, 0xc0, 0x01, 0x00, 0x00, 0x00, 0x00, 0x00,
  0x07, 0x00, 0x00, 0x00, 0x0e, 0x00, 0x00, 0x00, 0x00, 0x00, 0x00, 0x00,
  0x00, 0x00, 0x00, 0x00, 0x80, 0xc0, 0x01, 0x00, 0x00, 0x00, 0x00, 0x00,
  0x07, 0x00, 0x00, 0x00, 0x0f, 0x00, 0x00, 0x00, 0x00, 0x00, 0x00, 0x00,
  0x00, 0x00, 0x00, 0x00, 0x88, 0xc0, 0x01, 0x00, 0x00, 0x00, 0x00, 0x00,
  0x07, 0x00, 0x00, 0x00, 0x10, 0x00, 0x00, 0x00, 0x00, 0x00, 0x00, 0x00,
  0x00, 0x00, 0x00, 0x00, 0x90, 0xc0, 0x01, 0x00, 0x00, 0x00, 0x00, 0x00,
  0x07, 0x00, 0x00, 0x00, 0x11, 0x00, 0x00, 0x00, 0x00, 0x00, 0x00, 0x00,
  0x00, 0x00, 0x00, 0x00, 0x98, 0xc0, 0x01, 0x00, 0x00, 0x00, 0x00, 0x00,
  0x07, 0x00, 0x00, 0x00, 0x12, 0x00, 0x00, 0x00, 0x00, 0x00, 0x00, 0x00,
  0x00, 0x00, 0x00, 0x00, 0xa0, 0xc0, 0x01, 0x00, 0x00, 0x00, 0x00, 0x00,
  0x07, 0x00, 0x00, 0x00, 0x13, 0x00, 0x00, 0x00, 0x00, 0x00, 0x00, 0x00,
  0x00, 0x00, 0x00, 0x00, 0xa8, 0xc0, 0x01, 0x00, 0x00, 0x00, 0x00, 0x00,
  0x07, 0x00, 0x00, 0x00, 0x14, 0x00, 0x00, 0x00, 0x00, 0x00, 0x00, 0x00,
  0x00, 0x00, 0x00, 0x00, 0xb0, 0xc0, 0x01, 0x00, 0x00, 0x00, 0x00, 0x00,
  0x07, 0x00, 0x00, 0x00, 0x15, 0x00, 0x00, 0x00, 0x00, 0x00, 0x00, 0x00,
  0x00, 0x00, 0x00, 0x00, 0xb8, 0xc0, 0x01, 0x00, 0x00, 0x00, 0x00, 0x00,
  0x07, 0x00, 0x00, 0x00, 0x16, 0x00, 0x00, 0x00, 0x00, 0x00, 0x00, 0x00,
  0x00, 0x00, 0x00, 0x00, 0xc0, 0xc0, 0x01, 0x00, 0x00, 0x00, 0x00, 0x00,
  0x07, 0x00, 0x00, 0x00, 0x17, 0x00, 0x00, 0x00, 0x00, 0x00, 0x00, 0x00,
  0x00, 0x00, 0x00, 0x00, 0xc8, 0xc0, 0x01, 0x00, 0x00, 0x00, 0x00, 0x00,
  0x07, 0x00, 0x00, 0x00, 0x18, 0x00, 0x00, 0x00, 0x00, 0x00, 0x00, 0x00,
  0x00, 0x00, 0x00, 0x00, 0xd0, 0xc0, 0x01, 0x00, 0x00, 0x00, 0x00, 0x00,
  0x07, 0x00, 0x00, 0x00, 0x19, 0x00, 0x00, 0x00, 0x00, 0x00, 0x00, 0x00,
  0x00, 0x00, 0x00, 0x00, 0xd8, 0xc0, 0x01, 0x00, 0x00, 0x00, 0x00, 0x00,
  0x07, 0x00, 0x00, 0x00, 0x1a, 0x00, 0x00, 0x00, 0x00, 0x00, 0x00, 0x00,
  0x00, 0x00, 0x00, 0x00, 0xe0, 0xc0, 0x01, 0x00, 0x00, 0x00, 0x00, 0x00,
  0x07, 0x00, 0x00, 0x00, 0x1b, 0x00, 0x00, 0x00, 0x00, 0x00, 0x00, 0x00,
  0x00, 0x00, 0x00, 0x00, 0xe8, 0xc0, 0x01, 0x00, 0x00, 0x00, 0x00, 0x00,
  0x07, 0x00, 0x00, 0x00, 0x1c, 0x00, 0x00, 0x00, 0x00, 0x00, 0x00, 0x00,
  0x00, 0x00, 0x00, 0x00, 0xf0, 0xc0, 0x01, 0x00, 0x00, 0x00, 0x00, 0x00,
  0x07, 0x00, 0x00, 0x00, 0x1d, 0x00, 0x00, 0x00, 0x00, 0x00, 0x00, 0x00,
  0x00, 0x00, 0x00, 0x00, 0xf8, 0xc0, 0x01, 0x00, 0x00, 0x00, 0x00, 0x00,
  0x07, 0x00, 0x00, 0x00, 0x1e, 0x00, 0x00, 0x00, 0x00, 0x00, 0x00, 0x00,
  0x00, 0x00, 0x00, 0x00, 0x00, 0xc1, 0x01, 0x00, 0x00, 0x00, 0x00, 0x00,
  0x07, 0x00, 0x00, 0x00, 0x1f, 0x00, 0x00, 0x00, 0x00, 0x00, 0x00, 0x00,
  0x00, 0x00, 0x00, 0x00, 0x08, 0xc1, 0x01, 0x00, 0x00, 0x00, 0x00, 0x00,
  0x07, 0x00, 0x00, 0x00, 0x20, 0x00, 0x00, 0x00, 0x00, 0x00, 0x00, 0x00,
  0x00, 0x00, 0x00, 0x00, 0x10, 0xc1, 0x01, 0x00, 0x00, 0x00, 0x00, 0x00,
  0x07, 0x00, 0x00, 0x00, 0x21, 0x00, 0x00, 0x00, 0x00, 0x00, 0x00, 0x00,
  0x00, 0x00, 0x00, 0x00, 0x18, 0xc1, 0x01, 0x00, 0x00, 0x00, 0x00, 0x00,
  0x07, 0x00, 0x00, 0x00, 0x22, 0x00, 0x00, 0x00, 0x00, 0x00, 0x00, 0x00,
  0x00, 0x00, 0x00, 0x00, 0x20, 0xc1, 0x01, 0x00, 0x00, 0x00, 0x00, 0x00,
  0x07, 0x00, 0x00, 0x00, 0x23, 0x00, 0x00, 0x00, 0x00, 0x00, 0x00, 0x00,
  0x00, 0x00, 0x00, 0x00, 0x28, 0xc1, 0x01, 0x00, 0x00, 0x00, 0x00, 0x00,
  0x07, 0x00, 0x00, 0x00, 0x24, 0x00, 0x00, 0x00, 0x00, 0x00, 0x00, 0x00,
  0x00, 0x00, 0x00, 0x00, 0x30, 0xc1, 0x01, 0x00, 0x00, 0x00, 0x00, 0x00,
  0x07, 0x00, 0x00, 0x00, 0x25, 0x00, 0x00, 0x00, 0x00, 0x00, 0x00, 0x00,
  0x00, 0x00, 0x00, 0x00, 0x38, 0xc1, 0x01, 0x00, 0x00, 0x00, 0x00, 0x00,
  0x07, 0x00, 0x00, 0x00, 0x26, 0x00, 0x00, 0x00, 0x00, 0x00, 0x00, 0x00,
  0x00, 0x00, 0x00, 0x00, 0x40, 0xc1, 0x01, 0x00, 0x00, 0x00, 0x00, 0x00,
  0x07, 0x00, 0x00, 0x00, 0x27, 0x00, 0x00, 0x00, 0x00, 0x00, 0x00, 0x00,
  0x00, 0x00, 0x00, 0x00, 0x48, 0xc1, 0x01, 0x00, 0x00, 0x00, 0x00, 0x00,
  0x07, 0x00, 0x00, 0x00, 0x28, 0x00, 0x00, 0x00, 0x00, 0x00, 0x00, 0x00,
  0x00, 0x00, 0x00, 0x00, 0x50, 0xc1, 0x01, 0x00, 0x00, 0x00, 0x00, 0x00,
  0x07, 0x00, 0x00, 0x00, 0x29, 0x00, 0x00, 0x00, 0x00, 0x00, 0x00, 0x00,
  0x00, 0x00, 0x00, 0x00, 0x58, 0xc1, 0x01, 0x00, 0x00, 0x00, 0x00, 0x00,
  0x07, 0x00, 0x00, 0x00, 0x2a, 0x00, 0x00, 0x00, 0x00, 0x00, 0x00, 0x00,
  0x00, 0x00, 0x00, 0x00, 0x60, 0xc1, 0x01, 0x00, 0x00, 0x00, 0x00, 0x00,
  0x07, 0x00, 0x00, 0x00, 0x2b, 0x00, 0x00, 0x00, 0x00, 0x00, 0x00, 0x00,
  0x00, 0x00, 0x00, 0x00, 0x68, 0xc1, 0x01, 0x00, 0x00, 0x00, 0x00, 0x00,
  0x07, 0x00, 0x00, 0x00, 0x2c, 0x00, 0x00, 0x00, 0x00, 0x00, 0x00, 0x00,
  0x00, 0x00, 0x00, 0x00, 0x70, 0xc1, 0x01, 0x00, 0x00, 0x00, 0x00, 0x00,
  0x07, 0x00, 0x00, 0x00, 0x2d, 0x00, 0x00, 0x00, 0x00, 0x00, 0x00, 0x00,
  0x00, 0x00, 0x00, 0x00, 0x78, 0xc1, 0x01, 0x00, 0x00, 0x00, 0x00, 0x00,
  0x07, 0x00, 0x00, 0x00, 0x2e, 0x00, 0x00, 0x00, 0x00, 0x00, 0x00, 0x00,
  0x00, 0x00, 0x00, 0x00, 0x80, 0xc1, 0x01, 0x00, 0x00, 0x00, 0x00, 0x00,
  0x07, 0x00, 0x00, 0x00, 0x2f, 0x00, 0x00, 0x00, 0x00, 0x00, 0x00, 0x00,
  0x00, 0x00, 0x00, 0x00, 0x88, 0xc1, 0x01, 0x00, 0x00, 0x00, 0x00, 0x00,
  0x07, 0x00, 0x00, 0x00, 0x30, 0x00, 0x00, 0x00, 0x00, 0x00, 0x00, 0x00,
  0x00, 0x00, 0x00, 0x00, 0x90, 0xc1, 0x01, 0x00, 0x00, 0x00, 0x00, 0x00,
  0x07, 0x00, 0x00, 0x00, 0x31, 0x00, 0x00, 0x00, 0x00, 0x00, 0x00, 0x00,
  0x00, 0x00, 0x00, 0x00, 0x98, 0xc1, 0x01, 0x00, 0x00, 0x00, 0x00, 0x00,
  0x07, 0x00, 0x00, 0x00, 0x32, 0x00, 0x00, 0x00, 0x00, 0x00, 0x00, 0x00,
  0x00, 0x00, 0x00, 0x00, 0xa0, 0xc1, 0x01, 0x00, 0x00, 0x00, 0x00, 0x00,
  0x07, 0x00, 0x00, 0x00, 0x33, 0x00, 0x00, 0x00, 0x00, 0x00, 0x00, 0x00,
  0x00, 0x00, 0x00, 0x00, 0xa8, 0xc1, 0x01, 0x00, 0x00, 0x00, 0x00, 0x00,
  0x07, 0x00, 0x00, 0x00, 0x34, 0x00, 0x00, 0x00, 0x00, 0x00, 0x00, 0x00,
  0x00, 0x00, 0x00, 0x00, 0xb0, 0xc1, 0x01, 0x00, 0x00, 0x00, 0x00, 0x00,
  0x07, 0x00, 0x00, 0x00, 0x35, 0x00, 0x00, 0x00, 0x00, 0x00, 0x00, 0x00,
  0x00, 0x00, 0x00, 0x00, 0xb8, 0xc1, 0x01, 0x00, 0x00, 0x00, 0x00, 0x00,
  0x07, 0x00, 0x00, 0x00, 0x36, 0x00, 0x00, 0x00, 0x00, 0x00, 0x00, 0x00,
  0x00, 0x00, 0x00, 0x00, 0xc0, 0xc1, 0x01, 0x00, 0x00, 0x00, 0x00, 0x00,
  0x07, 0x00, 0x00, 0x00, 0x37, 0x00, 0x00, 0x00, 0x00, 0x00, 0x00, 0x00,
  0x00, 0x00, 0x00, 0x00, 0xc8, 0xc1, 0x01, 0x00, 0x00, 0x00, 0x00, 0x00,
  0x07, 0x00, 0x00, 0x00, 0x38, 0x00, 0x00, 0x00, 0x00, 0x00, 0x00, 0x00,
  0x00, 0x00, 0x00, 0x00, 0xd0, 0xc1, 0x01, 0x00, 0x00, 0x00, 0x00, 0x00,
  0x07, 0x00, 0x00, 0x00, 0x39, 0x00, 0x00, 0x00, 0x00, 0x00, 0x00, 0x00,
  0x00, 0x00, 0x00, 0x00, 0xd8, 0xc1, 0x01, 0x00, 0x00, 0x00, 0x00, 0x00,
  0x07, 0x00, 0x00, 0x00, 0x3a, 0x00, 0x00, 0x00, 0x00, 0x00, 0x00, 0x00,
  0x00, 0x00, 0x00, 0x00, 0xe0, 0xc1, 0x01, 0x00, 0x00, 0x00, 0x00, 0x00,
  0x07, 0x00, 0x00, 0x00, 0x3b, 0x00, 0x00, 0x00, 0x00, 0x00, 0x00, 0x00,
  0x00, 0x00, 0x00, 0x00, 0xe8, 0xc1, 0x01, 0x00, 0x00, 0x00, 0x00, 0x00,
  0x07, 0x00, 0x00, 0x00, 0x3c, 0x00, 0x00, 0x00, 0x00, 0x00, 0x00, 0x00,
  0x00, 0x00, 0x00, 0x00, 0xf0, 0xc1, 0x01, 0x00, 0x00, 0x00, 0x00, 0x00,
  0x07, 0x00, 0x00, 0x00, 0x3d, 0x00, 0x00, 0x00, 0x00, 0x00, 0x00, 0x00,
  0x00, 0x00, 0x00, 0x00, 0xf8, 0xc1, 0x01, 0x00, 0x00, 0x00, 0x00, 0x00,
  0x07, 0x00, 0x00, 0x00, 0x3e, 0x00, 0x00, 0x00, 0x00, 0x00, 0x00, 0x00,
  0x00, 0x00, 0x00, 0x00, 0x00, 0xc2, 0x01, 0x00, 0x00, 0x00, 0x00, 0x00,
  0x07, 0x00, 0x00, 0x00, 0x3f, 0x00, 0x00, 0x00, 0x00, 0x00, 0x00, 0x00,
  0x00, 0x00, 0x00, 0x00, 0x08, 0xc2, 0x01, 0x00, 0x00, 0x00, 0x00, 0x00,
  0x07, 0x00, 0x00, 0x00, 0x40, 0x00, 0x00, 0x00, 0x00, 0x00, 0x00, 0x00,
  0x00, 0x00, 0x00, 0x00, 0x10, 0xc2, 0x01, 0x00, 0x00, 0x00, 0x00, 0x00,
  0x07, 0x00, 0x00, 0x00, 0x41, 0x00, 0x00, 0x00, 0x00, 0x00, 0x00, 0x00,
  0x00, 0x00, 0x00, 0x00, 0x18, 0xc2, 0x01, 0x00, 0x00, 0x00, 0x00, 0x00,
  0x07, 0x00, 0x00, 0x00, 0x42, 0x00, 0x00, 0x00, 0x00, 0x00, 0x00, 0x00,
  0x00, 0x00, 0x00, 0x00, 0x20, 0xc2, 0x01, 0x00, 0x00, 0x00, 0x00, 0x00,
  0x07, 0x00, 0x00, 0x00, 0x43, 0x00, 0x00, 0x00, 0x00, 0x00, 0x00, 0x00,
  0x00, 0x00, 0x00, 0x00, 0x28, 0xc2, 0x01, 0x00, 0x00, 0x00, 0x00, 0x00,
  0x07, 0x00, 0x00, 0x00, 0x44, 0x00, 0x00, 0x00, 0x00, 0x00, 0x00, 0x00,
  0x00, 0x00, 0x00, 0x00, 0x30, 0xc2, 0x01, 0x00, 0x00, 0x00, 0x00, 0x00,
  0x07, 0x00, 0x00, 0x00, 0x45, 0x00, 0x00, 0x00, 0x00, 0x00, 0x00, 0x00,
  0x00, 0x00, 0x00, 0x00, 0x38, 0xc2, 0x01, 0x00, 0x00, 0x00, 0x00, 0x00,
  0x07, 0x00, 0x00, 0x00, 0x46, 0x00, 0x00, 0x00, 0x00, 0x00, 0x00, 0x00,
  0x00, 0x00, 0x00, 0x00, 0x40, 0xc2, 0x01, 0x00, 0x00, 0x00, 0x00, 0x00,
  0x07, 0x00, 0x00, 0x00, 0x47, 0x00, 0x00, 0x00, 0x00, 0x00, 0x00, 0x00,
  0x00, 0x00, 0x00, 0x00, 0x48, 0xc2, 0x01, 0x00, 0x00, 0x00, 0x00, 0x00,
  0x07, 0x00, 0x00, 0x00, 0x48, 0x00, 0x00, 0x00, 0x00, 0x00, 0x00, 0x00,
  0x00, 0x00, 0x00, 0x00, 0x50, 0xc2, 0x01, 0x00, 0x00, 0x00, 0x00, 0x00,
  0x07, 0x00, 0x00, 0x00, 0x49, 0x00, 0x00, 0x00, 0x00, 0x00, 0x00, 0x00,
  0x00, 0x00, 0x00, 0x00, 0x58, 0xc2, 0x01, 0x00, 0x00, 0x00, 0x00, 0x00,
  0x07, 0x00, 0x00, 0x00, 0x4a, 0x00, 0x00, 0x00, 0x00, 0x00, 0x00, 0x00,
  0x00, 0x00, 0x00, 0x00, 0x60, 0xc2, 0x01, 0x00, 0x00, 0x00, 0x00, 0x00,
  0x07, 0x00, 0x00, 0x00, 0x4b, 0x00, 0x00, 0x00, 0x00, 0x00, 0x00, 0x00,
  0x00, 0x00, 0x00, 0x00, 0x68, 0xc2, 0x01, 0x00, 0x00, 0x00, 0x00, 0x00,
  0x07, 0x00, 0x00, 0x00, 0x4c, 0x00, 0x00, 0x00, 0x00, 0x00, 0x00, 0x00,
  0x00, 0x00, 0x00, 0x00, 0x70, 0xc2, 0x01, 0x00, 0x00, 0x00, 0x00, 0x00,
  0x07, 0x00, 0x00, 0x00, 0x4d, 0x00, 0x00, 0x00, 0x00, 0x00, 0x00, 0x00,
  0x00, 0x00, 0x00, 0x00, 0x78, 0xc2, 0x01, 0x00, 0x00, 0x00, 0x00, 0x00,
  0x07, 0x00, 0x00, 0x00, 0x4e, 0x00, 0x00, 0x00, 0x00, 0x00, 0x00, 0x00,
  0x00, 0x00, 0x00, 0x00, 0x00, 0x40, 0x01, 0x00, 0x00, 0x00, 0x00, 0x00,
  0x08, 0x00, 0x00, 0x00, 0x01, 0x00, 0x00, 0x00, 0x20, 0x0a, 0x01, 0x00,
  0x00, 0x00, 0x00, 0x00, 0x10, 0x40, 0x01, 0x00, 0x00, 0x00, 0x00, 0x00,
  0x08, 0x00, 0x00, 0x00, 0x01, 0x00, 0x00, 0x00, 0x90, 0x0a, 0x01, 0x00,
  0x00, 0x00, 0x00, 0x00, 0x20, 0x40, 0x01, 0x00, 0x00, 0x00, 0x00, 0x00,
  0x08, 0x00, 0x00, 0x00, 0x01, 0x00, 0x00, 0x00, 0xb2, 0x0a, 0x01, 0x00,
  0x00, 0x00, 0x00, 0x00, 0x30, 0x40, 0x01, 0x00, 0x00, 0x00, 0x00, 0x00,
  0x08, 0x00, 0x00, 0x00, 0x01, 0x00, 0x00, 0x00, 0x78, 0x0a, 0x01, 0x00,
  0x00, 0x00, 0x00, 0x00, 0x40, 0x40, 0x01, 0x00, 0x00, 0x00, 0x00, 0x00,
  0x08, 0x00, 0x00, 0x00, 0x01, 0x00, 0x00, 0x00, 0x56, 0x0a, 0x01, 0x00,
  0x00, 0x00, 0x00, 0x00, 0x20, 0x00, 0x02, 0x00, 0x00, 0x00, 0x00, 0x00,
  0x08, 0x00, 0x00, 0x00, 0x01, 0x00, 0x00, 0x00, 0xae, 0xd2, 0x00, 0x00,
  0x00, 0x00, 0x00, 0x00, 0x28, 0x00, 0x02, 0x00, 0x00, 0x00, 0x00, 0x00,
  0x08, 0x00, 0x00, 0x00, 0x01, 0x00, 0x00, 0x00, 0xb2, 0xd8, 0x00, 0x00,
  0x00, 0x00, 0x00, 0x00, 0x30, 0x00, 0x02, 0x00, 0x00, 0x00, 0x00, 0x00,
  0x08, 0x00, 0x00, 0x00, 0x01, 0x00, 0x00, 0x00, 0x8c, 0xdf, 0x00, 0x00,
  0x00, 0x00, 0x00, 0x00, 0x38, 0x00, 0x02, 0x00, 0x00, 0x00, 0x00, 0x00,
  0x08, 0x00, 0x00, 0x00, 0x01, 0x00, 0x00, 0x00, 0xe9, 0xd5, 0x00, 0x00,
  0x00, 0x00, 0x00, 0x00, 0x00, 0x80, 0x01, 0x00, 0x00, 0x00, 0x00, 0x00,
  0x06, 0x00, 0x00, 0x00, 0x4f, 0x00, 0x00, 0x00, 0x00, 0x00, 0x00, 0x00,
  0x00, 0x00, 0x00, 0x00, 0x01, 0x00, 0x00, 0x00, 0x60, 0x00, 0x00, 0x00,
  0x01, 0x00, 0x00, 0x00, 0x00, 0x00, 0x00, 0x00, 0x02, 0x00, 0x00, 0x00,
  0x03, 0x00, 0x00, 0x00, 0x04, 0x00, 0x00, 0x00, 0x05, 0x00, 0x00, 0x00,
  0x06, 0x00, 0x00, 0x00, 0x07, 0x00, 0x00, 0x00, 0x08, 0x00, 0x00, 0x00,
  0x09, 0x00, 0x00, 0x00, 0x0a, 0x00, 0x00, 0x00, 0x0b, 0x00, 0x00, 0x00,
  0x0c, 0x00, 0x00, 0x00, 0x0d, 0x00, 0x00, 0x00, 0x0e, 0x00, 0x00, 0x00,
  0x0f, 0x00, 0x00, 0x00, 0x10, 0x00, 0x00, 0x00, 0x11, 0x00, 0x00, 0x00,
  0x12, 0x00, 0x00, 0x00, 0x13, 0x00, 0x00, 0x00, 0x14, 0x00, 0x00, 0x00,
  0x15, 0x00, 0x00, 0x00, 0x16, 0x00, 0x00, 0x00, 0x17, 0x00, 0x00, 0x00,
  0x18, 0x00, 0x00, 0x00, 0x19, 0x00, 0x00, 0x00, 0x1a, 0x00, 0x00, 0x00,
  0x1b, 0x00, 0x00, 0x00, 0x1c, 0x00, 0x00, 0x00, 0x1d, 0x00, 0x00, 0x00,
  0x1e, 0x00, 0x00, 0x00, 0x1f, 0x00, 0x00, 0x00, 0x20, 0x00, 0x00, 0x00,
  0x21, 0x00, 0x00, 0x00, 0x22, 0x00, 0x00, 0x00, 0x23, 0x00, 0x00, 0x00,
  0x24, 0x00, 0x00, 0x00, 0x25, 0x00, 0x00, 0x00, 0x26, 0x00, 0x00, 0x00,
  0x27, 0x00, 0x00, 0x00, 0x28, 0x00, 0x00, 0x00, 0x29, 0x00, 0x00, 0x00,
  0x2a, 0x00, 0x00, 0x00, 0x2b, 0x00, 0x00, 0x00, 0x2c, 0x00, 0x00, 0x00,
  0x2d, 0x00, 0x00, 0x00, 0x2e, 0x00, 0x00, 0x00, 0x2f, 0x00, 0x00, 0x00,
  0x30, 0x00, 0x00, 0x00, 0x31, 0x00, 0x00, 0x00, 0x32, 0x00, 0x00, 0x00,
  0x33, 0x00, 0x00, 0x00, 0x34, 0x00, 0x00, 0x00, 0x35, 0x00, 0x00, 0x00,
  0x36, 0x00, 0x00, 0x00, 0x37, 0x00, 0x00, 0x00, 0x38, 0x00, 0x00, 0x00,
  0x39, 0x00, 0x00, 0x00, 0x3a, 0x00, 0x00, 0x00, 0x3b, 0x00, 0x00, 0x00,
  0x3c, 0x00, 0x00, 0x00, 0x3d, 0x00, 0x00, 0x00, 0x3e, 0x00, 0x00, 0x00,
  0x3f, 0x00, 0x00, 0x00, 0x40, 0x00, 0x00, 0x00, 0x41, 0x00, 0x00, 0x00,
  0x42, 0x00, 0x00, 0x00, 0x43, 0x00, 0x00, 0x00, 0x44, 0x00, 0x00, 0x00,
  0x45, 0x00, 0x00, 0x00, 0x46, 0x00, 0x00, 0x00, 0x47, 0x00, 0x00, 0x00,
  0x48, 0x00, 0x00, 0x00, 0x49, 0x00, 0x00, 0x00, 0x4a, 0x00, 0x00, 0x00,
  0x4b, 0x00, 0x00, 0x00, 0x4c, 0x00, 0x00, 0x00, 0x4d, 0x00, 0x00, 0x00,
  0x4e, 0x00, 0x00, 0x00, 0x4f, 0x00, 0x00, 0x00, 0x50, 0x00, 0x00, 0x00,
  0x51, 0x00, 0x00, 0x00, 0x52, 0x00, 0x00, 0x00, 0x53, 0x00, 0x00, 0x00,
  0x54, 0x00, 0x00, 0x00, 0x55, 0x00, 0x00, 0x00, 0x56, 0x00, 0x00, 0x00,
  0x57, 0x00, 0x00, 0x00, 0x58, 0x00, 0x00, 0x00, 0x59, 0x00, 0x00, 0x00,
  0x5a, 0x00, 0x00, 0x00, 0x5b, 0x00, 0x00, 0x00, 0x5c, 0x00, 0x00, 0x00,
  0x5d, 0x00, 0x00, 0x00, 0x5e, 0x00, 0x00, 0x00, 0x5f, 0x00, 0x00, 0x00,
  0x00, 0x00, 0x00, 0x00, 0x00, 0x00, 0x00, 0x00, 0x25, 0x00, 0x00, 0x61,
  0x00, 0x00, 0x00, 0x00, 0x20, 0x18, 0x00, 0x00, 0x00, 0x00, 0x00, 0x00,
  0x3d, 0x00, 0x00, 0x61, 0x00, 0x00, 0x00, 0x00, 0x8c, 0x01, 0x00, 0x00,
  0x00, 0x00, 0x00, 0x00, 0x35, 0x00, 0x00, 0x61, 0x00, 0x00, 0x00, 0x00,
  0x18, 0x00, 0x00, 0x00, 0x00, 0x00, 0x00, 0x00, 0x37, 0x00, 0x00, 0x61,
  0x00, 0x00, 0x00, 0x00, 0xdb, 0x06, 0x00, 0x00, 0x00, 0x00, 0x00, 0x00,
  0x39, 0x00, 0x00, 0x61, 0x00, 0x00, 0x00, 0x00, 0xf8, 0x06, 0x00, 0x00,
  0x00, 0x00, 0x00, 0x00, 0x3f, 0x00, 0x00, 0x61, 0x00, 0x00, 0x00, 0x00,
  0x00, 0x09, 0x00, 0x00, 0x00, 0x00, 0x00, 0x00, 0x3b, 0x00, 0x00, 0x61,
  0x00, 0x00, 0x00, 0x00, 0x18, 0x00, 0x00, 0x00, 0x00, 0x00, 0x00, 0x00,
  0x2f, 0x00, 0x00, 0x61, 0x00, 0x00, 0x00, 0x00, 0x30, 0x17, 0x00, 0x00,
  0x00, 0x00, 0x00, 0x00, 0x31, 0x00, 0x00, 0x61, 0x00, 0x00, 0x00, 0x00,
  0xf0, 0x00, 0x00, 0x00, 0x00, 0x00, 0x00, 0x00, 0x33, 0x00, 0x00, 0x61,
  0x00, 0x00, 0x00, 0x00, 0x18, 0x00, 0x00, 0x00, 0x00, 0x00, 0x00, 0x00,
  0x27, 0x00, 0x00, 0x61, 0x00, 0x00, 0x00, 0x00, 0x00, 0xc0, 0x01, 0x00,
  0x00, 0x00, 0x00, 0x00, 0x29, 0x00, 0x00, 0x61, 0x00, 0x00, 0x00, 0x00,
  0xf8, 0x0f, 0x00, 0x00, 0x00, 0x00, 0x00, 0x00, 0x2d, 0x00, 0x00, 0x61,
  0x00, 0x00, 0x00, 0x00, 0x38, 0x07, 0x00, 0x00, 0x00, 0x00, 0x00, 0x00,
  0x2b, 0x00, 0x00, 0x61, 0x00, 0x00, 0x00, 0x00, 0x07, 0x00, 0x00, 0x00,
  0x00, 0x00, 0x00, 0x00, 0x0c, 0x00, 0x00, 0x00, 0x00, 0x00, 0x00, 0x00,
  0x20, 0xa9, 0x00, 0x00, 0x00, 0x00, 0x00, 0x00, 0x0d, 0x00, 0x00, 0x00,
  0x00, 0x00, 0x00, 0x00, 0x30, 0xa9, 0x00, 0x00, 0x00, 0x00, 0x00, 0x00,
  0x15, 0x00, 0x00, 0x00, 0x00, 0x00, 0x00, 0x00, 0x00, 0x00, 0x00, 0x00,
  0x00, 0x00, 0x00, 0x00, 0x1e, 0x00, 0x00, 0x00, 0x00, 0x00, 0x00, 0x00,
  0x00, 0x00, 0x00, 0x00, 0x00, 0x00, 0x00, 0x00, 0x01, 0x00, 0x00, 0x00,
  0x00, 0x00, 0x00, 0x00, 0x01, 0x00, 0x00, 0x00, 0x00, 0x00, 0x00, 0x00,
  0x01, 0x00, 0x00, 0x00, 0x00, 0x00, 0x00, 0x00, 0x0f, 0x00, 0x00, 0x00,
  0x00, 0x00, 0x00, 0x00, 0x01, 0x00, 0x00, 0x00, 0x00, 0x00, 0x00, 0x00,
  0x26, 0x00, 0x00, 0x00, 0x00, 0x00, 0x00, 0x00, 0x01, 0x00, 0x00, 0x00,
  0x00, 0x00, 0x00, 0x00, 0x34, 0x00, 0x00, 0x00, 0x00, 0x00, 0x00, 0x00,
  0x01, 0x00, 0x00, 0x00, 0x00, 0x00, 0x00, 0x00, 0x44, 0x00, 0x00, 0x00,
  0x00, 0x00, 0x00, 0x00, 0x0f, 0x00, 0x00, 0x61, 0x00, 0x00, 0x00, 0x00,
  0x55, 0x00, 0x00, 0x00, 0x01, 0x01, 0x01, 0x00, 0x0f, 0x00, 0x00, 0x61,
  0x00, 0x00, 0x00, 0x00, 0x5f, 0x00, 0x00, 0x00, 0x01, 0x01, 0x02, 0x00,
  0x0f, 0x00, 0x00, 0x61, 0x00, 0x00, 0x00, 0x00, 0x72, 0x00, 0x00, 0x00,
  0x01, 0x01, 0x03, 0x00, 0x0f, 0x00, 0x00, 0x61, 0x00, 0x00, 0x00, 0x00,
  0x7c, 0x00, 0x00, 0x00, 0x01, 0x01, 0x04, 0x00, 0x0f, 0x00, 0x00, 0x61,
  0x00, 0x00, 0x00, 0x00, 0x88, 0x00, 0x00, 0x00, 0x01, 0x01, 0x05, 0x00,
  0x13, 0x00, 0x00, 0x61, 0x00, 0x00, 0x00, 0x00, 0x95, 0x00, 0x00, 0x00,
  0x01, 0x00, 0x00, 0x00, 0x17, 0x00, 0x00, 0x61, 0x00, 0x00, 0x00, 0x00,
  0x01, 0x00, 0x00, 0x00, 0x00, 0x00, 0x00, 0x00, 0x15, 0x00, 0x00, 0x61,
  0x00, 0x00, 0x00, 0x00, 0x55, 0x00, 0x00, 0x00, 0x01, 0x00, 0x01, 0x00,
  0x19, 0x00, 0x00, 0x61, 0x00, 0x00, 0x00, 0x00, 0x09, 0x00, 0x00, 0x00,
  0x00, 0x00, 0x01, 0x00, 0x15, 0x00, 0x00, 0x61, 0x00, 0x00, 0x00, 0x00,
  0x5f, 0x00, 0x00, 0x00, 0x01, 0x00, 0x02, 0x00, 0x19, 0x00, 0x00, 0x61,
  0x00, 0x00, 0x00, 0x00, 0x09, 0x00, 0x00, 0x00, 0x00, 0x00, 0x02, 0x00,
  0x15, 0x00, 0x00, 0x61, 0x00, 0x00, 0x00, 0x00, 0x72, 0x00, 0x00, 0x00,
  0x01, 0x00, 0x03, 0x00, 0x19, 0x00, 0x00, 0x61, 0x00, 0x00, 0x00, 0x00,
  0x09, 0x00, 0x00, 0x00, 0x00, 0x00, 0x03, 0x00, 0x15, 0x00, 0x00, 0x61,
  0x00, 0x00, 0x00, 0x00, 0x7c, 0x00, 0x00, 0x00, 0x01, 0x00, 0x04, 0x00,
  0x19, 0x00, 0x00, 0x61, 0x00, 0x00, 0x00, 0x00, 0x09, 0x00, 0x00, 0x00,
  0x00, 0x00, 0x04, 0x00, 0x15, 0x00, 0x00, 0x61, 0x00, 0x00, 0x00, 0x00,
  0x88, 0x00, 0x00, 0x00, 0x01, 0x00, 0x05, 0x00, 0x19, 0x00, 0x00, 0x61,
  0x00, 0x00, 0x00, 0x00, 0x09, 0x00, 0x00, 0x00, 0x00, 0x00, 0x05, 0x00,
  0x07, 0x00, 0x00, 0x61, 0x00, 0x00, 0x00, 0x00, 0x00, 0x00, 0x00, 0x00,
  0x00, 0x00, 0x00, 0x00, 0x09, 0x00, 0x00, 0x61, 0x00, 0x00, 0x00, 0x00,
  0xa1, 0x00, 0x00, 0x00, 0x00, 0x00, 0x00, 0x00, 0x0d, 0x00, 0x00, 0x61,
  0x00, 0x00, 0x00, 0x00, 0x95, 0x00, 0x00, 0x00, 0x01, 0x01, 0x00, 0x00,
  0x11, 0x00, 0x00, 0x61, 0x00, 0x00, 0x00, 0x00, 0x00, 0x00, 0x00, 0x00,
  0x00, 0x00, 0x00, 0x00, 0x00, 0x00, 0x00, 0x00, 0x00, 0x00, 0x00, 0x00,
  0x00, 0x00, 0x00, 0x00, 0x00, 0x00, 0x00, 0x00
};
static const unsigned int plugin_mono_prx_len = 141152;
