static const unsigned char plugin_server_prx[] = {
  0x4f, 0x15, 0x3d, 0x1d, 0x00, 0x01, 0x01, 0x12, 0x01, 0x01, 0x00, 0x00,
  0xd0, 0x03, 0x70, 0x04, 0x30, 0x2e, 0x01, 0x00, 0x00, 0x00, 0x00, 0x00,
  0x0a, 0x00, 0x22, 0x00, 0x00, 0x00, 0x00, 0x00, 0x04, 0x00, 0x11, 0x00,
  0x00, 0x00, 0x00, 0x00, 0x40, 0x08, 0x00, 0x00, 0x00, 0x00, 0x00, 0x00,
  0x40, 0x00, 0x00, 0x00, 0x00, 0x00, 0x00, 0x00, 0x40, 0x00, 0x00, 0x00,
  0x00, 0x00, 0x00, 0x00, 0x04, 0x28, 0x00, 0x00, 0x00, 0x00, 0x00, 0x00,
  0x80, 0x08, 0x00, 0x00, 0x00, 0x00, 0x00, 0x00, 0x00, 0x80, 0x00, 0x00,
  0x00, 0x00, 0x00, 0x00, 0x00, 0x80, 0x00, 0x00, 0x00, 0x00, 0x00, 0x00,
  0x04, 0x00, 0x31, 0x00, 0x00, 0x00, 0x00, 0x00, 0x80, 0x88, 0x00, 0x00,
  0x00, 0x00, 0x00, 0x00, 0x40, 0x00, 0x00, 0x00, 0x00, 0x00, 0x00, 0x00,
  0x40, 0x00, 0x00, 0x00, 0x00, 0x00, 0x00, 0x00, 0x04, 0x28, 0x10, 0x00,
  0x00, 0x00, 0x00, 0x00, 0xc0, 0x88, 0x00, 0x00, 0x00, 0x00, 0x00, 0x00,
  0x00, 0x80, 0x00, 0x00, 0x00, 0x00, 0x00, 0x00, 0x00, 0x80, 0x00, 0x00,
  0x00, 0x00, 0x00, 0x00, 0x04, 0x00, 0x51, 0x00, 0x00, 0x00, 0x00, 0x00,
  0xc0, 0x08, 0x01, 0x00, 0x00, 0x00, 0x00, 0x00, 0x20, 0x00, 0x00, 0x00,
  0x00, 0x00, 0x00, 0x00, 0x20, 0x00, 0x00, 0x00, 0x00, 0x00, 0x00, 0x00,
  0x04, 0x28, 0x20, 0x00, 0x00, 0x00, 0x00, 0x00, 0xe0, 0x08, 0x01, 0x00,
  0x00, 0x00, 0x00, 0x00, 0x64, 0x02, 0x00, 0x00, 0x00, 0x00, 0x00, 0x00,
  0x64, 0x02, 0x00, 0x00, 0x00, 0x00, 0x00, 0x00, 0x04, 0x00, 0x71, 0x00,
  0x00, 0x00, 0x00, 0x00, 0x50, 0x0b, 0x01, 0x00, 0x00, 0x00, 0x00, 0x00,
  0x20, 0x00, 0x00, 0x00, 0x00, 0x00, 0x00, 0x00, 0x20, 0x00, 0x00, 0x00,
  0x00, 0x00, 0x00, 0x00, 0x04, 0x28, 0x30, 0x00, 0x00, 0x00, 0x00, 0x00,
  0x70, 0x0b, 0x01, 0x00, 0x00, 0x00, 0x00, 0x00, 0x64, 0x02, 0x00, 0x00,
  0x00, 0x00, 0x00, 0x00, 0x64, 0x02, 0x00, 0x00, 0x00, 0x00, 0x00, 0x00,
  0x04, 0x00, 0x91, 0x00, 0x00, 0x00, 0x00, 0x00, 0xe0, 0x0d, 0x01, 0x00,
  0x00, 0x00, 0x00, 0x00, 0x20, 0x00, 0x00, 0x00, 0x00, 0x00, 0x00, 0x00,
  0x20, 0x00, 0x00, 0x00, 0x00, 0x00, 0x00, 0x00, 0x04, 0x28, 0x70, 0x00,
  0x00, 0x00, 0x00, 0x00, 0x00, 0x0e, 0x01, 0x00, 0x00, 0x00, 0x00, 0x00,
  0x30, 0x20, 0x00, 0x00, 0x00, 0x00, 0x00, 0x00, 0x30, 0x20, 0x00, 0x00,
  0x00, 0x00, 0x00, 0x00, 0x7f, 0x45, 0x4c, 0x46, 0x02, 0x01, 0x01, 0x09,
  0x00, 0x00, 0x00, 0x00, 0x00, 0x00, 0x00, 0x00, 0x18, 0xfe, 0x3e, 0x00,
  0x01, 0x00, 0x00, 0x00, 0x00, 0x00, 0x00, 0x00, 0x00, 0x00, 0x00, 0x00,
  0x40, 0x00, 0x00, 0x00, 0x00, 0x00, 0x00, 0x00, 0x48, 0x5d, 0x01, 0x00,
  0x00, 0x00, 0x00, 0x00, 0x00, 0x00, 0x00, 0x00, 0x40, 0x00, 0x38, 0x00,
  0x08, 0x00, 0x40, 0x00, 0x17, 0x00, 0x15, 0x00, 0x01, 0x00, 0x00, 0x00,
  0x05, 0x00, 0x00, 0x00, 0x00, 0x40, 0x00, 0x00, 0x00, 0x00, 0x00, 0x00,
  0x00, 0x00, 0x00, 0x00, 0x00, 0x00, 0x00, 0x00, 0x00, 0x00, 0x00, 0x00,
  0x00, 0x00, 0x00, 0x00, 0x00, 0x80, 0x00, 0x00, 0x00, 0x00, 0x00, 0x00,
  0x00, 0x80, 0x00, 0x00, 0x00, 0x00, 0x00, 0x00, 0x00, 0x40, 0x00, 0x00,
  0x00, 0x00, 0x00, 0x00, 0x10, 0x00, 0x00, 0x61, 0x04, 0x00, 0x00, 0x00,
  0x00, 0xc0, 0x00, 0x00, 0x00, 0x00, 0x00, 0x00, 0x00, 0x80, 0x00, 0x00,
  0x00, 0x00, 0x00, 0x00, 0x00, 0x80, 0x00, 0x00, 0x00, 0x00, 0x00, 0x00,
  0x00, 0x80, 0x00, 0x00, 0x00, 0x00, 0x00, 0x00, 0x00, 0x80, 0x00, 0x00,
  0x00, 0x00, 0x00, 0x00, 0x00, 0x40, 0x00, 0x00, 0x00, 0x00, 0x00, 0x00,
  0x01, 0x00, 0x00, 0x00, 0x06, 0x00, 0x00, 0x00, 0x00, 0x40, 0x01, 0x00,
  0x00, 0x00, 0x00, 0x00, 0x00, 0x00, 0x01, 0x00, 0x00, 0x00, 0x00, 0x00,
  0x00, 0x00, 0x01, 0x00, 0x00, 0x00, 0x00, 0x00, 0x64, 0x02, 0x00, 0x00,
  0x00, 0x00, 0x00, 0x00, 0xb8, 0x03, 0x00, 0x00, 0x00, 0x00, 0x00, 0x00,
  0x00, 0x40, 0x00, 0x00, 0x00, 0x00, 0x00, 0x00, 0x01, 0x00, 0x00, 0x00,
  0x06, 0x00, 0x00, 0x00, 0x00, 0x40, 0x01, 0x00, 0x00, 0x00, 0x00, 0x00,
  0x00, 0x00, 0x01, 0x00, 0x00, 0x00, 0x00, 0x00, 0x00, 0x00, 0x01, 0x00,
  0x00, 0x00, 0x00, 0x00, 0x64, 0x02, 0x00, 0x00, 0x00, 0x00, 0x00, 0x00,
  0xb8, 0x03, 0x00, 0x00, 0x00, 0x00, 0x00, 0x00, 0x00, 0x40, 0x00, 0x00,
  0x00, 0x00, 0x00, 0x00, 0x02, 0x00, 0x00, 0x61, 0x04, 0x00, 0x00, 0x00,
  0x00, 0x40, 0x01, 0x00, 0x00, 0x00, 0x00, 0x00, 0x00, 0x00, 0x01, 0x00,
  0x00, 0x00, 0x00, 0x00, 0x00, 0x00, 0x01, 0x00, 0x00, 0x00, 0x00, 0x00,
  0x18, 0x00, 0x00, 0x00, 0x00, 0x00, 0x00, 0x00, 0x18, 0x00, 0x00, 0x00,
  0x00, 0x00, 0x00, 0x00, 0x08, 0x00, 0x00, 0x00, 0x00, 0x00, 0x00, 0x00,
  0x02, 0x00, 0x00, 0x00, 0x06, 0x00, 0x00, 0x00, 0x28, 0x81, 0x01, 0x00,
  0x00, 0x00, 0x00, 0x00, 0x28, 0x81, 0x01, 0x00, 0x00, 0x00, 0x00, 0x00,
  0x28, 0x81, 0x01, 0x00, 0x00, 0x00, 0x00, 0x00, 0x10, 0x02, 0x00, 0x00,
  0x00, 0x00, 0x00, 0x00, 0x10, 0x02, 0x00, 0x00, 0x00, 0x00, 0x00, 0x00,
  0x08, 0x00, 0x00, 0x00, 0x00, 0x00, 0x00, 0x00, 0x50, 0xe5, 0x74, 0x64,
  0x04, 0x00, 0x00, 0x00, 0x8c, 0xb7, 0x00, 0x00, 0x00, 0x00, 0x00, 0x00,
  0x8c, 0x77, 0x00, 0x00, 0x00, 0x00, 0x00, 0x00, 0x8c, 0x77, 0x00, 0x00,
  0x00, 0x00, 0x00, 0x00, 0x84, 0x02, 0x00, 0x00, 0x00, 0x00, 0x00, 0x00,
  0x84, 0x02, 0x00, 0x00, 0x00, 0x00, 0x00, 0x00, 0x04, 0x00, 0x00, 0x00,
  0x00, 0x00, 0x00, 0x00, 0x00, 0x00, 0x00, 0x61, 0x04, 0x00, 0x00, 0x00,
  0x08, 0x63, 0x01, 0x00, 0x00, 0x00, 0x00, 0x00, 0x00, 0x00, 0x00, 0x00,
  0x00, 0x00, 0x00, 0x00, 0x00, 0x00, 0x00, 0x00, 0x00, 0x00, 0x00, 0x00,
  0x30, 0x20, 0x00, 0x00, 0x00, 0x00, 0x00, 0x00, 0x00, 0x00, 0x00, 0x00,
  0x00, 0x00, 0x00, 0x00, 0x10, 0x00, 0x00, 0x00, 0x00, 0x00, 0x00, 0x00,
  0x11, 0x00, 0x00, 0x00, 0x00, 0x00, 0x00, 0x38, 0x01, 0x00, 0x00, 0x00,
  0x00, 0x00, 0x00, 0x00, 0x00, 0x00, 0x00, 0x00, 0x00, 0x00, 0x00, 0x00,
  0x00, 0x00, 0x00, 0x00, 0x00, 0x00, 0x00, 0x00, 0x37, 0x79, 0xe7, 0x78,
  0x2d, 0xbb, 0x0e, 0xdd, 0xf2, 0xd7, 0x7b, 0xfe, 0x22, 0x01, 0x89, 0x6e,
  0xcc, 0x79, 0x0b, 0xf9, 0x2f, 0x80, 0xcd, 0xfa, 0xdb, 0x89, 0xec, 0x48,
  0xb9, 0xaa, 0x5d, 0xe7, 0x03, 0x00, 0x00, 0x00, 0x00, 0x00, 0x00, 0x00,
  0x00, 0x00, 0x00, 0x00, 0x00, 0x00, 0x00, 0x00, 0x00, 0x00, 0x00, 0x00,
  0x00, 0x00, 0x00, 0x00, 0x00, 0x00, 0x00, 0x00, 0x00, 0x00, 0x00, 0x00,
  0x00, 0x00, 0x00, 0x00, 0x00, 0x00, 0x00, 0x00, 0x00, 0x00, 0x00, 0x00,
  0x00, 0x00, 0x00, 0x00, 0x00, 0x00, 0x00, 0x00, 0x00, 0x00, 0x00, 0x00,
  0x00, 0x00, 0x00, 0x00, 0x00, 0x00, 0x00, 0x00, 0x00, 0x00, 0x00, 0x00,
  0x00, 0x00, 0x00, 0x00, 0x00, 0x00, 0x00, 0x00, 0x00, 0x00, 0x00, 0x00,
  0x00, 0x00, 0x00, 0x00, 0x00, 0x00, 0x00, 0x00, 0x00, 0x00, 0x00, 0x00,
  0x00, 0x00, 0x00, 0x00, 0x00, 0x00, 0x00, 0x00, 0x00, 0x00, 0x00, 0x00,
  0x00, 0x00, 0x00, 0x00, 0x00, 0x00, 0x00, 0x00, 0x00, 0x00, 0x00, 0x00,
  0x00, 0x00, 0x00, 0x00, 0x00, 0x00, 0x00, 0x00, 0x00, 0x00, 0x00, 0x00,
  0x00, 0x00, 0x00, 0x00, 0x00, 0x00, 0x00, 0x00, 0x00, 0x00, 0x00, 0x00,
  0x00, 0x00, 0x00, 0x00, 0x00, 0x00, 0x00, 0x00, 0x00, 0x00, 0x00, 0x00,
  0x00, 0x00, 0x00, 0x00, 0x00, 0x00, 0x00, 0x00, 0x00, 0x00, 0x00, 0x00,
  0x00, 0x00, 0x00, 0x00, 0x00, 0x00, 0x00, 0x00, 0x00, 0x00, 0x00, 0x00,
  0x00, 0x00, 0x00, 0x00, 0x00, 0x00, 0x00, 0x00, 0x00, 0x00, 0x00, 0x00,
  0x00, 0x00, 0x00, 0x00, 0x00, 0x00, 0x00, 0x00, 0x00, 0x00, 0x00, 0x00,
  0x00, 0x00, 0x00, 0x00, 0x00, 0x00, 0x00, 0x00, 0x00, 0x00, 0x00, 0x00,
  0x00, 0x00, 0x00, 0x00, 0x00, 0x00, 0x00, 0x00, 0x00, 0x00, 0x00, 0x00,
  0x00, 0x00, 0x00, 0x00, 0x00, 0x00, 0x00, 0x00, 0x00, 0x00, 0x00, 0x00,
  0x00, 0x00, 0x00, 0x00, 0x00, 0x00, 0x00, 0x00, 0x00, 0x00, 0x00, 0x00,
  0x00, 0x00, 0x00, 0x00, 0x00, 0x00, 0x00, 0x00, 0x00, 0x00, 0x00, 0x00,
  0x00, 0x00, 0x00, 0x00, 0x00, 0x00, 0x00, 0x00, 0x00, 0x00, 0x00, 0x00,
  0x00, 0x00, 0x00, 0x00, 0x00, 0x00, 0x00, 0x00, 0x00, 0x00, 0x00, 0x00,
  0x00, 0x00, 0x00, 0x00, 0x00, 0x00, 0x00, 0x00, 0x00, 0x00, 0x00, 0x00,
  0x00, 0x00, 0x00, 0x00, 0x00, 0x00, 0x00, 0x00, 0x00, 0x00, 0x00, 0x00,
  0x00, 0x00, 0x00, 0x00, 0x00, 0x00, 0x00, 0x00, 0x00, 0x00, 0x00, 0x00,
  0x00, 0x00, 0x00, 0x00, 0x00, 0x00, 0x00, 0x00, 0x00, 0x00, 0x00, 0x00,
  0x00, 0x00, 0x00, 0x00, 0x00, 0x00, 0x00, 0x00, 0x00, 0x00, 0x00, 0x00,
  0x00, 0x00, 0x00, 0x00, 0x00, 0x00, 0x00, 0x00, 0x00, 0x00, 0x00, 0x00,
  0x00, 0x00, 0x00, 0x00, 0x00, 0x00, 0x00, 0x00, 0x00, 0x00, 0x00, 0x00,
  0x00, 0x00, 0x00, 0x00, 0x00, 0x00, 0x00, 0x00, 0x00, 0x00, 0x00, 0x00,
  0x00, 0x00, 0x00, 0x00, 0x00, 0x00, 0x00, 0x00, 0x00, 0x00, 0x00, 0x00,
  0x00, 0x00, 0x00, 0x00, 0x00, 0x00, 0x00, 0x00, 0x00, 0x00, 0x00, 0x00,
  0x00, 0x00, 0x00, 0x00, 0x00, 0x00, 0x00, 0x00, 0x00, 0x00, 0x00, 0x00,
  0x00, 0x00, 0x00, 0x00, 0x00, 0x00, 0x00, 0x00, 0x00, 0x00, 0x00, 0x00,
  0x00, 0x00, 0x00, 0x00, 0x00, 0x00, 0x00, 0x00, 0x00, 0x00, 0x00, 0x00,
  0x00, 0x00, 0x00, 0x00, 0x00, 0x00, 0x00, 0x00, 0x00, 0x00, 0x00, 0x00,
  0x00, 0x00, 0x00, 0x00, 0x00, 0x00, 0x00, 0x00, 0x00, 0x00, 0x00, 0x00,
  0x00, 0x00, 0x00, 0x00, 0x00, 0x00, 0x00, 0x00, 0x00, 0x00, 0x00, 0x00,
  0x00, 0x00, 0x00, 0x00, 0x00, 0x00, 0x00, 0x00, 0x00, 0x00, 0x00, 0x00,
  0x00, 0x00, 0x00, 0x00, 0x00, 0x00, 0x00, 0x00, 0x00, 0x00, 0x00, 0x00,
  0x00, 0x00, 0x00, 0x00, 0x00, 0x00, 0x00, 0x00, 0x00, 0x00, 0x00, 0x00,
  0x00, 0x00, 0x00, 0x00, 0x00, 0x00, 0x00, 0x00, 0x00, 0x00, 0x00, 0x00,
  0x00, 0x00, 0x00, 0x00, 0x00, 0x00, 0x00, 0x00, 0x00, 0x00, 0x00, 0x00,
  0x00, 0x00, 0x00, 0x00, 0x00, 0x00, 0x00, 0x00, 0x00, 0x00, 0x00, 0x00,
  0x00, 0x00, 0x00, 0x00, 0x00, 0x00, 0x00, 0x00, 0x00, 0x00, 0x00, 0x00,
  0x00, 0x00, 0x00, 0x00, 0x00, 0x00, 0x00, 0x00, 0x00, 0x00, 0x00, 0x00,
  0x00, 0x00, 0x00, 0x00, 0x00, 0x00, 0x00, 0x00, 0x00, 0x00, 0x00, 0x00,
  0x00, 0x00, 0x00, 0x00, 0x00, 0x00, 0x00, 0x00, 0x00, 0x00, 0x00, 0x00,
  0x00, 0x00, 0x00, 0x00, 0x00, 0x00, 0x00, 0x00, 0x00, 0x00, 0x00, 0x00,
  0x00, 0x00, 0x00, 0x00, 0x00, 0x00, 0x00, 0x00, 0x00, 0x00, 0x00, 0x00,
  0x00, 0x00, 0x00, 0x00, 0x00, 0x00, 0x00, 0x00, 0x00, 0x00, 0x00, 0x00,
  0x00, 0x00, 0x00, 0x00, 0x00, 0x00, 0x00, 0x00, 0x00, 0x00, 0x00, 0x00,
  0x00, 0x00, 0x00, 0x00, 0x00, 0x00, 0x00, 0x00, 0x00, 0x00, 0x00, 0x00,
  0x00, 0x00, 0x00, 0x00, 0x00, 0x00, 0x00, 0x00, 0x00, 0x00, 0x00, 0x00,
  0x00, 0x00, 0x00, 0x00, 0x00, 0x00, 0x00, 0x00, 0x00, 0x00, 0x00, 0x00,
  0x00, 0x00, 0x00, 0x00, 0x00, 0x00, 0x00, 0x00, 0x00, 0x00, 0x00, 0x00,
  0x00, 0x00, 0x00, 0x00, 0x00, 0x00, 0x00, 0x00, 0x00, 0x00, 0x00, 0x00,
  0x00, 0x00, 0x00, 0x00, 0x00, 0x00, 0x00, 0x00, 0x00, 0x00, 0x00, 0x00,
  0x00, 0x00, 0x00, 0x00, 0x00, 0x00, 0x00, 0x00, 0x00, 0x00, 0x00, 0x00,
  0x00, 0x00, 0x00, 0x00, 0x00, 0x00, 0x00, 0x00, 0x00, 0x00, 0x00, 0x00,
  0x00, 0x00, 0x00, 0x00, 0x00, 0x00, 0x00, 0x00, 0x00, 0x00, 0x00, 0x00,
  0x00, 0x00, 0x00, 0x00, 0x00, 0x00, 0x00, 0x00, 0x00, 0x00, 0x00, 0x00,
  0x00, 0x00, 0x00, 0x00, 0x00, 0x00, 0x00, 0x00, 0x00, 0x00, 0x00, 0x00,
  0x00, 0x00, 0x00, 0x00, 0x00, 0x00, 0x00, 0x00, 0x00, 0x00, 0x00, 0x00,
  0x00, 0x00, 0x00, 0x00, 0x00, 0x00, 0x00, 0x00, 0x00, 0x00, 0x00, 0x00,
  0x00, 0x00, 0x00, 0x00, 0x00, 0x00, 0x00, 0x00, 0x00, 0x00, 0x00, 0x00,
  0x00, 0x00, 0x00, 0x00, 0x00, 0x00, 0x00, 0x00, 0x00, 0x00, 0x00, 0x00,
  0x00, 0x00, 0x00, 0x00, 0x00, 0x00, 0x00, 0x00, 0x00, 0x00, 0x00, 0x00,
  0x00, 0x00, 0x00, 0x00, 0x00, 0x00, 0x00, 0x00, 0x00, 0x00, 0x00, 0x00,
  0x00, 0x00, 0x00, 0x00, 0x00, 0x00, 0x00, 0x00, 0x00, 0x00, 0x00, 0x00,
  0x00, 0x00, 0x00, 0x00, 0x00, 0x00, 0x00, 0x00, 0x00, 0x00, 0x00, 0x00,
  0x00, 0x00, 0x00, 0x00, 0x00, 0x00, 0x00, 0x00, 0x00, 0x00, 0x00, 0x00,
  0x00, 0x00, 0x00, 0x00, 0x00, 0x00, 0x00, 0x00, 0x00, 0x00, 0x00, 0x00,
  0x00, 0x00, 0x01, 0x00, 0x00, 0x00, 0x00, 0x00, 0x00, 0x00, 0x00, 0x00,
  0x00, 0x00, 0x00, 0x00, 0x00, 0x00, 0x00, 0x00, 0x00, 0x00, 0x00, 0x00,
  0x00, 0x00, 0x00, 0x00, 0x00, 0x00, 0x00, 0x00, 0x00, 0x00, 0x00, 0x00,
  0x00, 0x00, 0x00, 0x00, 0x00, 0x00, 0x00, 0x00, 0x00, 0x00, 0x00, 0x00,
  0x00, 0x00, 0x00, 0x00, 0x00, 0x00, 0x00, 0x00, 0x00, 0x00, 0x00, 0x00,
  0x00, 0x00, 0x00, 0x00, 0x00, 0x00, 0x00, 0x00, 0x00, 0x00, 0x00, 0x00,
  0x00, 0x00, 0x00, 0x00, 0x00, 0x00, 0x00, 0x00, 0x00, 0x00, 0x00, 0x00,
  0x00, 0x00, 0x00, 0x00, 0x00, 0x00, 0x00, 0x00, 0x00, 0x00, 0x00, 0x00,
  0x00, 0x00, 0x00, 0x00, 0x00, 0x00, 0x00, 0x00, 0x00, 0x00, 0x00, 0x00,
  0x00, 0x00, 0x00, 0x00, 0x00, 0x00, 0x00, 0x00, 0x00, 0x00, 0x00, 0x00,
  0x00, 0x00, 0x00, 0x00, 0x00, 0x00, 0x00, 0x00, 0x00, 0x00, 0x00, 0x00,
  0x00, 0x00, 0x00, 0x00, 0x00, 0x00, 0x00, 0x00, 0x00, 0x00, 0x00, 0x00,
  0x00, 0x00, 0x00, 0x00, 0x00, 0x00, 0x00, 0x00, 0x00, 0x00, 0x00, 0x00,
  0x00, 0x00, 0x00, 0x00, 0x00, 0x00, 0x00, 0x00, 0x00, 0x00, 0x00, 0x00,
  0x00, 0x00, 0x00, 0x00, 0x00, 0x00, 0x00, 0x00, 0x00, 0x00, 0x00, 0x00,
  0x00, 0x00, 0x00, 0x00, 0x00, 0x00, 0x00, 0x00, 0x00, 0x00, 0x00, 0x00,
  0x00, 0x00, 0x00, 0x00, 0x00, 0x00, 0x00, 0x00, 0x00, 0x00, 0x00, 0x00,
  0x00, 0x00, 0x00, 0x00, 0x00, 0x00, 0x00, 0x00, 0x00, 0x00, 0x00, 0x00,
  0x00, 0x00, 0x00, 0x00, 0x00, 0x00, 0x00, 0x00, 0x00, 0x00, 0x00, 0x00,
  0x00, 0x00, 0x00, 0x00, 0x00, 0x00, 0x00, 0x00, 0x00, 0x00, 0x00, 0x00,
  0x00, 0x00, 0x00, 0x00, 0x00, 0x00, 0x00, 0x00, 0x00, 0x00, 0x00, 0x00,
  0x00, 0x00, 0x00, 0x00, 0x00, 0x00, 0x00, 0x00, 0x00, 0x00, 0x00, 0x00,
  0x00, 0x00, 0x00, 0x00, 0x00, 0x00, 0x00, 0x00, 0x00, 0x00, 0x00, 0x00,
  0x00, 0x00, 0x00, 0x00, 0x00, 0x00, 0x00, 0x00, 0x00, 0x00, 0x00, 0x00,
  0x00, 0x00, 0x00, 0x00, 0x00, 0x00, 0x00, 0x00, 0x00, 0x00, 0x00, 0x00,
  0x00, 0x00, 0x00, 0x00, 0x00, 0x00, 0x00, 0x00, 0x00, 0x00, 0x00, 0x00,
  0x00, 0x00, 0x00, 0x00, 0x00, 0x00, 0x00, 0x00, 0x00, 0x00, 0x00, 0x00,
  0x00, 0x00, 0x00, 0x00, 0x00, 0x00, 0x00, 0x00, 0x00, 0x00, 0x00, 0x00,
  0x00, 0x00, 0x00, 0x00, 0x00, 0x00, 0x00, 0x00, 0x00, 0x00, 0x00, 0x00,
  0x00, 0x00, 0x00, 0x00, 0x2f, 0x6c, 0x69, 0x62, 0x65, 0x78, 0x65, 0x63,
  0x2f, 0x6c, 0x64, 0x2d, 0x65, 0x6c, 0x66, 0x2e, 0x73, 0x6f, 0x2e, 0x31,
  0x00, 0x00, 0x00, 0x00, 0x00, 0x00, 0x00, 0x00, 0x00, 0x00, 0x00, 0x00,
  0x55, 0x48, 0x89, 0xe5, 0x48, 0x83, 0xec, 0x50, 0x48, 0x89, 0x7d, 0xf0,
  0x48, 0x89, 0x75, 0xe8, 0xc7, 0x45, 0xe4, 0x10, 0x00, 0x00, 0x00, 0xc7,
  0x45, 0xd0, 0x00, 0x00, 0x00, 0x00, 0x66, 0xc7, 0x45, 0xce, 0x00, 0x00,
  0x48, 0x8b, 0x45, 0xf0, 0x8b, 0x78, 0x04, 0x48, 0x8d, 0x75, 0xd4, 0x48,
  0x8d, 0x55, 0xe4, 0xe8, 0xe8, 0x49, 0x00, 0x00, 0x83, 0xf8, 0x00, 0x0f,
  0x84, 0x11, 0x00, 0x00, 0x00, 0x48, 0x8b, 0x7d, 0xf0, 0xe8, 0xc6, 0x01,
  0x00, 0x00, 0x89, 0x45, 0xfc, 0xe9, 0xae, 0x01, 0x00, 0x00, 0x8b, 0x45,
  0xd8, 0x89, 0x45, 0xd0, 0x48, 0x8b, 0x45, 0xf0, 0x83, 0x78, 0x08, 0x00,
  0x0f, 0x8e, 0x0c, 0x00, 0x00, 0x00, 0x48, 0x8b, 0x45, 0xf0, 0x8b, 0x78,
  0x08, 0xe8, 0xbe, 0x49, 0x00, 0x00, 0xbf, 0x02, 0x00, 0x00, 0x00, 0xbe,
  0x01, 0x00, 0x00, 0x00, 0x31, 0xd2, 0xe8, 0xbd, 0x49, 0x00, 0x00, 0x48,
  0x8b, 0x4d, 0xf0, 0x89, 0x41, 0x08, 0x83, 0xf8, 0x00, 0x0f, 0x8d, 0x11,
  0x00, 0x00, 0x00, 0x48, 0x8b, 0x7d, 0xf0, 0xe8, 0x74, 0x01, 0x00, 0x00,
  0x89, 0x45, 0xfc, 0xe9, 0x5c, 0x01, 0x00, 0x00, 0x8b, 0x45, 0xe4, 0x89,
  0xc2, 0x48, 0x8d, 0x7d, 0xd4, 0x31, 0xf6, 0xe8, 0x9c, 0x49, 0x00, 0x00,
  0xc6, 0x45, 0xd5, 0x02, 0x31, 0xff, 0xe8, 0xa1, 0x49, 0x00, 0x00, 0x89,
  0x45, 0xd8, 0x31, 0xff, 0xe8, 0xa7, 0x49, 0x00, 0x00, 0x66, 0x89, 0x45,
  0xd6, 0x48, 0x8b, 0x45, 0xf0, 0x8b, 0x78, 0x08, 0x8b, 0x55, 0xe4, 0x48,
  0x8d, 0x75, 0xd4, 0xe8, 0xa0, 0x49, 0x00, 0x00, 0x83, 0xf8, 0x00, 0x0f,
  0x84, 0x23, 0x00, 0x00, 0x00, 0x48, 0x8b, 0x7d, 0xf0, 0xe8, 0x1e, 0x01,
  0x00, 0x00, 0x89, 0x45, 0xc8, 0x48, 0x8b, 0x45, 0xf0, 0x8b, 0x78, 0x08,
  0xe8, 0x2f, 0x49, 0x00, 0x00, 0x8b, 0x45, 0xc8, 0x89, 0x45, 0xfc, 0xe9,
  0xf4, 0x00, 0x00, 0x00, 0x48, 0x8b, 0x45, 0xf0, 0x8b, 0x78, 0x08, 0xbe,
  0x05, 0x00, 0x00, 0x00, 0xe8, 0x73, 0x49, 0x00, 0x00, 0x83, 0xf8, 0x00,
  0x0f, 0x84, 0x23, 0x00, 0x00, 0x00, 0x48, 0x8b, 0x7d, 0xf0, 0xe8, 0xe1,
  0x00, 0x00, 0x00, 0x89, 0x45, 0xc4, 0x48, 0x8b, 0x45, 0xf0, 0x8b, 0x78,
  0x08, 0xe8, 0xf2, 0x48, 0x00, 0x00, 0x8b, 0x45, 0xc4, 0x89, 0x45, 0xfc,
  0xe9, 0xb7, 0x00, 0x00, 0x00, 0x48, 0x8b, 0x45, 0xf0, 0x8b, 0x78, 0x08,
  0x48, 0x8d, 0x75, 0xd4, 0x48, 0x8d, 0x55, 0xe4, 0xe8, 0xc3, 0x48, 0x00,
  0x00, 0x83, 0xf8, 0x00, 0x0f, 0x84, 0x23, 0x00, 0x00, 0x00, 0x48, 0x8b,
  0x7d, 0xf0, 0xe8, 0xa1, 0x00, 0x00, 0x00, 0x89, 0x45, 0xc0, 0x48, 0x8b,
  0x45, 0xf0, 0x8b, 0x78, 0x08, 0xe8, 0xb2, 0x48, 0x00, 0x00, 0x8b, 0x45,
  0xc0, 0x89, 0x45, 0xfc, 0xe9, 0x77, 0x00, 0x00, 0x00, 0x66, 0x8b, 0x45,
  0xd6, 0x66, 0x89, 0x45, 0xce, 0x48, 0x8b, 0x7d, 0xf0, 0x8b, 0x55, 0xd0,
  0xc1, 0xea, 0x00, 0x81, 0xe2, 0xff, 0x00, 0x00, 0x00, 0x8b, 0x4d, 0xd0,
  0xc1, 0xe9, 0x08, 0x81, 0xe1, 0xff, 0x00, 0x00, 0x00, 0x44, 0x8b, 0x45,
  0xd0, 0x41, 0xc1, 0xe8, 0x10, 0x41, 0x81, 0xe0, 0xff, 0x00, 0x00, 0x00,
  0x44, 0x8b, 0x4d, 0xd0, 0x41, 0xc1, 0xe9, 0x18, 0x41, 0x81, 0xe1, 0xff,
  0x00, 0x00, 0x00, 0x44, 0x0f, 0xb7, 0x55, 0xce, 0x41, 0xc1, 0xfa, 0x00,
  0x41, 0x81, 0xe2, 0xff, 0x00, 0x00, 0x00, 0x0f, 0xb7, 0x45, 0xce, 0xc1,
  0xf8, 0x08, 0x25, 0xff, 0x00, 0x00, 0x00, 0x48, 0x8d, 0x35, 0xb5, 0x69,
  0x00, 0x00, 0x44, 0x89, 0x14, 0x24, 0x89, 0x44, 0x24, 0x08, 0xb0, 0x00,
  0xe8, 0x83, 0x00, 0x00, 0x00, 0x89, 0x45, 0xfc, 0x8b, 0x45, 0xfc, 0x48,
  0x83, 0xc4, 0x50, 0x5d, 0xc3, 0x0f, 0x1f, 0x80, 0x00, 0x00, 0x00, 0x00,
  0x55, 0x48, 0x89, 0xe5, 0x48, 0x81, 0xec, 0x10, 0x01, 0x00, 0x00, 0x48,
  0x89, 0x7d, 0xf8, 0xe8, 0x58, 0x47, 0x00, 0x00, 0x8b, 0x38, 0x48, 0x8d,
  0xb5, 0xf0, 0xfe, 0xff, 0xff, 0xba, 0xff, 0x00, 0x00, 0x00, 0xe8, 0x69,
  0x48, 0x00, 0x00, 0x83, 0xf8, 0x00, 0x0f, 0x84, 0x18, 0x00, 0x00, 0x00,
  0x48, 0x8d, 0xbd, 0xf0, 0xfe, 0xff, 0xff, 0x48, 0x8d, 0x35, 0x94, 0x64,
  0x00, 0x00, 0xba, 0xff, 0x00, 0x00, 0x00, 0xe8, 0x58, 0x48, 0x00, 0x00,
  0x48, 0x8b, 0x7d, 0xf8, 0x48, 0x8d, 0x95, 0xf0, 0xfe, 0xff, 0xff, 0x48,
  0x8d, 0x35, 0x27, 0x64, 0x00, 0x00, 0xb0, 0x00, 0xe8, 0x0f, 0x00, 0x00,
  0x00, 0x48, 0x81, 0xc4, 0x10, 0x01, 0x00, 0x00, 0x5d, 0xc3, 0x66, 0x0f,
  0x1f, 0x44, 0x00, 0x00, 0x55, 0x48, 0x89, 0xe5, 0x48, 0x81, 0xec, 0xf0,
  0x10, 0x00, 0x00, 0x84, 0xc0, 0x0f, 0x84, 0x38, 0x00, 0x00, 0x00, 0x0f,
  0x29, 0x85, 0x40, 0xef, 0xff, 0xff, 0x0f, 0x29, 0x8d, 0x50, 0xef, 0xff,
  0xff, 0x0f, 0x29, 0x95, 0x60, 0xef, 0xff, 0xff, 0x0f, 0x29, 0x9d, 0x70,
  0xef, 0xff, 0xff, 0x0f, 0x29, 0xa5, 0x80, 0xef, 0xff, 0xff, 0x0f, 0x29,
  0xad, 0x90, 0xef, 0xff, 0xff, 0x0f, 0x29, 0xb5, 0xa0, 0xef, 0xff, 0xff,
  0x0f, 0x29, 0xbd, 0xb0, 0xef, 0xff, 0xff, 0x4c, 0x89, 0x8d, 0x38, 0xef,
  0xff, 0xff, 0x4c, 0x89, 0x85, 0x30, 0xef, 0xff, 0xff, 0x48, 0x89, 0x8d,
  0x28, 0xef, 0xff, 0xff, 0x48, 0x89, 0x95, 0x20, 0xef, 0xff, 0xff, 0x48,
  0x89, 0x7d, 0xf0, 0x48, 0x89, 0x75, 0xe8, 0x48, 0xc7, 0x85, 0xd8, 0xef,
  0xff, 0xff, 0x00, 0x00, 0x00, 0x00, 0x48, 0x8d, 0x85, 0xc0, 0xef, 0xff,
  0xff, 0x48, 0x8d, 0x8d, 0x10, 0xef, 0xff, 0xff, 0x48, 0x89, 0x48, 0x10,
  0x48, 0x8d, 0x4d, 0x10, 0x48, 0x89, 0x48, 0x08, 0xc7, 0x40, 0x04, 0x30,
  0x00, 0x00, 0x00, 0xc7, 0x00, 0x10, 0x00, 0x00, 0x00, 0x48, 0x8d, 0xbd,
  0xe0, 0xef, 0xff, 0xff, 0x48, 0x8b, 0x55, 0xe8, 0x48, 0x8d, 0x8d, 0xc0,
  0xef, 0xff, 0xff, 0xbe, 0x00, 0x10, 0x00, 0x00, 0xe8, 0x83, 0x47, 0x00,
  0x00, 0x48, 0x8d, 0x85, 0xc0, 0xef, 0xff, 0xff, 0x48, 0x8d, 0xbd, 0xe0,
  0xef, 0xff, 0xff, 0xe8, 0x80, 0x47, 0x00, 0x00, 0x48, 0x89, 0x85, 0xd8,
  0xef, 0xff, 0xff, 0x48, 0x8b, 0x45, 0xf0, 0x8b, 0x78, 0x04, 0x48, 0x8d,
  0xb5, 0xe0, 0xef, 0xff, 0xff, 0x48, 0x8b, 0x95, 0xd8, 0xef, 0xff, 0xff,
  0xe8, 0x6f, 0x47, 0x00, 0x00, 0x48, 0x3b, 0x85, 0xd8, 0xef, 0xff, 0xff,
  0x0f, 0x84, 0x0c, 0x00, 0x00, 0x00, 0xc7, 0x45, 0xfc, 0xff, 0xff, 0xff,
  0xff, 0xe9, 0x07, 0x00, 0x00, 0x00, 0xc7, 0x45, 0xfc, 0x00, 0x00, 0x00,
  0x00, 0x8b, 0x45, 0xfc, 0x48, 0x81, 0xc4, 0xf0, 0x10, 0x00, 0x00, 0x5d,
  0xc3, 0x0f, 0x1f, 0x00, 0x55, 0x48, 0x89, 0xe5, 0x48, 0x83, 0xec, 0x20,
  0x48, 0x89, 0x7d, 0xf8, 0x48, 0x89, 0x75, 0xf0, 0xc7, 0x45, 0xec, 0xff,
  0xff, 0xff, 0xff, 0x48, 0xc7, 0x45, 0xe0, 0x00, 0x00, 0x00, 0x00, 0x48,
  0x81, 0x7d, 0xe0, 0x00, 0x10, 0x00, 0x00, 0x0f, 0x83, 0x50, 0x00, 0x00,
  0x00, 0x48, 0x8b, 0x45, 0xf8, 0x48, 0x8b, 0x4d, 0xe0, 0x80, 0x7c, 0x08,
  0x0c, 0x00, 0x0f, 0x85, 0x05, 0x00, 0x00, 0x00, 0xe9, 0x38, 0x00, 0x00,
  0x00, 0x48, 0x8b, 0x45, 0xf8, 0x48, 0x8b, 0x4d, 0xe0, 0x0f, 0xbe, 0x44,
  0x08, 0x0c, 0x83, 0xf8, 0x2f, 0x0f, 0x85, 0x07, 0x00, 0x00, 0x00, 0x48,
  0x8b, 0x45, 0xe0, 0x89, 0x45, 0xec, 0xe9, 0x00, 0x00, 0x00, 0x00, 0xe9,
  0x00, 0x00, 0x00, 0x00, 0x48, 0x8b, 0x45, 0xe0, 0x48, 0x83, 0xc0, 0x01,
  0x48, 0x89, 0x45, 0xe0, 0xe9, 0xa2, 0xff, 0xff, 0xff, 0x83, 0x7d, 0xec,
  0x00, 0x0f, 0x8f, 0x15, 0x00, 0x00, 0x00, 0x48, 0x8b, 0x45, 0xf8, 0xc6,
  0x40, 0x0c, 0x2f, 0x48, 0x8b, 0x45, 0xf8, 0xc6, 0x40, 0x0d, 0x00, 0xe9,
  0x1c, 0x00, 0x00, 0x00, 0x83, 0x7d, 0xec, 0x00, 0x0f, 0x8e, 0x0d, 0x00,
  0x00, 0x00, 0x48, 0x8b, 0x45, 0xf8, 0x48, 0x63, 0x4d, 0xec, 0xc6, 0x44,
  0x08, 0x0c, 0x00, 0xe9, 0x00, 0x00, 0x00, 0x00, 0x48, 0x8b, 0x7d, 0xf8,
  0x48, 0x8d, 0x35, 0x3d, 0x68, 0x00, 0x00, 0xb0, 0x00, 0xe8, 0x16, 0xfe,
  0xff, 0xff, 0x48, 0x83, 0xc4, 0x20, 0x5d, 0xc3, 0x55, 0x48, 0x89, 0xe5,
  0x48, 0x81, 0xec, 0x30, 0x10, 0x00, 0x00, 0x48, 0x89, 0x7d, 0xf0, 0x48,
  0x89, 0x75, 0xe8, 0xc7, 0x85, 0xdc, 0xef, 0xff, 0xff, 0x00, 0x00, 0x00,
  0x00, 0x48, 0x8b, 0x45, 0xe8, 0x80, 0x38, 0x00, 0x0f, 0x84, 0x21, 0x00,
  0x00, 0x00, 0x48, 0x8b, 0x7d, 0xe8, 0x48, 0x8d, 0x35, 0x08, 0x61, 0x00,
  0x00, 0xe8, 0x46, 0x46, 0x00, 0x00, 0x48, 0x89, 0x85, 0xd0, 0xef, 0xff,
  0xff, 0x48, 0x83, 0xf8, 0x00, 0x0f, 0x85, 0x1a, 0x00, 0x00, 0x00, 0x48,
  0x8b, 0x7d, 0xf0, 0x48, 0x8d, 0x35, 0xb6, 0x63, 0x00, 0x00, 0xb0, 0x00,
  0xe8, 0xb3, 0xfd, 0xff, 0xff, 0x89, 0x45, 0xfc, 0xe9, 0x74, 0x00, 0x00,
  0x00, 0x48, 0x8b, 0x7d, 0xe8, 0x31, 0xc0, 0x89, 0xc6, 0xba, 0x08, 0x00,
  0x00, 0x00, 0xe8, 0x19, 0x46, 0x00, 0x00, 0x89, 0x85, 0xdc, 0xef, 0xff,
  0xff, 0x48, 0x8b, 0x7d, 0xf0, 0x48, 0x8d, 0xb5, 0xe0, 0xef, 0xff, 0xff,
  0x48, 0x8b, 0x95, 0xd0, 0xef, 0xff, 0xff, 0x48, 0x83, 0xc2, 0x01, 0xe8,
  0x58, 0x00, 0x00, 0x00, 0x48, 0x8d, 0xbd, 0xe0, 0xef, 0xff, 0xff, 0x8b,
  0xb5, 0xdc, 0xef, 0xff, 0xff, 0xe8, 0xf6, 0x45, 0x00, 0x00, 0x83, 0xf8,
  0x00, 0x0f, 0x84, 0x11, 0x00, 0x00, 0x00, 0x48, 0x8b, 0x7d, 0xf0, 0xe8,
  0xe4, 0xfc, 0xff, 0xff, 0x89, 0x45, 0xfc, 0xe9, 0x15, 0x00, 0x00, 0x00,
  0x48, 0x8b, 0x7d, 0xf0, 0x48, 0x8d, 0x35, 0x70, 0x60, 0x00, 0x00, 0xb0,
  0x00, 0xe8, 0x3a, 0xfd, 0xff, 0xff, 0x89, 0x45, 0xfc, 0x8b, 0x45, 0xfc,
  0x48, 0x81, 0xc4, 0x30, 0x10, 0x00, 0x00, 0x5d, 0xc3, 0x66, 0x66, 0x2e,
  0x0f, 0x1f, 0x84, 0x00, 0x00, 0x00, 0x00, 0x00, 0x55, 0x48, 0x89, 0xe5,
  0x48, 0x81, 0xec, 0x20, 0x10, 0x00, 0x00, 0x48, 0x89, 0x7d, 0xf8, 0x48,
  0x89, 0x75, 0xf0, 0x48, 0x89, 0x55, 0xe8, 0x48, 0x8b, 0x45, 0xe8, 0x0f,
  0xbe, 0x00, 0x83, 0xf8, 0x2f, 0x0f, 0x84, 0x40, 0x00, 0x00, 0x00, 0x48,
  0x8d, 0xbd, 0xe0, 0xef, 0xff, 0xff, 0x48, 0x8b, 0x4d, 0xf8, 0x48, 0x83,
  0xc1, 0x0c, 0x4c, 0x8b, 0x45, 0xe8, 0xbe, 0x01, 0x10, 0x00, 0x00, 0x48,
  0x8d, 0x15, 0xad, 0x60, 0x00, 0x00, 0xb0, 0x00, 0xe8, 0x73, 0x45, 0x00,
  0x00, 0x48, 0x8b, 0x7d, 0xf0, 0x48, 0x8d, 0xb5, 0xe0, 0xef, 0xff, 0xff,
  0xba, 0x00, 0x10, 0x00, 0x00, 0xe8, 0xee, 0x44, 0x00, 0x00, 0xe9, 0x12,
  0x00, 0x00, 0x00, 0x48, 0x8b, 0x7d, 0xf0, 0x48, 0x8b, 0x75, 0xe8, 0xba,
  0x00, 0x10, 0x00, 0x00, 0xe8, 0xd7, 0x44, 0x00, 0x00, 0x48, 0x81, 0xc4,
  0x20, 0x10, 0x00, 0x00, 0x5d, 0xc3, 0x66, 0x66, 0x66, 0x66, 0x66, 0x2e,
  0x0f, 0x1f, 0x84, 0x00, 0x00, 0x00, 0x00, 0x00, 0x55, 0x48, 0x89, 0xe5,
  0x48, 0x81, 0xec, 0xa0, 0x10, 0x00, 0x00, 0x48, 0x89, 0x7d, 0xf0, 0x48,
  0x89, 0x75, 0xe8, 0x48, 0x8b, 0x45, 0xe8, 0x80, 0x38, 0x00, 0x0f, 0x85,
  0x1a, 0x00, 0x00, 0x00, 0x48, 0x8b, 0x7d, 0xf0, 0x48, 0x8d, 0x35, 0x0a,
  0x67, 0x00, 0x00, 0xb0, 0x00, 0xe8, 0x5e, 0xfc, 0xff, 0xff, 0x89, 0x45,
  0xfc, 0xe9, 0xa8, 0x00, 0x00, 0x00, 0x48, 0x8b, 0x7d, 0xf0, 0x48, 0x8d,
  0xb5, 0xe0, 0xef, 0xff, 0xff, 0x48, 0x8b, 0x55, 0xe8, 0xe8, 0x22, 0xff,
  0xff, 0xff, 0x48, 0x8d, 0xbd, 0xe0, 0xef, 0xff, 0xff, 0x48, 0x8d, 0xb5,
  0x60, 0xef, 0xff, 0xff, 0xe8, 0xdf, 0x44, 0x00, 0x00, 0x83, 0xf8, 0x00,
  0x0f, 0x84, 0x11, 0x00, 0x00, 0x00, 0x48, 0x8b, 0x7d, 0xf0, 0xe8, 0xad,
  0xfb, 0xff, 0xff, 0x89, 0x45, 0xfc, 0xe9, 0x67, 0x00, 0x00, 0x00, 0x8b,
  0x85, 0x68, 0xef, 0xff, 0xff, 0x25, 0x00, 0xf0, 0x00, 0x00, 0x3d, 0x00,
  0x40, 0x00, 0x00, 0x0f, 0x84, 0x1a, 0x00, 0x00, 0x00, 0x48, 0x8b, 0x7d,
  0xf0, 0x48, 0x8d, 0x35, 0x7a, 0x65, 0x00, 0x00, 0xb0, 0x00, 0xe8, 0xed,
  0xfb, 0xff, 0xff, 0x89, 0x45, 0xfc, 0xe9, 0x37, 0x00, 0x00, 0x00, 0x48,
  0x8b, 0x7d, 0xf0, 0x48, 0x83, 0xc7, 0x0c, 0x48, 0x8d, 0x8d, 0xe0, 0xef,
  0xff, 0xff, 0xbe, 0x00, 0x10, 0x00, 0x00, 0x48, 0x8d, 0x15, 0xc7, 0x62,
  0x00, 0x00, 0xb0, 0x00, 0xe8, 0x63, 0x44, 0x00, 0x00, 0x48, 0x8b, 0x7d,
  0xf0, 0x48, 0x8d, 0x35, 0xd8, 0x65, 0x00, 0x00, 0xb0, 0x00, 0xe8, 0xb1,
  0xfb, 0xff, 0xff, 0x89, 0x45, 0xfc, 0x8b, 0x45, 0xfc, 0x48, 0x81, 0xc4,
  0xa0, 0x10, 0x00, 0x00, 0x5d, 0xc3, 0x66, 0x90, 0x55, 0x48, 0x89, 0xe5,
  0x48, 0x81, 0xec, 0x20, 0x10, 0x00, 0x00, 0x48, 0x89, 0x7d, 0xf0, 0x48,
  0x89, 0x75, 0xe8, 0x48, 0x8b, 0x45, 0xe8, 0x80, 0x38, 0x00, 0x0f, 0x85,
  0x1a, 0x00, 0x00, 0x00, 0x48, 0x8b, 0x7d, 0xf0, 0x48, 0x8d, 0x35, 0x7e,
  0x63, 0x00, 0x00, 0xb0, 0x00, 0xe8, 0x6e, 0xfb, 0xff, 0xff, 0x89, 0x45,
  0xfc, 0xe9, 0x4f, 0x00, 0x00, 0x00, 0x48, 0x8b, 0x7d, 0xf0, 0x48, 0x8d,
  0xb5, 0xe0, 0xef, 0xff, 0xff, 0x48, 0x8b, 0x55, 0xe8, 0xe8, 0x32, 0xfe,
  0xff, 0xff, 0x48, 0x8d, 0xbd, 0xe0, 0xef, 0xff, 0xff, 0xe8, 0x06, 0x44,
  0x00, 0x00, 0x83, 0xf8, 0x00, 0x0f, 0x84, 0x11, 0x00, 0x00, 0x00, 0x48,
  0x8b, 0x7d, 0xf0, 0xe8, 0xc4, 0xfa, 0xff, 0xff, 0x89, 0x45, 0xfc, 0xe9,
  0x15, 0x00, 0x00, 0x00, 0x48, 0x8b, 0x7d, 0xf0, 0x48, 0x8d, 0x35, 0x31,
  0x5e, 0x00, 0x00, 0xb0, 0x00, 0xe8, 0x1a, 0xfb, 0xff, 0xff, 0x89, 0x45,
  0xfc, 0x8b, 0x45, 0xfc, 0x48, 0x81, 0xc4, 0x20, 0x10, 0x00, 0x00, 0x5d,
  0xc3, 0x66, 0x66, 0x2e, 0x0f, 0x1f, 0x84, 0x00, 0x00, 0x00, 0x00, 0x00,
  0x55, 0x48, 0x89, 0xe5, 0x48, 0x81, 0xec, 0x60, 0x12, 0x00, 0x00, 0x48,
  0x89, 0x7d, 0xf0, 0x48, 0x89, 0x75, 0xe8, 0x48, 0x8b, 0x45, 0xf0, 0x48,
  0x83, 0xc0, 0x0c, 0x48, 0x89, 0x85, 0xd0, 0xee, 0xff, 0xff, 0x48, 0x8b,
  0x45, 0xe8, 0x0f, 0xbe, 0x00, 0x83, 0xf8, 0x00, 0x0f, 0x84, 0x1b, 0x00,
  0x00, 0x00, 0x48, 0x8b, 0x45, 0xe8, 0x0f, 0xbe, 0x00, 0x83, 0xf8, 0x2d,
  0x0f, 0x84, 0x0b, 0x00, 0x00, 0x00, 0x48, 0x8b, 0x45, 0xe8, 0x48, 0x89,
  0x85, 0xd0, 0xee, 0xff, 0xff, 0x48, 0x8b, 0xbd, 0xd0, 0xee, 0xff, 0xff,
  0xe8, 0x77, 0x43, 0x00, 0x00, 0x48, 0x89, 0x85, 0xd0, 0xed, 0xff, 0xff,
  0x48, 0x83, 0xf8, 0x00, 0x0f, 0x85, 0x11, 0x00, 0x00, 0x00, 0x48, 0x8b,
  0x7d, 0xf0, 0xe8, 0x1d, 0xfa, 0xff, 0xff, 0x89, 0x45, 0xfc, 0xe9, 0x17,
  0x02, 0x00, 0x00, 0x48, 0x8b, 0x7d, 0xf0, 0xe8, 0x1c, 0x02, 0x00, 0x00,
  0x83, 0xf8, 0x00, 0x0f, 0x84, 0x11, 0x00, 0x00, 0x00, 0x48, 0x8b, 0x7d,
  0xf0, 0xe8, 0xfa, 0xf9, 0xff, 0xff, 0x89, 0x45, 0xfc, 0xe9, 0xf4, 0x01,
  0x00, 0x00, 0x48, 0x8b, 0x7d, 0xf0, 0x48, 0x8d, 0x35, 0xb7, 0x63, 0x00,
  0x00, 0xb0, 0x00, 0xe8, 0x50, 0xfa, 0xff, 0xff, 0x48, 0x8b, 0xbd, 0xd0,
  0xed, 0xff, 0xff, 0xe8, 0x24, 0x43, 0x00, 0x00, 0x48, 0x89, 0x85, 0xd8,
  0xee, 0xff, 0xff, 0x48, 0x83, 0xf8, 0x00, 0x0f, 0x84, 0x4f, 0x01, 0x00,
  0x00, 0x48, 0x8b, 0x85, 0xd0, 0xee, 0xff, 0xff, 0x0f, 0xbe, 0x00, 0x83,
  0xf8, 0x2f, 0x0f, 0x85, 0x31, 0x00, 0x00, 0x00, 0x48, 0x8d, 0xbd, 0xe0,
  0xee, 0xff, 0xff, 0x48, 0x8b, 0x8d, 0xd0, 0xee, 0xff, 0xff, 0x4c, 0x8b,
  0x85, 0xd8, 0xee, 0xff, 0xff, 0x49, 0x83, 0xc0, 0x08, 0xbe, 0x02, 0x11,
  0x00, 0x00, 0x48, 0x8d, 0x15, 0xce, 0x5d, 0x00, 0x00, 0xb0, 0x00, 0xe8,
  0x94, 0x42, 0x00, 0x00, 0xe9, 0x34, 0x00, 0x00, 0x00, 0x48, 0x8d, 0xbd,
  0xe0, 0xee, 0xff, 0xff, 0x48, 0x8b, 0x4d, 0xf0, 0x48, 0x83, 0xc1, 0x0c,
  0x4c, 0x8b, 0x85, 0xd0, 0xee, 0xff, 0xff, 0x4c, 0x8b, 0x8d, 0xd8, 0xee,
  0xff, 0xff, 0x49, 0x83, 0xc1, 0x08, 0xbe, 0x02, 0x11, 0x00, 0x00, 0x48,
  0x8d, 0x15, 0x00, 0x61, 0x00, 0x00, 0xb0, 0x00, 0xe8, 0x5b, 0x42, 0x00,
  0x00, 0x48, 0x8d, 0xbd, 0xe0, 0xee, 0xff, 0xff, 0x48, 0x8d, 0xb5, 0x50,
  0xee, 0xff, 0xff, 0xe8, 0x58, 0x42, 0x00, 0x00, 0x83, 0xf8, 0x00, 0x0f,
  0x84, 0x05, 0x00, 0x00, 0x00, 0xe9, 0x4a, 0xff, 0xff, 0xff, 0x8b, 0xbd,
  0x58, 0xee, 0xff, 0xff, 0x48, 0x8d, 0xb5, 0x10, 0xee, 0xff, 0xff, 0xe8,
  0xc8, 0x01, 0x00, 0x00, 0x48, 0x8d, 0x85, 0x50, 0xee, 0xff, 0xff, 0x48,
  0x89, 0x85, 0xc8, 0xed, 0xff, 0xff, 0x48, 0x8b, 0xbd, 0xc8, 0xed, 0xff,
  0xff, 0x48, 0x83, 0xc7, 0x38, 0x48, 0x8d, 0xb5, 0xd8, 0xed, 0xff, 0xff,
  0xe8, 0x53, 0x42, 0x00, 0x00, 0x48, 0x8d, 0xbd, 0x30, 0xee, 0xff, 0xff,
  0xbe, 0x14, 0x00, 0x00, 0x00, 0x48, 0x8d, 0x15, 0x29, 0x5d, 0x00, 0x00,
  0x48, 0x8d, 0x8d, 0xd8, 0xed, 0xff, 0xff, 0xe8, 0x44, 0x42, 0x00, 0x00,
  0x48, 0x8b, 0x85, 0xc8, 0xed, 0xff, 0xff, 0x48, 0x8b, 0x40, 0x48, 0x48,
  0x89, 0x85, 0xc0, 0xed, 0xff, 0xff, 0x48, 0x8b, 0x7d, 0xf0, 0x48, 0x8d,
  0x95, 0x10, 0xee, 0xff, 0xff, 0x4c, 0x8b, 0x9d, 0xc0, 0xed, 0xff, 0xff,
  0x4c, 0x8d, 0x95, 0x30, 0xee, 0xff, 0xff, 0x48, 0x8b, 0x85, 0xd8, 0xee,
  0xff, 0xff, 0x48, 0x83, 0xc0, 0x08, 0x48, 0x8d, 0x35, 0xa5, 0x62, 0x00,
  0x00, 0x45, 0x31, 0xc9, 0x44, 0x89, 0xc9, 0x45, 0x89, 0xc8, 0x4c, 0x89,
  0x1c, 0x24, 0x4c, 0x89, 0x54, 0x24, 0x08, 0x48, 0x89, 0x44, 0x24, 0x10,
  0xb0, 0x00, 0xe8, 0x09, 0x03, 0x00, 0x00, 0xe9, 0x94, 0xfe, 0xff, 0xff,
  0x48, 0x8b, 0x7d, 0xf0, 0xe8, 0x1b, 0x04, 0x00, 0x00, 0x83, 0xf8, 0x00,
  0x0f, 0x84, 0x29, 0x00, 0x00, 0x00, 0x48, 0x8b, 0x7d, 0xf0, 0xe8, 0x59,
  0xf8, 0xff, 0xff, 0x89, 0x85, 0xbc, 0xed, 0xff, 0xff, 0x48, 0x8b, 0xbd,
  0xd0, 0xed, 0xff, 0xff, 0xe8, 0xc7, 0x41, 0x00, 0x00, 0x8b, 0x85, 0xbc,
  0xed, 0xff, 0xff, 0x89, 0x45, 0xfc, 0xe9, 0x3b, 0x00, 0x00, 0x00, 0x48,
  0x8b, 0xbd, 0xd0, 0xed, 0xff, 0xff, 0xe8, 0xad, 0x41, 0x00, 0x00, 0x83,
  0xf8, 0x00, 0x0f, 0x84, 0x11, 0x00, 0x00, 0x00, 0x48, 0x8b, 0x7d, 0xf0,
  0xe8, 0x1b, 0xf8, 0xff, 0xff, 0x89, 0x45, 0xfc, 0xe9, 0x15, 0x00, 0x00,
  0x00, 0x48, 0x8b, 0x7d, 0xf0, 0x48, 0x8d, 0x35, 0xa1, 0x62, 0x00, 0x00,
  0xb0, 0x00, 0xe8, 0x71, 0xf8, 0xff, 0xff, 0x89, 0x45, 0xfc, 0x8b, 0x45,
  0xfc, 0x48, 0x81, 0xc4, 0x60, 0x12, 0x00, 0x00, 0x5d, 0xc3, 0x66, 0x90,
  0x55, 0x48, 0x89, 0xe5, 0x48, 0x83, 0xec, 0x30, 0x48, 0x89, 0x7d, 0xf0,
  0x48, 0x8b, 0x45, 0xf0, 0x66, 0x83, 0xb8, 0x1a, 0x20, 0x00, 0x00, 0x00,
  0x0f, 0x84, 0x35, 0x00, 0x00, 0x00, 0x48, 0x8b, 0x45, 0xf0, 0x8b, 0x38,
  0x48, 0x8b, 0x75, 0xf0, 0x48, 0x81, 0xc6, 0x18, 0x20, 0x00, 0x00, 0xba,
  0x10, 0x00, 0x00, 0x00, 0xe8, 0x47, 0x41, 0x00, 0x00, 0x83, 0xf8, 0x00,
  0x0f, 0x84, 0x0c, 0x00, 0x00, 0x00, 0xc7, 0x45, 0xfc, 0xff, 0xff, 0xff,
  0xff, 0xe9, 0x40, 0x00, 0x00, 0x00, 0xe9, 0x34, 0x00, 0x00, 0x00, 0x48,
  0x8b, 0x45, 0xf0, 0x8b, 0x78, 0x08, 0x48, 0x8d, 0x75, 0xe0, 0x48, 0x8d,
  0x55, 0xdc, 0xe8, 0x29, 0x41, 0x00, 0x00, 0x48, 0x8b, 0x4d, 0xf0, 0x89,
  0x01, 0x83, 0xf8, 0x00, 0x0f, 0x8d, 0x0c, 0x00, 0x00, 0x00, 0xc7, 0x45,
  0xfc, 0xff, 0xff, 0xff, 0xff, 0xe9, 0x0c, 0x00, 0x00, 0x00, 0xe9, 0x00,
  0x00, 0x00, 0x00, 0xc7, 0x45, 0xfc, 0x00, 0x00, 0x00, 0x00, 0x8b, 0x45,
  0xfc, 0x48, 0x83, 0xc4, 0x30, 0x5d, 0xc3, 0x66, 0x0f, 0x1f, 0x84, 0x00,
  0x00, 0x00, 0x00, 0x00, 0x55, 0x48, 0x89, 0xe5, 0x89, 0x7d, 0xfc, 0x48,
  0x89, 0x75, 0xf0, 0x48, 0x8b, 0x45, 0xf0, 0xc6, 0x40, 0x0a, 0x00, 0xc7,
  0x45, 0xe8, 0x00, 0x00, 0x00, 0x00, 0x83, 0x7d, 0xe8, 0x09, 0x0f, 0x8d,
  0xe8, 0x00, 0x00, 0x00, 0x8b, 0x45, 0xfc, 0x8b, 0x4d, 0xe8, 0xba, 0x01,
  0x00, 0x00, 0x00, 0xd3, 0xe2, 0x89, 0xd1, 0x21, 0xc8, 0x89, 0x45, 0xe4,
  0x8b, 0x45, 0xe8, 0xb9, 0x03, 0x00, 0x00, 0x00, 0x99, 0xf7, 0xf9, 0x88,
  0xd0, 0x88, 0x45, 0xef, 0x80, 0x7d, 0xef, 0x00, 0x0f, 0x85, 0x60, 0x00,
  0x00, 0x00, 0x8b, 0x45, 0xfc, 0x89, 0x45, 0xe0, 0x8b, 0x45, 0xe8, 0xb9,
  0x03, 0x00, 0x00, 0x00, 0x99, 0xf7, 0xf9, 0x89, 0xc1, 0x8b, 0x45, 0xe0,
  0x88, 0x4d, 0xee, 0x0f, 0xbe, 0xc9, 0x83, 0xc1, 0x09, 0xba, 0x01, 0x00,
  0x00, 0x00, 0xd3, 0xe2, 0x89, 0xd1, 0x21, 0xc8, 0x83, 0xf8, 0x00, 0x0f,
  0x84, 0x2d, 0x00, 0x00, 0x00, 0x0f, 0xbe, 0x45, 0xee, 0x48, 0x63, 0xc8,
  0x48, 0x8d, 0x05, 0x13, 0x5f, 0x00, 0x00, 0x8a, 0x04, 0x08, 0x88, 0x45,
  0xef, 0x83, 0x7d, 0xe4, 0x00, 0x0f, 0x85, 0x0a, 0x00, 0x00, 0x00, 0x0f,
  0xbe, 0x45, 0xef, 0x83, 0xe0, 0xdf, 0x88, 0x45, 0xef, 0xe9, 0x37, 0x00,
  0x00, 0x00, 0x83, 0x7d, 0xe4, 0x00, 0x0f, 0x84, 0x1a, 0x00, 0x00, 0x00,
  0x0f, 0xbe, 0x45, 0xef, 0x48, 0x63, 0xc8, 0x48, 0x8d, 0x05, 0x9e, 0x5b,
  0x00, 0x00, 0x0f, 0xbe, 0x04, 0x08, 0x89, 0x45, 0xdc, 0xe9, 0x0d, 0x00,
  0x00, 0x00, 0xb8, 0x2d, 0x00, 0x00, 0x00, 0x89, 0x45, 0xdc, 0xe9, 0x00,
  0x00, 0x00, 0x00, 0x8b, 0x45, 0xdc, 0x88, 0x45, 0xef, 0x8a, 0x55, 0xef,
  0x48, 0x8b, 0x45, 0xf0, 0xb9, 0x09, 0x00, 0x00, 0x00, 0x2b, 0x4d, 0xe8,
  0x48, 0x63, 0xc9, 0x88, 0x14, 0x08, 0x8b, 0x45, 0xe8, 0x83, 0xc0, 0x01,
  0x89, 0x45, 0xe8, 0xe9, 0x0e, 0xff, 0xff, 0xff, 0x8b, 0x45, 0xfc, 0x25,
  0x00, 0xf0, 0x00, 0x00, 0x3d, 0x00, 0x40, 0x00, 0x00, 0x0f, 0x85, 0x09,
  0x00, 0x00, 0x00, 0xc6, 0x45, 0xef, 0x64, 0xe9, 0xa9, 0x00, 0x00, 0x00,
  0x8b, 0x45, 0xfc, 0x25, 0x00, 0xf0, 0x00, 0x00, 0x3d, 0x00, 0x60, 0x00,
  0x00, 0x0f, 0x85, 0x09, 0x00, 0x00, 0x00, 0xc6, 0x45, 0xef, 0x62, 0xe9,
  0x88, 0x00, 0x00, 0x00, 0x8b, 0x45, 0xfc, 0x25, 0x00, 0xf0, 0x00, 0x00,
  0x3d, 0x00, 0x20, 0x00, 0x00, 0x0f, 0x85, 0x09, 0x00, 0x00, 0x00, 0xc6,
  0x45, 0xef, 0x63, 0xe9, 0x67, 0x00, 0x00, 0x00, 0x8b, 0x45, 0xfc, 0x25,
  0x00, 0xf0, 0x00, 0x00, 0x3d, 0x00, 0xa0, 0x00, 0x00, 0x0f, 0x85, 0x09,
  0x00, 0x00, 0x00, 0xc6, 0x45, 0xef, 0x6c, 0xe9, 0x46, 0x00, 0x00, 0x00,
  0x8b, 0x45, 0xfc, 0x25, 0x00, 0xf0, 0x00, 0x00, 0x3d, 0x00, 0x10, 0x00,
  0x00, 0x0f, 0x85, 0x09, 0x00, 0x00, 0x00, 0xc6, 0x45, 0xef, 0x70, 0xe9,
  0x25, 0x00, 0x00, 0x00, 0x8b, 0x45, 0xfc, 0x25, 0x00, 0xf0, 0x00, 0x00,
  0x3d, 0x00, 0xc0, 0x00, 0x00, 0x0f, 0x85, 0x09, 0x00, 0x00, 0x00, 0xc6,
  0x45, 0xef, 0x73, 0xe9, 0x04, 0x00, 0x00, 0x00, 0xc6, 0x45, 0xef, 0x2d,
  0xe9, 0x00, 0x00, 0x00, 0x00, 0xe9, 0x00, 0x00, 0x00, 0x00, 0xe9, 0x00,
  0x00, 0x00, 0x00, 0xe9, 0x00, 0x00, 0x00, 0x00, 0xe9, 0x00, 0x00, 0x00,
  0x00, 0x8a, 0x4d, 0xef, 0x48, 0x8b, 0x45, 0xf0, 0x88, 0x08, 0x5d, 0xc3,
  0x0f, 0x1f, 0x40, 0x00, 0x55, 0x48, 0x89, 0xe5, 0x48, 0x81, 0xec, 0xf0,
  0x10, 0x00, 0x00, 0x84, 0xc0, 0x0f, 0x84, 0x38, 0x00, 0x00, 0x00, 0x0f,
  0x29, 0x85, 0x40, 0xef, 0xff, 0xff, 0x0f, 0x29, 0x8d, 0x50, 0xef, 0xff,
  0xff, 0x0f, 0x29, 0x95, 0x60, 0xef, 0xff, 0xff, 0x0f, 0x29, 0x9d, 0x70,
  0xef, 0xff, 0xff, 0x0f, 0x29, 0xa5, 0x80, 0xef, 0xff, 0xff, 0x0f, 0x29,
  0xad, 0x90, 0xef, 0xff, 0xff, 0x0f, 0x29, 0xb5, 0xa0, 0xef, 0xff, 0xff,
  0x0f, 0x29, 0xbd, 0xb0, 0xef, 0xff, 0xff, 0x4c, 0x89, 0x8d, 0x38, 0xef,
  0xff, 0xff, 0x4c, 0x89, 0x85, 0x30, 0xef, 0xff, 0xff, 0x48, 0x89, 0x8d,
  0x28, 0xef, 0xff, 0xff, 0x48, 0x89, 0x95, 0x20, 0xef, 0xff, 0xff, 0x48,
  0x89, 0x7d, 0xf0, 0x48, 0x89, 0x75, 0xe8, 0x48, 0xc7, 0x85, 0xd8, 0xef,
  0xff, 0xff, 0x00, 0x00, 0x00, 0x00, 0x48, 0x8d, 0x85, 0xc0, 0xef, 0xff,
  0xff, 0x48, 0x8d, 0x8d, 0x10, 0xef, 0xff, 0xff, 0x48, 0x89, 0x48, 0x10,
  0x48, 0x8d, 0x4d, 0x10, 0x48, 0x89, 0x48, 0x08, 0xc7, 0x40, 0x04, 0x30,
  0x00, 0x00, 0x00, 0xc7, 0x00, 0x10, 0x00, 0x00, 0x00, 0x48, 0x8d, 0xbd,
  0xe0, 0xef, 0xff, 0xff, 0x48, 0x8b, 0x55, 0xe8, 0x48, 0x8d, 0x8d, 0xc0,
  0xef, 0xff, 0xff, 0xbe, 0x00, 0x10, 0x00, 0x00, 0xe8, 0x63, 0x3d, 0x00,
  0x00, 0x48, 0x8d, 0x85, 0xc0, 0xef, 0xff, 0xff, 0x48, 0x8d, 0xbd, 0xe0,
  0xef, 0xff, 0xff, 0xe8, 0x60, 0x3d, 0x00, 0x00, 0x48, 0x89, 0x85, 0xd8,
  0xef, 0xff, 0xff, 0x48, 0x8b, 0x45, 0xf0, 0x8b, 0x38, 0x48, 0x8d, 0xb5,
  0xe0, 0xef, 0xff, 0xff, 0x48, 0x8b, 0x95, 0xd8, 0xef, 0xff, 0xff, 0xe8,
  0x50, 0x3d, 0x00, 0x00, 0x48, 0x3b, 0x85, 0xd8, 0xef, 0xff, 0xff, 0x0f,
  0x84, 0x0c, 0x00, 0x00, 0x00, 0xc7, 0x45, 0xfc, 0xff, 0xff, 0xff, 0xff,
  0xe9, 0x07, 0x00, 0x00, 0x00, 0xc7, 0x45, 0xfc, 0x00, 0x00, 0x00, 0x00,
  0x8b, 0x45, 0xfc, 0x48, 0x81, 0xc4, 0xf0, 0x10, 0x00, 0x00, 0x5d, 0xc3,
  0x0f, 0x1f, 0x40, 0x00, 0x55, 0x48, 0x89, 0xe5, 0x48, 0x83, 0xec, 0x10,
  0x48, 0x89, 0x7d, 0xf0, 0x48, 0x8b, 0x45, 0xf0, 0x8b, 0x38, 0xe8, 0x59,
  0x3c, 0x00, 0x00, 0x83, 0xf8, 0x00, 0x0f, 0x85, 0x0c, 0x00, 0x00, 0x00,
  0xc7, 0x45, 0xfc, 0x00, 0x00, 0x00, 0x00, 0xe9, 0x07, 0x00, 0x00, 0x00,
  0xc7, 0x45, 0xfc, 0xff, 0xff, 0xff, 0xff, 0x8b, 0x45, 0xfc, 0x48, 0x83,
  0xc4, 0x10, 0x5d, 0xc3, 0x0f, 0x1f, 0x40, 0x00, 0x55, 0x48, 0x89, 0xe5,
  0x48, 0x81, 0xec, 0x20, 0x10, 0x00, 0x00, 0x48, 0x89, 0x7d, 0xf0, 0x48,
  0x89, 0x75, 0xe8, 0x48, 0x8b, 0x45, 0xe8, 0x80, 0x38, 0x00, 0x0f, 0x85,
  0x1a, 0x00, 0x00, 0x00, 0x48, 0x8b, 0x7d, 0xf0, 0x48, 0x8d, 0x35, 0xc5,
  0x58, 0x00, 0x00, 0xb0, 0x00, 0xe8, 0x4e, 0xf4, 0xff, 0xff, 0x89, 0x45,
  0xfc, 0xe9, 0x54, 0x00, 0x00, 0x00, 0x48, 0x8b, 0x7d, 0xf0, 0x48, 0x8d,
  0xb5, 0xe0, 0xef, 0xff, 0xff, 0x48, 0x8b, 0x55, 0xe8, 0xe8, 0x12, 0xf7,
  0xff, 0xff, 0x48, 0x8d, 0xbd, 0xe0, 0xef, 0xff, 0xff, 0xbe, 0xff, 0x01,
  0x00, 0x00, 0xe8, 0x61, 0x3d, 0x00, 0x00, 0x83, 0xf8, 0x00, 0x0f, 0x84,
  0x11, 0x00, 0x00, 0x00, 0x48, 0x8b, 0x7d, 0xf0, 0xe8, 0x9f, 0xf3, 0xff,
  0xff, 0x89, 0x45, 0xfc, 0xe9, 0x15, 0x00, 0x00, 0x00, 0x48, 0x8b, 0x7d,
  0xf0, 0x48, 0x8d, 0x35, 0x34, 0x57, 0x00, 0x00, 0xb0, 0x00, 0xe8, 0xf5,
  0xf3, 0xff, 0xff, 0x89, 0x45, 0xfc, 0x8b, 0x45, 0xfc, 0x48, 0x81, 0xc4,
  0x20, 0x10, 0x00, 0x00, 0x5d, 0xc3, 0x66, 0x0f, 0x1f, 0x44, 0x00, 0x00,
  0x55, 0x48, 0x89, 0xe5, 0x48, 0x83, 0xec, 0x10, 0x48, 0x89, 0x7d, 0xf8,
  0x48, 0x89, 0x75, 0xf0, 0x48, 0x8b, 0x7d, 0xf8, 0x48, 0x8d, 0x35, 0xc5,
  0x5a, 0x00, 0x00, 0xb0, 0x00, 0xe8, 0xbe, 0xf3, 0xff, 0xff, 0x48, 0x83,
  0xc4, 0x10, 0x5d, 0xc3, 0x0f, 0x1f, 0x84, 0x00, 0x00, 0x00, 0x00, 0x00,
  0x55, 0x48, 0x89, 0xe5, 0x48, 0x83, 0xec, 0x40, 0x48, 0x89, 0x7d, 0xf0,
  0x48, 0x89, 0x75, 0xe8, 0x48, 0x8b, 0x7d, 0xe8, 0x48, 0x8d, 0x55, 0xe2,
  0x48, 0x8d, 0x4d, 0xe2, 0x48, 0x83, 0xc1, 0x01, 0x4c, 0x8d, 0x45, 0xe2,
  0x49, 0x83, 0xc0, 0x02, 0x4c, 0x8d, 0x4d, 0xe2, 0x49, 0x83, 0xc1, 0x03,
  0x4c, 0x8d, 0x55, 0xe2, 0x49, 0x83, 0xc2, 0x04, 0x48, 0x8d, 0x45, 0xe2,
  0x48, 0x83, 0xc0, 0x05, 0x48, 0x8d, 0x35, 0x4e, 0x57, 0x00, 0x00, 0x4c,
  0x89, 0x14, 0x24, 0x48, 0x89, 0x44, 0x24, 0x08, 0xb0, 0x00, 0xe8, 0xa9,
  0x3c, 0x00, 0x00, 0x83, 0xf8, 0x06, 0x0f, 0x84, 0x1a, 0x00, 0x00, 0x00,
  0x48, 0x8b, 0x7d, 0xf0, 0x48, 0x8d, 0x35, 0xce, 0x58, 0x00, 0x00, 0xb0,
  0x00, 0xe8, 0x3e, 0xf3, 0xff, 0xff, 0x89, 0x45, 0xfc, 0xe9, 0xa6, 0x00,
  0x00, 0x00, 0xbf, 0x02, 0x00, 0x00, 0x00, 0xbe, 0x01, 0x00, 0x00, 0x00,
  0x31, 0xd2, 0xe8, 0xe5, 0x3a, 0x00, 0x00, 0x48, 0x8b, 0x4d, 0xf0, 0x89,
  0x01, 0x83, 0xf8, 0x00, 0x0f, 0x8d, 0x11, 0x00, 0x00, 0x00, 0x48, 0x8b,
  0x7d, 0xf0, 0xe8, 0x9d, 0xf2, 0xff, 0xff, 0x89, 0x45, 0xfc, 0xe9, 0x75,
  0x00, 0x00, 0x00, 0x0f, 0xb6, 0x45, 0xe5, 0xc1, 0xe0, 0x18, 0x0f, 0xb6,
  0x4d, 0xe4, 0xc1, 0xe1, 0x10, 0x09, 0xc8, 0x0f, 0xb6, 0x4d, 0xe3, 0xc1,
  0xe1, 0x08, 0x09, 0xc8, 0x0f, 0xb6, 0x4d, 0xe2, 0x09, 0xc8, 0x48, 0x98,
  0x48, 0x89, 0x45, 0xd8, 0x0f, 0xb6, 0x45, 0xe7, 0xc1, 0xe0, 0x08, 0x0f,
  0xb6, 0x4d, 0xe6, 0x09, 0xc8, 0x66, 0x89, 0x45, 0xd6, 0x48, 0x8b, 0x45,
  0xf0, 0xc6, 0x80, 0x19, 0x20, 0x00, 0x00, 0x02, 0x48, 0x8b, 0x45, 0xd8,
  0x89, 0xc1, 0x48, 0x8b, 0x45, 0xf0, 0x89, 0x88, 0x1c, 0x20, 0x00, 0x00,
  0x66, 0x8b, 0x4d, 0xd6, 0x48, 0x8b, 0x45, 0xf0, 0x66, 0x89, 0x88, 0x1a,
  0x20, 0x00, 0x00, 0x48, 0x8b, 0x7d, 0xf0, 0x48, 0x8d, 0x35, 0x57, 0x5d,
  0x00, 0x00, 0xb0, 0x00, 0xe8, 0x93, 0xf2, 0xff, 0xff, 0x89, 0x45, 0xfc,
  0x8b, 0x45, 0xfc, 0x48, 0x83, 0xc4, 0x40, 0x5d, 0xc3, 0x0f, 0x1f, 0x80,
  0x00, 0x00, 0x00, 0x00, 0x55, 0x48, 0x89, 0xe5, 0x48, 0x83, 0xec, 0x10,
  0x48, 0x89, 0x7d, 0xf8, 0x48, 0x89, 0x75, 0xf0, 0x48, 0x8b, 0x7d, 0xf8,
  0x48, 0x8b, 0x55, 0xf8, 0x48, 0x83, 0xc2, 0x0c, 0x48, 0x8d, 0x35, 0x1b,
  0x5a, 0x00, 0x00, 0xb0, 0x00, 0xe8, 0x56, 0xf2, 0xff, 0xff, 0x48, 0x83,
  0xc4, 0x10, 0x5d, 0xc3, 0x55, 0x48, 0x89, 0xe5, 0x48, 0x83, 0xec, 0x10,
  0x48, 0x89, 0x7d, 0xf8, 0x48, 0x89, 0x75, 0xf0, 0x48, 0x8b, 0x7d, 0xf8,
  0x48, 0x8d, 0x35, 0x38, 0x56, 0x00, 0x00, 0xb0, 0x00, 0xe8, 0x2e, 0xf2,
  0xff, 0xff, 0xb8, 0xff, 0xff, 0xff, 0xff, 0x48, 0x83, 0xc4, 0x10, 0x5d,
  0xc3, 0x0f, 0x1f, 0x00, 0x55, 0x48, 0x89, 0xe5, 0x48, 0x83, 0xec, 0x20,
  0x48, 0x89, 0x7d, 0xf0, 0x48, 0x89, 0x75, 0xe8, 0x48, 0x8b, 0x45, 0xe8,
  0x80, 0x38, 0x00, 0x0f, 0x85, 0x1a, 0x00, 0x00, 0x00, 0x48, 0x8b, 0x7d,
  0xf0, 0x48, 0x8d, 0x35, 0x91, 0x5a, 0x00, 0x00, 0xb0, 0x00, 0xe8, 0xf1,
  0xf1, 0xff, 0xff, 0x89, 0x45, 0xfc, 0xe9, 0x2c, 0x00, 0x00, 0x00, 0x48,
  0x8b, 0x7d, 0xe8, 0xe8, 0x40, 0x3b, 0x00, 0x00, 0x48, 0x89, 0xc1, 0x48,
  0x8b, 0x45, 0xf0, 0x48, 0x89, 0x88, 0x10, 0x10, 0x00, 0x00, 0x48, 0x8b,
  0x7d, 0xf0, 0x48, 0x8d, 0x35, 0x0f, 0x59, 0x00, 0x00, 0xb0, 0x00, 0xe8,
  0xc0, 0xf1, 0xff, 0xff, 0x89, 0x45, 0xfc, 0x8b, 0x45, 0xfc, 0x48, 0x83,
  0xc4, 0x20, 0x5d, 0xc3, 0x0f, 0x1f, 0x40, 0x00, 0x55, 0x48, 0x89, 0xe5,
  0x48, 0x81, 0xec, 0xc0, 0x50, 0x00, 0x00, 0x48, 0x89, 0x7d, 0xf0, 0x48,
  0x89, 0x75, 0xe8, 0xc7, 0x85, 0x5c, 0xaf, 0xff, 0xff, 0x00, 0x00, 0x00,
  0x00, 0x48, 0x8b, 0x45, 0xe8, 0x80, 0x38, 0x00, 0x0f, 0x85, 0x1a, 0x00,
  0x00, 0x00, 0x48, 0x8b, 0x7d, 0xf0, 0x48, 0x8d, 0x35, 0x57, 0x5c, 0x00,
  0x00, 0xb0, 0x00, 0xe8, 0x74, 0xf1, 0xff, 0xff, 0x89, 0x45, 0xfc, 0xe9,
  0x20, 0x02, 0x00, 0x00, 0x48, 0x8b, 0x7d, 0xf0, 0x48, 0x8d, 0xb5, 0xe0,
  0xef, 0xff, 0xff, 0x48, 0x8b, 0x55, 0xe8, 0xe8, 0x38, 0xf4, 0xff, 0xff,
  0x48, 0x8d, 0xbd, 0xe0, 0xef, 0xff, 0xff, 0x48, 0x8d, 0xb5, 0x60, 0xaf,
  0xff, 0xff, 0xe8, 0xf5, 0x39, 0x00, 0x00, 0x83, 0xf8, 0x00, 0x0f, 0x84,
  0x11, 0x00, 0x00, 0x00, 0x48, 0x8b, 0x7d, 0xf0, 0xe8, 0xc3, 0xf0, 0xff,
  0xff, 0x89, 0x45, 0xfc, 0xe9, 0xdf, 0x01, 0x00, 0x00, 0x8b, 0x85, 0x68,
  0xaf, 0xff, 0xff, 0x25, 0x00, 0xf0, 0x00, 0x00, 0x3d, 0x00, 0x40, 0x00,
  0x00, 0x0f, 0x85, 0x1a, 0x00, 0x00, 0x00, 0x48, 0x8b, 0x7d, 0xf0, 0x48,
  0x8d, 0x35, 0x18, 0x58, 0x00, 0x00, 0xb0, 0x00, 0xe8, 0x03, 0xf1, 0xff,
  0xff, 0x89, 0x45, 0xfc, 0xe9, 0xaf, 0x01, 0x00, 0x00, 0x48, 0x8d, 0xbd,
  0xe0, 0xef, 0xff, 0xff, 0x31, 0xd2, 0x89, 0xd6, 0xb0, 0x00, 0xe8, 0x59,
  0x3a, 0x00, 0x00, 0x89, 0x85, 0x54, 0xaf, 0xff, 0xff, 0x83, 0xf8, 0x00,
  0x0f, 0x8d, 0x37, 0x00, 0x00, 0x00, 0x48, 0x8b, 0x45, 0xf0, 0x48, 0x89,
  0x85, 0x48, 0xaf, 0xff, 0xff, 0xe8, 0xc6, 0x37, 0x00, 0x00, 0x8b, 0x38,
  0xe8, 0x43, 0x3a, 0x00, 0x00, 0x48, 0x8b, 0xbd, 0x48, 0xaf, 0xff, 0xff,
  0x48, 0x89, 0xc2, 0x48, 0x8d, 0x35, 0xc3, 0x54, 0x00, 0x00, 0xb0, 0x00,
  0xe8, 0xab, 0xf0, 0xff, 0xff, 0x89, 0x45, 0xfc, 0xe9, 0x57, 0x01, 0x00,
  0x00, 0x48, 0x8b, 0x7d, 0xf0, 0x48, 0x8d, 0x35, 0xf8, 0x59, 0x00, 0x00,
  0xb0, 0x00, 0xe8, 0x91, 0xf0, 0xff, 0xff, 0x83, 0xf8, 0x00, 0x0f, 0x84,
  0x17, 0x00, 0x00, 0x00, 0x8b, 0xbd, 0x54, 0xaf, 0xff, 0xff, 0xe8, 0x2d,
  0x38, 0x00, 0x00, 0xc7, 0x45, 0xfc, 0xff, 0xff, 0xff, 0xff, 0xe9, 0x25,
  0x01, 0x00, 0x00, 0x48, 0x8b, 0x7d, 0xf0, 0xe8, 0x08, 0xf8, 0xff, 0xff,
  0x83, 0xf8, 0x00, 0x0f, 0x84, 0x28, 0x00, 0x00, 0x00, 0x48, 0x8b, 0x7d,
  0xf0, 0xe8, 0xe6, 0xef, 0xff, 0xff, 0x89, 0x85, 0x5c, 0xaf, 0xff, 0xff,
  0x8b, 0xbd, 0x54, 0xaf, 0xff, 0xff, 0xe8, 0xf5, 0x37, 0x00, 0x00, 0x8b,
  0x85, 0x5c, 0xaf, 0xff, 0xff, 0x89, 0x45, 0xfc, 0xe9, 0xeb, 0x00, 0x00,
  0x00, 0xe9, 0x00, 0x00, 0x00, 0x00, 0x8b, 0xbd, 0x54, 0xaf, 0xff, 0xff,
  0x48, 0x8d, 0xb5, 0xe0, 0xaf, 0xff, 0xff, 0xba, 0x00, 0x40, 0x00, 0x00,
  0xe8, 0xab, 0x39, 0x00, 0x00, 0x89, 0x85, 0x58, 0xaf, 0xff, 0xff, 0x83,
  0xf8, 0x00, 0x0f, 0x84, 0x7d, 0x00, 0x00, 0x00, 0x83, 0xbd, 0x58, 0xaf,
  0xff, 0xff, 0x00, 0x0f, 0x8c, 0x3a, 0x00, 0x00, 0x00, 0x48, 0x63, 0x85,
  0x58, 0xaf, 0xff, 0xff, 0x48, 0x89, 0x85, 0x40, 0xaf, 0xff, 0xff, 0x48,
  0x8b, 0x45, 0xf0, 0x8b, 0x38, 0x48, 0x8d, 0xb5, 0xe0, 0xaf, 0xff, 0xff,
  0x48, 0x63, 0x95, 0x58, 0xaf, 0xff, 0xff, 0xe8, 0x38, 0x38, 0x00, 0x00,
  0x48, 0x89, 0xc1, 0x48, 0x8b, 0x85, 0x40, 0xaf, 0xff, 0xff, 0x48, 0x39,
  0xc8, 0x0f, 0x84, 0x31, 0x00, 0x00, 0x00, 0x48, 0x8b, 0x7d, 0xf0, 0xe8,
  0x4c, 0xef, 0xff, 0xff, 0x89, 0x85, 0x5c, 0xaf, 0xff, 0xff, 0x48, 0x8b,
  0x7d, 0xf0, 0xe8, 0xed, 0xfa, 0xff, 0xff, 0x8b, 0xbd, 0x54, 0xaf, 0xff,
  0xff, 0xe8, 0x52, 0x37, 0x00, 0x00, 0x8b, 0x85, 0x5c, 0xaf, 0xff, 0xff,
  0x89, 0x45, 0xfc, 0xe9, 0x48, 0x00, 0x00, 0x00, 0xe9, 0x5d, 0xff, 0xff,
  0xff, 0x8b, 0xbd, 0x54, 0xaf, 0xff, 0xff, 0xe8, 0x34, 0x37, 0x00, 0x00,
  0x48, 0x8b, 0x7d, 0xf0, 0xe8, 0xbb, 0xfa, 0xff, 0xff, 0x83, 0xf8, 0x00,
  0x0f, 0x84, 0x11, 0x00, 0x00, 0x00, 0x48, 0x8b, 0x7d, 0xf0, 0xe8, 0xf9,
  0xee, 0xff, 0xff, 0x89, 0x45, 0xfc, 0xe9, 0x15, 0x00, 0x00, 0x00, 0x48,
  0x8b, 0x7d, 0xf0, 0x48, 0x8d, 0x35, 0xde, 0x52, 0x00, 0x00, 0xb0, 0x00,
  0xe8, 0x4f, 0xef, 0xff, 0xff, 0x89, 0x45, 0xfc, 0x8b, 0x45, 0xfc, 0x48,
  0x81, 0xc4, 0xc0, 0x50, 0x00, 0x00, 0x5d, 0xc3, 0x55, 0x48, 0x89, 0xe5,
  0x48, 0x81, 0xec, 0x20, 0x10, 0x00, 0x00, 0x48, 0x89, 0x7d, 0xf0, 0x48,
  0x89, 0x75, 0xe8, 0x48, 0x8b, 0x45, 0xe8, 0x80, 0x38, 0x00, 0x0f, 0x85,
  0x1a, 0x00, 0x00, 0x00, 0x48, 0x8b, 0x7d, 0xf0, 0x48, 0x8d, 0x35, 0xb7,
  0x54, 0x00, 0x00, 0xb0, 0x00, 0xe8, 0x0e, 0xef, 0xff, 0xff, 0x89, 0x45,
  0xfc, 0xe9, 0x4f, 0x00, 0x00, 0x00, 0x48, 0x8b, 0x7d, 0xf0, 0x48, 0x8d,
  0xb5, 0xe0, 0xef, 0xff, 0xff, 0x48, 0x8b, 0x55, 0xe8, 0xe8, 0xd2, 0xf1,
  0xff, 0xff, 0x48, 0x8d, 0xbd, 0xe0, 0xef, 0xff, 0xff, 0xe8, 0x86, 0x38,
  0x00, 0x00, 0x83, 0xf8, 0x00, 0x0f, 0x84, 0x11, 0x00, 0x00, 0x00, 0x48,
  0x8b, 0x7d, 0xf0, 0xe8, 0x64, 0xee, 0xff, 0xff, 0x89, 0x45, 0xfc, 0xe9,
  0x15, 0x00, 0x00, 0x00, 0x48, 0x8b, 0x7d, 0xf0, 0x48, 0x8d, 0x35, 0x4e,
  0x56, 0x00, 0x00, 0xb0, 0x00, 0xe8, 0xba, 0xee, 0xff, 0xff, 0x89, 0x45,
  0xfc, 0x8b, 0x45, 0xfc, 0x48, 0x81, 0xc4, 0x20, 0x10, 0x00, 0x00, 0x5d,
  0xc3, 0x66, 0x66, 0x2e, 0x0f, 0x1f, 0x84, 0x00, 0x00, 0x00, 0x00, 0x00,
  0x55, 0x48, 0x89, 0xe5, 0x48, 0x81, 0xec, 0xa0, 0x00, 0x00, 0x00, 0x48,
  0x89, 0x7d, 0xf0, 0x48, 0x89, 0x75, 0xe8, 0x48, 0x8b, 0x45, 0xe8, 0x80,
  0x38, 0x00, 0x0f, 0x85, 0x1a, 0x00, 0x00, 0x00, 0x48, 0x8b, 0x7d, 0xf0,
  0x48, 0x8d, 0x35, 0xe6, 0x54, 0x00, 0x00, 0xb0, 0x00, 0xe8, 0x6e, 0xee,
  0xff, 0xff, 0x89, 0x45, 0xfc, 0xe9, 0x5e, 0x00, 0x00, 0x00, 0x48, 0x8b,
  0x7d, 0xf0, 0x48, 0x8b, 0x75, 0xf0, 0x48, 0x81, 0xc6, 0x18, 0x10, 0x00,
  0x00, 0x48, 0x8b, 0x55, 0xe8, 0xe8, 0x2e, 0xf1, 0xff, 0xff, 0x48, 0x8b,
  0x7d, 0xf0, 0x48, 0x81, 0xc7, 0x18, 0x10, 0x00, 0x00, 0x48, 0x8d, 0xb5,
  0x68, 0xff, 0xff, 0xff, 0xe8, 0xe7, 0x36, 0x00, 0x00, 0x83, 0xf8, 0x00,
  0x0f, 0x84, 0x11, 0x00, 0x00, 0x00, 0x48, 0x8b, 0x7d, 0xf0, 0xe8, 0xb5,
  0xed, 0xff, 0xff, 0x89, 0x45, 0xfc, 0xe9, 0x15, 0x00, 0x00, 0x00, 0x48,
  0x8b, 0x7d, 0xf0, 0x48, 0x8d, 0x35, 0x71, 0x58, 0x00, 0x00, 0xb0, 0x00,
  0xe8, 0x0b, 0xee, 0xff, 0xff, 0x89, 0x45, 0xfc, 0x8b, 0x45, 0xfc, 0x48,
  0x81, 0xc4, 0xa0, 0x00, 0x00, 0x00, 0x5d, 0xc3, 0x66, 0x66, 0x66, 0x2e,
  0x0f, 0x1f, 0x84, 0x00, 0x00, 0x00, 0x00, 0x00, 0x55, 0x48, 0x89, 0xe5,
  0x48, 0x81, 0xec, 0xa0, 0x10, 0x00, 0x00, 0x48, 0x89, 0x7d, 0xf0, 0x48,
  0x89, 0x75, 0xe8, 0x48, 0x8b, 0x45, 0xe8, 0x80, 0x38, 0x00, 0x0f, 0x85,
  0x1a, 0x00, 0x00, 0x00, 0x48, 0x8b, 0x7d, 0xf0, 0x48, 0x8d, 0x35, 0xf1,
  0x53, 0x00, 0x00, 0xb0, 0x00, 0xe8, 0xbe, 0xed, 0xff, 0xff, 0x89, 0x45,
  0xfc, 0xe9, 0x8b, 0x00, 0x00, 0x00, 0x48, 0x8b, 0x7d, 0xf0, 0x48, 0x81,
  0xc7, 0x18, 0x10, 0x00, 0x00, 0x48, 0x8d, 0xb5, 0x60, 0xef, 0xff, 0xff,
  0xe8, 0x4f, 0x36, 0x00, 0x00, 0x83, 0xf8, 0x00, 0x0f, 0x84, 0x11, 0x00,
  0x00, 0x00, 0x48, 0x8b, 0x7d, 0xf0, 0xe8, 0x1d, 0xed, 0xff, 0xff, 0x89,
  0x45, 0xfc, 0xe9, 0x5a, 0x00, 0x00, 0x00, 0x48, 0x8b, 0x7d, 0xf0, 0x48,
  0x8d, 0xb5, 0xe0, 0xef, 0xff, 0xff, 0x48, 0x8b, 0x55, 0xe8, 0xe8, 0x51,
  0xf0, 0xff, 0xff, 0x48, 0x8b, 0x7d, 0xf0, 0x48, 0x81, 0xc7, 0x18, 0x10,
  0x00, 0x00, 0x48, 0x8d, 0xb5, 0xe0, 0xef, 0xff, 0xff, 0xe8, 0x0a, 0x37,
  0x00, 0x00, 0x83, 0xf8, 0x00, 0x0f, 0x84, 0x11, 0x00, 0x00, 0x00, 0x48,
  0x8b, 0x7d, 0xf0, 0xe8, 0xd8, 0xec, 0xff, 0xff, 0x89, 0x45, 0xfc, 0xe9,
  0x15, 0x00, 0x00, 0x00, 0x48, 0x8b, 0x7d, 0xf0, 0x48, 0x8d, 0x35, 0xef,
  0x56, 0x00, 0x00, 0xb0, 0x00, 0xe8, 0x2e, 0xed, 0xff, 0xff, 0x89, 0x45,
  0xfc, 0x8b, 0x45, 0xfc, 0x48, 0x81, 0xc4, 0xa0, 0x10, 0x00, 0x00, 0x5d,
  0xc3, 0x66, 0x66, 0x66, 0x66, 0x66, 0x66, 0x2e, 0x0f, 0x1f, 0x84, 0x00,
  0x00, 0x00, 0x00, 0x00, 0x55, 0x48, 0x89, 0xe5, 0x48, 0x81, 0xec, 0xa0,
  0x10, 0x00, 0x00, 0x48, 0x89, 0x7d, 0xf0, 0x48, 0x89, 0x75, 0xe8, 0x48,
  0x8b, 0x45, 0xe8, 0x80, 0x38, 0x00, 0x0f, 0x85, 0x1a, 0x00, 0x00, 0x00,
  0x48, 0x8b, 0x7d, 0xf0, 0x48, 0x8d, 0x35, 0xb2, 0x56, 0x00, 0x00, 0xb0,
  0x00, 0xe8, 0xde, 0xec, 0xff, 0xff, 0x89, 0x45, 0xfc, 0xe9, 0x5d, 0x00,
  0x00, 0x00, 0x48, 0x8b, 0x7d, 0xf0, 0x48, 0x8d, 0xb5, 0xe0, 0xef, 0xff,
  0xff, 0x48, 0x8b, 0x55, 0xe8, 0xe8, 0xa2, 0xef, 0xff, 0xff, 0x48, 0x8d,
  0xbd, 0xe0, 0xef, 0xff, 0xff, 0x48, 0x8d, 0xb5, 0x60, 0xef, 0xff, 0xff,
  0xe8, 0x5f, 0x35, 0x00, 0x00, 0x83, 0xf8, 0x00, 0x0f, 0x84, 0x11, 0x00,
  0x00, 0x00, 0x48, 0x8b, 0x7d, 0xf0, 0xe8, 0x2d, 0xec, 0xff, 0xff, 0x89,
  0x45, 0xfc, 0xe9, 0x1c, 0x00, 0x00, 0x00, 0x48, 0x8b, 0x7d, 0xf0, 0x48,
  0x8b, 0x95, 0xb0, 0xef, 0xff, 0xff, 0x48, 0x8d, 0x35, 0x3c, 0x55, 0x00,
  0x00, 0xb0, 0x00, 0xe8, 0x7c, 0xec, 0xff, 0xff, 0x89, 0x45, 0xfc, 0x8b,
  0x45, 0xfc, 0x48, 0x81, 0xc4, 0xa0, 0x10, 0x00, 0x00, 0x5d, 0xc3, 0x66,
  0x66, 0x66, 0x66, 0x2e, 0x0f, 0x1f, 0x84, 0x00, 0x00, 0x00, 0x00, 0x00,
  0x55, 0x48, 0x89, 0xe5, 0x48, 0x81, 0xec, 0x40, 0x50, 0x00, 0x00, 0x48,
  0x89, 0x7d, 0xf0, 0x48, 0x89, 0x75, 0xe8, 0x48, 0x8b, 0x45, 0xf0, 0x48,
  0x8b, 0x80, 0x10, 0x10, 0x00, 0x00, 0x48, 0x89, 0x45, 0xe0, 0xc7, 0x85,
  0xdc, 0xaf, 0xff, 0xff, 0x00, 0x00, 0x00, 0x00, 0x48, 0x8b, 0x45, 0xf0,
  0x48, 0xc7, 0x80, 0x10, 0x10, 0x00, 0x00, 0x00, 0x00, 0x00, 0x00, 0x48,
  0x8b, 0x45, 0xe8, 0x80, 0x38, 0x00, 0x0f, 0x85, 0x1a, 0x00, 0x00, 0x00,
  0x48, 0x8b, 0x7d, 0xf0, 0x48, 0x8d, 0x35, 0x97, 0x52, 0x00, 0x00, 0xb0,
  0x00, 0xe8, 0x06, 0xec, 0xff, 0xff, 0x89, 0x45, 0xfc, 0xe9, 0x22, 0x02,
  0x00, 0x00, 0x48, 0x8b, 0x7d, 0xf0, 0x48, 0x8d, 0xb5, 0xe0, 0xaf, 0xff,
  0xff, 0x48, 0x8b, 0x55, 0xe8, 0xe8, 0xca, 0xee, 0xff, 0xff, 0x48, 0x8d,
  0xbd, 0xe0, 0xaf, 0xff, 0xff, 0xbe, 0x01, 0x02, 0x00, 0x00, 0xba, 0xff,
  0x01, 0x00, 0x00, 0xb0, 0x00, 0xe8, 0x42, 0x35, 0x00, 0x00, 0x89, 0x85,
  0xcc, 0xaf, 0xff, 0xff, 0x83, 0xf8, 0x00, 0x0f, 0x8d, 0x11, 0x00, 0x00,
  0x00, 0x48, 0x8b, 0x7d, 0xf0, 0xe8, 0x4a, 0xeb, 0xff, 0xff, 0x89, 0x45,
  0xfc, 0xe9, 0xd6, 0x01, 0x00, 0x00, 0x8b, 0xbd, 0xcc, 0xaf, 0xff, 0xff,
  0x48, 0x8b, 0x75, 0xe0, 0xba, 0x01, 0x00, 0x00, 0x00, 0xe8, 0x5e, 0x35,
  0x00, 0x00, 0x48, 0x83, 0xf8, 0x00, 0x0f, 0x8d, 0x28, 0x00, 0x00, 0x00,
  0x48, 0x8b, 0x7d, 0xf0, 0xe8, 0x1b, 0xeb, 0xff, 0xff, 0x89, 0x85, 0xdc,
  0xaf, 0xff, 0xff, 0x8b, 0xbd, 0xcc, 0xaf, 0xff, 0xff, 0xe8, 0x2a, 0x33,
  0x00, 0x00, 0x8b, 0x85, 0xdc, 0xaf, 0xff, 0xff, 0x89, 0x45, 0xfc, 0xe9,
  0x90, 0x01, 0x00, 0x00, 0x48, 0x8b, 0x7d, 0xf0, 0x48, 0x8d, 0x35, 0xc1,
  0x54, 0x00, 0x00, 0xb0, 0x00, 0xe8, 0x5a, 0xeb, 0xff, 0xff, 0x83, 0xf8,
  0x00, 0x0f, 0x84, 0x17, 0x00, 0x00, 0x00, 0x8b, 0xbd, 0xcc, 0xaf, 0xff,
  0xff, 0xe8, 0xf6, 0x32, 0x00, 0x00, 0xc7, 0x45, 0xfc, 0xff, 0xff, 0xff,
  0xff, 0xe9, 0x5e, 0x01, 0x00, 0x00, 0x48, 0x8b, 0x7d, 0xf0, 0xe8, 0xd1,
  0xf2, 0xff, 0xff, 0x83, 0xf8, 0x00, 0x0f, 0x84, 0x28, 0x00, 0x00, 0x00,
  0x48, 0x8b, 0x7d, 0xf0, 0xe8, 0xaf, 0xea, 0xff, 0xff, 0x89, 0x85, 0xdc,
  0xaf, 0xff, 0xff, 0x8b, 0xbd, 0xcc, 0xaf, 0xff, 0xff, 0xe8, 0xbe, 0x32,
  0x00, 0x00, 0x8b, 0x85, 0xdc, 0xaf, 0xff, 0xff, 0x89, 0x45, 0xfc, 0xe9,
  0x24, 0x01, 0x00, 0x00, 0xe9, 0x00, 0x00, 0x00, 0x00, 0x48, 0x8b, 0x7d,
  0xf0, 0x48, 0x8d, 0xb5, 0xe0, 0xbf, 0xff, 0xff, 0xba, 0x00, 0x40, 0x00,
  0x00, 0xe8, 0x16, 0x01, 0x00, 0x00, 0x48, 0x98, 0x48, 0x89, 0x85, 0xd0,
  0xaf, 0xff, 0xff, 0x48, 0x83, 0xf8, 0x00, 0x0f, 0x84, 0x6b, 0x00, 0x00,
  0x00, 0x8b, 0xbd, 0xcc, 0xaf, 0xff, 0xff, 0x48, 0x8d, 0xb5, 0xe0, 0xbf,
  0xff, 0xff, 0x48, 0x8b, 0x95, 0xd0, 0xaf, 0xff, 0xff, 0xe8, 0x1a, 0x33,
  0x00, 0x00, 0x48, 0x3b, 0x85, 0xd0, 0xaf, 0xff, 0xff, 0x0f, 0x84, 0x31,
  0x00, 0x00, 0x00, 0x48, 0x8b, 0x7d, 0xf0, 0xe8, 0x34, 0xea, 0xff, 0xff,
  0x89, 0x85, 0xdc, 0xaf, 0xff, 0xff, 0x48, 0x8b, 0x7d, 0xf0, 0xe8, 0xd5,
  0xf5, 0xff, 0xff, 0x8b, 0xbd, 0xcc, 0xaf, 0xff, 0xff, 0xe8, 0x3a, 0x32,
  0x00, 0x00, 0x8b, 0x85, 0xdc, 0xaf, 0xff, 0xff, 0x89, 0x45, 0xfc, 0xe9,
  0xa0, 0x00, 0x00, 0x00, 0x48, 0x8b, 0x85, 0xd0, 0xaf, 0xff, 0xff, 0x48,
  0x03, 0x45, 0xe0, 0x48, 0x89, 0x45, 0xe0, 0xe9, 0x6d, 0xff, 0xff, 0xff,
  0x8b, 0xbd, 0xcc, 0xaf, 0xff, 0xff, 0x48, 0x8b, 0x75, 0xe0, 0xe8, 0x29,
  0x34, 0x00, 0x00, 0x83, 0xf8, 0x00, 0x0f, 0x84, 0x31, 0x00, 0x00, 0x00,
  0x48, 0x8b, 0x7d, 0xf0, 0xe8, 0xd7, 0xe9, 0xff, 0xff, 0x89, 0x85, 0xdc,
  0xaf, 0xff, 0xff, 0x48, 0x8b, 0x7d, 0xf0, 0xe8, 0x78, 0xf5, 0xff, 0xff,
  0x8b, 0xbd, 0xcc, 0xaf, 0xff, 0xff, 0xe8, 0xdd, 0x31, 0x00, 0x00, 0x8b,
  0x85, 0xdc, 0xaf, 0xff, 0xff, 0x89, 0x45, 0xfc, 0xe9, 0x43, 0x00, 0x00,
  0x00, 0x8b, 0xbd, 0xcc, 0xaf, 0xff, 0xff, 0xe8, 0xc4, 0x31, 0x00, 0x00,
  0x48, 0x8b, 0x7d, 0xf0, 0xe8, 0x4b, 0xf5, 0xff, 0xff, 0x83, 0xf8, 0x00,
  0x0f, 0x84, 0x11, 0x00, 0x00, 0x00, 0x48, 0x8b, 0x7d, 0xf0, 0xe8, 0x89,
  0xe9, 0xff, 0xff, 0x89, 0x45, 0xfc, 0xe9, 0x15, 0x00, 0x00, 0x00, 0x48,
  0x8b, 0x7d, 0xf0, 0x48, 0x8d, 0x35, 0x71, 0x4e, 0x00, 0x00, 0xb0, 0x00,
  0xe8, 0xdf, 0xe9, 0xff, 0xff, 0x89, 0x45, 0xfc, 0x8b, 0x45, 0xfc, 0x48,
  0x81, 0xc4, 0x40, 0x50, 0x00, 0x00, 0x5d, 0xc3, 0x55, 0x48, 0x89, 0xe5,
  0x48, 0x83, 0xec, 0x20, 0x48, 0x89, 0x7d, 0xf8, 0x48, 0x89, 0x75, 0xf0,
  0x48, 0x89, 0x55, 0xe8, 0x48, 0x8b, 0x45, 0xf8, 0x8b, 0x38, 0x48, 0x8b,
  0x75, 0xf0, 0x48, 0x8b, 0x55, 0xe8, 0x31, 0xc9, 0xe8, 0x87, 0x33, 0x00,
  0x00, 0x48, 0x83, 0xc4, 0x20, 0x5d, 0xc3, 0x90, 0x55, 0x48, 0x89, 0xe5,
  0x48, 0x81, 0xec, 0xa0, 0x10, 0x00, 0x00, 0x48, 0x89, 0x7d, 0xf0, 0x48,
  0x89, 0x75, 0xe8, 0x48, 0x8b, 0x45, 0xe8, 0x80, 0x38, 0x00, 0x0f, 0x85,
  0x1a, 0x00, 0x00, 0x00, 0x48, 0x8b, 0x7d, 0xf0, 0x48, 0x8d, 0x35, 0x9b,
  0x51, 0x00, 0x00, 0xb0, 0x00, 0xe8, 0x6e, 0xe9, 0xff, 0xff, 0x89, 0x45,
  0xfc, 0xe9, 0x75, 0x00, 0x00, 0x00, 0x48, 0x8b, 0x45, 0xf0, 0x48, 0x83,
  0xb8, 0x10, 0x10, 0x00, 0x00, 0x00, 0x0f, 0x85, 0x53, 0x00, 0x00, 0x00,
  0x48, 0x8b, 0x7d, 0xf0, 0x48, 0x8d, 0xb5, 0xe0, 0xef, 0xff, 0xff, 0x48,
  0x8b, 0x55, 0xe8, 0xe8, 0x20, 0xec, 0xff, 0xff, 0x48, 0x8d, 0xbd, 0xe0,
  0xef, 0xff, 0xff, 0x48, 0x8d, 0xb5, 0x60, 0xef, 0xff, 0xff, 0xe8, 0xdd,
  0x31, 0x00, 0x00, 0x83, 0xf8, 0x00, 0x0f, 0x84, 0x11, 0x00, 0x00, 0x00,
  0x48, 0x8b, 0x7d, 0xf0, 0xe8, 0xab, 0xe8, 0xff, 0xff, 0x89, 0x45, 0xfc,
  0xe9, 0x22, 0x00, 0x00, 0x00, 0x48, 0x8b, 0x8d, 0xb0, 0xef, 0xff, 0xff,
  0x48, 0x8b, 0x45, 0xf0, 0x48, 0x89, 0x88, 0x10, 0x10, 0x00, 0x00, 0x48,
  0x8b, 0x7d, 0xf0, 0x48, 0x8b, 0x75, 0xe8, 0xe8, 0x94, 0xfc, 0xff, 0xff,
  0x89, 0x45, 0xfc, 0x8b, 0x45, 0xfc, 0x48, 0x81, 0xc4, 0xa0, 0x10, 0x00,
  0x00, 0x5d, 0xc3, 0x0f, 0x1f, 0x44, 0x00, 0x00, 0x55, 0x48, 0x89, 0xe5,
  0x48, 0x83, 0xec, 0x10, 0x48, 0x89, 0x7d, 0xf8, 0x48, 0x89, 0x75, 0xf0,
  0x48, 0x8b, 0x7d, 0xf8, 0x48, 0x8d, 0x35, 0x3c, 0x53, 0x00, 0x00, 0xb0,
  0x00, 0xe8, 0xbe, 0xe8, 0xff, 0xff, 0x48, 0x83, 0xc4, 0x10, 0x5d, 0xc3,
  0x0f, 0x1f, 0x84, 0x00, 0x00, 0x00, 0x00, 0x00, 0x55, 0x48, 0x89, 0xe5,
  0x48, 0x83, 0xec, 0x20, 0x48, 0x89, 0x7d, 0xf0, 0x48, 0x89, 0x75, 0xe8,
  0x48, 0x8b, 0x45, 0xe8, 0x0f, 0xbe, 0x00, 0x83, 0xc8, 0x08, 0x83, 0xe8,
  0x49, 0x0f, 0x84, 0x05, 0x00, 0x00, 0x00, 0xe9, 0x35, 0x00, 0x00, 0x00,
  0x48, 0x8b, 0x45, 0xe8, 0x8a, 0x08, 0x48, 0x8b, 0x45, 0xf0, 0x88, 0x88,
  0x0c, 0x10, 0x00, 0x00, 0x48, 0x8b, 0x7d, 0xf0, 0x48, 0x8b, 0x45, 0xf0,
  0x0f, 0xbe, 0x90, 0x0c, 0x10, 0x00, 0x00, 0x48, 0x8d, 0x35, 0x9a, 0x4c,
  0x00, 0x00, 0xb0, 0x00, 0xe8, 0x5b, 0xe8, 0xff, 0xff, 0x89, 0x45, 0xfc,
  0xe9, 0x15, 0x00, 0x00, 0x00, 0x48, 0x8b, 0x7d, 0xf0, 0x48, 0x8d, 0x35,
  0xef, 0x4e, 0x00, 0x00, 0xb0, 0x00, 0xe8, 0x41, 0xe8, 0xff, 0xff, 0x89,
  0x45, 0xfc, 0x8b, 0x45, 0xfc, 0x48, 0x83, 0xc4, 0x20, 0x5d, 0xc3, 0x0f,
  0x1f, 0x44, 0x00, 0x00, 0x55, 0x48, 0x89, 0xe5, 0x48, 0x83, 0xec, 0x10,
  0x48, 0x89, 0x7d, 0xf8, 0x48, 0x89, 0x75, 0xf0, 0x48, 0x8b, 0x7d, 0xf8,
  0x48, 0x8d, 0x35, 0x62, 0x4c, 0x00, 0x00, 0xb0, 0x00, 0xe8, 0x0e, 0xe8,
  0xff, 0xff, 0x48, 0x83, 0xc4, 0x10, 0x5d, 0xc3, 0x0f, 0x1f, 0x84, 0x00,
  0x00, 0x00, 0x00, 0x00, 0x55, 0x48, 0x89, 0xe5, 0x48, 0x83, 0xec, 0x10,
  0x48, 0x89, 0x7d, 0xf8, 0x48, 0x89, 0x75, 0xf0, 0x48, 0x8d, 0x3d, 0x8e,
  0x4f, 0x00, 0x00, 0xe8, 0xd4, 0x31, 0x00, 0x00, 0x31, 0xff, 0xe8, 0xdd,
  0x31, 0x00, 0x00, 0x66, 0x66, 0x66, 0x66, 0x2e, 0x0f, 0x1f, 0x84, 0x00,
  0x00, 0x00, 0x00, 0x00, 0x55, 0x48, 0x89, 0xe5, 0x48, 0x83, 0xec, 0x10,
  0x48, 0x89, 0x7d, 0xf8, 0x48, 0x89, 0x75, 0xf0, 0x48, 0x8b, 0x7d, 0xf8,
  0x48, 0x8d, 0x35, 0x0b, 0x4f, 0x00, 0x00, 0xb0, 0x00, 0xe8, 0xae, 0xe7,
  0xff, 0xff, 0x48, 0x83, 0xc4, 0x10, 0x5d, 0xc3, 0x0f, 0x1f, 0x84, 0x00,
  0x00, 0x00, 0x00, 0x00, 0x55, 0x48, 0x89, 0xe5, 0x48, 0x83, 0xec, 0x10,
  0x48, 0x89, 0x7d, 0xf8, 0x48, 0x89, 0x75, 0xf0, 0x48, 0x8b, 0x7d, 0xf8,
  0x48, 0x8d, 0x35, 0x4e, 0x4f, 0x00, 0x00, 0xb0, 0x00, 0xe8, 0x7e, 0xe7,
  0xff, 0xff, 0x48, 0x83, 0xc4, 0x10, 0x5d, 0xc3, 0x0f, 0x1f, 0x84, 0x00,
  0x00, 0x00, 0x00, 0x00, 0x55, 0x48, 0x89, 0xe5, 0x48, 0x83, 0xec, 0x10,
  0x48, 0x89, 0x7d, 0xf8, 0x48, 0x89, 0x75, 0xf0, 0x48, 0x8b, 0x7d, 0xf8,
  0x48, 0x8d, 0x35, 0xf6, 0x4a, 0x00, 0x00, 0xb0, 0x00, 0xe8, 0x4e, 0xe7,
  0xff, 0xff, 0x48, 0x83, 0xc4, 0x10, 0x5d, 0xc3, 0xcc, 0xcc, 0xcc, 0xcc,
  0xcc, 0xcc, 0xcc, 0xcc, 0x55, 0x48, 0x89, 0xe5, 0x48, 0x83, 0xec, 0x10,
  0x66, 0xc7, 0x45, 0xfe, 0x49, 0x08, 0xc7, 0x45, 0xf8, 0x01, 0x00, 0x00,
  0x00, 0x48, 0x8d, 0x3d, 0x69, 0x4d, 0x00, 0x00, 0x48, 0x8d, 0x35, 0x37,
  0x4b, 0x00, 0x00, 0x48, 0x8d, 0x15, 0x35, 0x4e, 0x00, 0x00, 0xb0, 0x00,
  0xe8, 0x1f, 0x31, 0x00, 0x00, 0x66, 0x8b, 0x45, 0xfe, 0x8b, 0x75, 0xf8,
  0x0f, 0xb7, 0xf8, 0xe8, 0x20, 0x00, 0x00, 0x00, 0xc7, 0x45, 0xf8, 0x00,
  0x00, 0x00, 0x00, 0xbf, 0x03, 0x00, 0x00, 0x00, 0xe8, 0x0f, 0x31, 0x00,
  0x00, 0xe9, 0xdb, 0xff, 0xff, 0xff, 0x66, 0x2e, 0x0f, 0x1f, 0x84, 0x00,
  0x00, 0x00, 0x00, 0x00, 0x55, 0x48, 0x89, 0xe5, 0x48, 0x81, 0xec, 0x90,
  0x01, 0x00, 0x00, 0x66, 0x89, 0xf8, 0x66, 0x89, 0x45, 0xfa, 0x89, 0x75,
  0xf4, 0xc7, 0x45, 0xb4, 0x01, 0x00, 0x00, 0x00, 0x48, 0x8d, 0x7d, 0xb8,
  0xe8, 0xeb, 0x30, 0x00, 0x00, 0x83, 0xf8, 0xff, 0x0f, 0x85, 0x3a, 0x00,
  0x00, 0x00, 0xe8, 0xa9, 0x2d, 0x00, 0x00, 0x8b, 0x38, 0xe8, 0x26, 0x30,
  0x00, 0x00, 0x49, 0x89, 0xc0, 0x48, 0x8d, 0x3d, 0xc4, 0x4d, 0x00, 0x00,
  0x48, 0x8d, 0x35, 0x52, 0x4c, 0x00, 0x00, 0xba, 0x21, 0x01, 0x00, 0x00,
  0x48, 0x8d, 0x0d, 0x14, 0x51, 0x00, 0x00, 0xb0, 0x00, 0xe8, 0x92, 0x30,
  0x00, 0x00, 0xbf, 0x01, 0x00, 0x00, 0x00, 0xe8, 0x78, 0x30, 0x00, 0x00,
  0xbf, 0x0d, 0x00, 0x00, 0x00, 0xbe, 0x01, 0x00, 0x00, 0x00, 0xe8, 0xa9,
  0x30, 0x00, 0x00, 0x48, 0x8b, 0x45, 0xb8, 0x48, 0x89, 0x45, 0x98, 0x48,
  0x83, 0x7d, 0x98, 0x00, 0x0f, 0x84, 0x2a, 0x01, 0x00, 0x00, 0x48, 0x8b,
  0x45, 0x98, 0x48, 0x83, 0x78, 0x18, 0x00, 0x0f, 0x85, 0x05, 0x00, 0x00,
  0x00, 0xe9, 0x06, 0x01, 0x00, 0x00, 0x48, 0x8b, 0x45, 0x98, 0x48, 0x8b,
  0x40, 0x18, 0x0f, 0xb6, 0x40, 0x01, 0x83, 0xf8, 0x02, 0x0f, 0x84, 0x05,
  0x00, 0x00, 0x00, 0xe9, 0xec, 0x00, 0x00, 0x00, 0x48, 0x8b, 0x45, 0x98,
  0x48, 0x8b, 0x70, 0x08, 0x48, 0x8d, 0x3d, 0x12, 0x4b, 0x00, 0x00, 0xba,
  0x02, 0x00, 0x00, 0x00, 0xe8, 0x5f, 0x30, 0x00, 0x00, 0x83, 0xf8, 0x00,
  0x0f, 0x85, 0x05, 0x00, 0x00, 0x00, 0xe9, 0xc5, 0x00, 0x00, 0x00, 0x48,
  0x8b, 0x45, 0x98, 0x48, 0x8b, 0x40, 0x18, 0x48, 0x89, 0x45, 0x90, 0x48,
  0x8b, 0x75, 0x90, 0x48, 0x83, 0xc6, 0x04, 0x48, 0x8d, 0x55, 0xc0, 0xbf,
  0x02, 0x00, 0x00, 0x00, 0xb9, 0x10, 0x00, 0x00, 0x00, 0xe8, 0x3a, 0x30,
  0x00, 0x00, 0x48, 0x8d, 0x75, 0xc0, 0x48, 0x8d, 0x3d, 0x05, 0x4d, 0x00,
  0x00, 0xba, 0x02, 0x00, 0x00, 0x00, 0xe8, 0x15, 0x30, 0x00, 0x00, 0x83,
  0xf8, 0x00, 0x0f, 0x85, 0x05, 0x00, 0x00, 0x00, 0xe9, 0x7b, 0x00, 0x00,
  0x00, 0x48, 0x8d, 0xbd, 0x90, 0xfe, 0xff, 0xff, 0x31, 0xf6, 0xba, 0x00,
  0x01, 0x00, 0x00, 0xe8, 0x74, 0x2d, 0x00, 0x00, 0x48, 0x8d, 0xbd, 0x90,
  0xfe, 0xff, 0xff, 0x48, 0x8d, 0x4d, 0xc0, 0x44, 0x0f, 0xb7, 0x45, 0xfa,
  0x48, 0x8b, 0x45, 0x98, 0x4c, 0x8b, 0x48, 0x08, 0xbe, 0x00, 0x01, 0x00,
  0x00, 0x48, 0x8d, 0x15, 0xd0, 0x48, 0x00, 0x00, 0x4c, 0x8d, 0x15, 0x93,
  0x49, 0x00, 0x00, 0x48, 0x8d, 0x05, 0x91, 0x4c, 0x00, 0x00, 0x4c, 0x89,
  0x14, 0x24, 0x48, 0x89, 0x44, 0x24, 0x08, 0xb0, 0x00, 0xe8, 0x02, 0x2e,
  0x00, 0x00, 0x83, 0x7d, 0xf4, 0x00, 0x0f, 0x84, 0x15, 0x00, 0x00, 0x00,
  0x48, 0x8d, 0xb5, 0x90, 0xfe, 0xff, 0xff, 0x48, 0x8d, 0x3d, 0x10, 0x4c,
  0x00, 0x00, 0xb0, 0x00, 0xe8, 0x63, 0x02, 0x00, 0x00, 0xc7, 0x45, 0xb4,
  0x00, 0x00, 0x00, 0x00, 0x48, 0x8b, 0x45, 0x98, 0x48, 0x8b, 0x00, 0x48,
  0x89, 0x45, 0x98, 0xe9, 0xcb, 0xfe, 0xff, 0xff, 0x48, 0x8b, 0x7d, 0xb8,
  0xe8, 0x93, 0x2f, 0x00, 0x00, 0x83, 0x7d, 0xb4, 0x00, 0x0f, 0x84, 0x0c,
  0x00, 0x00, 0x00, 0xc7, 0x45, 0xfc, 0x00, 0x00, 0x00, 0x00, 0xe9, 0x18,
  0x02, 0x00, 0x00, 0xbf, 0x02, 0x00, 0x00, 0x00, 0xbe, 0x01, 0x00, 0x00,
  0x00, 0x31, 0xd2, 0xe8, 0xbc, 0x2c, 0x00, 0x00, 0x89, 0x45, 0xa0, 0x83,
  0xf8, 0x00, 0x0f, 0x8d, 0x3c, 0x00, 0x00, 0x00, 0xe8, 0xe7, 0x2b, 0x00,
  0x00, 0x8b, 0x38, 0xe8, 0x64, 0x2e, 0x00, 0x00, 0x49, 0x89, 0xc0, 0x48,
  0x8d, 0x3d, 0x02, 0x4c, 0x00, 0x00, 0x48, 0x8d, 0x35, 0x90, 0x4a, 0x00,
  0x00, 0xba, 0x5d, 0x01, 0x00, 0x00, 0x48, 0x8d, 0x0d, 0x7a, 0x4c, 0x00,
  0x00, 0xb0, 0x00, 0xe8, 0xd0, 0x2e, 0x00, 0x00, 0xc7, 0x45, 0xfc, 0xff,
  0xff, 0xff, 0xff, 0xe9, 0xbf, 0x01, 0x00, 0x00, 0x8b, 0x7d, 0xa0, 0xc7,
  0x85, 0x8c, 0xfe, 0xff, 0xff, 0x01, 0x00, 0x00, 0x00, 0xbe, 0xff, 0xff,
  0x00, 0x00, 0x41, 0xb8, 0x04, 0x00, 0x00, 0x00, 0x48, 0x8d, 0x8d, 0x8c,
  0xfe, 0xff, 0xff, 0x44, 0x89, 0xc2, 0xe8, 0x0d, 0x2f, 0x00, 0x00, 0x83,
  0xf8, 0x00, 0x0f, 0x8d, 0x3c, 0x00, 0x00, 0x00, 0xe8, 0x7b, 0x2b, 0x00,
  0x00, 0x8b, 0x38, 0xe8, 0xf8, 0x2d, 0x00, 0x00, 0x49, 0x89, 0xc0, 0x48,
  0x8d, 0x3d, 0x96, 0x4b, 0x00, 0x00, 0x48, 0x8d, 0x35, 0x24, 0x4a, 0x00,
  0x00, 0xba, 0x63, 0x01, 0x00, 0x00, 0x48, 0x8d, 0x0d, 0x1e, 0x4d, 0x00,
  0x00, 0xb0, 0x00, 0xe8, 0x64, 0x2e, 0x00, 0x00, 0xc7, 0x45, 0xfc, 0xff,
  0xff, 0xff, 0xff, 0xe9, 0x53, 0x01, 0x00, 0x00, 0x48, 0x8d, 0x7d, 0xe4,
  0x31, 0xf6, 0xba, 0x10, 0x00, 0x00, 0x00, 0xe8, 0x08, 0x2c, 0x00, 0x00,
  0xc6, 0x45, 0xe5, 0x02, 0x31, 0xff, 0xe8, 0x0d, 0x2c, 0x00, 0x00, 0x89,
  0x45, 0xe8, 0x0f, 0xb7, 0x7d, 0xfa, 0xe8, 0x11, 0x2c, 0x00, 0x00, 0x66,
  0x89, 0x45, 0xe6, 0x8b, 0x7d, 0xa0, 0x48, 0x8d, 0x75, 0xe4, 0xba, 0x10,
  0x00, 0x00, 0x00, 0xe8, 0x0c, 0x2c, 0x00, 0x00, 0x83, 0xf8, 0x00, 0x0f,
  0x84, 0x3c, 0x00, 0x00, 0x00, 0xe8, 0xfa, 0x2a, 0x00, 0x00, 0x8b, 0x38,
  0xe8, 0x77, 0x2d, 0x00, 0x00, 0x49, 0x89, 0xc0, 0x48, 0x8d, 0x3d, 0x15,
  0x4b, 0x00, 0x00, 0x48, 0x8d, 0x35, 0xa3, 0x49, 0x00, 0x00, 0xba, 0x6e,
  0x01, 0x00, 0x00, 0x48, 0x8d, 0x0d, 0x4e, 0x4b, 0x00, 0x00, 0xb0, 0x00,
  0xe8, 0xe3, 0x2d, 0x00, 0x00, 0xc7, 0x45, 0xfc, 0xff, 0xff, 0xff, 0xff,
  0xe9, 0xd2, 0x00, 0x00, 0x00, 0x8b, 0x7d, 0xa0, 0xbe, 0x05, 0x00, 0x00,
  0x00, 0xe8, 0xca, 0x2b, 0x00, 0x00, 0x83, 0xf8, 0x00, 0x0f, 0x84, 0x3c,
  0x00, 0x00, 0x00, 0xe8, 0xa8, 0x2a, 0x00, 0x00, 0x8b, 0x38, 0xe8, 0x25,
  0x2d, 0x00, 0x00, 0x49, 0x89, 0xc0, 0x48, 0x8d, 0x3d, 0xc3, 0x4a, 0x00,
  0x00, 0x48, 0x8d, 0x35, 0x51, 0x49, 0x00, 0x00, 0xba, 0x74, 0x01, 0x00,
  0x00, 0x48, 0x8d, 0x0d, 0x74, 0x4a, 0x00, 0x00, 0xb0, 0x00, 0xe8, 0x91,
  0x2d, 0x00, 0x00, 0xc7, 0x45, 0xfc, 0xff, 0xff, 0xff, 0xff, 0xe9, 0x80,
  0x00, 0x00, 0x00, 0xc7, 0x45, 0xb0, 0x10, 0x00, 0x00, 0x00, 0x8b, 0x7d,
  0xa0, 0x48, 0x8d, 0x75, 0xd4, 0x48, 0x8d, 0x55, 0xb0, 0xe8, 0x8e, 0x2c,
  0x00, 0x00, 0x89, 0x45, 0xa4, 0x83, 0xf8, 0x00, 0x0f, 0x8d, 0x35, 0x00,
  0x00, 0x00, 0xe8, 0x49, 0x2a, 0x00, 0x00, 0x8b, 0x38, 0xe8, 0xc6, 0x2c,
  0x00, 0x00, 0x49, 0x89, 0xc0, 0x48, 0x8d, 0x3d, 0x64, 0x4a, 0x00, 0x00,
  0x48, 0x8d, 0x35, 0xf2, 0x48, 0x00, 0x00, 0xba, 0x7e, 0x01, 0x00, 0x00,
  0x48, 0x8d, 0x0d, 0x13, 0x4d, 0x00, 0x00, 0xb0, 0x00, 0xe8, 0x32, 0x2d,
  0x00, 0x00, 0xe9, 0x1d, 0x00, 0x00, 0x00, 0x48, 0x63, 0x4d, 0xa4, 0x48,
  0x8d, 0x7d, 0xa8, 0x31, 0xc0, 0x89, 0xc6, 0x48, 0x8d, 0x15, 0xfa, 0x01,
  0x00, 0x00, 0xe8, 0x95, 0x2d, 0x00, 0x00, 0xe9, 0x92, 0xff, 0xff, 0xff,
  0x8b, 0x7d, 0xa0, 0xe8, 0xa8, 0x2a, 0x00, 0x00, 0x89, 0x45, 0xfc, 0x8b,
  0x45, 0xfc, 0x48, 0x81, 0xc4, 0x90, 0x01, 0x00, 0x00, 0x5d, 0xc3, 0x66,
  0x0f, 0x1f, 0x84, 0x00, 0x00, 0x00, 0x00, 0x00, 0x55, 0x48, 0x89, 0xe5,
  0x48, 0x81, 0xec, 0x20, 0x0d, 0x00, 0x00, 0x84, 0xc0, 0x0f, 0x84, 0x38,
  0x00, 0x00, 0x00, 0x0f, 0x29, 0x85, 0x10, 0xf3, 0xff, 0xff, 0x0f, 0x29,
  0x8d, 0x20, 0xf3, 0xff, 0xff, 0x0f, 0x29, 0x95, 0x30, 0xf3, 0xff, 0xff,
  0x0f, 0x29, 0x9d, 0x40, 0xf3, 0xff, 0xff, 0x0f, 0x29, 0xa5, 0x50, 0xf3,
  0xff, 0xff, 0x0f, 0x29, 0xad, 0x60, 0xf3, 0xff, 0xff, 0x0f, 0x29, 0xb5,
  0x70, 0xf3, 0xff, 0xff, 0x0f, 0x29, 0xbd, 0x80, 0xf3, 0xff, 0xff, 0x4c,
  0x89, 0x8d, 0x08, 0xf3, 0xff, 0xff, 0x4c, 0x89, 0x85, 0x00, 0xf3, 0xff,
  0xff, 0x48, 0x89, 0x8d, 0xf8, 0xf2, 0xff, 0xff, 0x48, 0x89, 0x95, 0xf0,
  0xf2, 0xff, 0xff, 0x48, 0x89, 0x7d, 0xf8, 0x48, 0x89, 0x75, 0xf0, 0x48,
  0x8d, 0xbd, 0xc0, 0xf3, 0xff, 0xff, 0x31, 0xf6, 0xba, 0x30, 0x0c, 0x00,
  0x00, 0xe8, 0x2e, 0x2a, 0x00, 0x00, 0x48, 0x8d, 0x85, 0xa0, 0xf3, 0xff,
  0xff, 0x48, 0x8d, 0x8d, 0xe0, 0xf2, 0xff, 0xff, 0x48, 0x89, 0x48, 0x10,
  0x48, 0x8d, 0x4d, 0x10, 0x48, 0x89, 0x48, 0x08, 0xc7, 0x40, 0x04, 0x30,
  0x00, 0x00, 0x00, 0xc7, 0x00, 0x10, 0x00, 0x00, 0x00, 0x48, 0x8d, 0xbd,
  0xc0, 0xf3, 0xff, 0xff, 0x48, 0x83, 0xc7, 0x2d, 0x48, 0x8b, 0x75, 0xf0,
  0x48, 0x8d, 0x95, 0xa0, 0xf3, 0xff, 0xff, 0xe8, 0xbc, 0x2c, 0x00, 0x00,
  0x89, 0x85, 0x9c, 0xf3, 0xff, 0xff, 0x8b, 0x85, 0x9c, 0xf3, 0xff, 0xff,
  0x83, 0xe8, 0x01, 0x89, 0x85, 0x98, 0xf3, 0xff, 0xff, 0x83, 0xbd, 0x9c,
  0xf3, 0xff, 0xff, 0x00, 0x0f, 0x8e, 0x27, 0x00, 0x00, 0x00, 0x48, 0x63,
  0x85, 0x98, 0xf3, 0xff, 0xff, 0x0f, 0xbe, 0x84, 0x05, 0xed, 0xf3, 0xff,
  0xff, 0x83, 0xf8, 0x0a, 0x0f, 0x85, 0x0f, 0x00, 0x00, 0x00, 0x48, 0x63,
  0x85, 0x98, 0xf3, 0xff, 0xff, 0xc6, 0x84, 0x05, 0xed, 0xf3, 0xff, 0xff,
  0x00, 0x48, 0x8d, 0x85, 0xa0, 0xf3, 0xff, 0xff, 0x48, 0x8d, 0xb5, 0xc0,
  0xf3, 0xff, 0xff, 0x48, 0x83, 0xc6, 0x2d, 0x48, 0x8d, 0x3d, 0xa4, 0x49,
  0x00, 0x00, 0xb0, 0x00, 0xe8, 0xc3, 0x2b, 0x00, 0x00, 0xc7, 0x85, 0xc0,
  0xf3, 0xff, 0xff, 0x00, 0x00, 0x00, 0x00, 0xc7, 0x85, 0xe8, 0xf3, 0xff,
  0xff, 0x00, 0x00, 0x00, 0x00, 0xc6, 0x85, 0xec, 0xf3, 0xff, 0xff, 0x01,
  0xc7, 0x85, 0xd0, 0xf3, 0xff, 0xff, 0xff, 0xff, 0xff, 0xff, 0x48, 0x83,
  0x7d, 0xf8, 0x00, 0x0f, 0x84, 0x31, 0x00, 0x00, 0x00, 0x48, 0x8b, 0x45,
  0xf8, 0x0f, 0xbe, 0x00, 0x83, 0xf8, 0x00, 0x0f, 0x84, 0x21, 0x00, 0x00,
  0x00, 0x48, 0x8d, 0xbd, 0xc0, 0xf3, 0xff, 0xff, 0x48, 0x81, 0xc7, 0x2d,
  0x04, 0x00, 0x00, 0x48, 0x8b, 0x75, 0xf8, 0xba, 0x00, 0x04, 0x00, 0x00,
  0xe8, 0x07, 0x2c, 0x00, 0x00, 0xe9, 0x1f, 0x00, 0x00, 0x00, 0x48, 0x8d,
  0xbd, 0xc0, 0xf3, 0xff, 0xff, 0x48, 0x81, 0xc7, 0x2d, 0x04, 0x00, 0x00,
  0x48, 0x8d, 0x35, 0x03, 0x48, 0x00, 0x00, 0xba, 0x26, 0x00, 0x00, 0x00,
  0xe8, 0xe3, 0x2b, 0x00, 0x00, 0x48, 0x8d, 0xb5, 0xc0, 0xf3, 0xff, 0xff,
  0xba, 0x30, 0x0c, 0x00, 0x00, 0x31, 0xc9, 0x89, 0xcf, 0xe8, 0xde, 0x2b,
  0x00, 0x00, 0x48, 0x81, 0xc4, 0x20, 0x0d, 0x00, 0x00, 0x5d, 0xc3, 0x0f,
  0x1f, 0x44, 0x00, 0x00, 0x55, 0x48, 0x89, 0xe5, 0x48, 0x81, 0xec, 0x50,
  0x20, 0x00, 0x00, 0x48, 0x89, 0x7d, 0xf8, 0xc7, 0x85, 0xd0, 0xdf, 0xff,
  0xff, 0xff, 0xff, 0xff, 0xff, 0xc7, 0x85, 0xd8, 0xdf, 0xff, 0xff, 0xff,
  0xff, 0xff, 0xff, 0x48, 0x8b, 0x45, 0xf8, 0x89, 0x85, 0xd4, 0xdf, 0xff,
  0xff, 0xc6, 0x85, 0xdc, 0xef, 0xff, 0xff, 0x41, 0x48, 0xc7, 0x85, 0xe0,
  0xef, 0xff, 0xff, 0x00, 0x00, 0x00, 0x00, 0x48, 0x8d, 0xbd, 0xd0, 0xdf,
  0xff, 0xff, 0x48, 0x83, 0xc7, 0x0c, 0x48, 0x8d, 0x35, 0x6b, 0x45, 0x00,
  0x00, 0xe8, 0x8a, 0x2b, 0x00, 0x00, 0x48, 0x8d, 0xbd, 0xd0, 0xdf, 0xff,
  0xff, 0x48, 0x81, 0xc7, 0x18, 0x10, 0x00, 0x00, 0x31, 0xf6, 0xba, 0x00,
  0x10, 0x00, 0x00, 0xe8, 0x70, 0x28, 0x00, 0x00, 0x48, 0x8d, 0xbd, 0xd0,
  0xdf, 0xff, 0xff, 0x48, 0x81, 0xc7, 0x18, 0x20, 0x00, 0x00, 0x31, 0xf6,
  0xba, 0x10, 0x00, 0x00, 0x00, 0xe8, 0x56, 0x28, 0x00, 0x00, 0x48, 0x8d,
  0xbd, 0xd0, 0xdf, 0xff, 0xff, 0xe8, 0x0a, 0x01, 0x00, 0x00, 0x83, 0xf8,
  0x00, 0x0f, 0x95, 0xc0, 0x34, 0xff, 0x24, 0x01, 0x88, 0x85, 0xcf, 0xdf,
  0xff, 0xff, 0xf6, 0x85, 0xcf, 0xdf, 0xff, 0xff, 0x01, 0x0f, 0x84, 0x96,
  0x00, 0x00, 0x00, 0x8b, 0xbd, 0xd4, 0xdf, 0xff, 0xff, 0xe8, 0xa2, 0x01,
  0x00, 0x00, 0x48, 0x89, 0x85, 0xc0, 0xdf, 0xff, 0xff, 0x48, 0x83, 0xf8,
  0x00, 0x0f, 0x85, 0x05, 0x00, 0x00, 0x00, 0xe9, 0x75, 0x00, 0x00, 0x00,
  0x48, 0x8b, 0x85, 0xc0, 0xdf, 0xff, 0xff, 0x48, 0x89, 0x85, 0xb8, 0xdf,
  0xff, 0xff, 0x48, 0x8b, 0xbd, 0xc0, 0xdf, 0xff, 0xff, 0x48, 0x8d, 0x35,
  0x9d, 0x43, 0x00, 0x00, 0xba, 0x05, 0x00, 0x00, 0x00, 0xe8, 0x66, 0x2a,
  0x00, 0x00, 0x83, 0xf8, 0x00, 0x0f, 0x85, 0x12, 0x00, 0x00, 0x00, 0x48,
  0x8b, 0x85, 0xb8, 0xdf, 0xff, 0xff, 0x48, 0x83, 0xc0, 0x05, 0x48, 0x89,
  0x85, 0xb8, 0xdf, 0xff, 0xff, 0x48, 0x8b, 0xb5, 0xb8, 0xdf, 0xff, 0xff,
  0x48, 0x8d, 0xbd, 0xd0, 0xdf, 0xff, 0xff, 0xe8, 0xf8, 0x02, 0x00, 0x00,
  0x83, 0xf8, 0x00, 0x0f, 0x84, 0x07, 0x00, 0x00, 0x00, 0xc6, 0x85, 0xcf,
  0xdf, 0xff, 0xff, 0x00, 0x48, 0x8b, 0xbd, 0xc0, 0xdf, 0xff, 0xff, 0xe8,
  0xac, 0x2a, 0x00, 0x00, 0xe9, 0x5d, 0xff, 0xff, 0xff, 0x83, 0xbd, 0xd4,
  0xdf, 0xff, 0xff, 0x00, 0x0f, 0x8e, 0x0b, 0x00, 0x00, 0x00, 0x8b, 0xbd,
  0xd4, 0xdf, 0xff, 0xff, 0xe8, 0x5f, 0x27, 0x00, 0x00, 0x83, 0xbd, 0xd8,
  0xdf, 0xff, 0xff, 0x00, 0x0f, 0x8e, 0x0b, 0x00, 0x00, 0x00, 0x8b, 0xbd,
  0xd8, 0xdf, 0xff, 0xff, 0xe8, 0x47, 0x27, 0x00, 0x00, 0x83, 0xbd, 0xd0,
  0xdf, 0xff, 0xff, 0x00, 0x0f, 0x8e, 0x0b, 0x00, 0x00, 0x00, 0x8b, 0xbd,
  0xd0, 0xdf, 0xff, 0xff, 0xe8, 0x2f, 0x27, 0x00, 0x00, 0x31, 0xc0, 0x89,
  0xc7, 0xe8, 0x66, 0x2a, 0x00, 0x00, 0x66, 0x0f, 0x1f, 0x44, 0x00, 0x00,
  0x55, 0x48, 0x89, 0xe5, 0x48, 0x81, 0xec, 0x20, 0x01, 0x00, 0x00, 0x48,
  0x89, 0x7d, 0xf0, 0x48, 0x8d, 0x85, 0xf0, 0xfe, 0xff, 0xff, 0x48, 0x89,
  0x85, 0xe0, 0xfe, 0xff, 0xff, 0xe8, 0x4e, 0x2a, 0x00, 0x00, 0x48, 0x8b,
  0xbd, 0xe0, 0xfe, 0xff, 0xff, 0x89, 0xc1, 0xbe, 0x00, 0x01, 0x00, 0x00,
  0x48, 0x8d, 0x15, 0x91, 0x47, 0x00, 0x00, 0x4c, 0x8d, 0x05, 0x4c, 0x43,
  0x00, 0x00, 0x4c, 0x8d, 0x0d, 0x4a, 0x46, 0x00, 0x00, 0xb0, 0x00, 0xe8,
  0xc4, 0x27, 0x00, 0x00, 0x48, 0x8d, 0xbd, 0xf0, 0xfe, 0xff, 0xff, 0x48,
  0x8d, 0x35, 0x57, 0x49, 0x00, 0x00, 0xba, 0xff, 0x00, 0x00, 0x00, 0xe8,
  0x1c, 0x2a, 0x00, 0x00, 0x48, 0x8d, 0xbd, 0xf0, 0xfe, 0xff, 0xff, 0xe8,
  0x50, 0x27, 0x00, 0x00, 0x48, 0x89, 0x85, 0xe8, 0xfe, 0xff, 0xff, 0x48,
  0x8b, 0x45, 0xf0, 0x8b, 0x78, 0x04, 0x48, 0x8d, 0xb5, 0xf0, 0xfe, 0xff,
  0xff, 0x48, 0x8b, 0x95, 0xe8, 0xfe, 0xff, 0xff, 0xe8, 0x3f, 0x27, 0x00,
  0x00, 0x48, 0x3b, 0x85, 0xe8, 0xfe, 0xff, 0xff, 0x0f, 0x84, 0x0c, 0x00,
  0x00, 0x00, 0xc7, 0x45, 0xfc, 0xff, 0xff, 0xff, 0xff, 0xe9, 0x07, 0x00,
  0x00, 0x00, 0xc7, 0x45, 0xfc, 0x00, 0x00, 0x00, 0x00, 0x8b, 0x45, 0xfc,
  0x48, 0x81, 0xc4, 0x20, 0x01, 0x00, 0x00, 0x5d, 0xc3, 0x0f, 0x1f, 0x00,
  0x55, 0x48, 0x89, 0xe5, 0x48, 0x83, 0xec, 0x30, 0x89, 0x7d, 0xf4, 0xc7,
  0x45, 0xf0, 0x00, 0x04, 0x00, 0x00, 0xc7, 0x45, 0xec, 0x00, 0x00, 0x00,
  0x00, 0x48, 0x63, 0x7d, 0xf0, 0xbe, 0x01, 0x00, 0x00, 0x00, 0xe8, 0xa9,
  0x29, 0x00, 0x00, 0x48, 0x89, 0x45, 0xd8, 0x48, 0x83, 0x7d, 0xd8, 0x00,
  0x0f, 0x85, 0x3d, 0x00, 0x00, 0x00, 0xe8, 0x71, 0x25, 0x00, 0x00, 0x8b,
  0x38, 0xe8, 0xee, 0x27, 0x00, 0x00, 0x49, 0x89, 0xc0, 0x48, 0x8d, 0x3d,
  0x8c, 0x45, 0x00, 0x00, 0x48, 0x8d, 0x35, 0x1a, 0x44, 0x00, 0x00, 0xba,
  0x6e, 0x00, 0x00, 0x00, 0x48, 0x8d, 0x0d, 0xca, 0x45, 0x00, 0x00, 0xb0,
  0x00, 0xe8, 0x5a, 0x28, 0x00, 0x00, 0x48, 0xc7, 0x45, 0xf8, 0x00, 0x00,
  0x00, 0x00, 0xe9, 0x38, 0x01, 0x00, 0x00, 0xe9, 0x00, 0x00, 0x00, 0x00,
  0x8b, 0x7d, 0xf4, 0x48, 0x8d, 0x75, 0xd7, 0xba, 0x01, 0x00, 0x00, 0x00,
  0xe8, 0xb7, 0x27, 0x00, 0x00, 0x89, 0x45, 0xd0, 0x83, 0x7d, 0xd0, 0xff,
  0x0f, 0x85, 0x13, 0x00, 0x00, 0x00, 0xe8, 0x11, 0x25, 0x00, 0x00, 0x83,
  0x38, 0x04, 0x0f, 0x85, 0x05, 0x00, 0x00, 0x00, 0xe9, 0xcf, 0xff, 0xff,
  0xff, 0x83, 0x7d, 0xd0, 0x00, 0x0f, 0x8f, 0x16, 0x00, 0x00, 0x00, 0x48,
  0x8b, 0x7d, 0xd8, 0xe8, 0xd4, 0x28, 0x00, 0x00, 0x48, 0xc7, 0x45, 0xf8,
  0x00, 0x00, 0x00, 0x00, 0xe9, 0xe2, 0x00, 0x00, 0x00, 0x0f, 0xbe, 0x45,
  0xd7, 0x83, 0xf8, 0x0d, 0x0f, 0x85, 0x18, 0x00, 0x00, 0x00, 0x48, 0x8b,
  0x45, 0xd8, 0x48, 0x63, 0x4d, 0xec, 0xc6, 0x04, 0x08, 0x00, 0xc7, 0x45,
  0xec, 0x00, 0x00, 0x00, 0x00, 0xe9, 0x8a, 0xff, 0xff, 0xff, 0x0f, 0xbe,
  0x45, 0xd7, 0x83, 0xf8, 0x0a, 0x0f, 0x85, 0x0d, 0x00, 0x00, 0x00, 0x48,
  0x8b, 0x45, 0xd8, 0x48, 0x89, 0x45, 0xf8, 0xe9, 0xa3, 0x00, 0x00, 0x00,
  0x8a, 0x55, 0xd7, 0x48, 0x8b, 0x45, 0xd8, 0x8b, 0x4d, 0xec, 0x89, 0xce,
  0x83, 0xc6, 0x01, 0x89, 0x75, 0xec, 0x48, 0x63, 0xc9, 0x88, 0x14, 0x08,
  0x8b, 0x45, 0xec, 0x3b, 0x45, 0xf0, 0x0f, 0x8c, 0x7a, 0x00, 0x00, 0x00,
  0x8b, 0x45, 0xf0, 0x05, 0x00, 0x04, 0x00, 0x00, 0x89, 0x45, 0xf0, 0x48,
  0x8b, 0x45, 0xd8, 0x48, 0x89, 0x45, 0xe0, 0x48, 0x8b, 0x7d, 0xd8, 0x48,
  0x63, 0x75, 0xf0, 0xe8, 0x94, 0x28, 0x00, 0x00, 0x48, 0x89, 0x45, 0xd8,
  0x48, 0x83, 0x7d, 0xd8, 0x00, 0x0f, 0x85, 0x46, 0x00, 0x00, 0x00, 0xe8,
  0x4c, 0x24, 0x00, 0x00, 0x8b, 0x38, 0xe8, 0xc9, 0x26, 0x00, 0x00, 0x49,
  0x89, 0xc0, 0x48, 0x8d, 0x3d, 0x67, 0x44, 0x00, 0x00, 0x48, 0x8d, 0x35,
  0xf5, 0x42, 0x00, 0x00, 0xba, 0x95, 0x00, 0x00, 0x00, 0x48, 0x8d, 0x0d,
  0x52, 0x41, 0x00, 0x00, 0xb0, 0x00, 0xe8, 0x35, 0x27, 0x00, 0x00, 0x48,
  0x8b, 0x7d, 0xe0, 0xe8, 0xfc, 0x27, 0x00, 0x00, 0x48, 0xc7, 0x45, 0xf8,
  0x00, 0x00, 0x00, 0x00, 0xe9, 0x0a, 0x00, 0x00, 0x00, 0xe9, 0x00, 0x00,
  0x00, 0x00, 0xe9, 0xcd, 0xfe, 0xff, 0xff, 0x48, 0x8b, 0x45, 0xf8, 0x48,
  0x83, 0xc4, 0x30, 0x5d, 0xc3, 0x66, 0x66, 0x2e, 0x0f, 0x1f, 0x84, 0x00,
  0x00, 0x00, 0x00, 0x00, 0x55, 0x48, 0x89, 0xe5, 0x48, 0x83, 0xec, 0x30,
  0x48, 0x89, 0x7d, 0xf0, 0x48, 0x89, 0x75, 0xe8, 0x48, 0x8b, 0x7d, 0xe8,
  0xbe, 0x20, 0x00, 0x00, 0x00, 0xe8, 0x12, 0x28, 0x00, 0x00, 0x48, 0x89,
  0x45, 0xe0, 0x48, 0x8b, 0x7d, 0xe8, 0x31, 0xf6, 0xe8, 0x03, 0x28, 0x00,
  0x00, 0x48, 0x89, 0x45, 0xd8, 0x48, 0x83, 0x7d, 0xe0, 0x00, 0x0f, 0x84,
  0x13, 0x00, 0x00, 0x00, 0x48, 0x8b, 0x45, 0xe0, 0xc6, 0x00, 0x00, 0x48,
  0x8b, 0x45, 0xe0, 0x48, 0x83, 0xc0, 0x01, 0x48, 0x89, 0x45, 0xd8, 0xc7,
  0x45, 0xd4, 0x00, 0x00, 0x00, 0x00, 0x8b, 0x45, 0xd4, 0x3b, 0x05, 0x11,
  0xda, 0x00, 0x00, 0x0f, 0x8d, 0x62, 0x00, 0x00, 0x00, 0x48, 0x8b, 0x7d,
  0xe8, 0x48, 0x63, 0x4d, 0xd4, 0x48, 0x8d, 0x05, 0x0c, 0xda, 0x00, 0x00,
  0x48, 0xc1, 0xe1, 0x04, 0x48, 0x01, 0xc8, 0x48, 0x8b, 0x30, 0xe8, 0xbd,
  0x27, 0x00, 0x00, 0x83, 0xf8, 0x00, 0x0f, 0x84, 0x05, 0x00, 0x00, 0x00,
  0xe9, 0x28, 0x00, 0x00, 0x00, 0x48, 0x63, 0x4d, 0xd4, 0x48, 0x8d, 0x05,
  0xe4, 0xd9, 0x00, 0x00, 0x48, 0xc1, 0xe1, 0x04, 0x48, 0x01, 0xc8, 0x48,
  0x8b, 0x40, 0x08, 0x48, 0x8b, 0x7d, 0xf0, 0x48, 0x8b, 0x75, 0xd8, 0xff,
  0xd0, 0x89, 0x45, 0xfc, 0xe9, 0x1e, 0x00, 0x00, 0x00, 0x8b, 0x45, 0xd4,
  0x83, 0xc0, 0x01, 0x89, 0x45, 0xd4, 0xe9, 0x8f, 0xff, 0xff, 0xff, 0x48,
  0x8b, 0x7d, 0xf0, 0x48, 0x8b, 0x75, 0xd8, 0xe8, 0x7c, 0xf4, 0xff, 0xff,
  0x89, 0x45, 0xfc, 0x8b, 0x45, 0xfc, 0x48, 0x83, 0xc4, 0x30, 0x5d, 0xc3,
  0x55, 0x48, 0x89, 0xe5, 0x48, 0x83, 0xec, 0x20, 0x48, 0x89, 0x7d, 0xf8,
  0x66, 0xc7, 0x45, 0xf6, 0xa0, 0x0c, 0xc7, 0x45, 0xf0, 0x01, 0x00, 0x00,
  0x00, 0x48, 0x8d, 0x3d, 0xeb, 0x45, 0x00, 0x00, 0x48, 0x8d, 0x35, 0x03,
  0x40, 0x00, 0x00, 0x48, 0x8d, 0x15, 0x01, 0x43, 0x00, 0x00, 0xb0, 0x00,
  0xe8, 0xeb, 0x25, 0x00, 0x00, 0xc7, 0x45, 0xe4, 0x00, 0x00, 0x00, 0x00,
  0x66, 0x8b, 0x45, 0xf6, 0x8b, 0x55, 0xf0, 0x48, 0x8d, 0x3d, 0x2d, 0x42,
  0x00, 0x00, 0x0f, 0xb7, 0xf0, 0xe8, 0x1e, 0x00, 0x00, 0x00, 0xc7, 0x45,
  0xf0, 0x00, 0x00, 0x00, 0x00, 0xbf, 0x03, 0x00, 0x00, 0x00, 0xe8, 0xcd,
  0x25, 0x00, 0x00, 0xe9, 0xd4, 0xff, 0xff, 0xff, 0x0f, 0x1f, 0x84, 0x00,
  0x00, 0x00, 0x00, 0x00, 0x55, 0x48, 0x89, 0xe5, 0x48, 0x81, 0xec, 0x00,
  0x01, 0x00, 0x00, 0x66, 0x89, 0xf0, 0x48, 0x89, 0x7d, 0xf0, 0x66, 0x89,
  0x45, 0xee, 0x89, 0x55, 0xe8, 0xc7, 0x45, 0xb4, 0x01, 0x00, 0x00, 0x00,
  0x48, 0x8d, 0x7d, 0xc8, 0xe8, 0xa7, 0x25, 0x00, 0x00, 0x83, 0xf8, 0xff,
  0x0f, 0x85, 0x18, 0x00, 0x00, 0x00, 0x48, 0x8d, 0x3d, 0xf2, 0x45, 0x00,
  0x00, 0xe8, 0xc2, 0x26, 0x00, 0x00, 0xc7, 0x45, 0xfc, 0xff, 0xff, 0xff,
  0xff, 0xe9, 0x9d, 0x03, 0x00, 0x00, 0x48, 0x8b, 0x45, 0xc8, 0x48, 0x89,
  0x85, 0x20, 0xff, 0xff, 0xff, 0x48, 0x83, 0xbd, 0x20, 0xff, 0xff, 0xff,
  0x00, 0x0f, 0x84, 0x05, 0x01, 0x00, 0x00, 0x48, 0x8b, 0x85, 0x20, 0xff,
  0xff, 0xff, 0x48, 0x83, 0x78, 0x18, 0x00, 0x0f, 0x85, 0x05, 0x00, 0x00,
  0x00, 0xe9, 0xd8, 0x00, 0x00, 0x00, 0x48, 0x8b, 0x85, 0x20, 0xff, 0xff,
  0xff, 0x48, 0x8b, 0x40, 0x18, 0x0f, 0xb6, 0x40, 0x01, 0x83, 0xf8, 0x02,
  0x0f, 0x84, 0x05, 0x00, 0x00, 0x00, 0xe9, 0xbb, 0x00, 0x00, 0x00, 0x48,
  0x8b, 0x85, 0x20, 0xff, 0xff, 0xff, 0x48, 0x8b, 0x70, 0x08, 0x48, 0x8d,
  0x3d, 0xf0, 0x3f, 0x00, 0x00, 0xba, 0x02, 0x00, 0x00, 0x00, 0xe8, 0x3d,
  0x25, 0x00, 0x00, 0x83, 0xf8, 0x00, 0x0f, 0x85, 0x05, 0x00, 0x00, 0x00,
  0xe9, 0x91, 0x00, 0x00, 0x00, 0x48, 0x8b, 0x85, 0x20, 0xff, 0xff, 0xff,
  0x48, 0x8b, 0x40, 0x18, 0x48, 0x89, 0x85, 0x18, 0xff, 0xff, 0xff, 0x48,
  0x8b, 0xb5, 0x18, 0xff, 0xff, 0xff, 0x48, 0x83, 0xc6, 0x04, 0x48, 0x8d,
  0x55, 0xd0, 0xbf, 0x02, 0x00, 0x00, 0x00, 0xb9, 0x10, 0x00, 0x00, 0x00,
  0xe8, 0x0f, 0x25, 0x00, 0x00, 0x48, 0x8d, 0x75, 0xd0, 0x48, 0x8d, 0x3d,
  0xda, 0x41, 0x00, 0x00, 0xba, 0x02, 0x00, 0x00, 0x00, 0xe8, 0xea, 0x24,
  0x00, 0x00, 0x83, 0xf8, 0x00, 0x0f, 0x85, 0x05, 0x00, 0x00, 0x00, 0xe9,
  0x3e, 0x00, 0x00, 0x00, 0x83, 0x7d, 0xe8, 0x00, 0x0f, 0x84, 0x2d, 0x00,
  0x00, 0x00, 0x48, 0x8b, 0x55, 0xf0, 0x48, 0x8d, 0x4d, 0xd0, 0x44, 0x0f,
  0xb7, 0x45, 0xee, 0x48, 0x8b, 0x85, 0x20, 0xff, 0xff, 0xff, 0x4c, 0x8b,
  0x48, 0x08, 0x48, 0x8d, 0x3d, 0x29, 0x41, 0x00, 0x00, 0x48, 0x8d, 0x35,
  0x0a, 0x3f, 0x00, 0x00, 0xb0, 0x00, 0xe8, 0xb5, 0x02, 0x00, 0x00, 0xc7,
  0x45, 0xb4, 0x00, 0x00, 0x00, 0x00, 0x48, 0x8b, 0x85, 0x20, 0xff, 0xff,
  0xff, 0x48, 0x8b, 0x00, 0x48, 0x89, 0x85, 0x20, 0xff, 0xff, 0xff, 0xe9,
  0xed, 0xfe, 0xff, 0xff, 0xc7, 0x45, 0xe8, 0x00, 0x00, 0x00, 0x00, 0x48,
  0x8b, 0x7d, 0xc8, 0xe8, 0x98, 0x24, 0x00, 0x00, 0x83, 0x7d, 0xb4, 0x00,
  0x0f, 0x84, 0x0c, 0x00, 0x00, 0x00, 0xc7, 0x45, 0xfc, 0x00, 0x00, 0x00,
  0x00, 0xe9, 0x59, 0x02, 0x00, 0x00, 0xbf, 0x02, 0x00, 0x00, 0x00, 0xbe,
  0x01, 0x00, 0x00, 0x00, 0x31, 0xd2, 0xe8, 0xc1, 0x21, 0x00, 0x00, 0x89,
  0x85, 0x2c, 0xff, 0xff, 0xff, 0x83, 0xf8, 0x00, 0x0f, 0x8d, 0x18, 0x00,
  0x00, 0x00, 0x48, 0x8d, 0x3d, 0x9e, 0x41, 0x00, 0x00, 0xe8, 0x46, 0x25,
  0x00, 0x00, 0xc7, 0x45, 0xfc, 0xff, 0xff, 0xff, 0xff, 0xe9, 0x21, 0x02,
  0x00, 0x00, 0xc7, 0x85, 0x14, 0xff, 0xff, 0xff, 0x01, 0x00, 0x00, 0x00,
  0x8b, 0xbd, 0x2c, 0xff, 0xff, 0xff, 0xbe, 0xff, 0xff, 0x00, 0x00, 0x41,
  0xb8, 0x04, 0x00, 0x00, 0x00, 0x48, 0x8d, 0x8d, 0x14, 0xff, 0xff, 0xff,
  0x44, 0x89, 0xc2, 0xe8, 0x30, 0x24, 0x00, 0x00, 0x83, 0xf8, 0x00, 0x0f,
  0x8d, 0x18, 0x00, 0x00, 0x00, 0x48, 0x8d, 0x3d, 0x63, 0x42, 0x00, 0x00,
  0xe8, 0xfb, 0x24, 0x00, 0x00, 0xc7, 0x45, 0xfc, 0xff, 0xff, 0xff, 0xff,
  0xe9, 0xd6, 0x01, 0x00, 0x00, 0x48, 0x8d, 0x7d, 0xb8, 0x31, 0xf6, 0xba,
  0x10, 0x00, 0x00, 0x00, 0xe8, 0x4f, 0x21, 0x00, 0x00, 0xc6, 0x45, 0xb9,
  0x02, 0x31, 0xff, 0xe8, 0x54, 0x21, 0x00, 0x00, 0x89, 0x45, 0xbc, 0x0f,
  0xb7, 0x7d, 0xee, 0xe8, 0x58, 0x21, 0x00, 0x00, 0x66, 0x89, 0x45, 0xba,
  0x8b, 0xbd, 0x2c, 0xff, 0xff, 0xff, 0x48, 0x8d, 0x75, 0xb8, 0xba, 0x10,
  0x00, 0x00, 0x00, 0xe8, 0x50, 0x21, 0x00, 0x00, 0x83, 0xf8, 0x00, 0x0f,
  0x8d, 0x18, 0x00, 0x00, 0x00, 0x48, 0x8d, 0x3d, 0xb4, 0x40, 0x00, 0x00,
  0xe8, 0x9b, 0x24, 0x00, 0x00, 0xc7, 0x45, 0xfc, 0xff, 0xff, 0xff, 0xff,
  0xe9, 0x76, 0x01, 0x00, 0x00, 0x8b, 0xbd, 0x2c, 0xff, 0xff, 0xff, 0xbe,
  0x05, 0x00, 0x00, 0x00, 0xe8, 0x2f, 0x21, 0x00, 0x00, 0x83, 0xf8, 0x00,
  0x0f, 0x8d, 0x18, 0x00, 0x00, 0x00, 0x48, 0x8d, 0x3d, 0xfb, 0x3f, 0x00,
  0x00, 0xe8, 0x6a, 0x24, 0x00, 0x00, 0xc7, 0x45, 0xfc, 0xff, 0xff, 0xff,
  0xff, 0xe9, 0x45, 0x01, 0x00, 0x00, 0xe9, 0x00, 0x00, 0x00, 0x00, 0xe9,
  0x00, 0x00, 0x00, 0x00, 0x48, 0x8d, 0x85, 0x30, 0xff, 0xff, 0xff, 0x48,
  0x89, 0x85, 0x08, 0xff, 0xff, 0xff, 0xc7, 0x85, 0x10, 0xff, 0xff, 0xff,
  0x10, 0x00, 0x00, 0x00, 0x83, 0xbd, 0x10, 0xff, 0xff, 0xff, 0x00, 0x0f,
  0x84, 0x30, 0x00, 0x00, 0x00, 0x48, 0x8b, 0x85, 0x08, 0xff, 0xff, 0xff,
  0x48, 0x89, 0xc1, 0x48, 0x83, 0xc1, 0x08, 0x48, 0x89, 0x8d, 0x08, 0xff,
  0xff, 0xff, 0x48, 0xc7, 0x00, 0x00, 0x00, 0x00, 0x00, 0x8b, 0x85, 0x10,
  0xff, 0xff, 0xff, 0x83, 0xc0, 0xff, 0x89, 0x85, 0x10, 0xff, 0xff, 0xff,
  0xe9, 0xc3, 0xff, 0xff, 0xff, 0xe9, 0x00, 0x00, 0x00, 0x00, 0x48, 0x63,
  0x8d, 0x2c, 0xff, 0xff, 0xff, 0x48, 0x83, 0xe1, 0x3f, 0xb8, 0x01, 0x00,
  0x00, 0x00, 0x48, 0xd3, 0xe0, 0x48, 0x89, 0xc1, 0x48, 0x63, 0x85, 0x2c,
  0xff, 0xff, 0xff, 0x48, 0xc1, 0xe8, 0x06, 0x48, 0x0b, 0x8c, 0xc5, 0x30,
  0xff, 0xff, 0xff, 0x48, 0x89, 0x8c, 0xc5, 0x30, 0xff, 0xff, 0xff, 0x8b,
  0xbd, 0x2c, 0xff, 0xff, 0xff, 0x83, 0xc7, 0x01, 0x48, 0x8d, 0xb5, 0x30,
  0xff, 0xff, 0xff, 0x31, 0xc0, 0x41, 0x89, 0xc0, 0x4c, 0x89, 0xc2, 0x4c,
  0x89, 0xc1, 0xe8, 0xb9, 0x23, 0x00, 0x00, 0x83, 0xf8, 0x00, 0x0f, 0x8d,
  0x18, 0x00, 0x00, 0x00, 0x48, 0x8d, 0x3d, 0x8a, 0x40, 0x00, 0x00, 0xe8,
  0x94, 0x23, 0x00, 0x00, 0xc7, 0x45, 0xfc, 0xff, 0xff, 0xff, 0xff, 0xe9,
  0x6f, 0x00, 0x00, 0x00, 0x48, 0x63, 0x85, 0x2c, 0xff, 0xff, 0xff, 0x48,
  0xc1, 0xe8, 0x06, 0x48, 0x8b, 0x84, 0xc5, 0x30, 0xff, 0xff, 0xff, 0x48,
  0x63, 0x8d, 0x2c, 0xff, 0xff, 0xff, 0x48, 0x83, 0xe1, 0x3f, 0xba, 0x01,
  0x00, 0x00, 0x00, 0x48, 0xd3, 0xe2, 0x48, 0x89, 0xd1, 0x48, 0x21, 0xc8,
  0x48, 0x83, 0xf8, 0x00, 0x0f, 0x84, 0x34, 0x00, 0x00, 0x00, 0x48, 0x8b,
  0x7d, 0xf0, 0x8b, 0xb5, 0x2c, 0xff, 0xff, 0xff, 0xe8, 0x13, 0x02, 0x00,
  0x00, 0x83, 0xf8, 0x00, 0x0f, 0x8d, 0x17, 0x00, 0x00, 0x00, 0x8b, 0xbd,
  0x2c, 0xff, 0xff, 0xff, 0xe8, 0x7f, 0x1f, 0x00, 0x00, 0xc7, 0x45, 0xfc,
  0xff, 0xff, 0xff, 0xff, 0xe9, 0x0a, 0x00, 0x00, 0x00, 0xe9, 0x00, 0x00,
  0x00, 0x00, 0xe9, 0xc0, 0xfe, 0xff, 0xff, 0x8b, 0x45, 0xfc, 0x48, 0x81,
  0xc4, 0x00, 0x01, 0x00, 0x00, 0x5d, 0xc3, 0x66, 0x66, 0x66, 0x66, 0x2e,
  0x0f, 0x1f, 0x84, 0x00, 0x00, 0x00, 0x00, 0x00, 0x55, 0x48, 0x89, 0xe5,
  0x48, 0x81, 0xec, 0x20, 0x0d, 0x00, 0x00, 0x84, 0xc0, 0x0f, 0x84, 0x38,
  0x00, 0x00, 0x00, 0x0f, 0x29, 0x85, 0x10, 0xf3, 0xff, 0xff, 0x0f, 0x29,
  0x8d, 0x20, 0xf3, 0xff, 0xff, 0x0f, 0x29, 0x95, 0x30, 0xf3, 0xff, 0xff,
  0x0f, 0x29, 0x9d, 0x40, 0xf3, 0xff, 0xff, 0x0f, 0x29, 0xa5, 0x50, 0xf3,
  0xff, 0xff, 0x0f, 0x29, 0xad, 0x60, 0xf3, 0xff, 0xff, 0x0f, 0x29, 0xb5,
  0x70, 0xf3, 0xff, 0xff, 0x0f, 0x29, 0xbd, 0x80, 0xf3, 0xff, 0xff, 0x4c,
  0x89, 0x8d, 0x08, 0xf3, 0xff, 0xff, 0x4c, 0x89, 0x85, 0x00, 0xf3, 0xff,
  0xff, 0x48, 0x89, 0x8d, 0xf8, 0xf2, 0xff, 0xff, 0x48, 0x89, 0x95, 0xf0,
  0xf2, 0xff, 0xff, 0x48, 0x89, 0x7d, 0xf8, 0x48, 0x89, 0x75, 0xf0, 0x48,
  0x8d, 0xbd, 0xc0, 0xf3, 0xff, 0xff, 0x31, 0xf6, 0xba, 0x30, 0x0c, 0x00,
  0x00, 0xe8, 0xee, 0x1e, 0x00, 0x00, 0x48, 0x8d, 0x85, 0xa0, 0xf3, 0xff,
  0xff, 0x48, 0x8d, 0x8d, 0xe0, 0xf2, 0xff, 0xff, 0x48, 0x89, 0x48, 0x10,
  0x48, 0x8d, 0x4d, 0x10, 0x48, 0x89, 0x48, 0x08, 0xc7, 0x40, 0x04, 0x30,
  0x00, 0x00, 0x00, 0xc7, 0x00, 0x10, 0x00, 0x00, 0x00, 0x48, 0x8d, 0xbd,
  0xc0, 0xf3, 0xff, 0xff, 0x48, 0x83, 0xc7, 0x2d, 0x48, 0x8b, 0x75, 0xf0,
  0x48, 0x8d, 0x95, 0xa0, 0xf3, 0xff, 0xff, 0xe8, 0x7c, 0x21, 0x00, 0x00,
  0x89, 0x85, 0x9c, 0xf3, 0xff, 0xff, 0x8b, 0x85, 0x9c, 0xf3, 0xff, 0xff,
  0x83, 0xe8, 0x01, 0x89, 0x85, 0x98, 0xf3, 0xff, 0xff, 0x83, 0xbd, 0x9c,
  0xf3, 0xff, 0xff, 0x00, 0x0f, 0x8e, 0x27, 0x00, 0x00, 0x00, 0x48, 0x63,
  0x85, 0x98, 0xf3, 0xff, 0xff, 0x0f, 0xbe, 0x84, 0x05, 0xed, 0xf3, 0xff,
  0xff, 0x83, 0xf8, 0x0a, 0x0f, 0x85, 0x0f, 0x00, 0x00, 0x00, 0x48, 0x63,
  0x85, 0x98, 0xf3, 0xff, 0xff, 0xc6, 0x84, 0x05, 0xed, 0xf3, 0xff, 0xff,
  0x00, 0x48, 0x8d, 0x85, 0xa0, 0xf3, 0xff, 0xff, 0x48, 0x8d, 0xb5, 0xc0,
  0xf3, 0xff, 0xff, 0x48, 0x83, 0xc6, 0x2d, 0x48, 0x8d, 0x3d, 0x64, 0x3e,
  0x00, 0x00, 0xb0, 0x00, 0xe8, 0x83, 0x20, 0x00, 0x00, 0xc7, 0x85, 0xc0,
  0xf3, 0xff, 0xff, 0x00, 0x00, 0x00, 0x00, 0xc7, 0x85, 0xe8, 0xf3, 0xff,
  0xff, 0x00, 0x00, 0x00, 0x00, 0xc6, 0x85, 0xec, 0xf3, 0xff, 0xff, 0x01,
  0xc7, 0x85, 0xd0, 0xf3, 0xff, 0xff, 0xff, 0xff, 0xff, 0xff, 0x48, 0x83,
  0x7d, 0xf8, 0x00, 0x0f, 0x84, 0x31, 0x00, 0x00, 0x00, 0x48, 0x8b, 0x45,
  0xf8, 0x0f, 0xbe, 0x00, 0x83, 0xf8, 0x00, 0x0f, 0x84, 0x21, 0x00, 0x00,
  0x00, 0x48, 0x8d, 0xbd, 0xc0, 0xf3, 0xff, 0xff, 0x48, 0x81, 0xc7, 0x2d,
  0x04, 0x00, 0x00, 0x48, 0x8b, 0x75, 0xf8, 0xba, 0x00, 0x04, 0x00, 0x00,
  0xe8, 0xc7, 0x20, 0x00, 0x00, 0xe9, 0x1f, 0x00, 0x00, 0x00, 0x48, 0x8d,
  0xbd, 0xc0, 0xf3, 0xff, 0xff, 0x48, 0x81, 0xc7, 0x2d, 0x04, 0x00, 0x00,
  0x48, 0x8d, 0x35, 0xc3, 0x3c, 0x00, 0x00, 0xba, 0x26, 0x00, 0x00, 0x00,
  0xe8, 0xa3, 0x20, 0x00, 0x00, 0x48, 0x8d, 0xb5, 0xc0, 0xf3, 0xff, 0xff,
  0xba, 0x30, 0x0c, 0x00, 0x00, 0x31, 0xc9, 0x89, 0xcf, 0xe8, 0x9e, 0x20,
  0x00, 0x00, 0x48, 0x81, 0xc4, 0x20, 0x0d, 0x00, 0x00, 0x5d, 0xc3, 0x0f,
  0x1f, 0x44, 0x00, 0x00, 0x55, 0x48, 0x89, 0xe5, 0x48, 0x81, 0xec, 0xf0,
  0x01, 0x00, 0x00, 0x48, 0x89, 0x7d, 0xf0, 0x89, 0x75, 0xec, 0xc7, 0x85,
  0x44, 0xfe, 0xff, 0xff, 0x00, 0x00, 0x00, 0x00, 0x48, 0x8b, 0x7d, 0xf0,
  0x31, 0xf6, 0xb0, 0x00, 0xe8, 0x17, 0x1f, 0x00, 0x00, 0x89, 0x85, 0x48,
  0xfe, 0xff, 0xff, 0x83, 0xf8, 0x00, 0x0f, 0x8d, 0x18, 0x00, 0x00, 0x00,
  0x48, 0x8d, 0x3d, 0xc4, 0x39, 0x00, 0x00, 0xe8, 0xec, 0x20, 0x00, 0x00,
  0xc7, 0x45, 0xfc, 0xff, 0xff, 0xff, 0xff, 0xe9, 0xd4, 0x04, 0x00, 0x00,
  0xe9, 0x00, 0x00, 0x00, 0x00, 0x48, 0x8d, 0x85, 0xd0, 0xfe, 0xff, 0xff,
  0x48, 0x89, 0x85, 0x30, 0xfe, 0xff, 0xff, 0xc7, 0x85, 0x3c, 0xfe, 0xff,
  0xff, 0x10, 0x00, 0x00, 0x00, 0x83, 0xbd, 0x3c, 0xfe, 0xff, 0xff, 0x00,
  0x0f, 0x84, 0x30, 0x00, 0x00, 0x00, 0x48, 0x8b, 0x85, 0x30, 0xfe, 0xff,
  0xff, 0x48, 0x89, 0xc1, 0x48, 0x83, 0xc1, 0x08, 0x48, 0x89, 0x8d, 0x30,
  0xfe, 0xff, 0xff, 0x48, 0xc7, 0x00, 0x00, 0x00, 0x00, 0x00, 0x8b, 0x85,
  0x3c, 0xfe, 0xff, 0xff, 0x83, 0xc0, 0xff, 0x89, 0x85, 0x3c, 0xfe, 0xff,
  0xff, 0xe9, 0xc3, 0xff, 0xff, 0xff, 0xe9, 0x00, 0x00, 0x00, 0x00, 0xe9,
  0x00, 0x00, 0x00, 0x00, 0x48, 0x8d, 0x85, 0x50, 0xff, 0xff, 0xff, 0x48,
  0x89, 0x85, 0x20, 0xfe, 0xff, 0xff, 0xc7, 0x85, 0x2c, 0xfe, 0xff, 0xff,
  0x10, 0x00, 0x00, 0x00, 0x83, 0xbd, 0x2c, 0xfe, 0xff, 0xff, 0x00, 0x0f,
  0x84, 0x30, 0x00, 0x00, 0x00, 0x48, 0x8b, 0x85, 0x20, 0xfe, 0xff, 0xff,
  0x48, 0x89, 0xc1, 0x48, 0x83, 0xc1, 0x08, 0x48, 0x89, 0x8d, 0x20, 0xfe,
  0xff, 0xff, 0x48, 0xc7, 0x00, 0x00, 0x00, 0x00, 0x00, 0x8b, 0x85, 0x2c,
  0xfe, 0xff, 0xff, 0x83, 0xc0, 0xff, 0x89, 0x85, 0x2c, 0xfe, 0xff, 0xff,
  0xe9, 0xc3, 0xff, 0xff, 0xff, 0xe9, 0x00, 0x00, 0x00, 0x00, 0x48, 0x63,
  0x4d, 0xec, 0x48, 0x83, 0xe1, 0x3f, 0xb8, 0x01, 0x00, 0x00, 0x00, 0x48,
  0xd3, 0xe0, 0x48, 0x89, 0xc1, 0x48, 0x63, 0x45, 0xec, 0x48, 0xc1, 0xe8,
  0x06, 0x48, 0x0b, 0x8c, 0xc5, 0xd0, 0xfe, 0xff, 0xff, 0x48, 0x89, 0x8c,
  0xc5, 0xd0, 0xfe, 0xff, 0xff, 0x48, 0x63, 0x8d, 0x48, 0xfe, 0xff, 0xff,
  0x48, 0x83, 0xe1, 0x3f, 0xb8, 0x01, 0x00, 0x00, 0x00, 0x48, 0xd3, 0xe0,
  0x48, 0x89, 0xc1, 0x48, 0x63, 0x85, 0x48, 0xfe, 0xff, 0xff, 0x48, 0xc1,
  0xe8, 0x06, 0x48, 0x0b, 0x8c, 0xc5, 0xd0, 0xfe, 0xff, 0xff, 0x48, 0x89,
  0x8c, 0xc5, 0xd0, 0xfe, 0xff, 0xff, 0x48, 0xc7, 0x45, 0xd8, 0x00, 0x00,
  0x00, 0x00, 0x48, 0xc7, 0x45, 0xe0, 0x10, 0x27, 0x00, 0x00, 0x48, 0xc7,
  0x45, 0xd0, 0x00, 0x00, 0x00, 0x00, 0x0f, 0x10, 0x85, 0x40, 0xff, 0xff,
  0xff, 0x0f, 0x29, 0x85, 0xc0, 0xfe, 0xff, 0xff, 0x0f, 0x10, 0x85, 0x30,
  0xff, 0xff, 0xff, 0x0f, 0x29, 0x85, 0xb0, 0xfe, 0xff, 0xff, 0x0f, 0x10,
  0x85, 0x20, 0xff, 0xff, 0xff, 0x0f, 0x29, 0x85, 0xa0, 0xfe, 0xff, 0xff,
  0x0f, 0x10, 0x85, 0x10, 0xff, 0xff, 0xff, 0x0f, 0x29, 0x85, 0x90, 0xfe,
  0xff, 0xff, 0x0f, 0x10, 0x85, 0xd0, 0xfe, 0xff, 0xff, 0x0f, 0x10, 0x8d,
  0xe0, 0xfe, 0xff, 0xff, 0x0f, 0x10, 0x95, 0xf0, 0xfe, 0xff, 0xff, 0x0f,
  0x10, 0x9d, 0x00, 0xff, 0xff, 0xff, 0x0f, 0x29, 0x9d, 0x80, 0xfe, 0xff,
  0xff, 0x0f, 0x29, 0x95, 0x70, 0xfe, 0xff, 0xff, 0x0f, 0x29, 0x8d, 0x60,
  0xfe, 0xff, 0xff, 0x0f, 0x29, 0x85, 0x50, 0xfe, 0xff, 0xff, 0x31, 0xc0,
  0x89, 0xc1, 0xbf, 0x00, 0x04, 0x00, 0x00, 0x48, 0x8d, 0xb5, 0x50, 0xfe,
  0xff, 0xff, 0x4c, 0x8d, 0x45, 0xd8, 0x48, 0x89, 0xca, 0xe8, 0x32, 0x1f,
  0x00, 0x00, 0x89, 0xc1, 0x89, 0x8d, 0x1c, 0xfe, 0xff, 0xff, 0x83, 0xe8,
  0xff, 0x0f, 0x84, 0x1d, 0x00, 0x00, 0x00, 0xe9, 0x00, 0x00, 0x00, 0x00,
  0x8b, 0x85, 0x1c, 0xfe, 0xff, 0xff, 0x85, 0xc0, 0x0f, 0x85, 0x2d, 0x00,
  0x00, 0x00, 0xe9, 0x00, 0x00, 0x00, 0x00, 0xe9, 0x20, 0x02, 0x00, 0x00,
  0x48, 0x8d, 0x3d, 0xde, 0x3b, 0x00, 0x00, 0xe8, 0xe8, 0x1e, 0x00, 0x00,
  0x8b, 0xbd, 0x48, 0xfe, 0xff, 0xff, 0xe8, 0x2d, 0x1b, 0x00, 0x00, 0xc7,
  0x45, 0xfc, 0xff, 0xff, 0xff, 0xff, 0xe9, 0xc5, 0x02, 0x00, 0x00, 0x48,
  0x63, 0x45, 0xec, 0x48, 0xc1, 0xe8, 0x06, 0x48, 0x8b, 0x84, 0xc5, 0x50,
  0xfe, 0xff, 0xff, 0x48, 0x63, 0x4d, 0xec, 0x48, 0x83, 0xe1, 0x3f, 0xba,
  0x01, 0x00, 0x00, 0x00, 0x48, 0xd3, 0xe2, 0x48, 0x89, 0xd1, 0x48, 0x21,
  0xc8, 0x48, 0x83, 0xf8, 0x00, 0x0f, 0x84, 0x76, 0x00, 0x00, 0x00, 0x8b,
  0x7d, 0xec, 0x31, 0xc0, 0x89, 0xc2, 0x48, 0x89, 0xd6, 0xe8, 0x62, 0x1c,
  0x00, 0x00, 0x89, 0x85, 0x4c, 0xfe, 0xff, 0xff, 0x83, 0xf8, 0x00, 0x0f,
  0x8d, 0x1b, 0x00, 0x00, 0x00, 0x48, 0x8d, 0x3d, 0x06, 0x3d, 0x00, 0x00,
  0xe8, 0x77, 0x1e, 0x00, 0x00, 0xc7, 0x85, 0x44, 0xfe, 0xff, 0xff, 0xff,
  0xff, 0xff, 0xff, 0xe9, 0x9f, 0x01, 0x00, 0x00, 0x48, 0x63, 0x8d, 0x4c,
  0xfe, 0xff, 0xff, 0x48, 0x83, 0xe1, 0x3f, 0xb8, 0x01, 0x00, 0x00, 0x00,
  0x48, 0xd3, 0xe0, 0x48, 0x89, 0xc1, 0x48, 0x63, 0x85, 0x4c, 0xfe, 0xff,
  0xff, 0x48, 0xc1, 0xe8, 0x06, 0x48, 0x0b, 0x8c, 0xc5, 0x50, 0xff, 0xff,
  0xff, 0x48, 0x89, 0x8c, 0xc5, 0x50, 0xff, 0xff, 0xff, 0x48, 0x8b, 0x45,
  0xd0, 0x48, 0x83, 0xc0, 0x01, 0x48, 0x89, 0x45, 0xd0, 0x48, 0x63, 0x85,
  0x48, 0xfe, 0xff, 0xff, 0x48, 0xc1, 0xe8, 0x06, 0x48, 0x8b, 0x84, 0xc5,
  0x50, 0xfe, 0xff, 0xff, 0x48, 0x63, 0x8d, 0x48, 0xfe, 0xff, 0xff, 0x48,
  0x83, 0xe1, 0x3f, 0xba, 0x01, 0x00, 0x00, 0x00, 0x48, 0xd3, 0xe2, 0x48,
  0x89, 0xd1, 0x48, 0x21, 0xc8, 0x48, 0x83, 0xf8, 0x00, 0x0f, 0x84, 0x1c,
  0x01, 0x00, 0x00, 0x8b, 0xbd, 0x48, 0xfe, 0xff, 0xff, 0x48, 0x8d, 0xb5,
  0x43, 0xfe, 0xff, 0xff, 0xba, 0x01, 0x00, 0x00, 0x00, 0xe8, 0x0e, 0x1c,
  0x00, 0x00, 0x48, 0x83, 0xf8, 0x01, 0x0f, 0x84, 0x1b, 0x00, 0x00, 0x00,
  0x48, 0x8d, 0x3d, 0x94, 0x38, 0x00, 0x00, 0xe8, 0xc8, 0x1d, 0x00, 0x00,
  0xc7, 0x85, 0x44, 0xfe, 0xff, 0xff, 0xff, 0xff, 0xff, 0xff, 0xe9, 0xf0,
  0x00, 0x00, 0x00, 0xc7, 0x85, 0x4c, 0xfe, 0xff, 0xff, 0x00, 0x00, 0x00,
  0x00, 0x81, 0xbd, 0x4c, 0xfe, 0xff, 0xff, 0x00, 0x04, 0x00, 0x00, 0x0f,
  0x8d, 0xc1, 0x00, 0x00, 0x00, 0x48, 0x63, 0x85, 0x4c, 0xfe, 0xff, 0xff,
  0x48, 0xc1, 0xe8, 0x06, 0x48, 0x8b, 0x84, 0xc5, 0x50, 0xff, 0xff, 0xff,
  0x48, 0x63, 0x8d, 0x4c, 0xfe, 0xff, 0xff, 0x48, 0x83, 0xe1, 0x3f, 0xba,
  0x01, 0x00, 0x00, 0x00, 0x48, 0xd3, 0xe2, 0x48, 0x89, 0xd1, 0x48, 0x21,
  0xc8, 0x48, 0x83, 0xf8, 0x00, 0x0f, 0x84, 0x72, 0x00, 0x00, 0x00, 0x8b,
  0xbd, 0x4c, 0xfe, 0xff, 0xff, 0x48, 0x8d, 0xb5, 0x43, 0xfe, 0xff, 0xff,
  0xba, 0x01, 0x00, 0x00, 0x00, 0xe8, 0x52, 0x1a, 0x00, 0x00, 0x48, 0x83,
  0xf8, 0x01, 0x0f, 0x84, 0x4c, 0x00, 0x00, 0x00, 0x48, 0x63, 0x8d, 0x4c,
  0xfe, 0xff, 0xff, 0x48, 0x83, 0xe1, 0x3f, 0xb8, 0x01, 0x00, 0x00, 0x00,
  0x48, 0xd3, 0xe0, 0x48, 0x89, 0xc1, 0x48, 0x83, 0xf1, 0xff, 0x48, 0x63,
  0x85, 0x4c, 0xfe, 0xff, 0xff, 0x48, 0xc1, 0xe8, 0x06, 0x48, 0x23, 0x8c,
  0xc5, 0x50, 0xff, 0xff, 0xff, 0x48, 0x89, 0x8c, 0xc5, 0x50, 0xff, 0xff,
  0xff, 0x8b, 0xbd, 0x4c, 0xfe, 0xff, 0xff, 0xe8, 0x58, 0x19, 0x00, 0x00,
  0x48, 0x8b, 0x45, 0xd0, 0x48, 0x83, 0xc0, 0xff, 0x48, 0x89, 0x45, 0xd0,
  0xe9, 0x00, 0x00, 0x00, 0x00, 0xe9, 0x00, 0x00, 0x00, 0x00, 0x8b, 0x85,
  0x4c, 0xfe, 0xff, 0xff, 0x83, 0xc0, 0x01, 0x89, 0x85, 0x4c, 0xfe, 0xff,
  0xff, 0xe9, 0x2f, 0xff, 0xff, 0xff, 0xe9, 0x00, 0x00, 0x00, 0x00, 0xe9,
  0x00, 0x00, 0x00, 0x00, 0x48, 0x83, 0x7d, 0xd0, 0x00, 0x0f, 0x87, 0x1b,
  0xfd, 0xff, 0xff, 0xc7, 0x85, 0x4c, 0xfe, 0xff, 0xff, 0x00, 0x00, 0x00,
  0x00, 0x81, 0xbd, 0x4c, 0xfe, 0xff, 0xff, 0x00, 0x04, 0x00, 0x00, 0x0f,
  0x8d, 0x8f, 0x00, 0x00, 0x00, 0x48, 0x63, 0x85, 0x4c, 0xfe, 0xff, 0xff,
  0x48, 0xc1, 0xe8, 0x06, 0x48, 0x8b, 0x84, 0xc5, 0x50, 0xff, 0xff, 0xff,
  0x48, 0x63, 0x8d, 0x4c, 0xfe, 0xff, 0xff, 0x48, 0x83, 0xe1, 0x3f, 0xba,
  0x01, 0x00, 0x00, 0x00, 0x48, 0xd3, 0xe2, 0x48, 0x89, 0xd1, 0x48, 0x21,
  0xc8, 0x48, 0x83, 0xf8, 0x00, 0x0f, 0x84, 0x40, 0x00, 0x00, 0x00, 0x48,
  0x63, 0x8d, 0x4c, 0xfe, 0xff, 0xff, 0x48, 0x83, 0xe1, 0x3f, 0xb8, 0x01,
  0x00, 0x00, 0x00, 0x48, 0xd3, 0xe0, 0x48, 0x89, 0xc1, 0x48, 0x83, 0xf1,
  0xff, 0x48, 0x63, 0x85, 0x4c, 0xfe, 0xff, 0xff, 0x48, 0xc1, 0xe8, 0x06,
  0x48, 0x23, 0x8c, 0xc5, 0x50, 0xff, 0xff, 0xff, 0x48, 0x89, 0x8c, 0xc5,
  0x50, 0xff, 0xff, 0xff, 0x8b, 0xbd, 0x4c, 0xfe, 0xff, 0xff, 0xe8, 0x89,
  0x18, 0x00, 0x00, 0xe9, 0x00, 0x00, 0x00, 0x00, 0x8b, 0x85, 0x4c, 0xfe,
  0xff, 0xff, 0x83, 0xc0, 0x01, 0x89, 0x85, 0x4c, 0xfe, 0xff, 0xff, 0xe9,
  0x61, 0xff, 0xff, 0xff, 0x8b, 0xbd, 0x48, 0xfe, 0xff, 0xff, 0xe8, 0x65,
  0x18, 0x00, 0x00, 0x8b, 0x85, 0x44, 0xfe, 0xff, 0xff, 0x89, 0x45, 0xfc,
  0x8b, 0x45, 0xfc, 0x48, 0x81, 0xc4, 0xf0, 0x01, 0x00, 0x00, 0x5d, 0xc3,
  0x55, 0x48, 0x89, 0xe5, 0x48, 0x83, 0xec, 0x10, 0x48, 0x89, 0x7d, 0xf8,
  0x48, 0x8d, 0x3d, 0x5d, 0xd0, 0x00, 0x00, 0xe8, 0xb8, 0x04, 0x00, 0x00,
  0x48, 0x8d, 0x3d, 0xa1, 0xd0, 0x00, 0x00, 0x48, 0x8d, 0x35, 0x4a, 0xd0,
  0x00, 0x00, 0xba, 0x50, 0x00, 0x00, 0x00, 0xe8, 0x20, 0x1b, 0x00, 0x00,
  0x48, 0x8d, 0x3d, 0x89, 0xd0, 0x00, 0x00, 0xe8, 0x24, 0x06, 0x00, 0x00,
  0x48, 0x8d, 0x3d, 0x7d, 0xd0, 0x00, 0x00, 0xe8, 0x18, 0x08, 0x00, 0x00,
  0xe8, 0x33, 0x00, 0x00, 0x00, 0x83, 0xf8, 0x00, 0x0f, 0x84, 0x0a, 0x00,
  0x00, 0x00, 0xe8, 0x05, 0xe9, 0xff, 0xff, 0xe9, 0x15, 0x00, 0x00, 0x00,
  0x48, 0x8d, 0x3d, 0xff, 0x36, 0x00, 0x00, 0x48, 0x8d, 0x35, 0xf9, 0x34,
  0x00, 0x00, 0xb0, 0x00, 0xe8, 0x6b, 0x00, 0x00, 0x00, 0x31, 0xc0, 0x48,
  0x83, 0xc4, 0x10, 0x5d, 0xc3, 0x0f, 0x1f, 0x00, 0x55, 0x48, 0x89, 0xe5,
  0x48, 0x83, 0xec, 0x10, 0x48, 0x8d, 0x3d, 0xd3, 0x33, 0x00, 0x00, 0x48,
  0x8d, 0x35, 0x67, 0x3a, 0x00, 0x00, 0xe8, 0x85, 0x1b, 0x00, 0x00, 0x48,
  0x89, 0x45, 0xf0, 0x48, 0x83, 0x7d, 0xf0, 0x00, 0x0f, 0x85, 0x0c, 0x00,
  0x00, 0x00, 0xc7, 0x45, 0xfc, 0x00, 0x00, 0x00, 0x00, 0xe9, 0x1c, 0x00,
  0x00, 0x00, 0x48, 0x8b, 0x7d, 0xf0, 0xe8, 0x71, 0x1b, 0x00, 0x00, 0x48,
  0x8d, 0x3d, 0x9c, 0x33, 0x00, 0x00, 0xe8, 0x95, 0x18, 0x00, 0x00, 0xc7,
  0x45, 0xfc, 0x01, 0x00, 0x00, 0x00, 0x8b, 0x45, 0xfc, 0x48, 0x83, 0xc4,
  0x10, 0x5d, 0xc3, 0x0f, 0x1f, 0x44, 0x00, 0x00, 0x55, 0x48, 0x89, 0xe5,
  0x48, 0x81, 0xec, 0x20, 0x0d, 0x00, 0x00, 0x84, 0xc0, 0x0f, 0x84, 0x38,
  0x00, 0x00, 0x00, 0x0f, 0x29, 0x85, 0x10, 0xf3, 0xff, 0xff, 0x0f, 0x29,
  0x8d, 0x20, 0xf3, 0xff, 0xff, 0x0f, 0x29, 0x95, 0x30, 0xf3, 0xff, 0xff,
  0x0f, 0x29, 0x9d, 0x40, 0xf3, 0xff, 0xff, 0x0f, 0x29, 0xa5, 0x50, 0xf3,
  0xff, 0xff, 0x0f, 0x29, 0xad, 0x60, 0xf3, 0xff, 0xff, 0x0f, 0x29, 0xb5,
  0x70, 0xf3, 0xff, 0xff, 0x0f, 0x29, 0xbd, 0x80, 0xf3, 0xff, 0xff, 0x4c,
  0x89, 0x8d, 0x08, 0xf3, 0xff, 0xff, 0x4c, 0x89, 0x85, 0x00, 0xf3, 0xff,
  0xff, 0x48, 0x89, 0x8d, 0xf8, 0xf2, 0xff, 0xff, 0x48, 0x89, 0x95, 0xf0,
  0xf2, 0xff, 0xff, 0x48, 0x89, 0x7d, 0xf8, 0x48, 0x89, 0x75, 0xf0, 0x48,
  0x8d, 0xbd, 0xc0, 0xf3, 0xff, 0xff, 0x31, 0xf6, 0xba, 0x30, 0x0c, 0x00,
  0x00, 0xe8, 0x0e, 0x17, 0x00, 0x00, 0x48, 0x8d, 0x85, 0xa0, 0xf3, 0xff,
  0xff, 0x48, 0x8d, 0x8d, 0xe0, 0xf2, 0xff, 0xff, 0x48, 0x89, 0x48, 0x10,
  0x48, 0x8d, 0x4d, 0x10, 0x48, 0x89, 0x48, 0x08, 0xc7, 0x40, 0x04, 0x30,
  0x00, 0x00, 0x00, 0xc7, 0x00, 0x10, 0x00, 0x00, 0x00, 0x48, 0x8d, 0xbd,
  0xc0, 0xf3, 0xff, 0xff, 0x48, 0x83, 0xc7, 0x2d, 0x48, 0x8b, 0x75, 0xf0,
  0x48, 0x8d, 0x95, 0xa0, 0xf3, 0xff, 0xff, 0xe8, 0x9c, 0x19, 0x00, 0x00,
  0x89, 0x85, 0x9c, 0xf3, 0xff, 0xff, 0x8b, 0x85, 0x9c, 0xf3, 0xff, 0xff,
  0x83, 0xe8, 0x01, 0x89, 0x85, 0x98, 0xf3, 0xff, 0xff, 0x83, 0xbd, 0x9c,
  0xf3, 0xff, 0xff, 0x00, 0x0f, 0x8e, 0x27, 0x00, 0x00, 0x00, 0x48, 0x63,
  0x85, 0x98, 0xf3, 0xff, 0xff, 0x0f, 0xbe, 0x84, 0x05, 0xed, 0xf3, 0xff,
  0xff, 0x83, 0xf8, 0x0a, 0x0f, 0x85, 0x0f, 0x00, 0x00, 0x00, 0x48, 0x63,
  0x85, 0x98, 0xf3, 0xff, 0xff, 0xc6, 0x84, 0x05, 0xed, 0xf3, 0xff, 0xff,
  0x00, 0x48, 0x8d, 0x85, 0xa0, 0xf3, 0xff, 0xff, 0x48, 0x8d, 0xb5, 0xc0,
  0xf3, 0xff, 0xff, 0x48, 0x83, 0xc6, 0x2d, 0x48, 0x8d, 0x3d, 0x84, 0x36,
  0x00, 0x00, 0xb0, 0x00, 0xe8, 0xa3, 0x18, 0x00, 0x00, 0xc7, 0x85, 0xc0,
  0xf3, 0xff, 0xff, 0x00, 0x00, 0x00, 0x00, 0xc7, 0x85, 0xe8, 0xf3, 0xff,
  0xff, 0x00, 0x00, 0x00, 0x00, 0xc6, 0x85, 0xec, 0xf3, 0xff, 0xff, 0x01,
  0xc7, 0x85, 0xd0, 0xf3, 0xff, 0xff, 0xff, 0xff, 0xff, 0xff, 0x48, 0x83,
  0x7d, 0xf8, 0x00, 0x0f, 0x84, 0x31, 0x00, 0x00, 0x00, 0x48, 0x8b, 0x45,
  0xf8, 0x0f, 0xbe, 0x00, 0x83, 0xf8, 0x00, 0x0f, 0x84, 0x21, 0x00, 0x00,
  0x00, 0x48, 0x8d, 0xbd, 0xc0, 0xf3, 0xff, 0xff, 0x48, 0x81, 0xc7, 0x2d,
  0x04, 0x00, 0x00, 0x48, 0x8b, 0x75, 0xf8, 0xba, 0x00, 0x04, 0x00, 0x00,
  0xe8, 0xe7, 0x18, 0x00, 0x00, 0xe9, 0x1f, 0x00, 0x00, 0x00, 0x48, 0x8d,
  0xbd, 0xc0, 0xf3, 0xff, 0xff, 0x48, 0x81, 0xc7, 0x2d, 0x04, 0x00, 0x00,
  0x48, 0x8d, 0x35, 0xe3, 0x34, 0x00, 0x00, 0xba, 0x26, 0x00, 0x00, 0x00,
  0xe8, 0xc3, 0x18, 0x00, 0x00, 0x48, 0x8d, 0xb5, 0xc0, 0xf3, 0xff, 0xff,
  0xba, 0x30, 0x0c, 0x00, 0x00, 0x31, 0xc9, 0x89, 0xcf, 0xe8, 0xbe, 0x18,
  0x00, 0x00, 0x48, 0x81, 0xc4, 0x20, 0x0d, 0x00, 0x00, 0x5d, 0xc3, 0x0f,
  0x1f, 0x44, 0x00, 0x00, 0x55, 0x48, 0x89, 0xe5, 0x48, 0x83, 0xec, 0x20,
  0x48, 0x89, 0x7d, 0xf8, 0x48, 0xc7, 0x45, 0xf0, 0x00, 0x00, 0x00, 0x00,
  0x48, 0xc7, 0x45, 0xe8, 0x00, 0x00, 0x00, 0x00, 0x48, 0x8d, 0x7d, 0xf0,
  0x31, 0xc0, 0x89, 0xc1, 0x48, 0x8d, 0x15, 0xb5, 0xf1, 0xff, 0xff, 0x48,
  0x89, 0xce, 0xe8, 0x4d, 0x18, 0x00, 0x00, 0x48, 0x8d, 0x7d, 0xe8, 0x31,
  0xc0, 0x89, 0xc1, 0x48, 0x8d, 0x15, 0x0e, 0xfd, 0xff, 0xff, 0x48, 0x89,
  0xce, 0xe8, 0x36, 0x18, 0x00, 0x00, 0xbf, 0x3c, 0x00, 0x00, 0x00, 0xe8,
  0xbc, 0x17, 0x00, 0x00, 0xe9, 0xf1, 0xff, 0xff, 0xff, 0xcc, 0xcc, 0xcc,
  0xcc, 0xcc, 0xcc, 0xcc, 0x48, 0xc7, 0xc0, 0x05, 0x00, 0x00, 0x00, 0x49,
  0x89, 0xca, 0x0f, 0x05, 0xc3, 0x48, 0xc7, 0xc0, 0x06, 0x00, 0x00, 0x00,
  0x49, 0x89, 0xca, 0x0f, 0x05, 0xc3, 0x66, 0x0f, 0x1f, 0x44, 0x00, 0x00,
  0x55, 0x48, 0x89, 0xe5, 0x48, 0x83, 0x3d, 0xd4, 0xcd, 0x00, 0x00, 0x00,
  0x0f, 0x85, 0x05, 0x00, 0x00, 0x00, 0xe8, 0x09, 0x00, 0x00, 0x00, 0x48,
  0x8b, 0x05, 0xc2, 0xcd, 0x00, 0x00, 0x5d, 0xc3, 0x55, 0x48, 0x89, 0xe5,
  0x48, 0x83, 0xec, 0x40, 0xe8, 0xd3, 0x0e, 0x00, 0x00, 0x48, 0x89, 0x45,
  0xf0, 0x48, 0x8b, 0x7d, 0xf0, 0x48, 0x83, 0xc7, 0x08, 0xbe, 0x01, 0x00,
  0x00, 0x00, 0xe8, 0x9d, 0x12, 0x00, 0x00, 0x48, 0x89, 0x45, 0xe8, 0x48,
  0x8d, 0x7d, 0xe4, 0x48, 0x8b, 0x75, 0xe8, 0x48, 0x81, 0xc6, 0xb0, 0x00,
  0x00, 0x00, 0xba, 0x04, 0x00, 0x00, 0x00, 0xb9, 0x01, 0x00, 0x00, 0x00,
  0xe8, 0xbb, 0x0e, 0x00, 0x00, 0x83, 0xf8, 0x00, 0x0f, 0x84, 0x05, 0x00,
  0x00, 0x00, 0xe9, 0xb5, 0xff, 0xff, 0xff, 0x83, 0x7d, 0xe4, 0x01, 0x0f,
  0x85, 0x05, 0x00, 0x00, 0x00, 0xe9, 0x48, 0x00, 0x00, 0x00, 0x48, 0x8b,
  0x7d, 0xe8, 0xbe, 0x01, 0x00, 0x00, 0x00, 0xe8, 0x50, 0x12, 0x00, 0x00,
  0x48, 0x89, 0x45, 0xd8, 0x48, 0x8b, 0x7d, 0xd8, 0x48, 0x83, 0xc7, 0x08,
  0xbe, 0x01, 0x00, 0x00, 0x00, 0xe8, 0x3a, 0x12, 0x00, 0x00, 0x48, 0x89,
  0x45, 0xd0, 0x48, 0x8b, 0x45, 0xd0, 0x48, 0x3b, 0x45, 0xe8, 0x0f, 0x84,
  0x05, 0x00, 0x00, 0x00, 0xe9, 0x6b, 0xff, 0xff, 0xff, 0x48, 0x8b, 0x45,
  0xd8, 0x48, 0x89, 0x45, 0xe8, 0xe9, 0x7d, 0xff, 0xff, 0xff, 0x48, 0x8b,
  0x7d, 0xe8, 0x48, 0x83, 0xc7, 0x40, 0xbe, 0x01, 0x00, 0x00, 0x00, 0xe8,
  0x04, 0x12, 0x00, 0x00, 0x48, 0x89, 0x45, 0xc8, 0x48, 0x8b, 0x7d, 0xe8,
  0x48, 0x83, 0xc7, 0x48, 0xbe, 0x01, 0x00, 0x00, 0x00, 0xe8, 0xee, 0x11,
  0x00, 0x00, 0x48, 0x89, 0x45, 0xc0, 0x48, 0x8b, 0x75, 0xc8, 0x48, 0x83,
  0xc6, 0x30, 0x48, 0x8d, 0x3d, 0xdb, 0xcc, 0x00, 0x00, 0xba, 0x08, 0x00,
  0x00, 0x00, 0xb9, 0x01, 0x00, 0x00, 0x00, 0xe8, 0x0c, 0x0e, 0x00, 0x00,
  0x83, 0xf8, 0x00, 0x0f, 0x84, 0x0c, 0x00, 0x00, 0x00, 0xc7, 0x45, 0xfc,
  0xff, 0xff, 0xff, 0xff, 0xe9, 0x45, 0x00, 0x00, 0x00, 0x48, 0x8b, 0x75,
  0xc0, 0x48, 0x83, 0xc6, 0x18, 0x48, 0x8d, 0x3d, 0xb0, 0xcc, 0x00, 0x00,
  0xba, 0x08, 0x00, 0x00, 0x00, 0xb9, 0x01, 0x00, 0x00, 0x00, 0xe8, 0xd9,
  0x0d, 0x00, 0x00, 0x83, 0xf8, 0x00, 0x0f, 0x84, 0x17, 0x00, 0x00, 0x00,
  0x48, 0xc7, 0x05, 0x85, 0xcc, 0x00, 0x00, 0x00, 0x00, 0x00, 0x00, 0xc7,
  0x45, 0xfc, 0xff, 0xff, 0xff, 0xff, 0xe9, 0x07, 0x00, 0x00, 0x00, 0xc7,
  0x45, 0xfc, 0x00, 0x00, 0x00, 0x00, 0x8b, 0x45, 0xfc, 0x48, 0x83, 0xc4,
  0x40, 0x5d, 0xc3, 0x66, 0x0f, 0x1f, 0x84, 0x00, 0x00, 0x00, 0x00, 0x00,
  0x55, 0x48, 0x89, 0xe5, 0x48, 0x83, 0x3d, 0x5c, 0xcc, 0x00, 0x00, 0x00,
  0x0f, 0x85, 0x05, 0x00, 0x00, 0x00, 0xe8, 0x89, 0xfe, 0xff, 0xff, 0x48,
  0x8b, 0x05, 0x4a, 0xcc, 0x00, 0x00, 0x5d, 0xc3, 0x55, 0x48, 0x89, 0xe5,
  0x48, 0x83, 0xec, 0x30, 0x48, 0x89, 0x7d, 0xf0, 0xe8, 0x4f, 0x0d, 0x00,
  0x00, 0x48, 0x89, 0x45, 0xe8, 0x48, 0x8b, 0x7d, 0xe8, 0x48, 0x83, 0xc7,
  0x08, 0xbe, 0x01, 0x00, 0x00, 0x00, 0xe8, 0x19, 0x11, 0x00, 0x00, 0x48,
  0x89, 0x45, 0xe0, 0x48, 0x8b, 0x7d, 0xe0, 0x48, 0x83, 0xc7, 0x40, 0xbe,
  0x01, 0x00, 0x00, 0x00, 0xe8, 0x03, 0x11, 0x00, 0x00, 0x48, 0x89, 0x45,
  0xd8, 0x48, 0x8b, 0x7d, 0xe0, 0x48, 0x83, 0xc7, 0x48, 0xbe, 0x01, 0x00,
  0x00, 0x00, 0xe8, 0xed, 0x10, 0x00, 0x00, 0x48, 0x89, 0x45, 0xd0, 0x48,
  0x8b, 0x7d, 0xf0, 0x48, 0x8b, 0x75, 0xf0, 0x48, 0x83, 0xc6, 0x08, 0x48,
  0x83, 0xc6, 0x04, 0x48, 0x8b, 0x55, 0xd8, 0x48, 0x83, 0xc2, 0x04, 0xe8,
  0xdc, 0x00, 0x00, 0x00, 0x83, 0xf8, 0x00, 0x0f, 0x85, 0xa8, 0x00, 0x00,
  0x00, 0x48, 0x8b, 0x7d, 0xf0, 0x48, 0x83, 0xc7, 0x0c, 0x48, 0x8b, 0x75,
  0xf0, 0x48, 0x83, 0xc6, 0x10, 0x48, 0x83, 0xc6, 0x04, 0x48, 0x8b, 0x55,
  0xd8, 0x48, 0x83, 0xc2, 0x14, 0xe8, 0xb2, 0x00, 0x00, 0x00, 0x83, 0xf8,
  0x00, 0x0f, 0x85, 0x7e, 0x00, 0x00, 0x00, 0x48, 0x8b, 0x7d, 0xf0, 0x48,
  0x83, 0xc7, 0x18, 0x48, 0x8b, 0x75, 0xf0, 0x48, 0x83, 0xc6, 0x18, 0x48,
  0x83, 0xc6, 0x08, 0x48, 0x8b, 0x55, 0xd8, 0x48, 0x83, 0xc2, 0x30, 0xe8,
  0x88, 0x00, 0x00, 0x00, 0x83, 0xf8, 0x00, 0x0f, 0x85, 0x54, 0x00, 0x00,
  0x00, 0x48, 0x8b, 0x7d, 0xf0, 0x48, 0x83, 0xc7, 0x20, 0x48, 0x8b, 0x75,
  0xf0, 0x48, 0x83, 0xc6, 0x30, 0x48, 0x83, 0xc6, 0x08, 0x48, 0x8b, 0x55,
  0xd0, 0x48, 0x83, 0xc2, 0x10, 0xe8, 0x5e, 0x00, 0x00, 0x00, 0x83, 0xf8,
  0x00, 0x0f, 0x85, 0x2a, 0x00, 0x00, 0x00, 0x48, 0x8b, 0x7d, 0xf0, 0x48,
  0x83, 0xc7, 0x38, 0x48, 0x8b, 0x75, 0xf0, 0x48, 0x83, 0xc6, 0x48, 0x48,
  0x83, 0xc6, 0x08, 0x48, 0x8b, 0x55, 0xd8, 0x48, 0x83, 0xc2, 0x58, 0xe8,
  0x34, 0x00, 0x00, 0x00, 0x83, 0xf8, 0x00, 0x0f, 0x84, 0x0c, 0x00, 0x00,
  0x00, 0xc7, 0x45, 0xfc, 0xff, 0xff, 0xff, 0xff, 0xe9, 0x07, 0x00, 0x00,
  0x00, 0xc7, 0x45, 0xfc, 0x00, 0x00, 0x00, 0x00, 0x8b, 0x45, 0xfc, 0x48,
  0x83, 0xc4, 0x30, 0x5d, 0xc3, 0x66, 0x66, 0x66, 0x66, 0x66, 0x66, 0x2e,
  0x0f, 0x1f, 0x84, 0x00, 0x00, 0x00, 0x00, 0x00, 0x55, 0x48, 0x89, 0xe5,
  0x48, 0x83, 0xec, 0x20, 0x48, 0x89, 0x7d, 0xf8, 0x48, 0x89, 0x75, 0xf0,
  0x48, 0x89, 0x55, 0xe8, 0x48, 0x8b, 0x7d, 0xf8, 0x48, 0x8b, 0x75, 0xe8,
  0x48, 0x8b, 0x55, 0xf0, 0x48, 0x8b, 0x45, 0xf8, 0x48, 0x29, 0xc2, 0xb9,
  0x01, 0x00, 0x00, 0x00, 0xe8, 0xff, 0x0b, 0x00, 0x00, 0x48, 0x83, 0xc4,
  0x20, 0x5d, 0xc3, 0x66, 0x0f, 0x1f, 0x84, 0x00, 0x00, 0x00, 0x00, 0x00,
  0x55, 0x48, 0x89, 0xe5, 0x48, 0x83, 0xec, 0x20, 0x48, 0x89, 0x7d, 0xf0,
  0xe8, 0xbf, 0xfc, 0xff, 0xff, 0x48, 0x89, 0x45, 0xe8, 0x48, 0x83, 0x7d,
  0xe8, 0x00, 0x0f, 0x85, 0x0c, 0x00, 0x00, 0x00, 0xc7, 0x45, 0xfc, 0xff,
  0xff, 0xff, 0xff, 0xe9, 0xaf, 0x00, 0x00, 0x00, 0xe8, 0x1f, 0xfe, 0xff,
  0xff, 0x48, 0x89, 0x45, 0xe0, 0x48, 0x83, 0x7d, 0xe0, 0x00, 0x0f, 0x85,
  0x0c, 0x00, 0x00, 0x00, 0xc7, 0x45, 0xfc, 0xff, 0xff, 0xff, 0xff, 0xe9,
  0x8f, 0x00, 0x00, 0x00, 0x48, 0x8b, 0x45, 0xf0, 0x48, 0xc7, 0x40, 0x48,
  0xff, 0xff, 0xff, 0xff, 0x48, 0x8b, 0x45, 0xf0, 0x48, 0xb9, 0x13, 0x00,
  0x00, 0x00, 0x00, 0x00, 0x01, 0x38, 0x48, 0x89, 0x48, 0x38, 0x48, 0x8b,
  0x45, 0xf0, 0x48, 0xc7, 0x40, 0x40, 0xff, 0xff, 0xff, 0xff, 0x48, 0x8b,
  0x45, 0xf0, 0xc7, 0x40, 0x10, 0x00, 0x00, 0x00, 0x00, 0x48, 0x8b, 0x45,
  0xf0, 0xc7, 0x40, 0x0c, 0x00, 0x00, 0x00, 0x00, 0x48, 0x8b, 0x45, 0xf0,
  0xc7, 0x40, 0x08, 0x00, 0x00, 0x00, 0x00, 0x48, 0x8b, 0x45, 0xf0, 0xc7,
  0x40, 0x04, 0x00, 0x00, 0x00, 0x00, 0x48, 0x8b, 0x45, 0xf0, 0xc7, 0x00,
  0x00, 0x00, 0x00, 0x00, 0x48, 0x8b, 0x4d, 0xe8, 0x48, 0x8b, 0x45, 0xf0,
  0x48, 0x89, 0x48, 0x18, 0x48, 0x8b, 0x4d, 0xe0, 0x48, 0x8b, 0x45, 0xf0,
  0x48, 0x89, 0x48, 0x30, 0x48, 0x8b, 0x45, 0xf0, 0x48, 0x89, 0x48, 0x28,
  0x48, 0x8b, 0x45, 0xf0, 0x48, 0x89, 0x48, 0x20, 0xc7, 0x45, 0xfc, 0x00,
  0x00, 0x00, 0x00, 0x8b, 0x45, 0xfc, 0x48, 0x83, 0xc4, 0x20, 0x5d, 0xc3,
  0x66, 0x66, 0x66, 0x2e, 0x0f, 0x1f, 0x84, 0x00, 0x00, 0x00, 0x00, 0x00,
  0x55, 0x48, 0x89, 0xe5, 0x48, 0x81, 0xec, 0xb0, 0x00, 0x00, 0x00, 0x48,
  0x89, 0x7d, 0xf8, 0x48, 0x83, 0x7d, 0xf8, 0x00, 0x0f, 0x85, 0x05, 0x00,
  0x00, 0x00, 0xe9, 0x84, 0x00, 0x00, 0x00, 0x48, 0x8d, 0x7d, 0xa8, 0xe8,
  0x58, 0xfd, 0xff, 0xff, 0x48, 0x8d, 0xbd, 0x58, 0xff, 0xff, 0xff, 0x48,
  0x8d, 0x75, 0xa8, 0xba, 0x50, 0x00, 0x00, 0x00, 0xe8, 0xc3, 0x13, 0x00,
  0x00, 0x48, 0x8d, 0xbd, 0x58, 0xff, 0xff, 0xff, 0xe8, 0x67, 0x00, 0x00,
  0x00, 0x48, 0x8d, 0xbd, 0x58, 0xff, 0xff, 0xff, 0xe8, 0xbb, 0x00, 0x00,
  0x00, 0xc7, 0x85, 0x54, 0xff, 0xff, 0xff, 0x02, 0x00, 0x00, 0x00, 0x48,
  0x8d, 0x3d, 0x6a, 0x30, 0x00, 0x00, 0xbe, 0x02, 0x00, 0x00, 0x00, 0xe8,
  0x50, 0xfb, 0xff, 0xff, 0x89, 0x85, 0x50, 0xff, 0xff, 0xff, 0x83, 0xbd,
  0x50, 0xff, 0xff, 0xff, 0x00, 0x0f, 0x8e, 0x17, 0x00, 0x00, 0x00, 0x48,
  0x8b, 0x45, 0xf8, 0x8b, 0xbd, 0x50, 0xff, 0xff, 0xff, 0xff, 0xd0, 0x8b,
  0xbd, 0x50, 0xff, 0xff, 0xff, 0xe8, 0x33, 0xfb, 0xff, 0xff, 0x48, 0x8d,
  0x7d, 0xa8, 0xe8, 0x6d, 0x00, 0x00, 0x00, 0x48, 0x81, 0xc4, 0xb0, 0x00,
  0x00, 0x00, 0x5d, 0xc3, 0x0f, 0x1f, 0x40, 0x00, 0x55, 0x48, 0x89, 0xe5,
  0x48, 0x83, 0xec, 0x20, 0x48, 0x89, 0x7d, 0xf0, 0xe8, 0x9f, 0xfc, 0xff,
  0xff, 0x48, 0x89, 0x45, 0xe8, 0x48, 0x83, 0x7d, 0xe8, 0x00, 0x0f, 0x85,
  0x0c, 0x00, 0x00, 0x00, 0xc7, 0x45, 0xfc, 0xff, 0xff, 0xff, 0xff, 0xe9,
  0x29, 0x00, 0x00, 0x00, 0x48, 0x8b, 0x45, 0xf0, 0x48, 0xc7, 0x40, 0x48,
  0xff, 0xff, 0xff, 0xff, 0x48, 0x8b, 0x45, 0xf0, 0xc7, 0x00, 0x00, 0x00,
  0x00, 0x00, 0x48, 0x8b, 0x4d, 0xe8, 0x48, 0x8b, 0x45, 0xf0, 0x48, 0x89,
  0x48, 0x28, 0xc7, 0x45, 0xfc, 0x00, 0x00, 0x00, 0x00, 0x8b, 0x45, 0xfc,
  0x48, 0x83, 0xc4, 0x20, 0x5d, 0xc3, 0x66, 0x90, 0x55, 0x48, 0x89, 0xe5,
  0x48, 0x81, 0xec, 0x60, 0x01, 0x00, 0x00, 0x48, 0x89, 0x7d, 0xf0, 0x48,
  0x8b, 0x75, 0xf0, 0x48, 0x8d, 0xbd, 0x50, 0xff, 0xff, 0xff, 0xba, 0x50,
  0x00, 0x00, 0x00, 0xe8, 0xcc, 0x12, 0x00, 0x00, 0x48, 0x8d, 0x7d, 0xa0,
  0xe8, 0x43, 0xfc, 0xff, 0xff, 0x83, 0xf8, 0x00, 0x0f, 0x84, 0x0c, 0x00,
  0x00, 0x00, 0xc7, 0x45, 0xfc, 0xff, 0xff, 0xff, 0xff, 0xe9, 0xc5, 0x04,
  0x00, 0x00, 0x48, 0x83, 0x7d, 0xc0, 0x00, 0x0f, 0x84, 0x1a, 0x00, 0x00,
  0x00, 0x48, 0x83, 0xbd, 0x70, 0xff, 0xff, 0xff, 0x00, 0x0f, 0x85, 0x0c,
  0x00, 0x00, 0x00, 0xe8, 0xf0, 0xfb, 0xff, 0xff, 0x48, 0x89, 0x85, 0x70,
  0xff, 0xff, 0xff, 0x48, 0x83, 0x7d, 0xc8, 0x00, 0x0f, 0x84, 0x1a, 0x00,
  0x00, 0x00, 0x48, 0x83, 0xbd, 0x78, 0xff, 0xff, 0xff, 0x00, 0x0f, 0x85,
  0x0c, 0x00, 0x00, 0x00, 0xe8, 0xcb, 0xfb, 0xff, 0xff, 0x48, 0x89, 0x85,
  0x78, 0xff, 0xff, 0xff, 0x48, 0x83, 0x7d, 0xd0, 0x00, 0x0f, 0x84, 0x14,
  0x00, 0x00, 0x00, 0x48, 0x83, 0x7d, 0x80, 0x00, 0x0f, 0x85, 0x09, 0x00,
  0x00, 0x00, 0xe8, 0xa9, 0xfb, 0xff, 0xff, 0x48, 0x89, 0x45, 0x80, 0x48,
  0x8b, 0xb5, 0x70, 0xff, 0xff, 0xff, 0x48, 0x8d, 0x7d, 0xa0, 0xe8, 0x65,
  0x04, 0x00, 0x00, 0x89, 0x85, 0x4c, 0xff, 0xff, 0xff, 0x48, 0x8b, 0xb5,
  0x78, 0xff, 0xff, 0xff, 0x48, 0x8d, 0x7d, 0xa0, 0xe8, 0x4f, 0x04, 0x00,
  0x00, 0x89, 0x85, 0x48, 0xff, 0xff, 0xff, 0x48, 0x8b, 0x75, 0x80, 0x48,
  0x8d, 0x7d, 0xa0, 0xe8, 0x3c, 0x04, 0x00, 0x00, 0x89, 0x85, 0x44, 0xff,
  0xff, 0xff, 0x48, 0x8d, 0xbd, 0xf0, 0xfe, 0xff, 0xff, 0x48, 0x8d, 0xb5,
  0x50, 0xff, 0xff, 0xff, 0xba, 0x50, 0x00, 0x00, 0x00, 0xe8, 0xee, 0x11,
  0x00, 0x00, 0x48, 0x8b, 0x45, 0xc0, 0x48, 0x89, 0x85, 0x10, 0xff, 0xff,
  0xff, 0x48, 0x8b, 0x45, 0xd0, 0x48, 0x89, 0x85, 0x20, 0xff, 0xff, 0xff,
  0x48, 0x8b, 0x45, 0xc8, 0x48, 0x89, 0x85, 0x18, 0xff, 0xff, 0xff, 0x48,
  0x83, 0xbd, 0x08, 0xff, 0xff, 0xff, 0x00, 0x0f, 0x84, 0xd4, 0x00, 0x00,
  0x00, 0x48, 0x8d, 0xbd, 0xec, 0xfe, 0xff, 0xff, 0x48, 0x8b, 0xb5, 0x08,
  0xff, 0xff, 0xff, 0x48, 0x83, 0xc6, 0x14, 0xba, 0x04, 0x00, 0x00, 0x00,
  0xb9, 0x01, 0x00, 0x00, 0x00, 0xe8, 0x9e, 0x08, 0x00, 0x00, 0x83, 0xf8,
  0x00, 0x0f, 0x84, 0x36, 0x00, 0x00, 0x00, 0x48, 0x8d, 0xbd, 0xec, 0xfe,
  0xff, 0xff, 0x48, 0x8b, 0xb5, 0x08, 0xff, 0xff, 0xff, 0x48, 0x83, 0xc6,
  0x14, 0xba, 0x04, 0x00, 0x00, 0x00, 0xb9, 0x02, 0x00, 0x00, 0x00, 0xe8,
  0x74, 0x08, 0x00, 0x00, 0x83, 0xf8, 0x00, 0x0f, 0x84, 0x0c, 0x00, 0x00,
  0x00, 0xc7, 0x45, 0xfc, 0xff, 0xff, 0xff, 0xff, 0xe9, 0x76, 0x03, 0x00,
  0x00, 0x8b, 0x85, 0xec, 0xfe, 0xff, 0xff, 0x83, 0xc0, 0x01, 0x89, 0x85,
  0xec, 0xfe, 0xff, 0xff, 0x48, 0x8b, 0xbd, 0x08, 0xff, 0xff, 0xff, 0x48,
  0x83, 0xc7, 0x14, 0x48, 0x8d, 0xb5, 0xec, 0xfe, 0xff, 0xff, 0xba, 0x04,
  0x00, 0x00, 0x00, 0xb9, 0x01, 0x00, 0x00, 0x00, 0xe8, 0x2f, 0x08, 0x00,
  0x00, 0x83, 0xf8, 0x00, 0x0f, 0x84, 0x36, 0x00, 0x00, 0x00, 0x48, 0x8b,
  0xbd, 0x08, 0xff, 0xff, 0xff, 0x48, 0x83, 0xc7, 0x14, 0x48, 0x8d, 0xb5,
  0xec, 0xfe, 0xff, 0xff, 0xba, 0x04, 0x00, 0x00, 0x00, 0xb9, 0x02, 0x00,
  0x00, 0x00, 0xe8, 0x05, 0x08, 0x00, 0x00, 0x83, 0xf8, 0x00, 0x0f, 0x84,
  0x0c, 0x00, 0x00, 0x00, 0xc7, 0x45, 0xfc, 0xff, 0xff, 0xff, 0xff, 0xe9,
  0x07, 0x03, 0x00, 0x00, 0xe9, 0x00, 0x00, 0x00, 0x00, 0x48, 0x8d, 0xbd,
  0xf0, 0xfe, 0xff, 0xff, 0xe8, 0x9f, 0x03, 0x00, 0x00, 0x83, 0xf8, 0x00,
  0x0f, 0x84, 0x0c, 0x00, 0x00, 0x00, 0xc7, 0x45, 0xfc, 0xff, 0xff, 0xff,
  0xff, 0xe9, 0xe1, 0x02, 0x00, 0x00, 0x48, 0x83, 0x7d, 0xb8, 0x00, 0x0f,
  0x84, 0xc8, 0x00, 0x00, 0x00, 0x48, 0x8d, 0xbd, 0xec, 0xfe, 0xff, 0xff,
  0x48, 0x8b, 0x75, 0xb8, 0x48, 0x83, 0xc6, 0x14, 0xba, 0x04, 0x00, 0x00,
  0x00, 0xb9, 0x01, 0x00, 0x00, 0x00, 0xe8, 0xa1, 0x07, 0x00, 0x00, 0x83,
  0xf8, 0x00, 0x0f, 0x84, 0x33, 0x00, 0x00, 0x00, 0x48, 0x8d, 0xbd, 0xec,
  0xfe, 0xff, 0xff, 0x48, 0x8b, 0x75, 0xb8, 0x48, 0x83, 0xc6, 0x14, 0xba,
  0x04, 0x00, 0x00, 0x00, 0xb9, 0x02, 0x00, 0x00, 0x00, 0xe8, 0x7a, 0x07,
  0x00, 0x00, 0x83, 0xf8, 0x00, 0x0f, 0x84, 0x0c, 0x00, 0x00, 0x00, 0xc7,
  0x45, 0xfc, 0xff, 0xff, 0xff, 0xff, 0xe9, 0x7c, 0x02, 0x00, 0x00, 0x8b,
  0x85, 0xec, 0xfe, 0xff, 0xff, 0x83, 0xc0, 0xff, 0x89, 0x85, 0xec, 0xfe,
  0xff, 0xff, 0x48, 0x8b, 0x7d, 0xb8, 0x48, 0x83, 0xc7, 0x14, 0x48, 0x8d,
  0xb5, 0xec, 0xfe, 0xff, 0xff, 0xba, 0x04, 0x00, 0x00, 0x00, 0xb9, 0x01,
  0x00, 0x00, 0x00, 0xe8, 0x38, 0x07, 0x00, 0x00, 0x83, 0xf8, 0x00, 0x0f,
  0x84, 0x33, 0x00, 0x00, 0x00, 0x48, 0x8b, 0x7d, 0xb8, 0x48, 0x83, 0xc7,
  0x14, 0x48, 0x8d, 0xb5, 0xec, 0xfe, 0xff, 0xff, 0xba, 0x04, 0x00, 0x00,
  0x00, 0xb9, 0x02, 0x00, 0x00, 0x00, 0xe8, 0x11, 0x07, 0x00, 0x00, 0x83,
  0xf8, 0x00, 0x0f, 0x84, 0x0c, 0x00, 0x00, 0x00, 0xc7, 0x45, 0xfc, 0xff,
  0xff, 0xff, 0xff, 0xe9, 0x13, 0x02, 0x00, 0x00, 0xe9, 0x00, 0x00, 0x00,
  0x00, 0xe8, 0xd2, 0x06, 0x00, 0x00, 0x48, 0x89, 0x85, 0xe0, 0xfe, 0xff,
  0xff, 0x48, 0x8b, 0xbd, 0xe0, 0xfe, 0xff, 0xff, 0x48, 0x83, 0xc7, 0x08,
  0xbe, 0x01, 0x00, 0x00, 0x00, 0xe8, 0x96, 0x0a, 0x00, 0x00, 0x48, 0x89,
  0x85, 0xd8, 0xfe, 0xff, 0xff, 0x48, 0x8b, 0xbd, 0xd8, 0xfe, 0xff, 0xff,
  0x48, 0x83, 0xc7, 0x48, 0xbe, 0x01, 0x00, 0x00, 0x00, 0xe8, 0x7a, 0x0a,
  0x00, 0x00, 0x48, 0x89, 0x85, 0xd0, 0xfe, 0xff, 0xff, 0x48, 0x8b, 0xbd,
  0xd0, 0xfe, 0xff, 0xff, 0xbe, 0x01, 0x00, 0x00, 0x00, 0xe8, 0x62, 0x0a,
  0x00, 0x00, 0x48, 0x89, 0x85, 0xc8, 0xfe, 0xff, 0xff, 0x8b, 0x85, 0x4c,
  0xff, 0xff, 0xff, 0x89, 0x85, 0xbc, 0xfe, 0xff, 0xff, 0x8b, 0x85, 0x48,
  0xff, 0xff, 0xff, 0x89, 0x85, 0xc0, 0xfe, 0xff, 0xff, 0x8b, 0x85, 0x44,
  0xff, 0xff, 0xff, 0x89, 0x85, 0xc4, 0xfe, 0xff, 0xff, 0xc7, 0x85, 0xb8,
  0xfe, 0xff, 0xff, 0x00, 0x00, 0x00, 0x00, 0x83, 0xbd, 0xb8, 0xfe, 0xff,
  0xff, 0x03, 0x0f, 0x8d, 0x70, 0x01, 0x00, 0x00, 0x48, 0x63, 0x85, 0xb8,
  0xfe, 0xff, 0xff, 0x83, 0xbc, 0x85, 0xbc, 0xfe, 0xff, 0xff, 0x00, 0x0f,
  0x8d, 0x05, 0x00, 0x00, 0x00, 0xe9, 0x42, 0x01, 0x00, 0x00, 0x48, 0x8b,
  0xbd, 0xc8, 0xfe, 0xff, 0xff, 0x48, 0x63, 0x85, 0xb8, 0xfe, 0xff, 0xff,
  0x8b, 0x84, 0x85, 0xbc, 0xfe, 0xff, 0xff, 0xc1, 0xe0, 0x03, 0x48, 0x98,
  0x48, 0x01, 0xc7, 0xbe, 0x01, 0x00, 0x00, 0x00, 0xe8, 0xdf, 0x09, 0x00,
  0x00, 0x48, 0x89, 0x85, 0xb0, 0xfe, 0xff, 0xff, 0x48, 0x8b, 0xbd, 0xb0,
  0xfe, 0xff, 0xff, 0x48, 0x8b, 0x95, 0xd0, 0xfe, 0xff, 0xff, 0x48, 0x83,
  0xc2, 0x10, 0x8b, 0x85, 0xb8, 0xfe, 0xff, 0xff, 0xc1, 0xe0, 0x03, 0x48,
  0x98, 0x48, 0x01, 0xc2, 0xb9, 0x01, 0x00, 0x00, 0x00, 0x89, 0xce, 0xe8,
  0xfc, 0x02, 0x00, 0x00, 0x83, 0xf8, 0x00, 0x0f, 0x84, 0x0c, 0x00, 0x00,
  0x00, 0xc7, 0x45, 0xfc, 0xff, 0xff, 0xff, 0xff, 0xe9, 0xee, 0x00, 0x00,
  0x00, 0x48, 0x8b, 0xbd, 0xb0, 0xfe, 0xff, 0xff, 0xbe, 0x01, 0x00, 0x00,
  0x00, 0xe8, 0x86, 0x09, 0x00, 0x00, 0x48, 0x83, 0xf8, 0x00, 0x0f, 0x85,
  0xa5, 0x00, 0x00, 0x00, 0x48, 0x83, 0x3d, 0x84, 0xc4, 0x00, 0x00, 0x00,
  0x0f, 0x85, 0x4d, 0x00, 0x00, 0x00, 0xc7, 0x85, 0xac, 0xfe, 0xff, 0xff,
  0x00, 0x00, 0x00, 0x00, 0x48, 0x63, 0x85, 0xac, 0xfe, 0xff, 0xff, 0x48,
  0x83, 0xf8, 0x10, 0x0f, 0x83, 0x2d, 0x00, 0x00, 0x00, 0x48, 0x63, 0x8d,
  0xac, 0xfe, 0xff, 0xff, 0x48, 0x8d, 0x05, 0x55, 0xc4, 0x00, 0x00, 0x48,
  0x8d, 0x15, 0x1e, 0x03, 0x00, 0x00, 0x48, 0x89, 0x14, 0xc8, 0x8b, 0x85,
  0xac, 0xfe, 0xff, 0xff, 0x83, 0xc0, 0x01, 0x89, 0x85, 0xac, 0xfe, 0xff,
  0xff, 0xe9, 0xc2, 0xff, 0xff, 0xff, 0xe9, 0x00, 0x00, 0x00, 0x00, 0x48,
  0x8d, 0x05, 0x2a, 0xc4, 0x00, 0x00, 0x48, 0x89, 0x85, 0xa0, 0xfe, 0xff,
  0xff, 0x48, 0x8d, 0xb5, 0xa0, 0xfe, 0xff, 0xff, 0x48, 0x83, 0xc6, 0x08,
  0x48, 0x8b, 0x95, 0xb0, 0xfe, 0xff, 0xff, 0x48, 0x83, 0xc2, 0x08, 0x48,
  0x8d, 0xbd, 0xa0, 0xfe, 0xff, 0xff, 0xe8, 0xe1, 0x02, 0x00, 0x00, 0x83,
  0xf8, 0x00, 0x0f, 0x84, 0x0c, 0x00, 0x00, 0x00, 0xc7, 0x45, 0xfc, 0xff,
  0xff, 0xff, 0xff, 0xe9, 0x33, 0x00, 0x00, 0x00, 0xe9, 0x00, 0x00, 0x00,
  0x00, 0x48, 0x63, 0x85, 0xb8, 0xfe, 0xff, 0xff, 0x8b, 0xbc, 0x85, 0xbc,
  0xfe, 0xff, 0xff, 0xe8, 0xd1, 0xf5, 0xff, 0xff, 0x8b, 0x85, 0xb8, 0xfe,
  0xff, 0xff, 0x83, 0xc0, 0x01, 0x89, 0x85, 0xb8, 0xfe, 0xff, 0xff, 0xe9,
  0x83, 0xfe, 0xff, 0xff, 0xc7, 0x45, 0xfc, 0x00, 0x00, 0x00, 0x00, 0x8b,
  0x45, 0xfc, 0x48, 0x81, 0xc4, 0x60, 0x01, 0x00, 0x00, 0x5d, 0xc3, 0x66,
  0x66, 0x66, 0x66, 0x2e, 0x0f, 0x1f, 0x84, 0x00, 0x00, 0x00, 0x00, 0x00,
  0x55, 0x48, 0x89, 0xe5, 0x48, 0x83, 0xec, 0x70, 0x48, 0x89, 0x7d, 0xf0,
  0x48, 0x89, 0x75, 0xe8, 0x48, 0x83, 0x7d, 0xe8, 0x00, 0x0f, 0x85, 0x0c,
  0x00, 0x00, 0x00, 0xc7, 0x45, 0xfc, 0xff, 0xff, 0xff, 0xff, 0xe9, 0x54,
  0x00, 0x00, 0x00, 0x48, 0x8b, 0x75, 0xf0, 0x48, 0x8d, 0x7d, 0x98, 0xba,
  0x50, 0x00, 0x00, 0x00, 0xe8, 0x97, 0x0d, 0x00, 0x00, 0x48, 0x8d, 0x7d,
  0x98, 0xe8, 0x9e, 0xf8, 0xff, 0xff, 0x48, 0x8b, 0x45, 0xe8, 0x48, 0x89,
  0x45, 0xc8, 0x48, 0x89, 0x45, 0xc0, 0x48, 0x89, 0x45, 0xb8, 0x48, 0x8d,
  0x7d, 0x98, 0xe8, 0x35, 0x00, 0x00, 0x00, 0x48, 0x8d, 0x3d, 0x6a, 0x27,
  0x00, 0x00, 0x31, 0xf6, 0xe8, 0x27, 0xf5, 0xff, 0xff, 0x89, 0x45, 0x94,
  0x48, 0x8b, 0x7d, 0xf0, 0xe8, 0x1b, 0x00, 0x00, 0x00, 0x8b, 0x45, 0x94,
  0x89, 0x45, 0xfc, 0x8b, 0x45, 0xfc, 0x48, 0x83, 0xc4, 0x70, 0x5d, 0xc3,
  0x66, 0x66, 0x66, 0x2e, 0x0f, 0x1f, 0x84, 0x00, 0x00, 0x00, 0x00, 0x00,
  0x55, 0x48, 0x89, 0xe5, 0x48, 0x83, 0xec, 0x30, 0x48, 0x89, 0x7d, 0xf0,
  0xe8, 0x0f, 0x04, 0x00, 0x00, 0x48, 0x89, 0x45, 0xe8, 0x48, 0x8b, 0x7d,
  0xe8, 0x48, 0x83, 0xc7, 0x08, 0xbe, 0x01, 0x00, 0x00, 0x00, 0xe8, 0xd9,
  0x07, 0x00, 0x00, 0x48, 0x89, 0x45, 0xe0, 0x48, 0x8b, 0x7d, 0xe0, 0x48,
  0x83, 0xc7, 0x40, 0xbe, 0x01, 0x00, 0x00, 0x00, 0xe8, 0xc3, 0x07, 0x00,
  0x00, 0x48, 0x89, 0x45, 0xd8, 0x48, 0x8b, 0x7d, 0xe0, 0x48, 0x83, 0xc7,
  0x48, 0xbe, 0x01, 0x00, 0x00, 0x00, 0xe8, 0xad, 0x07, 0x00, 0x00, 0x48,
  0x89, 0x45, 0xd0, 0x48, 0x8b, 0x7d, 0xf0, 0x48, 0x8b, 0x75, 0xf0, 0x48,
  0x83, 0xc6, 0x08, 0x48, 0x83, 0xc6, 0x04, 0x48, 0x8b, 0x55, 0xd8, 0x48,
  0x83, 0xc2, 0x04, 0xe8, 0x7c, 0x01, 0x00, 0x00, 0x83, 0xf8, 0x00, 0x0f,
  0x85, 0xa8, 0x00, 0x00, 0x00, 0x48, 0x8b, 0x7d, 0xf0, 0x48, 0x83, 0xc7,
  0x0c, 0x48, 0x8b, 0x75, 0xf0, 0x48, 0x83, 0xc6, 0x10, 0x48, 0x83, 0xc6,
  0x04, 0x48, 0x8b, 0x55, 0xd8, 0x48, 0x83, 0xc2, 0x14, 0xe8, 0x52, 0x01,
  0x00, 0x00, 0x83, 0xf8, 0x00, 0x0f, 0x85, 0x7e, 0x00, 0x00, 0x00, 0x48,
  0x8b, 0x7d, 0xf0, 0x48, 0x83, 0xc7, 0x18, 0x48, 0x8b, 0x75, 0xf0, 0x48,
  0x83, 0xc6, 0x18, 0x48, 0x83, 0xc6, 0x08, 0x48, 0x8b, 0x55, 0xd8, 0x48,
  0x83, 0xc2, 0x30, 0xe8, 0x28, 0x01, 0x00, 0x00, 0x83, 0xf8, 0x00, 0x0f,
  0x85, 0x54, 0x00, 0x00, 0x00, 0x48, 0x8b, 0x7d, 0xf0, 0x48, 0x83, 0xc7,
  0x20, 0x48, 0x8b, 0x75, 0xf0, 0x48, 0x83, 0xc6, 0x30, 0x48, 0x83, 0xc6,
  0x08, 0x48, 0x8b, 0x55, 0xd0, 0x48, 0x83, 0xc2, 0x10, 0xe8, 0xfe, 0x00,
  0x00, 0x00, 0x83, 0xf8, 0x00, 0x0f, 0x85, 0x2a, 0x00, 0x00, 0x00, 0x48,
  0x8b, 0x7d, 0xf0, 0x48, 0x83, 0xc7, 0x38, 0x48, 0x8b, 0x75, 0xf0, 0x48,
  0x83, 0xc6, 0x48, 0x48, 0x83, 0xc6, 0x08, 0x48, 0x8b, 0x55, 0xd8, 0x48,
  0x83, 0xc2, 0x58, 0xe8, 0xd4, 0x00, 0x00, 0x00, 0x83, 0xf8, 0x00, 0x0f,
  0x84, 0x0c, 0x00, 0x00, 0x00, 0xc7, 0x45, 0xfc, 0xff, 0xff, 0xff, 0xff,
  0xe9, 0x07, 0x00, 0x00, 0x00, 0xc7, 0x45, 0xfc, 0x00, 0x00, 0x00, 0x00,
  0x8b, 0x45, 0xfc, 0x48, 0x83, 0xc4, 0x30, 0x5d, 0xc3, 0x66, 0x66, 0x66,
  0x66, 0x66, 0x66, 0x2e, 0x0f, 0x1f, 0x84, 0x00, 0x00, 0x00, 0x00, 0x00,
  0x55, 0x48, 0x89, 0xe5, 0x48, 0x83, 0xec, 0x40, 0x48, 0x89, 0x7d, 0xf0,
  0x89, 0x75, 0xec, 0x48, 0x89, 0x55, 0xe0, 0x89, 0x4d, 0xdc, 0x48, 0x8b,
  0x7d, 0xf0, 0x8b, 0x75, 0xec, 0xe8, 0x8e, 0x06, 0x00, 0x00, 0x48, 0x89,
  0x45, 0xd0, 0x48, 0x8b, 0x7d, 0xe0, 0x8b, 0x75, 0xdc, 0xe8, 0x7e, 0x06,
  0x00, 0x00, 0x48, 0x89, 0x45, 0xc8, 0x48, 0x8d, 0x75, 0xc8, 0x48, 0x83,
  0xc6, 0x08, 0x48, 0x8b, 0x55, 0xf0, 0x48, 0x8d, 0x7d, 0xc8, 0xe8, 0x55,
  0x00, 0x00, 0x00, 0x83, 0xf8, 0x00, 0x0f, 0x85, 0x1e, 0x00, 0x00, 0x00,
  0x48, 0x8d, 0x75, 0xd0, 0x48, 0x83, 0xc6, 0x08, 0x48, 0x8b, 0x55, 0xe0,
  0x48, 0x8d, 0x7d, 0xd0, 0xe8, 0x37, 0x00, 0x00, 0x00, 0x83, 0xf8, 0x00,
  0x0f, 0x84, 0x0c, 0x00, 0x00, 0x00, 0xc7, 0x45, 0xfc, 0xff, 0xff, 0xff,
  0xff, 0xe9, 0x07, 0x00, 0x00, 0x00, 0xc7, 0x45, 0xfc, 0x00, 0x00, 0x00,
  0x00, 0x8b, 0x45, 0xfc, 0x48, 0x83, 0xc4, 0x40, 0x5d, 0xc3, 0x66, 0x90,
  0x55, 0x48, 0x89, 0xe5, 0x31, 0xc0, 0x5d, 0xc3, 0x0f, 0x1f, 0x84, 0x00,
  0x00, 0x00, 0x00, 0x00, 0x55, 0x48, 0x89, 0xe5, 0x48, 0x83, 0xec, 0x20,
  0x48, 0x89, 0x7d, 0xf8, 0x48, 0x89, 0x75, 0xf0, 0x48, 0x89, 0x55, 0xe8,
  0x48, 0x8b, 0x7d, 0xe8, 0x48, 0x8b, 0x75, 0xf8, 0x48, 0x8b, 0x55, 0xf0,
  0x48, 0x8b, 0x45, 0xf8, 0x48, 0x29, 0xc2, 0xb9, 0x01, 0x00, 0x00, 0x00,
  0xe8, 0x1f, 0x02, 0x00, 0x00, 0x48, 0x83, 0xc4, 0x20, 0x5d, 0xc3, 0xcc,
  0xcc, 0xcc, 0xcc, 0xcc, 0xcc, 0xcc, 0xcc, 0xcc, 0x48, 0xc7, 0xc0, 0x0b,
  0x00, 0x00, 0x00, 0x49, 0x89, 0xca, 0x0f, 0x05, 0xc3, 0x65, 0x48, 0x8b,
  0x04, 0x25, 0x00, 0x00, 0x00, 0x00, 0xc3, 0x48, 0x89, 0xd1, 0xf3, 0xa4,
  0xc3, 0x0f, 0x1f, 0x00, 0x55, 0x48, 0x89, 0xe5, 0x48, 0x81, 0xec, 0x40,
  0x01, 0x00, 0x00, 0x84, 0xc0, 0x0f, 0x84, 0x35, 0x00, 0x00, 0x00, 0x0f,
  0x29, 0x85, 0x10, 0xff, 0xff, 0xff, 0x0f, 0x29, 0x8d, 0x20, 0xff, 0xff,
  0xff, 0x0f, 0x29, 0x95, 0x30, 0xff, 0xff, 0xff, 0x0f, 0x29, 0x9d, 0x40,
  0xff, 0xff, 0xff, 0x0f, 0x29, 0xa5, 0x50, 0xff, 0xff, 0xff, 0x0f, 0x29,
  0xad, 0x60, 0xff, 0xff, 0xff, 0x0f, 0x29, 0xb5, 0x70, 0xff, 0xff, 0xff,
  0x0f, 0x29, 0x7d, 0x80, 0x4c, 0x89, 0x8d, 0x08, 0xff, 0xff, 0xff, 0x4c,
  0x89, 0x85, 0x00, 0xff, 0xff, 0xff, 0x48, 0x89, 0x8d, 0xf8, 0xfe, 0xff,
  0xff, 0x48, 0x89, 0x95, 0xf0, 0xfe, 0xff, 0xff, 0x48, 0x89, 0xb5, 0xe8,
  0xfe, 0xff, 0xff, 0x48, 0x89, 0x7d, 0xf8, 0x48, 0x8d, 0x45, 0xe0, 0x48,
  0x8d, 0x8d, 0xe0, 0xfe, 0xff, 0xff, 0x48, 0x89, 0x48, 0x10, 0x48, 0x8d,
  0x4d, 0x10, 0x48, 0x89, 0x48, 0x08, 0xc7, 0x40, 0x04, 0x30, 0x00, 0x00,
  0x00, 0xc7, 0x00, 0x08, 0x00, 0x00, 0x00, 0x48, 0x8d, 0x7d, 0xa0, 0x31,
  0xf6, 0xba, 0x38, 0x00, 0x00, 0x00, 0xe8, 0x6d, 0x07, 0x00, 0x00, 0x48,
  0x8b, 0x45, 0xf8, 0x48, 0x89, 0x45, 0xa0, 0xc7, 0x45, 0x9c, 0x01, 0x00,
  0x00, 0x00, 0x83, 0x7d, 0x9c, 0x06, 0x0f, 0x8f, 0x80, 0x00, 0x00, 0x00,
  0x48, 0x8d, 0x45, 0xe0, 0x48, 0x89, 0x85, 0xd0, 0xfe, 0xff, 0xff, 0x8b,
  0x45, 0xe0, 0x89, 0x85, 0xdc, 0xfe, 0xff, 0xff, 0x83, 0xf8, 0x28, 0x0f,
  0x87, 0x25, 0x00, 0x00, 0x00, 0x48, 0x8b, 0x8d, 0xd0, 0xfe, 0xff, 0xff,
  0x8b, 0x95, 0xdc, 0xfe, 0xff, 0xff, 0x48, 0x63, 0xc2, 0x48, 0x03, 0x41,
  0x10, 0x83, 0xc2, 0x08, 0x89, 0x11, 0x48, 0x89, 0x85, 0xc8, 0xfe, 0xff,
  0xff, 0xe9, 0x1d, 0x00, 0x00, 0x00, 0x48, 0x8b, 0x8d, 0xd0, 0xfe, 0xff,
  0xff, 0x48, 0x8b, 0x41, 0x08, 0x48, 0x89, 0xc2, 0x48, 0x83, 0xc2, 0x08,
  0x48, 0x89, 0x51, 0x08, 0x48, 0x89, 0x85, 0xc8, 0xfe, 0xff, 0xff, 0x48,
  0x8b, 0x85, 0xc8, 0xfe, 0xff, 0xff, 0x48, 0x8b, 0x08, 0x48, 0x63, 0x45,
  0x9c, 0x48, 0x89, 0x4c, 0xc5, 0xa0, 0x8b, 0x45, 0x9c, 0x83, 0xc0, 0x01,
  0x89, 0x45, 0x9c, 0xe9, 0x76, 0xff, 0xff, 0xff, 0x48, 0x8d, 0x3d, 0x1d,
  0x00, 0x00, 0x00, 0x48, 0x8d, 0x75, 0xa0, 0xe8, 0x94, 0xfe, 0xff, 0xff,
  0x48, 0x8b, 0x45, 0xa0, 0x48, 0x81, 0xc4, 0x40, 0x01, 0x00, 0x00, 0x5d,
  0xc3, 0x0f, 0x1f, 0x80, 0x00, 0x00, 0x00, 0x00, 0x55, 0x48, 0x89, 0xe5,
  0x48, 0x83, 0xec, 0x20, 0x48, 0x89, 0x7d, 0xf8, 0x48, 0x89, 0x75, 0xf0,
  0x48, 0x8b, 0x45, 0xf0, 0x48, 0x8b, 0x40, 0x08, 0x48, 0x89, 0x45, 0xe8,
  0x48, 0x8b, 0x45, 0xe8, 0x48, 0x8b, 0x00, 0x48, 0x8b, 0x4d, 0xe8, 0x48,
  0x8b, 0x79, 0x08, 0x48, 0x8b, 0x4d, 0xe8, 0x48, 0x8b, 0x71, 0x10, 0x48,
  0x8b, 0x4d, 0xe8, 0x48, 0x8b, 0x51, 0x18, 0x48, 0x8b, 0x4d, 0xe8, 0x48,
  0x8b, 0x49, 0x20, 0x4c, 0x8b, 0x45, 0xe8, 0x4d, 0x8b, 0x40, 0x28, 0x4c,
  0x8b, 0x4d, 0xe8, 0x4d, 0x8b, 0x49, 0x30, 0xff, 0xd0, 0x48, 0x89, 0xc1,
  0x48, 0x8b, 0x45, 0xe8, 0x48, 0x89, 0x08, 0x31, 0xc0, 0x48, 0x83, 0xc4,
  0x20, 0x5d, 0xc3, 0x66, 0x0f, 0x1f, 0x84, 0x00, 0x00, 0x00, 0x00, 0x00,
  0x55, 0x48, 0x89, 0xe5, 0x48, 0x8d, 0x3d, 0x12, 0xfe, 0xff, 0xff, 0xb0,
  0x00, 0xe8, 0x1e, 0xfe, 0xff, 0xff, 0x5d, 0xc3, 0x66, 0x66, 0x66, 0x2e,
  0x0f, 0x1f, 0x84, 0x00, 0x00, 0x00, 0x00, 0x00, 0x55, 0x48, 0x89, 0xe5,
  0x48, 0x83, 0xec, 0x30, 0x48, 0x89, 0x7d, 0xf0, 0x48, 0x89, 0x75, 0xe8,
  0x48, 0x89, 0x55, 0xe0, 0x89, 0x4d, 0xdc, 0x48, 0x83, 0x7d, 0xe0, 0x00,
  0x0f, 0x85, 0x0c, 0x00, 0x00, 0x00, 0xc7, 0x45, 0xfc, 0x00, 0x00, 0x00,
  0x00, 0xe9, 0x9c, 0x01, 0x00, 0x00, 0x48, 0x8b, 0x7d, 0xf0, 0x31, 0xf6,
  0xe8, 0xa7, 0x01, 0x00, 0x00, 0x88, 0xc1, 0x31, 0xc0, 0xf6, 0xc1, 0x01,
  0x88, 0x45, 0xd7, 0x0f, 0x85, 0x05, 0x00, 0x00, 0x00, 0xe9, 0x16, 0x00,
  0x00, 0x00, 0x48, 0x8b, 0x7d, 0xf0, 0x48, 0x03, 0x7d, 0xe0, 0x48, 0x83,
  0xef, 0x01, 0x31, 0xf6, 0xe8, 0x7f, 0x01, 0x00, 0x00, 0x88, 0x45, 0xd7,
  0x8a, 0x45, 0xd7, 0x24, 0x01, 0x88, 0x45, 0xdb, 0x48, 0x8b, 0x7d, 0xf0,
  0x8b, 0x75, 0xdc, 0xe8, 0x68, 0x01, 0x00, 0x00, 0x88, 0xc1, 0x31, 0xc0,
  0xf6, 0xc1, 0x01, 0x88, 0x45, 0xd6, 0x0f, 0x85, 0x05, 0x00, 0x00, 0x00,
  0xe9, 0x17, 0x00, 0x00, 0x00, 0x48, 0x8b, 0x7d, 0xf0, 0x48, 0x03, 0x7d,
  0xe0, 0x48, 0x83, 0xef, 0x01, 0x8b, 0x75, 0xdc, 0xe8, 0x3f, 0x01, 0x00,
  0x00, 0x88, 0x45, 0xd6, 0x8a, 0x45, 0xd6, 0x24, 0x01, 0x88, 0x45, 0xda,
  0x48, 0x8b, 0x7d, 0xe8, 0x31, 0xf6, 0xe8, 0x29, 0x01, 0x00, 0x00, 0x88,
  0xc1, 0x31, 0xc0, 0xf6, 0xc1, 0x01, 0x88, 0x45, 0xd5, 0x0f, 0x85, 0x05,
  0x00, 0x00, 0x00, 0xe9, 0x16, 0x00, 0x00, 0x00, 0x48, 0x8b, 0x7d, 0xe8,
  0x48, 0x03, 0x7d, 0xe0, 0x48, 0x83, 0xef, 0x01, 0x31, 0xf6, 0xe8, 0x01,
  0x01, 0x00, 0x00, 0x88, 0x45, 0xd5, 0x8a, 0x45, 0xd5, 0x24, 0x01, 0x88,
  0x45, 0xd9, 0x48, 0x8b, 0x7d, 0xe8, 0x8b, 0x75, 0xdc, 0xe8, 0xea, 0x00,
  0x00, 0x00, 0x88, 0xc1, 0x31, 0xc0, 0xf6, 0xc1, 0x01, 0x88, 0x45, 0xd4,
  0x0f, 0x85, 0x05, 0x00, 0x00, 0x00, 0xe9, 0x17, 0x00, 0x00, 0x00, 0x48,
  0x8b, 0x7d, 0xe8, 0x48, 0x03, 0x7d, 0xe0, 0x48, 0x83, 0xef, 0x01, 0x8b,
  0x75, 0xdc, 0xe8, 0xc1, 0x00, 0x00, 0x00, 0x88, 0x45, 0xd4, 0x8a, 0x45,
  0xd4, 0x24, 0x01, 0x88, 0x45, 0xd8, 0xf6, 0x45, 0xdb, 0x01, 0x0f, 0x85,
  0x0a, 0x00, 0x00, 0x00, 0xf6, 0x45, 0xda, 0x01, 0x0f, 0x84, 0x14, 0x00,
  0x00, 0x00, 0xf6, 0x45, 0xd9, 0x01, 0x0f, 0x85, 0x16, 0x00, 0x00, 0x00,
  0xf6, 0x45, 0xd8, 0x01, 0x0f, 0x85, 0x0c, 0x00, 0x00, 0x00, 0xc7, 0x45,
  0xfc, 0xff, 0xff, 0xff, 0xff, 0xe9, 0x6c, 0x00, 0x00, 0x00, 0xf6, 0x45,
  0xdb, 0x01, 0x0f, 0x84, 0x16, 0x00, 0x00, 0x00, 0xf6, 0x45, 0xd9, 0x01,
  0x0f, 0x84, 0x0c, 0x00, 0x00, 0x00, 0xc7, 0x45, 0xfc, 0xff, 0xff, 0xff,
  0xff, 0xe9, 0x4c, 0x00, 0x00, 0x00, 0xe8, 0x2d, 0x01, 0x00, 0x00, 0xa8,
  0x01, 0x0f, 0x85, 0x05, 0x00, 0x00, 0x00, 0xe9, 0x19, 0x00, 0x00, 0x00,
  0x48, 0x8b, 0x7d, 0xf0, 0x48, 0x8b, 0x75, 0xe8, 0x48, 0x8b, 0x55, 0xe0,
  0xe8, 0x3f, 0x01, 0x00, 0x00, 0x89, 0x45, 0xfc, 0xe9, 0x21, 0x00, 0x00,
  0x00, 0x48, 0x8b, 0x75, 0xf0, 0x48, 0x8b, 0x55, 0xe8, 0x48, 0x8b, 0x4d,
  0xe0, 0x48, 0x8d, 0x3d, 0x4b, 0xfc, 0xff, 0xff, 0xb0, 0x00, 0xe8, 0x4d,
  0xfc, 0xff, 0xff, 0xc7, 0x45, 0xfc, 0x00, 0x00, 0x00, 0x00, 0x8b, 0x45,
  0xfc, 0x48, 0x83, 0xc4, 0x30, 0x5d, 0xc3, 0x66, 0x66, 0x66, 0x66, 0x2e,
  0x0f, 0x1f, 0x84, 0x00, 0x00, 0x00, 0x00, 0x00, 0x55, 0x48, 0x89, 0xe5,
  0x48, 0x83, 0xec, 0x18, 0x48, 0x89, 0x7d, 0xf0, 0x89, 0x75, 0xec, 0x83,
  0x7d, 0xec, 0x00, 0x0f, 0x85, 0x1b, 0x00, 0x00, 0x00, 0x48, 0xb8, 0x00,
  0x00, 0x00, 0x00, 0x00, 0x80, 0x00, 0x00, 0x48, 0x39, 0x45, 0xf0, 0x0f,
  0x92, 0xc0, 0x24, 0x01, 0x88, 0x45, 0xff, 0xe9, 0x86, 0x00, 0x00, 0x00,
  0x83, 0x7d, 0xec, 0x01, 0x0f, 0x85, 0x3a, 0x00, 0x00, 0x00, 0x31, 0xc0,
  0x48, 0xb9, 0x00, 0x00, 0x00, 0x00, 0x00, 0x80, 0xff, 0xff, 0x48, 0x39,
  0x4d, 0xf0, 0x88, 0x45, 0xeb, 0x0f, 0x82, 0x14, 0x00, 0x00, 0x00, 0x48,
  0xb8, 0x00, 0x00, 0x00, 0x00, 0xff, 0xff, 0xff, 0xff, 0x48, 0x39, 0x45,
  0xf0, 0x0f, 0x92, 0xc0, 0x88, 0x45, 0xeb, 0x8a, 0x45, 0xeb, 0x24, 0x01,
  0x88, 0x45, 0xff, 0xe9, 0x42, 0x00, 0x00, 0x00, 0x83, 0x7d, 0xec, 0x02,
  0x0f, 0x85, 0x34, 0x00, 0x00, 0x00, 0x31, 0xc0, 0x48, 0xb9, 0x00, 0x00,
  0x00, 0x00, 0xff, 0xff, 0xff, 0xff, 0x48, 0x39, 0x4d, 0xf0, 0x88, 0x45,
  0xea, 0x0f, 0x82, 0x0e, 0x00, 0x00, 0x00, 0x48, 0x81, 0x7d, 0xf0, 0x00,
  0xf0, 0xff, 0xff, 0x0f, 0x92, 0xc0, 0x88, 0x45, 0xea, 0x8a, 0x45, 0xea,
  0x24, 0x01, 0x88, 0x45, 0xff, 0xe9, 0x04, 0x00, 0x00, 0x00, 0xc6, 0x45,
  0xff, 0x00, 0x8a, 0x45, 0xff, 0x24, 0x01, 0x0f, 0xb6, 0xc0, 0x48, 0x83,
  0xc4, 0x18, 0x5d, 0xc3, 0x0f, 0x1f, 0x84, 0x00, 0x00, 0x00, 0x00, 0x00,
  0x55, 0x48, 0x89, 0xe5, 0x83, 0x3d, 0x45, 0xbb, 0x00, 0x00, 0x00, 0x0f,
  0x8d, 0x0b, 0x00, 0x00, 0x00, 0xe8, 0xfa, 0x01, 0x00, 0x00, 0x89, 0x05,
  0x34, 0xbb, 0x00, 0x00, 0x83, 0x3d, 0x2d, 0xbb, 0x00, 0x00, 0x00, 0x0f,
  0x95, 0xc0, 0x24, 0x01, 0x0f, 0xb6, 0xc0, 0x5d, 0xc3, 0x0f, 0x1f, 0x00,
  0x55, 0x48, 0x89, 0xe5, 0x48, 0x83, 0xec, 0x30, 0x48, 0x89, 0x7d, 0xf0,
  0x48, 0x89, 0x75, 0xe8, 0x48, 0x89, 0x55, 0xe0, 0x48, 0x83, 0x7d, 0xe0,
  0x00, 0x0f, 0x86, 0xa7, 0x00, 0x00, 0x00, 0x48, 0x83, 0x7d, 0xe0, 0x40,
  0x0f, 0x86, 0x0e, 0x00, 0x00, 0x00, 0xb8, 0x40, 0x00, 0x00, 0x00, 0x48,
  0x89, 0x45, 0xd0, 0xe9, 0x08, 0x00, 0x00, 0x00, 0x48, 0x8b, 0x45, 0xe0,
  0x48, 0x89, 0x45, 0xd0, 0x48, 0x8b, 0x45, 0xd0, 0x48, 0x89, 0x45, 0xd8,
  0x8b, 0x3d, 0x26, 0xbc, 0x00, 0x00, 0x48, 0x8b, 0x75, 0xe8, 0x48, 0x8b,
  0x55, 0xd8, 0xe8, 0x75, 0x03, 0x00, 0x00, 0x48, 0x3b, 0x45, 0xd8, 0x0f,
  0x84, 0x0c, 0x00, 0x00, 0x00, 0xc7, 0x45, 0xfc, 0xff, 0xff, 0xff, 0xff,
  0xe9, 0x5c, 0x00, 0x00, 0x00, 0x8b, 0x3d, 0xf9, 0xbb, 0x00, 0x00, 0x48,
  0x8b, 0x75, 0xf0, 0x48, 0x8b, 0x55, 0xd8, 0xe8, 0x7c, 0x04, 0x00, 0x00,
  0x48, 0x3b, 0x45, 0xd8, 0x0f, 0x84, 0x0c, 0x00, 0x00, 0x00, 0xc7, 0x45,
  0xfc, 0xff, 0xff, 0xff, 0xff, 0xe9, 0x33, 0x00, 0x00, 0x00, 0x48, 0x8b,
  0x45, 0xd8, 0x48, 0x03, 0x45, 0xf0, 0x48, 0x89, 0x45, 0xf0, 0x48, 0x8b,
  0x45, 0xd8, 0x48, 0x03, 0x45, 0xe8, 0x48, 0x89, 0x45, 0xe8, 0x48, 0x8b,
  0x4d, 0xd8, 0x48, 0x8b, 0x45, 0xe0, 0x48, 0x29, 0xc8, 0x48, 0x89, 0x45,
  0xe0, 0xe9, 0x4e, 0xff, 0xff, 0xff, 0xc7, 0x45, 0xfc, 0x00, 0x00, 0x00,
  0x00, 0x8b, 0x45, 0xfc, 0x48, 0x83, 0xc4, 0x30, 0x5d, 0xc3, 0x66, 0x2e,
  0x0f, 0x1f, 0x84, 0x00, 0x00, 0x00, 0x00, 0x00, 0x55, 0x48, 0x89, 0xe5,
  0x48, 0x83, 0xec, 0x20, 0x48, 0x89, 0x7d, 0xf0, 0x89, 0x75, 0xec, 0x48,
  0x8d, 0x7d, 0xe0, 0x48, 0x8b, 0x75, 0xf0, 0x8b, 0x4d, 0xec, 0xba, 0x08,
  0x00, 0x00, 0x00, 0xe8, 0x1c, 0xfc, 0xff, 0xff, 0x83, 0xf8, 0x00, 0x0f,
  0x84, 0x0d, 0x00, 0x00, 0x00, 0x48, 0xc7, 0x45, 0xf8, 0xff, 0xff, 0xff,
  0xff, 0xe9, 0x08, 0x00, 0x00, 0x00, 0x48, 0x8b, 0x45, 0xe0, 0x48, 0x89,
  0x45, 0xf8, 0x48, 0x8b, 0x45, 0xf8, 0x48, 0x83, 0xc4, 0x20, 0x5d, 0xc3,
  0x0f, 0x1f, 0x40, 0x00, 0x55, 0x48, 0x89, 0xe5, 0x48, 0x83, 0xec, 0x20,
  0x48, 0x89, 0x7d, 0xf8, 0x89, 0x75, 0xf4, 0x48, 0x89, 0x55, 0xe8, 0x48,
  0x8b, 0x7d, 0xf8, 0x48, 0x8d, 0x75, 0xe8, 0x8b, 0x4d, 0xf4, 0xba, 0x08,
  0x00, 0x00, 0x00, 0xe8, 0xc8, 0xfb, 0xff, 0xff, 0x48, 0x83, 0xc4, 0x20,
  0x5d, 0xc3, 0x66, 0x90, 0x55, 0x48, 0x89, 0xe5, 0x48, 0x83, 0xec, 0x20,
  0x48, 0x89, 0x7d, 0xf0, 0x89, 0x75, 0xec, 0x48, 0x8d, 0x7d, 0xe8, 0x48,
  0x8b, 0x75, 0xf0, 0x8b, 0x4d, 0xec, 0xba, 0x04, 0x00, 0x00, 0x00, 0xe8,
  0x9c, 0xfb, 0xff, 0xff, 0x83, 0xf8, 0x00, 0x0f, 0x84, 0x0c, 0x00, 0x00,
  0x00, 0xc7, 0x45, 0xfc, 0xff, 0xff, 0xff, 0xff, 0xe9, 0x06, 0x00, 0x00,
  0x00, 0x8b, 0x45, 0xe8, 0x89, 0x45, 0xfc, 0x8b, 0x45, 0xfc, 0x48, 0x83,
  0xc4, 0x20, 0x5d, 0xc3, 0x0f, 0x1f, 0x84, 0x00, 0x00, 0x00, 0x00, 0x00,
  0x55, 0x48, 0x89, 0xe5, 0x48, 0x83, 0xec, 0x20, 0x48, 0x89, 0x7d, 0xf8,
  0x89, 0x75, 0xf4, 0x48, 0x89, 0x55, 0xe8, 0x48, 0x8b, 0x7d, 0xf8, 0x48,
  0x8d, 0x75, 0xe8, 0x8b, 0x4d, 0xf4, 0xba, 0x04, 0x00, 0x00, 0x00, 0xe8,
  0x48, 0xfb, 0xff, 0xff, 0x48, 0x83, 0xc4, 0x20, 0x5d, 0xc3, 0x66, 0x90,
  0x55, 0x48, 0x89, 0xe5, 0x48, 0x83, 0xec, 0x10, 0xbe, 0x01, 0x00, 0x00,
  0x00, 0x31, 0xd2, 0x48, 0x8d, 0x0d, 0x7a, 0xba, 0x00, 0x00, 0x89, 0xf7,
  0xe8, 0x13, 0x05, 0x00, 0x00, 0x83, 0xf8, 0x00, 0x0f, 0x84, 0x0c, 0x00,
  0x00, 0x00, 0xc7, 0x45, 0xfc, 0x00, 0x00, 0x00, 0x00, 0xe9, 0x4f, 0x00,
  0x00, 0x00, 0x8b, 0x05, 0x5c, 0xba, 0x00, 0x00, 0x89, 0x45, 0xf4, 0xe8,
  0xe0, 0xfa, 0xff, 0xff, 0x8b, 0x7d, 0xf4, 0x48, 0x89, 0xc6, 0xba, 0x01,
  0x00, 0x00, 0x00, 0xe8, 0xa0, 0x01, 0x00, 0x00, 0x48, 0x83, 0xf8, 0x01,
  0x0f, 0x85, 0x20, 0x00, 0x00, 0x00, 0x8b, 0x3d, 0x30, 0xba, 0x00, 0x00,
  0x48, 0x8d, 0x75, 0xfb, 0xba, 0x01, 0x00, 0x00, 0x00, 0xe8, 0xb2, 0x02,
  0x00, 0x00, 0xc7, 0x45, 0xfc, 0x01, 0x00, 0x00, 0x00, 0xe9, 0x07, 0x00,
  0x00, 0x00, 0xc7, 0x45, 0xfc, 0x00, 0x00, 0x00, 0x00, 0x8b, 0x45, 0xfc,
  0x48, 0x83, 0xc4, 0x10, 0x5d, 0xc3, 0xcc, 0xcc, 0xe9, 0xaf, 0x04, 0x00,
  0x00, 0xcc, 0xcc, 0xcc, 0xcc, 0xcc, 0xcc, 0xcc, 0xcc, 0xcc, 0xcc, 0xcc,
  0xcc, 0xcc, 0xcc, 0xcc, 0x55, 0x48, 0x89, 0xe5, 0x48, 0x83, 0xec, 0x20,
  0x48, 0x89, 0x7d, 0xf8, 0x48, 0x89, 0x75, 0xf0, 0x48, 0x8d, 0x05, 0xe1,
  0xb9, 0x00, 0x00, 0x48, 0x89, 0x45, 0xe8, 0x48, 0x8d, 0x05, 0xde, 0xb9,
  0x00, 0x00, 0x48, 0x39, 0x45, 0xe8, 0x0f, 0x84, 0x17, 0x00, 0x00, 0x00,
  0x48, 0x8b, 0x45, 0xe8, 0xff, 0x10, 0x48, 0x8b, 0x45, 0xe8, 0x48, 0x83,
  0xc0, 0x08, 0x48, 0x89, 0x45, 0xe8, 0xe9, 0xd8, 0xff, 0xff, 0xff, 0x31,
  0xc0, 0x48, 0x83, 0xc4, 0x20, 0x5d, 0xc3, 0x0f, 0x1f, 0x44, 0x00, 0x00,
  0x55, 0x48, 0x89, 0xe5, 0x48, 0x89, 0x7d, 0xf8, 0x48, 0x89, 0x75, 0xf0,
  0x31, 0xc0, 0x5d, 0xc3, 0x55, 0x48, 0x89, 0xe5, 0x31, 0xc0, 0x5d, 0xc3,
  0x0f, 0x1f, 0x84, 0x00, 0x00, 0x00, 0x00, 0x00, 0x55, 0x48, 0x89, 0xe5,
  0x31, 0xc0, 0x5d, 0xc3, 0x00, 0x00, 0x00, 0x00, 0x00, 0x00, 0x00, 0x00,
  0xff, 0x35, 0xd2, 0x75, 0x00, 0x00, 0xff, 0x25, 0xd4, 0x75, 0x00, 0x00,
  0x0f, 0x1f, 0x40, 0x00, 0xff, 0x25, 0xd2, 0x75, 0x00, 0x00, 0x68, 0x00,
  0x00, 0x00, 0x00, 0xe9, 0xe0, 0xff, 0xff, 0xff, 0xff, 0x25, 0xca, 0x75,
  0x00, 0x00, 0x68, 0x01, 0x00, 0x00, 0x00, 0xe9, 0xd0, 0xff, 0xff, 0xff,
  0xff, 0x25, 0xc2, 0x75, 0x00, 0x00, 0x68, 0x02, 0x00, 0x00, 0x00, 0xe9,
  0xc0, 0xff, 0xff, 0xff, 0xff, 0x25, 0xba, 0x75, 0x00, 0x00, 0x68, 0x03,
  0x00, 0x00, 0x00, 0xe9, 0xb0, 0xff, 0xff, 0xff, 0xff, 0x25, 0xb2, 0x75,
  0x00, 0x00, 0x68, 0x04, 0x00, 0x00, 0x00, 0xe9, 0xa0, 0xff, 0xff, 0xff,
  0xff, 0x25, 0xaa, 0x75, 0x00, 0x00, 0x68, 0x05, 0x00, 0x00, 0x00, 0xe9,
  0x90, 0xff, 0xff, 0xff, 0xff, 0x25, 0xa2, 0x75, 0x00, 0x00, 0x68, 0x06,
  0x00, 0x00, 0x00, 0xe9, 0x80, 0xff, 0xff, 0xff, 0xff, 0x25, 0x9a, 0x75,
  0x00, 0x00, 0x68, 0x07, 0x00, 0x00, 0x00, 0xe9, 0x70, 0xff, 0xff, 0xff,
  0xff, 0x25, 0x92, 0x75, 0x00, 0x00, 0x68, 0x08, 0x00, 0x00, 0x00, 0xe9,
  0x60, 0xff, 0xff, 0xff, 0xff, 0x25, 0x8a, 0x75, 0x00, 0x00, 0x68, 0x09,
  0x00, 0x00, 0x00, 0xe9, 0x50, 0xff, 0xff, 0xff, 0xff, 0x25, 0x82, 0x75,
  0x00, 0x00, 0x68, 0x0a, 0x00, 0x00, 0x00, 0xe9, 0x40, 0xff, 0xff, 0xff,
  0xff, 0x25, 0x7a, 0x75, 0x00, 0x00, 0x68, 0x0b, 0x00, 0x00, 0x00, 0xe9,
  0x30, 0xff, 0xff, 0xff, 0xff, 0x25, 0x72, 0x75, 0x00, 0x00, 0x68, 0x0c,
  0x00, 0x00, 0x00, 0xe9, 0x20, 0xff, 0xff, 0xff, 0xff, 0x25, 0x6a, 0x75,
  0x00, 0x00, 0x68, 0x0d, 0x00, 0x00, 0x00, 0xe9, 0x10, 0xff, 0xff, 0xff,
  0xff, 0x25, 0x62, 0x75, 0x00, 0x00, 0x68, 0x0e, 0x00, 0x00, 0x00, 0xe9,
  0x00, 0xff, 0xff, 0xff, 0xff, 0x25, 0x5a, 0x75, 0x00, 0x00, 0x68, 0x0f,
  0x00, 0x00, 0x00, 0xe9, 0xf0, 0xfe, 0xff, 0xff, 0xff, 0x25, 0x52, 0x75,
  0x00, 0x00, 0x68, 0x10, 0x00, 0x00, 0x00, 0xe9, 0xe0, 0xfe, 0xff, 0xff,
  0xff, 0x25, 0x4a, 0x75, 0x00, 0x00, 0x68, 0x11, 0x00, 0x00, 0x00, 0xe9,
  0xd0, 0xfe, 0xff, 0xff, 0xff, 0x25, 0x42, 0x75, 0x00, 0x00, 0x68, 0x12,
  0x00, 0x00, 0x00, 0xe9, 0xc0, 0xfe, 0xff, 0xff, 0xff, 0x25, 0x3a, 0x75,
  0x00, 0x00, 0x68, 0x13, 0x00, 0x00, 0x00, 0xe9, 0xb0, 0xfe, 0xff, 0xff,
  0xff, 0x25, 0x32, 0x75, 0x00, 0x00, 0x68, 0x14, 0x00, 0x00, 0x00, 0xe9,
  0xa0, 0xfe, 0xff, 0xff, 0xff, 0x25, 0x2a, 0x75, 0x00, 0x00, 0x68, 0x15,
  0x00, 0x00, 0x00, 0xe9, 0x90, 0xfe, 0xff, 0xff, 0xff, 0x25, 0x22, 0x75,
  0x00, 0x00, 0x68, 0x16, 0x00, 0x00, 0x00, 0xe9, 0x80, 0xfe, 0xff, 0xff,
  0xff, 0x25, 0x1a, 0x75, 0x00, 0x00, 0x68, 0x17, 0x00, 0x00, 0x00, 0xe9,
  0x70, 0xfe, 0xff, 0xff, 0xff, 0x25, 0x12, 0x75, 0x00, 0x00, 0x68, 0x18,
  0x00, 0x00, 0x00, 0xe9, 0x60, 0xfe, 0xff, 0xff, 0xff, 0x25, 0x0a, 0x75,
  0x00, 0x00, 0x68, 0x19, 0x00, 0x00, 0x00, 0xe9, 0x50, 0xfe, 0xff, 0xff,
  0xff, 0x25, 0x02, 0x75, 0x00, 0x00, 0x68, 0x1a, 0x00, 0x00, 0x00, 0xe9,
  0x40, 0xfe, 0xff, 0xff, 0xff, 0x25, 0xfa, 0x74, 0x00, 0x00, 0x68, 0x1b,
  0x00, 0x00, 0x00, 0xe9, 0x30, 0xfe, 0xff, 0xff, 0xff, 0x25, 0xf2, 0x74,
  0x00, 0x00, 0x68, 0x1c, 0x00, 0x00, 0x00, 0xe9, 0x20, 0xfe, 0xff, 0xff,
  0xff, 0x25, 0xea, 0x74, 0x00, 0x00, 0x68, 0x1d, 0x00, 0x00, 0x00, 0xe9,
  0x10, 0xfe, 0xff, 0xff, 0xff, 0x25, 0xe2, 0x74, 0x00, 0x00, 0x68, 0x1e,
  0x00, 0x00, 0x00, 0xe9, 0x00, 0xfe, 0xff, 0xff, 0xff, 0x25, 0xda, 0x74,
  0x00, 0x00, 0x68, 0x1f, 0x00, 0x00, 0x00, 0xe9, 0xf0, 0xfd, 0xff, 0xff,
  0xff, 0x25, 0xd2, 0x74, 0x00, 0x00, 0x68, 0x20, 0x00, 0x00, 0x00, 0xe9,
  0xe0, 0xfd, 0xff, 0xff, 0xff, 0x25, 0xca, 0x74, 0x00, 0x00, 0x68, 0x21,
  0x00, 0x00, 0x00, 0xe9, 0xd0, 0xfd, 0xff, 0xff, 0xff, 0x25, 0xc2, 0x74,
  0x00, 0x00, 0x68, 0x22, 0x00, 0x00, 0x00, 0xe9, 0xc0, 0xfd, 0xff, 0xff,
  0xff, 0x25, 0xba, 0x74, 0x00, 0x00, 0x68, 0x23, 0x00, 0x00, 0x00, 0xe9,
  0xb0, 0xfd, 0xff, 0xff, 0xff, 0x25, 0xb2, 0x74, 0x00, 0x00, 0x68, 0x24,
  0x00, 0x00, 0x00, 0xe9, 0xa0, 0xfd, 0xff, 0xff, 0xff, 0x25, 0xaa, 0x74,
  0x00, 0x00, 0x68, 0x25, 0x00, 0x00, 0x00, 0xe9, 0x90, 0xfd, 0xff, 0xff,
  0xff, 0x25, 0xa2, 0x74, 0x00, 0x00, 0x68, 0x26, 0x00, 0x00, 0x00, 0xe9,
  0x80, 0xfd, 0xff, 0xff, 0xff, 0x25, 0x9a, 0x74, 0x00, 0x00, 0x68, 0x27,
  0x00, 0x00, 0x00, 0xe9, 0x70, 0xfd, 0xff, 0xff, 0xff, 0x25, 0x92, 0x74,
  0x00, 0x00, 0x68, 0x28, 0x00, 0x00, 0x00, 0xe9, 0x60, 0xfd, 0xff, 0xff,
  0xff, 0x25, 0x8a, 0x74, 0x00, 0x00, 0x68, 0x29, 0x00, 0x00, 0x00, 0xe9,
  0x50, 0xfd, 0xff, 0xff, 0xff, 0x25, 0x82, 0x74, 0x00, 0x00, 0x68, 0x2a,
  0x00, 0x00, 0x00, 0xe9, 0x40, 0xfd, 0xff, 0xff, 0xff, 0x25, 0x7a, 0x74,
  0x00, 0x00, 0x68, 0x2b, 0x00, 0x00, 0x00, 0xe9, 0x30, 0xfd, 0xff, 0xff,
  0xff, 0x25, 0x72, 0x74, 0x00, 0x00, 0x68, 0x2c, 0x00, 0x00, 0x00, 0xe9,
  0x20, 0xfd, 0xff, 0xff, 0xff, 0x25, 0x6a, 0x74, 0x00, 0x00, 0x68, 0x2d,
  0x00, 0x00, 0x00, 0xe9, 0x10, 0xfd, 0xff, 0xff, 0xff, 0x25, 0x62, 0x74,
  0x00, 0x00, 0x68, 0x2e, 0x00, 0x00, 0x00, 0xe9, 0x00, 0xfd, 0xff, 0xff,
  0xff, 0x25, 0x5a, 0x74, 0x00, 0x00, 0x68, 0x2f, 0x00, 0x00, 0x00, 0xe9,
  0xf0, 0xfc, 0xff, 0xff, 0xff, 0x25, 0x52, 0x74, 0x00, 0x00, 0x68, 0x30,
  0x00, 0x00, 0x00, 0xe9, 0xe0, 0xfc, 0xff, 0xff, 0xff, 0x25, 0x4a, 0x74,
  0x00, 0x00, 0x68, 0x31, 0x00, 0x00, 0x00, 0xe9, 0xd0, 0xfc, 0xff, 0xff,
  0xff, 0x25, 0x42, 0x74, 0x00, 0x00, 0x68, 0x32, 0x00, 0x00, 0x00, 0xe9,
  0xc0, 0xfc, 0xff, 0xff, 0xff, 0x25, 0x3a, 0x74, 0x00, 0x00, 0x68, 0x33,
  0x00, 0x00, 0x00, 0xe9, 0xb0, 0xfc, 0xff, 0xff, 0xff, 0x25, 0x32, 0x74,
  0x00, 0x00, 0x68, 0x34, 0x00, 0x00, 0x00, 0xe9, 0xa0, 0xfc, 0xff, 0xff,
  0xff, 0x25, 0x2a, 0x74, 0x00, 0x00, 0x68, 0x35, 0x00, 0x00, 0x00, 0xe9,
  0x90, 0xfc, 0xff, 0xff, 0xff, 0x25, 0x22, 0x74, 0x00, 0x00, 0x68, 0x36,
  0x00, 0x00, 0x00, 0xe9, 0x80, 0xfc, 0xff, 0xff, 0xff, 0x25, 0x1a, 0x74,
  0x00, 0x00, 0x68, 0x37, 0x00, 0x00, 0x00, 0xe9, 0x70, 0xfc, 0xff, 0xff,
  0xff, 0x25, 0x12, 0x74, 0x00, 0x00, 0x68, 0x38, 0x00, 0x00, 0x00, 0xe9,
  0x60, 0xfc, 0xff, 0xff, 0xff, 0x25, 0x0a, 0x74, 0x00, 0x00, 0x68, 0x39,
  0x00, 0x00, 0x00, 0xe9, 0x50, 0xfc, 0xff, 0xff, 0xff, 0x25, 0x02, 0x74,
  0x00, 0x00, 0x68, 0x3a, 0x00, 0x00, 0x00, 0xe9, 0x40, 0xfc, 0xff, 0xff,
  0xff, 0x25, 0xfa, 0x73, 0x00, 0x00, 0x68, 0x3b, 0x00, 0x00, 0x00, 0xe9,
  0x30, 0xfc, 0xff, 0xff, 0xff, 0x25, 0xf2, 0x73, 0x00, 0x00, 0x68, 0x3c,
  0x00, 0x00, 0x00, 0xe9, 0x20, 0xfc, 0xff, 0xff, 0xff, 0x25, 0xea, 0x73,
  0x00, 0x00, 0x68, 0x3d, 0x00, 0x00, 0x00, 0xe9, 0x10, 0xfc, 0xff, 0xff,
  0xff, 0x25, 0xe2, 0x73, 0x00, 0x00, 0x68, 0x3e, 0x00, 0x00, 0x00, 0xe9,
  0x00, 0xfc, 0xff, 0xff, 0xff, 0x25, 0xda, 0x73, 0x00, 0x00, 0x68, 0x3f,
  0x00, 0x00, 0x00, 0xe9, 0xf0, 0xfb, 0xff, 0xff, 0xff, 0x25, 0xd2, 0x73,
  0x00, 0x00, 0x68, 0x40, 0x00, 0x00, 0x00, 0xe9, 0xe0, 0xfb, 0xff, 0xff,
  0xff, 0x25, 0xca, 0x73, 0x00, 0x00, 0x68, 0x41, 0x00, 0x00, 0x00, 0xe9,
  0xd0, 0xfb, 0xff, 0xff, 0x00, 0x00, 0x00, 0x00, 0x00, 0x00, 0x00, 0x00,
  0x00, 0x00, 0x00, 0x00, 0x00, 0x00, 0x00, 0x00, 0x00, 0x00, 0x00, 0x00,
  0x00, 0x00, 0x00, 0x00, 0x01, 0x00, 0x00, 0x00, 0x12, 0x00, 0x00, 0x00,
  0x00, 0x00, 0x00, 0x00, 0x00, 0x00, 0x00, 0x00, 0x00, 0x00, 0x00, 0x00,
  0x00, 0x00, 0x00, 0x00, 0x0d, 0x00, 0x00, 0x00, 0x12, 0x00, 0x00, 0x00,
  0x00, 0x00, 0x00, 0x00, 0x00, 0x00, 0x00, 0x00, 0x00, 0x00, 0x00, 0x00,
  0x00, 0x00, 0x00, 0x00, 0x13, 0x00, 0x00, 0x00, 0x12, 0x00, 0x00, 0x00,
  0x00, 0x00, 0x00, 0x00, 0x00, 0x00, 0x00, 0x00, 0x00, 0x00, 0x00, 0x00,
  0x00, 0x00, 0x00, 0x00, 0x1a, 0x00, 0x00, 0x00, 0x12, 0x00, 0x00, 0x00,
  0x00, 0x00, 0x00, 0x00, 0x00, 0x00, 0x00, 0x00, 0x00, 0x00, 0x00, 0x00,
  0x00, 0x00, 0x00, 0x00, 0x21, 0x00, 0x00, 0x00, 0x12, 0x00, 0x00, 0x00,
  0x00, 0x00, 0x00, 0x00, 0x00, 0x00, 0x00, 0x00, 0x00, 0x00, 0x00, 0x00,
  0x00, 0x00, 0x00, 0x00, 0x27, 0x00, 0x00, 0x00, 0x12, 0x00, 0x00, 0x00,
  0x00, 0x00, 0x00, 0x00, 0x00, 0x00, 0x00, 0x00, 0x00, 0x00, 0x00, 0x00,
  0x00, 0x00, 0x00, 0x00, 0x2d, 0x00, 0x00, 0x00, 0x12, 0x00, 0x00, 0x00,
  0x00, 0x00, 0x00, 0x00, 0x00, 0x00, 0x00, 0x00, 0x00, 0x00, 0x00, 0x00,
  0x00, 0x00, 0x00, 0x00, 0x32, 0x00, 0x00, 0x00, 0x12, 0x00, 0x00, 0x00,
  0x00, 0x00, 0x00, 0x00, 0x00, 0x00, 0x00, 0x00, 0x00, 0x00, 0x00, 0x00,
  0x00, 0x00, 0x00, 0x00, 0x39, 0x00, 0x00, 0x00, 0x12, 0x00, 0x00, 0x00,
  0x00, 0x00, 0x00, 0x00, 0x00, 0x00, 0x00, 0x00, 0x00, 0x00, 0x00, 0x00,
  0x00, 0x00, 0x00, 0x00, 0x44, 0x00, 0x00, 0x00, 0x12, 0x00, 0x00, 0x00,
  0x00, 0x00, 0x00, 0x00, 0x00, 0x00, 0x00, 0x00, 0x00, 0x00, 0x00, 0x00,
  0x00, 0x00, 0x00, 0x00, 0x4c, 0x00, 0x00, 0x00, 0x12, 0x00, 0x00, 0x00,
  0x00, 0x00, 0x00, 0x00, 0x00, 0x00, 0x00, 0x00, 0x00, 0x00, 0x00, 0x00,
  0x00, 0x00, 0x00, 0x00, 0x56, 0x00, 0x00, 0x00, 0x12, 0x00, 0x00, 0x00,
  0x00, 0x00, 0x00, 0x00, 0x00, 0x00, 0x00, 0x00, 0x00, 0x00, 0x00, 0x00,
  0x00, 0x00, 0x00, 0x00, 0x5d, 0x00, 0x00, 0x00, 0x12, 0x00, 0x00, 0x00,
  0x00, 0x00, 0x00, 0x00, 0x00, 0x00, 0x00, 0x00, 0x00, 0x00, 0x00, 0x00,
  0x00, 0x00, 0x00, 0x00, 0x63, 0x00, 0x00, 0x00, 0x12, 0x00, 0x00, 0x00,
  0x00, 0x00, 0x00, 0x00, 0x00, 0x00, 0x00, 0x00, 0x00, 0x00, 0x00, 0x00,
  0x00, 0x00, 0x00, 0x00, 0x6a, 0x00, 0x00, 0x00, 0x12, 0x00, 0x00, 0x00,
  0x00, 0x00, 0x00, 0x00, 0x00, 0x00, 0x00, 0x00, 0x00, 0x00, 0x00, 0x00,
  0x00, 0x00, 0x00, 0x00, 0x71, 0x00, 0x00, 0x00, 0x12, 0x00, 0x00, 0x00,
  0x00, 0x00, 0x00, 0x00, 0x00, 0x00, 0x00, 0x00, 0x00, 0x00, 0x00, 0x00,
  0x00, 0x00, 0x00, 0x00, 0x77, 0x00, 0x00, 0x00, 0x12, 0x00, 0x00, 0x00,
  0x00, 0x00, 0x00, 0x00, 0x00, 0x00, 0x00, 0x00, 0x00, 0x00, 0x00, 0x00,
  0x00, 0x00, 0x00, 0x00, 0x80, 0x00, 0x00, 0x00, 0x12, 0x00, 0x00, 0x00,
  0x00, 0x00, 0x00, 0x00, 0x00, 0x00, 0x00, 0x00, 0x00, 0x00, 0x00, 0x00,
  0x00, 0x00, 0x00, 0x00, 0x85, 0x00, 0x00, 0x00, 0x12, 0x00, 0x00, 0x00,
  0x00, 0x00, 0x00, 0x00, 0x00, 0x00, 0x00, 0x00, 0x00, 0x00, 0x00, 0x00,
  0x00, 0x00, 0x00, 0x00, 0x8c, 0x00, 0x00, 0x00, 0x12, 0x00, 0x00, 0x00,
  0x00, 0x00, 0x00, 0x00, 0x00, 0x00, 0x00, 0x00, 0x00, 0x00, 0x00, 0x00,
  0x00, 0x00, 0x00, 0x00, 0x94, 0x00, 0x00, 0x00, 0x12, 0x00, 0x00, 0x00,
  0x00, 0x00, 0x00, 0x00, 0x00, 0x00, 0x00, 0x00, 0x00, 0x00, 0x00, 0x00,
  0x00, 0x00, 0x00, 0x00, 0x9c, 0x00, 0x00, 0x00, 0x12, 0x00, 0x00, 0x00,
  0x00, 0x00, 0x00, 0x00, 0x00, 0x00, 0x00, 0x00, 0x00, 0x00, 0x00, 0x00,
  0x00, 0x00, 0x00, 0x00, 0xa8, 0x00, 0x00, 0x00, 0x12, 0x00, 0x00, 0x00,
  0x00, 0x00, 0x00, 0x00, 0x00, 0x00, 0x00, 0x00, 0x00, 0x00, 0x00, 0x00,
  0x00, 0x00, 0x00, 0x00, 0xb1, 0x00, 0x00, 0x00, 0x12, 0x00, 0x00, 0x00,
  0x00, 0x00, 0x00, 0x00, 0x00, 0x00, 0x00, 0x00, 0x00, 0x00, 0x00, 0x00,
  0x00, 0x00, 0x00, 0x00, 0xba, 0x00, 0x00, 0x00, 0x12, 0x00, 0x00, 0x00,
  0x00, 0x00, 0x00, 0x00, 0x00, 0x00, 0x00, 0x00, 0x00, 0x00, 0x00, 0x00,
  0x00, 0x00, 0x00, 0x00, 0xc2, 0x00, 0x00, 0x00, 0x12, 0x00, 0x00, 0x00,
  0x00, 0x00, 0x00, 0x00, 0x00, 0x00, 0x00, 0x00, 0x00, 0x00, 0x00, 0x00,
  0x00, 0x00, 0x00, 0x00, 0xc9, 0x00, 0x00, 0x00, 0x12, 0x00, 0x00, 0x00,
  0x00, 0x00, 0x00, 0x00, 0x00, 0x00, 0x00, 0x00, 0x00, 0x00, 0x00, 0x00,
  0x00, 0x00, 0x00, 0x00, 0xcf, 0x00, 0x00, 0x00, 0x12, 0x00, 0x00, 0x00,
  0x00, 0x00, 0x00, 0x00, 0x00, 0x00, 0x00, 0x00, 0x00, 0x00, 0x00, 0x00,
  0x00, 0x00, 0x00, 0x00, 0xd6, 0x00, 0x00, 0x00, 0x12, 0x00, 0x00, 0x00,
  0x00, 0x00, 0x00, 0x00, 0x00, 0x00, 0x00, 0x00, 0x00, 0x00, 0x00, 0x00,
  0x00, 0x00, 0x00, 0x00, 0xdb, 0x00, 0x00, 0x00, 0x12, 0x00, 0x00, 0x00,
  0x00, 0x00, 0x00, 0x00, 0x00, 0x00, 0x00, 0x00, 0x00, 0x00, 0x00, 0x00,
  0x00, 0x00, 0x00, 0x00, 0xe0, 0x00, 0x00, 0x00, 0x12, 0x00, 0x00, 0x00,
  0x00, 0x00, 0x00, 0x00, 0x00, 0x00, 0x00, 0x00, 0x00, 0x00, 0x00, 0x00,
  0x00, 0x00, 0x00, 0x00, 0xe9, 0x00, 0x00, 0x00, 0x12, 0x00, 0x00, 0x00,
  0x00, 0x00, 0x00, 0x00, 0x00, 0x00, 0x00, 0x00, 0x00, 0x00, 0x00, 0x00,
  0x00, 0x00, 0x00, 0x00, 0xee, 0x00, 0x00, 0x00, 0x12, 0x00, 0x00, 0x00,
  0x00, 0x00, 0x00, 0x00, 0x00, 0x00, 0x00, 0x00, 0x00, 0x00, 0x00, 0x00,
  0x00, 0x00, 0x00, 0x00, 0xf4, 0x00, 0x00, 0x00, 0x12, 0x00, 0x00, 0x00,
  0x00, 0x00, 0x00, 0x00, 0x00, 0x00, 0x00, 0x00, 0x00, 0x00, 0x00, 0x00,
  0x00, 0x00, 0x00, 0x00, 0xfb, 0x00, 0x00, 0x00, 0x12, 0x00, 0x00, 0x00,
  0x00, 0x00, 0x00, 0x00, 0x00, 0x00, 0x00, 0x00, 0x00, 0x00, 0x00, 0x00,
  0x00, 0x00, 0x00, 0x00, 0x01, 0x01, 0x00, 0x00, 0x12, 0x00, 0x00, 0x00,
  0x00, 0x00, 0x00, 0x00, 0x00, 0x00, 0x00, 0x00, 0x00, 0x00, 0x00, 0x00,
  0x00, 0x00, 0x00, 0x00, 0x0b, 0x01, 0x00, 0x00, 0x12, 0x00, 0x00, 0x00,
  0x00, 0x00, 0x00, 0x00, 0x00, 0x00, 0x00, 0x00, 0x00, 0x00, 0x00, 0x00,
  0x00, 0x00, 0x00, 0x00, 0x10, 0x01, 0x00, 0x00, 0x12, 0x00, 0x00, 0x00,
  0x00, 0x00, 0x00, 0x00, 0x00, 0x00, 0x00, 0x00, 0x00, 0x00, 0x00, 0x00,
  0x00, 0x00, 0x00, 0x00, 0x15, 0x01, 0x00, 0x00, 0x12, 0x00, 0x00, 0x00,
  0x00, 0x00, 0x00, 0x00, 0x00, 0x00, 0x00, 0x00, 0x00, 0x00, 0x00, 0x00,
  0x00, 0x00, 0x00, 0x00, 0x1a, 0x01, 0x00, 0x00, 0x12, 0x00, 0x00, 0x00,
  0x00, 0x00, 0x00, 0x00, 0x00, 0x00, 0x00, 0x00, 0x00, 0x00, 0x00, 0x00,
  0x00, 0x00, 0x00, 0x00, 0x21, 0x01, 0x00, 0x00, 0x12, 0x00, 0x00, 0x00,
  0x00, 0x00, 0x00, 0x00, 0x00, 0x00, 0x00, 0x00, 0x00, 0x00, 0x00, 0x00,
  0x00, 0x00, 0x00, 0x00, 0x27, 0x01, 0x00, 0x00, 0x12, 0x00, 0x00, 0x00,
  0x00, 0x00, 0x00, 0x00, 0x00, 0x00, 0x00, 0x00, 0x00, 0x00, 0x00, 0x00,
  0x00, 0x00, 0x00, 0x00, 0x32, 0x01, 0x00, 0x00, 0x12, 0x00, 0x00, 0x00,
  0x00, 0x00, 0x00, 0x00, 0x00, 0x00, 0x00, 0x00, 0x00, 0x00, 0x00, 0x00,
  0x00, 0x00, 0x00, 0x00, 0x39, 0x01, 0x00, 0x00, 0x12, 0x00, 0x00, 0x00,
  0x00, 0x00, 0x00, 0x00, 0x00, 0x00, 0x00, 0x00, 0x00, 0x00, 0x00, 0x00,
  0x00, 0x00, 0x00, 0x00, 0x41, 0x01, 0x00, 0x00, 0x12, 0x00, 0x00, 0x00,
  0x00, 0x00, 0x00, 0x00, 0x00, 0x00, 0x00, 0x00, 0x00, 0x00, 0x00, 0x00,
  0x00, 0x00, 0x00, 0x00, 0x4b, 0x01, 0x00, 0x00, 0x12, 0x00, 0x00, 0x00,
  0x00, 0x00, 0x00, 0x00, 0x00, 0x00, 0x00, 0x00, 0x00, 0x00, 0x00, 0x00,
  0x00, 0x00, 0x00, 0x00, 0x57, 0x01, 0x00, 0x00, 0x12, 0x00, 0x00, 0x00,
  0x00, 0x00, 0x00, 0x00, 0x00, 0x00, 0x00, 0x00, 0x00, 0x00, 0x00, 0x00,
  0x00, 0x00, 0x00, 0x00, 0x62, 0x01, 0x00, 0x00, 0x12, 0x00, 0x00, 0x00,
  0x00, 0x00, 0x00, 0x00, 0x00, 0x00, 0x00, 0x00, 0x00, 0x00, 0x00, 0x00,
  0x00, 0x00, 0x00, 0x00, 0x71, 0x01, 0x00, 0x00, 0x12, 0x00, 0x00, 0x00,
  0x00, 0x00, 0x00, 0x00, 0x00, 0x00, 0x00, 0x00, 0x00, 0x00, 0x00, 0x00,
  0x00, 0x00, 0x00, 0x00, 0x7a, 0x01, 0x00, 0x00, 0x12, 0x00, 0x00, 0x00,
  0x00, 0x00, 0x00, 0x00, 0x00, 0x00, 0x00, 0x00, 0x00, 0x00, 0x00, 0x00,
  0x00, 0x00, 0x00, 0x00, 0x81, 0x01, 0x00, 0x00, 0x12, 0x00, 0x00, 0x00,
  0x00, 0x00, 0x00, 0x00, 0x00, 0x00, 0x00, 0x00, 0x00, 0x00, 0x00, 0x00,
  0x00, 0x00, 0x00, 0x00, 0xa2, 0x01, 0x00, 0x00, 0x12, 0x00, 0x00, 0x00,
  0x00, 0x00, 0x00, 0x00, 0x00, 0x00, 0x00, 0x00, 0x00, 0x00, 0x00, 0x00,
  0x00, 0x00, 0x00, 0x00, 0xa9, 0x01, 0x00, 0x00, 0x12, 0x00, 0x00, 0x00,
  0x00, 0x00, 0x00, 0x00, 0x00, 0x00, 0x00, 0x00, 0x00, 0x00, 0x00, 0x00,
  0x00, 0x00, 0x00, 0x00, 0xae, 0x01, 0x00, 0x00, 0x12, 0x00, 0x00, 0x00,
  0x00, 0x00, 0x00, 0x00, 0x00, 0x00, 0x00, 0x00, 0x00, 0x00, 0x00, 0x00,
  0x00, 0x00, 0x00, 0x00, 0xbb, 0x01, 0x00, 0x00, 0x12, 0x00, 0x00, 0x00,
  0x00, 0x00, 0x00, 0x00, 0x00, 0x00, 0x00, 0x00, 0x00, 0x00, 0x00, 0x00,
  0x00, 0x00, 0x00, 0x00, 0xc2, 0x01, 0x00, 0x00, 0x12, 0x00, 0x00, 0x00,
  0x00, 0x00, 0x00, 0x00, 0x00, 0x00, 0x00, 0x00, 0x00, 0x00, 0x00, 0x00,
  0x00, 0x00, 0x00, 0x00, 0xca, 0x01, 0x00, 0x00, 0x12, 0x00, 0x00, 0x00,
  0x00, 0x00, 0x00, 0x00, 0x00, 0x00, 0x00, 0x00, 0x00, 0x00, 0x00, 0x00,
  0x00, 0x00, 0x00, 0x00, 0xd1, 0x01, 0x00, 0x00, 0x12, 0x00, 0x00, 0x00,
  0x00, 0x00, 0x00, 0x00, 0x00, 0x00, 0x00, 0x00, 0x00, 0x00, 0x00, 0x00,
  0x00, 0x00, 0x00, 0x00, 0xd9, 0x01, 0x00, 0x00, 0x12, 0x00, 0x00, 0x00,
  0x00, 0x00, 0x00, 0x00, 0x00, 0x00, 0x00, 0x00, 0x00, 0x00, 0x00, 0x00,
  0x00, 0x00, 0x00, 0x00, 0xe0, 0x01, 0x00, 0x00, 0x12, 0x00, 0x00, 0x00,
  0x00, 0x00, 0x00, 0x00, 0x00, 0x00, 0x00, 0x00, 0x00, 0x00, 0x00, 0x00,
  0x00, 0x00, 0x00, 0x00, 0xe7, 0x01, 0x00, 0x00, 0x12, 0x00, 0x00, 0x00,
  0x00, 0x00, 0x00, 0x00, 0x00, 0x00, 0x00, 0x00, 0x00, 0x00, 0x00, 0x00,
  0x00, 0x00, 0x00, 0x00, 0xee, 0x01, 0x00, 0x00, 0x12, 0x00, 0x00, 0x00,
  0x00, 0x00, 0x00, 0x00, 0x00, 0x00, 0x00, 0x00, 0x00, 0x00, 0x00, 0x00,
  0x00, 0x00, 0x00, 0x00, 0xf5, 0x01, 0x00, 0x00, 0x12, 0x00, 0x00, 0x00,
  0x00, 0x00, 0x00, 0x00, 0x00, 0x00, 0x00, 0x00, 0x00, 0x00, 0x00, 0x00,
  0x00, 0x00, 0x00, 0x00, 0xfb, 0x01, 0x00, 0x00, 0x12, 0x00, 0x00, 0x00,
  0x00, 0x00, 0x00, 0x00, 0x00, 0x00, 0x00, 0x00, 0x00, 0x00, 0x00, 0x00,
  0x00, 0x00, 0x00, 0x00, 0x02, 0x02, 0x00, 0x00, 0x12, 0x00, 0x00, 0x00,
  0x00, 0x00, 0x00, 0x00, 0x00, 0x00, 0x00, 0x00, 0x00, 0x00, 0x00, 0x00,
  0x00, 0x00, 0x00, 0x00, 0x0d, 0x02, 0x00, 0x00, 0x12, 0x00, 0x00, 0x00,
  0x00, 0x00, 0x00, 0x00, 0x00, 0x00, 0x00, 0x00, 0x00, 0x00, 0x00, 0x00,
  0x00, 0x00, 0x00, 0x00, 0x01, 0x00, 0x00, 0x00, 0x43, 0x00, 0x00, 0x00,
  0x01, 0x00, 0x00, 0x00, 0x1a, 0x00, 0x00, 0x00, 0x00, 0x00, 0x00, 0x00,
  0x00, 0x00, 0x00, 0x00, 0x00, 0x00, 0x00, 0x00, 0x43, 0x00, 0x00, 0x00,
  0x43, 0x00, 0x00, 0x00, 0x00, 0x00, 0x00, 0x00, 0x08, 0x00, 0x00, 0x00,
  0x00, 0x00, 0x00, 0x00, 0x39, 0x00, 0x00, 0x00, 0x3b, 0x00, 0x00, 0x00,
  0x34, 0x00, 0x00, 0x00, 0x16, 0x00, 0x00, 0x00, 0x28, 0x00, 0x00, 0x00,
  0x07, 0x00, 0x00, 0x00, 0x37, 0x00, 0x00, 0x00, 0x41, 0x00, 0x00, 0x00,
  0x2c, 0x00, 0x00, 0x00, 0x03, 0x00, 0x00, 0x00, 0x23, 0x00, 0x00, 0x00,
  0x2b, 0x00, 0x00, 0x00, 0x3c, 0x00, 0x00, 0x00, 0x00, 0x00, 0x00, 0x00,
  0x22, 0x00, 0x00, 0x00, 0x38, 0x00, 0x00, 0x00, 0x00, 0x00, 0x00, 0x00,
  0x2e, 0x00, 0x00, 0x00, 0x00, 0x00, 0x00, 0x00, 0x00, 0x00, 0x00, 0x00,
  0x00, 0x00, 0x00, 0x00, 0x00, 0x00, 0x00, 0x00, 0x29, 0x00, 0x00, 0x00,
  0x2a, 0x00, 0x00, 0x00, 0x42, 0x00, 0x00, 0x00, 0x00, 0x00, 0x00, 0x00,
  0x1f, 0x00, 0x00, 0x00, 0x00, 0x00, 0x00, 0x00, 0x00, 0x00, 0x00, 0x00,
  0x33, 0x00, 0x00, 0x00, 0x3e, 0x00, 0x00, 0x00, 0x26, 0x00, 0x00, 0x00,
  0x3a, 0x00, 0x00, 0x00, 0x00, 0x00, 0x00, 0x00, 0x31, 0x00, 0x00, 0x00,
  0x24, 0x00, 0x00, 0x00, 0x0a, 0x00, 0x00, 0x00, 0x0f, 0x00, 0x00, 0x00,
  0x2f, 0x00, 0x00, 0x00, 0x25, 0x00, 0x00, 0x00, 0x3d, 0x00, 0x00, 0x00,
  0x19, 0x00, 0x00, 0x00, 0x0c, 0x00, 0x00, 0x00, 0x00, 0x00, 0x00, 0x00,
  0x00, 0x00, 0x00, 0x00, 0x00, 0x00, 0x00, 0x00, 0x00, 0x00, 0x00, 0x00,
  0x00, 0x00, 0x00, 0x00, 0x13, 0x00, 0x00, 0x00, 0x00, 0x00, 0x00, 0x00,
  0x00, 0x00, 0x00, 0x00, 0x00, 0x00, 0x00, 0x00, 0x0b, 0x00, 0x00, 0x00,
  0x3f, 0x00, 0x00, 0x00, 0x00, 0x00, 0x00, 0x00, 0x18, 0x00, 0x00, 0x00,
  0x27, 0x00, 0x00, 0x00, 0x36, 0x00, 0x00, 0x00, 0x35, 0x00, 0x00, 0x00,
  0x00, 0x00, 0x00, 0x00, 0x00, 0x00, 0x00, 0x00, 0x40, 0x00, 0x00, 0x00,
  0x00, 0x00, 0x00, 0x00, 0x00, 0x00, 0x00, 0x00, 0x00, 0x00, 0x00, 0x00,
  0x00, 0x00, 0x00, 0x00, 0x00, 0x00, 0x00, 0x00, 0x00, 0x00, 0x00, 0x00,
  0x00, 0x00, 0x00, 0x00, 0x00, 0x00, 0x00, 0x00, 0x00, 0x00, 0x00, 0x00,
  0x00, 0x00, 0x00, 0x00, 0x00, 0x00, 0x00, 0x00, 0x00, 0x00, 0x00, 0x00,
  0x00, 0x00, 0x00, 0x00, 0x00, 0x00, 0x00, 0x00, 0x00, 0x00, 0x00, 0x00,
  0x00, 0x00, 0x00, 0x00, 0x00, 0x00, 0x00, 0x00, 0x00, 0x00, 0x00, 0x00,
  0x00, 0x00, 0x00, 0x00, 0x00, 0x00, 0x00, 0x00, 0x00, 0x00, 0x00, 0x00,
  0x00, 0x00, 0x00, 0x00, 0x00, 0x00, 0x00, 0x00, 0x0e, 0x00, 0x00, 0x00,
  0x00, 0x00, 0x00, 0x00, 0x00, 0x00, 0x00, 0x00, 0x00, 0x00, 0x00, 0x00,
  0x00, 0x00, 0x00, 0x00, 0x05, 0x00, 0x00, 0x00, 0x00, 0x00, 0x00, 0x00,
  0x1b, 0x00, 0x00, 0x00, 0x02, 0x00, 0x00, 0x00, 0x00, 0x00, 0x00, 0x00,
  0x00, 0x00, 0x00, 0x00, 0x00, 0x00, 0x00, 0x00, 0x00, 0x00, 0x00, 0x00,
  0x00, 0x00, 0x00, 0x00, 0x00, 0x00, 0x00, 0x00, 0x12, 0x00, 0x00, 0x00,
  0x00, 0x00, 0x00, 0x00, 0x1c, 0x00, 0x00, 0x00, 0x20, 0x00, 0x00, 0x00,
  0x1a, 0x00, 0x00, 0x00, 0x1d, 0x00, 0x00, 0x00, 0x00, 0x00, 0x00, 0x00,
  0x06, 0x00, 0x00, 0x00, 0x01, 0x00, 0x00, 0x00, 0x15, 0x00, 0x00, 0x00,
  0x17, 0x00, 0x00, 0x00, 0x1e, 0x00, 0x00, 0x00, 0x00, 0x00, 0x00, 0x00,
  0x00, 0x00, 0x00, 0x00, 0x11, 0x00, 0x00, 0x00, 0x0d, 0x00, 0x00, 0x00,
  0x00, 0x00, 0x00, 0x00, 0x30, 0x00, 0x00, 0x00, 0x00, 0x00, 0x00, 0x00,
  0x00, 0x00, 0x00, 0x00, 0x04, 0x00, 0x00, 0x00, 0x09, 0x00, 0x00, 0x00,
  0x21, 0x00, 0x00, 0x00, 0x2d, 0x00, 0x00, 0x00, 0x10, 0x00, 0x00, 0x00,
  0x14, 0x00, 0x00, 0x00, 0x00, 0x00, 0x00, 0x00, 0x32, 0x00, 0x00, 0x00,
  0x00, 0x00, 0x00, 0x00, 0x00, 0x00, 0x00, 0x00, 0x00, 0x00, 0x00, 0x00,
  0x00, 0x67, 0x65, 0x74, 0x73, 0x6f, 0x63, 0x6b, 0x6e, 0x61, 0x6d, 0x65,
  0x00, 0x63, 0x6c, 0x6f, 0x73, 0x65, 0x00, 0x73, 0x6f, 0x63, 0x6b, 0x65,
  0x74, 0x00, 0x6d, 0x65, 0x6d, 0x73, 0x65, 0x74, 0x00, 0x68, 0x74, 0x6f,
  0x6e, 0x6c, 0x00, 0x68, 0x74, 0x6f, 0x6e, 0x73, 0x00, 0x62, 0x69, 0x6e,
  0x64, 0x00, 0x6c, 0x69, 0x73, 0x74, 0x65, 0x6e, 0x00, 0x73, 0x74, 0x72,
  0x65, 0x72, 0x72, 0x6f, 0x72, 0x5f, 0x72, 0x00, 0x73, 0x74, 0x72, 0x6e,
  0x63, 0x70, 0x79, 0x00, 0x76, 0x73, 0x6e, 0x70, 0x72, 0x69, 0x6e, 0x74,
  0x66, 0x00, 0x73, 0x74, 0x72, 0x6c, 0x65, 0x6e, 0x00, 0x77, 0x72, 0x69,
  0x74, 0x65, 0x00, 0x73, 0x74, 0x72, 0x73, 0x74, 0x72, 0x00, 0x73, 0x74,
  0x72, 0x74, 0x6f, 0x6c, 0x00, 0x63, 0x68, 0x6d, 0x6f, 0x64, 0x00, 0x73,
  0x6e, 0x70, 0x72, 0x69, 0x6e, 0x74, 0x66, 0x00, 0x73, 0x74, 0x61, 0x74,
  0x00, 0x72, 0x65, 0x6d, 0x6f, 0x76, 0x65, 0x00, 0x6f, 0x70, 0x65, 0x6e,
  0x64, 0x69, 0x72, 0x00, 0x72, 0x65, 0x61, 0x64, 0x64, 0x69, 0x72, 0x00,
  0x6c, 0x6f, 0x63, 0x61, 0x6c, 0x74, 0x69, 0x6d, 0x65, 0x5f, 0x73, 0x00,
  0x73, 0x74, 0x72, 0x66, 0x74, 0x69, 0x6d, 0x65, 0x00, 0x63, 0x6c, 0x6f,
  0x73, 0x65, 0x64, 0x69, 0x72, 0x00, 0x63, 0x6f, 0x6e, 0x6e, 0x65, 0x63,
  0x74, 0x00, 0x61, 0x63, 0x63, 0x65, 0x70, 0x74, 0x00, 0x6d, 0x6b, 0x64,
  0x69, 0x72, 0x00, 0x73, 0x73, 0x63, 0x61, 0x6e, 0x66, 0x00, 0x61, 0x74,
  0x6f, 0x6c, 0x00, 0x6f, 0x70, 0x65, 0x6e, 0x00, 0x73, 0x74, 0x72, 0x65,
  0x72, 0x72, 0x6f, 0x72, 0x00, 0x72, 0x65, 0x61, 0x64, 0x00, 0x72, 0x6d,
  0x64, 0x69, 0x72, 0x00, 0x72, 0x65, 0x6e, 0x61, 0x6d, 0x65, 0x00, 0x6c,
  0x73, 0x65, 0x65, 0x6b, 0x00, 0x66, 0x74, 0x72, 0x75, 0x6e, 0x63, 0x61,
  0x74, 0x65, 0x00, 0x72, 0x65, 0x63, 0x76, 0x00, 0x70, 0x75, 0x74, 0x73,
  0x00, 0x65, 0x78, 0x69, 0x74, 0x00, 0x70, 0x72, 0x69, 0x6e, 0x74, 0x66,
  0x00, 0x73, 0x6c, 0x65, 0x65, 0x70, 0x00, 0x67, 0x65, 0x74, 0x69, 0x66,
  0x61, 0x64, 0x64, 0x72, 0x73, 0x00, 0x73, 0x69, 0x67, 0x6e, 0x61, 0x6c,
  0x00, 0x73, 0x74, 0x72, 0x6e, 0x63, 0x6d, 0x70, 0x00, 0x69, 0x6e, 0x65,
  0x74, 0x5f, 0x6e, 0x74, 0x6f, 0x70, 0x00, 0x66, 0x72, 0x65, 0x65, 0x69,
  0x66, 0x61, 0x64, 0x64, 0x72, 0x73, 0x00, 0x73, 0x65, 0x74, 0x73, 0x6f,
  0x63, 0x6b, 0x6f, 0x70, 0x74, 0x00, 0x70, 0x74, 0x68, 0x72, 0x65, 0x61,
  0x64, 0x5f, 0x63, 0x72, 0x65, 0x61, 0x74, 0x65, 0x00, 0x76, 0x73, 0x70,
  0x72, 0x69, 0x6e, 0x74, 0x66, 0x00, 0x6d, 0x65, 0x6d, 0x63, 0x70, 0x79,
  0x00, 0x73, 0x63, 0x65, 0x4b, 0x65, 0x72, 0x6e, 0x65, 0x6c, 0x53, 0x65,
  0x6e, 0x64, 0x4e, 0x6f, 0x74, 0x69, 0x66, 0x69, 0x63, 0x61, 0x74, 0x69,
  0x6f, 0x6e, 0x52, 0x65, 0x71, 0x75, 0x65, 0x73, 0x74, 0x00, 0x73, 0x74,
  0x72, 0x63, 0x70, 0x79, 0x00, 0x66, 0x72, 0x65, 0x65, 0x00, 0x70, 0x74,
  0x68, 0x72, 0x65, 0x61, 0x64, 0x5f, 0x65, 0x78, 0x69, 0x74, 0x00, 0x67,
  0x65, 0x74, 0x70, 0x69, 0x64, 0x00, 0x73, 0x74, 0x72, 0x6e, 0x63, 0x61,
  0x74, 0x00, 0x63, 0x61, 0x6c, 0x6c, 0x6f, 0x63, 0x00, 0x72, 0x65, 0x61,
  0x6c, 0x6c, 0x6f, 0x63, 0x00, 0x73, 0x74, 0x72, 0x63, 0x68, 0x72, 0x00,
  0x73, 0x74, 0x72, 0x63, 0x6d, 0x70, 0x00, 0x70, 0x65, 0x72, 0x72, 0x6f,
  0x72, 0x00, 0x73, 0x65, 0x6c, 0x65, 0x63, 0x74, 0x00, 0x66, 0x6f, 0x70,
  0x65, 0x6e, 0x00, 0x66, 0x63, 0x6c, 0x6f, 0x73, 0x65, 0x00, 0x73, 0x6f,
  0x63, 0x6b, 0x65, 0x74, 0x70, 0x61, 0x69, 0x72, 0x00, 0x5f, 0x5f, 0x65,
  0x72, 0x72, 0x6f, 0x72, 0x00, 0x6c, 0x69, 0x62, 0x53, 0x63, 0x65, 0x4c,
  0x69, 0x62, 0x63, 0x49, 0x6e, 0x74, 0x65, 0x72, 0x6e, 0x61, 0x6c, 0x2e,
  0x73, 0x6f, 0x00, 0x6c, 0x69, 0x62, 0x6b, 0x65, 0x72, 0x6e, 0x65, 0x6c,
  0x2e, 0x73, 0x6f, 0x00, 0x00, 0x00, 0x00, 0x00, 0x30, 0x00, 0x01, 0x00,
  0x00, 0x00, 0x00, 0x00, 0x08, 0x00, 0x00, 0x00, 0x00, 0x00, 0x00, 0x00,
  0x36, 0x6d, 0x00, 0x00, 0x00, 0x00, 0x00, 0x00, 0x38, 0x00, 0x01, 0x00,
  0x00, 0x00, 0x00, 0x00, 0x08, 0x00, 0x00, 0x00, 0x00, 0x00, 0x00, 0x00,
  0x00, 0x19, 0x00, 0x00, 0x00, 0x00, 0x00, 0x00, 0x40, 0x00, 0x01, 0x00,
  0x00, 0x00, 0x00, 0x00, 0x08, 0x00, 0x00, 0x00, 0x00, 0x00, 0x00, 0x00,
  0xf8, 0x6c, 0x00, 0x00, 0x00, 0x00, 0x00, 0x00, 0x48, 0x00, 0x01, 0x00,
  0x00, 0x00, 0x00, 0x00, 0x08, 0x00, 0x00, 0x00, 0x00, 0x00, 0x00, 0x00,
  0xc0, 0x03, 0x00, 0x00, 0x00, 0x00, 0x00, 0x00, 0x50, 0x00, 0x01, 0x00,
  0x00, 0x00, 0x00, 0x00, 0x08, 0x00, 0x00, 0x00, 0x00, 0x00, 0x00, 0x00,
  0x5a, 0x6a, 0x00, 0x00, 0x00, 0x00, 0x00, 0x00, 0x58, 0x00, 0x01, 0x00,
  0x00, 0x00, 0x00, 0x00, 0x08, 0x00, 0x00, 0x00, 0x00, 0x00, 0x00, 0x00,
  0x10, 0x06, 0x00, 0x00, 0x00, 0x00, 0x00, 0x00, 0x60, 0x00, 0x01, 0x00,
  0x00, 0x00, 0x00, 0x00, 0x08, 0x00, 0x00, 0x00, 0x00, 0x00, 0x00, 0x00,
  0x1c, 0x6c, 0x00, 0x00, 0x00, 0x00, 0x00, 0x00, 0x68, 0x00, 0x01, 0x00,
  0x00, 0x00, 0x00, 0x00, 0x08, 0x00, 0x00, 0x00, 0x00, 0x00, 0x00, 0x00,
  0x00, 0x07, 0x00, 0x00, 0x00, 0x00, 0x00, 0x00, 0x70, 0x00, 0x01, 0x00,
  0x00, 0x00, 0x00, 0x00, 0x08, 0x00, 0x00, 0x00, 0x00, 0x00, 0x00, 0x00,
  0x9c, 0x67, 0x00, 0x00, 0x00, 0x00, 0x00, 0x00, 0x78, 0x00, 0x01, 0x00,
  0x00, 0x00, 0x00, 0x00, 0x08, 0x00, 0x00, 0x00, 0x00, 0x00, 0x00, 0x00,
  0xa0, 0x07, 0x00, 0x00, 0x00, 0x00, 0x00, 0x00, 0x80, 0x00, 0x01, 0x00,
  0x00, 0x00, 0x00, 0x00, 0x08, 0x00, 0x00, 0x00, 0x00, 0x00, 0x00, 0x00,
  0x7f, 0x68, 0x00, 0x00, 0x00, 0x00, 0x00, 0x00, 0x88, 0x00, 0x01, 0x00,
  0x00, 0x00, 0x00, 0x00, 0x08, 0x00, 0x00, 0x00, 0x00, 0x00, 0x00, 0x00,
  0x20, 0x0e, 0x00, 0x00, 0x00, 0x00, 0x00, 0x00, 0x90, 0x00, 0x01, 0x00,
  0x00, 0x00, 0x00, 0x00, 0x08, 0x00, 0x00, 0x00, 0x00, 0x00, 0x00, 0x00,
  0x5d, 0x66, 0x00, 0x00, 0x00, 0x00, 0x00, 0x00, 0x98, 0x00, 0x01, 0x00,
  0x00, 0x00, 0x00, 0x00, 0x08, 0x00, 0x00, 0x00, 0x00, 0x00, 0x00, 0x00,
  0xc0, 0x0e, 0x00, 0x00, 0x00, 0x00, 0x00, 0x00, 0xa0, 0x00, 0x01, 0x00,
  0x00, 0x00, 0x00, 0x00, 0x08, 0x00, 0x00, 0x00, 0x00, 0x00, 0x00, 0x00,
  0xa1, 0x67, 0x00, 0x00, 0x00, 0x00, 0x00, 0x00, 0xa8, 0x00, 0x01, 0x00,
  0x00, 0x00, 0x00, 0x00, 0x08, 0x00, 0x00, 0x00, 0x00, 0x00, 0x00, 0x00,
  0x20, 0x00, 0x00, 0x00, 0x00, 0x00, 0x00, 0x00, 0xb0, 0x00, 0x01, 0x00,
  0x00, 0x00, 0x00, 0x00, 0x08, 0x00, 0x00, 0x00, 0x00, 0x00, 0x00, 0x00,
  0x83, 0x68, 0x00, 0x00, 0x00, 0x00, 0x00, 0x00, 0xb8, 0x00, 0x01, 0x00,
  0x00, 0x00, 0x00, 0x00, 0x08, 0x00, 0x00, 0x00, 0x00, 0x00, 0x00, 0x00,
  0xf0, 0x0e, 0x00, 0x00, 0x00, 0x00, 0x00, 0x00, 0xc0, 0x00, 0x01, 0x00,
  0x00, 0x00, 0x00, 0x00, 0x08, 0x00, 0x00, 0x00, 0x00, 0x00, 0x00, 0x00,
  0xa6, 0x67, 0x00, 0x00, 0x00, 0x00, 0x00, 0x00, 0xc8, 0x00, 0x01, 0x00,
  0x00, 0x00, 0x00, 0x00, 0x08, 0x00, 0x00, 0x00, 0x00, 0x00, 0x00, 0x00,
  0x20, 0x10, 0x00, 0x00, 0x00, 0x00, 0x00, 0x00, 0xd0, 0x00, 0x01, 0x00,
  0x00, 0x00, 0x00, 0x00, 0x08, 0x00, 0x00, 0x00, 0x00, 0x00, 0x00, 0x00,
  0x21, 0x6c, 0x00, 0x00, 0x00, 0x00, 0x00, 0x00, 0xd8, 0x00, 0x01, 0x00,
  0x00, 0x00, 0x00, 0x00, 0x08, 0x00, 0x00, 0x00, 0x00, 0x00, 0x00, 0x00,
  0x50, 0x10, 0x00, 0x00, 0x00, 0x00, 0x00, 0x00, 0xe0, 0x00, 0x01, 0x00,
  0x00, 0x00, 0x00, 0x00, 0x08, 0x00, 0x00, 0x00, 0x00, 0x00, 0x00, 0x00,
  0xbd, 0x68, 0x00, 0x00, 0x00, 0x00, 0x00, 0x00, 0xe8, 0x00, 0x01, 0x00,
  0x00, 0x00, 0x00, 0x00, 0x08, 0x00, 0x00, 0x00, 0x00, 0x00, 0x00, 0x00,
  0x80, 0x10, 0x00, 0x00, 0x00, 0x00, 0x00, 0x00, 0xf0, 0x00, 0x01, 0x00,
  0x00, 0x00, 0x00, 0x00, 0x08, 0x00, 0x00, 0x00, 0x00, 0x00, 0x00, 0x00,
  0x93, 0x69, 0x00, 0x00, 0x00, 0x00, 0x00, 0x00, 0xf8, 0x00, 0x01, 0x00,
  0x00, 0x00, 0x00, 0x00, 0x08, 0x00, 0x00, 0x00, 0x00, 0x00, 0x00, 0x00,
  0xf0, 0x10, 0x00, 0x00, 0x00, 0x00, 0x00, 0x00, 0x00, 0x01, 0x01, 0x00,
  0x00, 0x00, 0x00, 0x00, 0x08, 0x00, 0x00, 0x00, 0x00, 0x00, 0x00, 0x00,
  0xe3, 0x6a, 0x00, 0x00, 0x00, 0x00, 0x00, 0x00, 0x08, 0x01, 0x01, 0x00,
  0x00, 0x00, 0x00, 0x00, 0x08, 0x00, 0x00, 0x00, 0x00, 0x00, 0x00, 0x00,
  0x60, 0x13, 0x00, 0x00, 0x00, 0x00, 0x00, 0x00, 0x10, 0x01, 0x01, 0x00,
  0x00, 0x00, 0x00, 0x00, 0x08, 0x00, 0x00, 0x00, 0x00, 0x00, 0x00, 0x00,
  0xc8, 0x65, 0x00, 0x00, 0x00, 0x00, 0x00, 0x00, 0x18, 0x01, 0x01, 0x00,
  0x00, 0x00, 0x00, 0x00, 0x08, 0x00, 0x00, 0x00, 0x00, 0x00, 0x00, 0x00,
  0x00, 0x14, 0x00, 0x00, 0x00, 0x00, 0x00, 0x00, 0x20, 0x01, 0x01, 0x00,
  0x00, 0x00, 0x00, 0x00, 0x08, 0x00, 0x00, 0x00, 0x00, 0x00, 0x00, 0x00,
  0x88, 0x68, 0x00, 0x00, 0x00, 0x00, 0x00, 0x00, 0x28, 0x01, 0x01, 0x00,
  0x00, 0x00, 0x00, 0x00, 0x08, 0x00, 0x00, 0x00, 0x00, 0x00, 0x00, 0x00,
  0xb0, 0x14, 0x00, 0x00, 0x00, 0x00, 0x00, 0x00, 0x30, 0x01, 0x01, 0x00,
  0x00, 0x00, 0x00, 0x00, 0x08, 0x00, 0x00, 0x00, 0x00, 0x00, 0x00, 0x00,
  0xc3, 0x65, 0x00, 0x00, 0x00, 0x00, 0x00, 0x00, 0x38, 0x01, 0x01, 0x00,
  0x00, 0x00, 0x00, 0x00, 0x08, 0x00, 0x00, 0x00, 0x00, 0x00, 0x00, 0x00,
  0x90, 0x15, 0x00, 0x00, 0x00, 0x00, 0x00, 0x00, 0x40, 0x01, 0x01, 0x00,
  0x00, 0x00, 0x00, 0x00, 0x08, 0x00, 0x00, 0x00, 0x00, 0x00, 0x00, 0x00,
  0x98, 0x69, 0x00, 0x00, 0x00, 0x00, 0x00, 0x00, 0x48, 0x01, 0x01, 0x00,
  0x00, 0x00, 0x00, 0x00, 0x08, 0x00, 0x00, 0x00, 0x00, 0x00, 0x00, 0x00,
  0x40, 0x16, 0x00, 0x00, 0x00, 0x00, 0x00, 0x00, 0x50, 0x01, 0x01, 0x00,
  0x00, 0x00, 0x00, 0x00, 0x08, 0x00, 0x00, 0x00, 0x00, 0x00, 0x00, 0x00,
  0x91, 0x6c, 0x00, 0x00, 0x00, 0x00, 0x00, 0x00, 0x58, 0x01, 0x01, 0x00,
  0x00, 0x00, 0x00, 0x00, 0x08, 0x00, 0x00, 0x00, 0x00, 0x00, 0x00, 0x00,
  0xc0, 0x19, 0x00, 0x00, 0x00, 0x00, 0x00, 0x00, 0x60, 0x01, 0x01, 0x00,
  0x00, 0x00, 0x00, 0x00, 0x08, 0x00, 0x00, 0x00, 0x00, 0x00, 0x00, 0x00,
  0x96, 0x6c, 0x00, 0x00, 0x00, 0x00, 0x00, 0x00, 0x68, 0x01, 0x01, 0x00,
  0x00, 0x00, 0x00, 0x00, 0x08, 0x00, 0x00, 0x00, 0x00, 0x00, 0x00, 0x00,
  0xf0, 0x19, 0x00, 0x00, 0x00, 0x00, 0x00, 0x00, 0x70, 0x01, 0x01, 0x00,
  0x00, 0x00, 0x00, 0x00, 0x08, 0x00, 0x00, 0x00, 0x00, 0x00, 0x00, 0x00,
  0xbe, 0x6b, 0x00, 0x00, 0x00, 0x00, 0x00, 0x00, 0x78, 0x01, 0x01, 0x00,
  0x00, 0x00, 0x00, 0x00, 0x08, 0x00, 0x00, 0x00, 0x00, 0x00, 0x00, 0x00,
  0x70, 0x1a, 0x00, 0x00, 0x00, 0x00, 0x00, 0x00, 0x80, 0x01, 0x01, 0x00,
  0x00, 0x00, 0x00, 0x00, 0x08, 0x00, 0x00, 0x00, 0x00, 0x00, 0x00, 0x00,
  0xe7, 0x6a, 0x00, 0x00, 0x00, 0x00, 0x00, 0x00, 0x88, 0x01, 0x01, 0x00,
  0x00, 0x00, 0x00, 0x00, 0x08, 0x00, 0x00, 0x00, 0x00, 0x00, 0x00, 0x00,
  0xa0, 0x1a, 0x00, 0x00, 0x00, 0x00, 0x00, 0x00, 0x90, 0x01, 0x01, 0x00,
  0x00, 0x00, 0x00, 0x00, 0x08, 0x00, 0x00, 0x00, 0x00, 0x00, 0x00, 0x00,
  0xc2, 0x68, 0x00, 0x00, 0x00, 0x00, 0x00, 0x00, 0x98, 0x01, 0x01, 0x00,
  0x00, 0x00, 0x00, 0x00, 0x08, 0x00, 0x00, 0x00, 0x00, 0x00, 0x00, 0x00,
  0x30, 0x1b, 0x00, 0x00, 0x00, 0x00, 0x00, 0x00, 0xa0, 0x01, 0x01, 0x00,
  0x00, 0x00, 0x00, 0x00, 0x08, 0x00, 0x00, 0x00, 0x00, 0x00, 0x00, 0x00,
  0x9e, 0x6a, 0x00, 0x00, 0x00, 0x00, 0x00, 0x00, 0xa8, 0x01, 0x01, 0x00,
  0x00, 0x00, 0x00, 0x00, 0x08, 0x00, 0x00, 0x00, 0x00, 0x00, 0x00, 0x00,
  0x90, 0x04, 0x00, 0x00, 0x00, 0x00, 0x00, 0x00, 0xb0, 0x01, 0x01, 0x00,
  0x00, 0x00, 0x00, 0x00, 0x08, 0x00, 0x00, 0x00, 0x00, 0x00, 0x00, 0x00,
  0x54, 0x6b, 0x00, 0x00, 0x00, 0x00, 0x00, 0x00, 0xb8, 0x01, 0x01, 0x00,
  0x00, 0x00, 0x00, 0x00, 0x08, 0x00, 0x00, 0x00, 0x00, 0x00, 0x00, 0x00,
  0x10, 0x06, 0x00, 0x00, 0x00, 0x00, 0x00, 0x00, 0xc0, 0x01, 0x01, 0x00,
  0x00, 0x00, 0x00, 0x00, 0x08, 0x00, 0x00, 0x00, 0x00, 0x00, 0x00, 0x00,
  0xce, 0x66, 0x00, 0x00, 0x00, 0x00, 0x00, 0x00, 0xc8, 0x01, 0x01, 0x00,
  0x00, 0x00, 0x00, 0x00, 0x08, 0x00, 0x00, 0x00, 0x00, 0x00, 0x00, 0x00,
  0x20, 0x0e, 0x00, 0x00, 0x00, 0x00, 0x00, 0x00, 0xd0, 0x01, 0x01, 0x00,
  0x00, 0x00, 0x00, 0x00, 0x08, 0x00, 0x00, 0x00, 0x00, 0x00, 0x00, 0x00,
  0x23, 0x66, 0x00, 0x00, 0x00, 0x00, 0x00, 0x00, 0xd8, 0x01, 0x01, 0x00,
  0x00, 0x00, 0x00, 0x00, 0x08, 0x00, 0x00, 0x00, 0x00, 0x00, 0x00, 0x00,
  0x20, 0x10, 0x00, 0x00, 0x00, 0x00, 0x00, 0x00, 0xe0, 0x01, 0x01, 0x00,
  0x00, 0x00, 0x00, 0x00, 0x08, 0x00, 0x00, 0x00, 0x00, 0x00, 0x00, 0x00,
  0xec, 0x6a, 0x00, 0x00, 0x00, 0x00, 0x00, 0x00, 0xe8, 0x01, 0x01, 0x00,
  0x00, 0x00, 0x00, 0x00, 0x08, 0x00, 0x00, 0x00, 0x00, 0x00, 0x00, 0x00,
  0x60, 0x13, 0x00, 0x00, 0x00, 0x00, 0x00, 0x00, 0xf0, 0x01, 0x01, 0x00,
  0x00, 0x00, 0x00, 0x00, 0x08, 0x00, 0x00, 0x00, 0x00, 0x00, 0x00, 0x00,
  0xa4, 0x6a, 0x00, 0x00, 0x00, 0x00, 0x00, 0x00, 0xf8, 0x01, 0x01, 0x00,
  0x00, 0x00, 0x00, 0x00, 0x08, 0x00, 0x00, 0x00, 0x00, 0x00, 0x00, 0x00,
  0xd0, 0x1a, 0x00, 0x00, 0x00, 0x00, 0x00, 0x00, 0x00, 0x02, 0x01, 0x00,
  0x00, 0x00, 0x00, 0x00, 0x08, 0x00, 0x00, 0x00, 0x00, 0x00, 0x00, 0x00,
  0x6e, 0x6b, 0x00, 0x00, 0x00, 0x00, 0x00, 0x00, 0x08, 0x02, 0x01, 0x00,
  0x00, 0x00, 0x00, 0x00, 0x08, 0x00, 0x00, 0x00, 0x00, 0x00, 0x00, 0x00,
  0xd0, 0x1a, 0x00, 0x00, 0x00, 0x00, 0x00, 0x00, 0x10, 0x02, 0x01, 0x00,
  0x00, 0x00, 0x00, 0x00, 0x08, 0x00, 0x00, 0x00, 0x00, 0x00, 0x00, 0x00,
  0xd9, 0x69, 0x00, 0x00, 0x00, 0x00, 0x00, 0x00, 0x18, 0x02, 0x01, 0x00,
  0x00, 0x00, 0x00, 0x00, 0x08, 0x00, 0x00, 0x00, 0x00, 0x00, 0x00, 0x00,
  0xd0, 0x1a, 0x00, 0x00, 0x00, 0x00, 0x00, 0x00, 0x20, 0x02, 0x01, 0x00,
  0x00, 0x00, 0x00, 0x00, 0x08, 0x00, 0x00, 0x00, 0x00, 0x00, 0x00, 0x00,
  0xaa, 0x67, 0x00, 0x00, 0x00, 0x00, 0x00, 0x00, 0x28, 0x02, 0x01, 0x00,
  0x00, 0x00, 0x00, 0x00, 0x08, 0x00, 0x00, 0x00, 0x00, 0x00, 0x00, 0x00,
  0xd0, 0x1a, 0x00, 0x00, 0x00, 0x00, 0x00, 0x00, 0x30, 0x02, 0x01, 0x00,
  0x00, 0x00, 0x00, 0x00, 0x08, 0x00, 0x00, 0x00, 0x00, 0x00, 0x00, 0x00,
  0x8d, 0x68, 0x00, 0x00, 0x00, 0x00, 0x00, 0x00, 0x38, 0x02, 0x01, 0x00,
  0x00, 0x00, 0x00, 0x00, 0x08, 0x00, 0x00, 0x00, 0x00, 0x00, 0x00, 0x00,
  0x73, 0x6b, 0x00, 0x00, 0x00, 0x00, 0x00, 0x00, 0x40, 0x02, 0x01, 0x00,
  0x00, 0x00, 0x00, 0x00, 0x08, 0x00, 0x00, 0x00, 0x00, 0x00, 0x00, 0x00,
  0x3b, 0x6d, 0x00, 0x00, 0x00, 0x00, 0x00, 0x00, 0x48, 0x02, 0x01, 0x00,
  0x00, 0x00, 0x00, 0x00, 0x08, 0x00, 0x00, 0x00, 0x00, 0x00, 0x00, 0x00,
  0xaf, 0x67, 0x00, 0x00, 0x00, 0x00, 0x00, 0x00, 0x18, 0xc0, 0x00, 0x00,
  0x00, 0x00, 0x00, 0x00, 0x07, 0x00, 0x00, 0x00, 0x01, 0x00, 0x00, 0x00,
  0x00, 0x00, 0x00, 0x00, 0x00, 0x00, 0x00, 0x00, 0x20, 0xc0, 0x00, 0x00,
  0x00, 0x00, 0x00, 0x00, 0x07, 0x00, 0x00, 0x00, 0x02, 0x00, 0x00, 0x00,
  0x00, 0x00, 0x00, 0x00, 0x00, 0x00, 0x00, 0x00, 0x28, 0xc0, 0x00, 0x00,
  0x00, 0x00, 0x00, 0x00, 0x07, 0x00, 0x00, 0x00, 0x03, 0x00, 0x00, 0x00,
  0x00, 0x00, 0x00, 0x00, 0x00, 0x00, 0x00, 0x00, 0x30, 0xc0, 0x00, 0x00,
  0x00, 0x00, 0x00, 0x00, 0x07, 0x00, 0x00, 0x00, 0x04, 0x00, 0x00, 0x00,
  0x00, 0x00, 0x00, 0x00, 0x00, 0x00, 0x00, 0x00, 0x38, 0xc0, 0x00, 0x00,
  0x00, 0x00, 0x00, 0x00, 0x07, 0x00, 0x00, 0x00, 0x05, 0x00, 0x00, 0x00,
  0x00, 0x00, 0x00, 0x00, 0x00, 0x00, 0x00, 0x00, 0x40, 0xc0, 0x00, 0x00,
  0x00, 0x00, 0x00, 0x00, 0x07, 0x00, 0x00, 0x00, 0x06, 0x00, 0x00, 0x00,
  0x00, 0x00, 0x00, 0x00, 0x00, 0x00, 0x00, 0x00, 0x48, 0xc0, 0x00, 0x00,
  0x00, 0x00, 0x00, 0x00, 0x07, 0x00, 0x00, 0x00, 0x07, 0x00, 0x00, 0x00,
  0x00, 0x00, 0x00, 0x00, 0x00, 0x00, 0x00, 0x00, 0x50, 0xc0, 0x00, 0x00,
  0x00, 0x00, 0x00, 0x00, 0x07, 0x00, 0x00, 0x00, 0x08, 0x00, 0x00, 0x00,
  0x00, 0x00, 0x00, 0x00, 0x00, 0x00, 0x00, 0x00, 0x58, 0xc0, 0x00, 0x00,
  0x00, 0x00, 0x00, 0x00, 0x07, 0x00, 0x00, 0x00, 0x09, 0x00, 0x00, 0x00,
  0x00, 0x00, 0x00, 0x00, 0x00, 0x00, 0x00, 0x00, 0x60, 0xc0, 0x00, 0x00,
  0x00, 0x00, 0x00, 0x00, 0x07, 0x00, 0x00, 0x00, 0x0a, 0x00, 0x00, 0x00,
  0x00, 0x00, 0x00, 0x00, 0x00, 0x00, 0x00, 0x00, 0x68, 0xc0, 0x00, 0x00,
  0x00, 0x00, 0x00, 0x00, 0x07, 0x00, 0x00, 0x00, 0x0b, 0x00, 0x00, 0x00,
  0x00, 0x00, 0x00, 0x00, 0x00, 0x00, 0x00, 0x00, 0x70, 0xc0, 0x00, 0x00,
  0x00, 0x00, 0x00, 0x00, 0x07, 0x00, 0x00, 0x00, 0x0c, 0x00, 0x00, 0x00,
  0x00, 0x00, 0x00, 0x00, 0x00, 0x00, 0x00, 0x00, 0x78, 0xc0, 0x00, 0x00,
  0x00, 0x00, 0x00, 0x00, 0x07, 0x00, 0x00, 0x00, 0x0d, 0x00, 0x00, 0x00,
  0x00, 0x00, 0x00, 0x00, 0x00, 0x00, 0x00, 0x00, 0x80, 0xc0, 0x00, 0x00,
  0x00, 0x00, 0x00, 0x00, 0x07, 0x00, 0x00, 0x00, 0x0e, 0x00, 0x00, 0x00,
  0x00, 0x00, 0x00, 0x00, 0x00, 0x00, 0x00, 0x00, 0x88, 0xc0, 0x00, 0x00,
  0x00, 0x00, 0x00, 0x00, 0x07, 0x00, 0x00, 0x00, 0x0f, 0x00, 0x00, 0x00,
  0x00, 0x00, 0x00, 0x00, 0x00, 0x00, 0x00, 0x00, 0x90, 0xc0, 0x00, 0x00,
  0x00, 0x00, 0x00, 0x00, 0x07, 0x00, 0x00, 0x00, 0x10, 0x00, 0x00, 0x00,
  0x00, 0x00, 0x00, 0x00, 0x00, 0x00, 0x00, 0x00, 0x98, 0xc0, 0x00, 0x00,
  0x00, 0x00, 0x00, 0x00, 0x07, 0x00, 0x00, 0x00, 0x11, 0x00, 0x00, 0x00,
  0x00, 0x00, 0x00, 0x00, 0x00, 0x00, 0x00, 0x00, 0xa0, 0xc0, 0x00, 0x00,
  0x00, 0x00, 0x00, 0x00, 0x07, 0x00, 0x00, 0x00, 0x12, 0x00, 0x00, 0x00,
  0x00, 0x00, 0x00, 0x00, 0x00, 0x00, 0x00, 0x00, 0xa8, 0xc0, 0x00, 0x00,
  0x00, 0x00, 0x00, 0x00, 0x07, 0x00, 0x00, 0x00, 0x13, 0x00, 0x00, 0x00,
  0x00, 0x00, 0x00, 0x00, 0x00, 0x00, 0x00, 0x00, 0xb0, 0xc0, 0x00, 0x00,
  0x00, 0x00, 0x00, 0x00, 0x07, 0x00, 0x00, 0x00, 0x14, 0x00, 0x00, 0x00,
  0x00, 0x00, 0x00, 0x00, 0x00, 0x00, 0x00, 0x00, 0xb8, 0xc0, 0x00, 0x00,
  0x00, 0x00, 0x00, 0x00, 0x07, 0x00, 0x00, 0x00, 0x15, 0x00, 0x00, 0x00,
  0x00, 0x00, 0x00, 0x00, 0x00, 0x00, 0x00, 0x00, 0xc0, 0xc0, 0x00, 0x00,
  0x00, 0x00, 0x00, 0x00, 0x07, 0x00, 0x00, 0x00, 0x16, 0x00, 0x00, 0x00,
  0x00, 0x00, 0x00, 0x00, 0x00, 0x00, 0x00, 0x00, 0xc8, 0xc0, 0x00, 0x00,
  0x00, 0x00, 0x00, 0x00, 0x07, 0x00, 0x00, 0x00, 0x17, 0x00, 0x00, 0x00,
  0x00, 0x00, 0x00, 0x00, 0x00, 0x00, 0x00, 0x00, 0xd0, 0xc0, 0x00, 0x00,
  0x00, 0x00, 0x00, 0x00, 0x07, 0x00, 0x00, 0x00, 0x18, 0x00, 0x00, 0x00,
  0x00, 0x00, 0x00, 0x00, 0x00, 0x00, 0x00, 0x00, 0xd8, 0xc0, 0x00, 0x00,
  0x00, 0x00, 0x00, 0x00, 0x07, 0x00, 0x00, 0x00, 0x19, 0x00, 0x00, 0x00,
  0x00, 0x00, 0x00, 0x00, 0x00, 0x00, 0x00, 0x00, 0xe0, 0xc0, 0x00, 0x00,
  0x00, 0x00, 0x00, 0x00, 0x07, 0x00, 0x00, 0x00, 0x1a, 0x00, 0x00, 0x00,
  0x00, 0x00, 0x00, 0x00, 0x00, 0x00, 0x00, 0x00, 0xe8, 0xc0, 0x00, 0x00,
  0x00, 0x00, 0x00, 0x00, 0x07, 0x00, 0x00, 0x00, 0x1b, 0x00, 0x00, 0x00,
  0x00, 0x00, 0x00, 0x00, 0x00, 0x00, 0x00, 0x00, 0xf0, 0xc0, 0x00, 0x00,
  0x00, 0x00, 0x00, 0x00, 0x07, 0x00, 0x00, 0x00, 0x1c, 0x00, 0x00, 0x00,
  0x00, 0x00, 0x00, 0x00, 0x00, 0x00, 0x00, 0x00, 0xf8, 0xc0, 0x00, 0x00,
  0x00, 0x00, 0x00, 0x00, 0x07, 0x00, 0x00, 0x00, 0x1d, 0x00, 0x00, 0x00,
  0x00, 0x00, 0x00, 0x00, 0x00, 0x00, 0x00, 0x00, 0x00, 0xc1, 0x00, 0x00,
  0x00, 0x00, 0x00, 0x00, 0x07, 0x00, 0x00, 0x00, 0x1e, 0x00, 0x00, 0x00,
  0x00, 0x00, 0x00, 0x00, 0x00, 0x00, 0x00, 0x00, 0x08, 0xc1, 0x00, 0x00,
  0x00, 0x00, 0x00, 0x00, 0x07, 0x00, 0x00, 0x00, 0x1f, 0x00, 0x00, 0x00,
  0x00, 0x00, 0x00, 0x00, 0x00, 0x00, 0x00, 0x00, 0x10, 0xc1, 0x00, 0x00,
  0x00, 0x00, 0x00, 0x00, 0x07, 0x00, 0x00, 0x00, 0x20, 0x00, 0x00, 0x00,
  0x00, 0x00, 0x00, 0x00, 0x00, 0x00, 0x00, 0x00, 0x18, 0xc1, 0x00, 0x00,
  0x00, 0x00, 0x00, 0x00, 0x07, 0x00, 0x00, 0x00, 0x21, 0x00, 0x00, 0x00,
  0x00, 0x00, 0x00, 0x00, 0x00, 0x00, 0x00, 0x00, 0x20, 0xc1, 0x00, 0x00,
  0x00, 0x00, 0x00, 0x00, 0x07, 0x00, 0x00, 0x00, 0x22, 0x00, 0x00, 0x00,
  0x00, 0x00, 0x00, 0x00, 0x00, 0x00, 0x00, 0x00, 0x28, 0xc1, 0x00, 0x00,
  0x00, 0x00, 0x00, 0x00, 0x07, 0x00, 0x00, 0x00, 0x23, 0x00, 0x00, 0x00,
  0x00, 0x00, 0x00, 0x00, 0x00, 0x00, 0x00, 0x00, 0x30, 0xc1, 0x00, 0x00,
  0x00, 0x00, 0x00, 0x00, 0x07, 0x00, 0x00, 0x00, 0x24, 0x00, 0x00, 0x00,
  0x00, 0x00, 0x00, 0x00, 0x00, 0x00, 0x00, 0x00, 0x38, 0xc1, 0x00, 0x00,
  0x00, 0x00, 0x00, 0x00, 0x07, 0x00, 0x00, 0x00, 0x25, 0x00, 0x00, 0x00,
  0x00, 0x00, 0x00, 0x00, 0x00, 0x00, 0x00, 0x00, 0x40, 0xc1, 0x00, 0x00,
  0x00, 0x00, 0x00, 0x00, 0x07, 0x00, 0x00, 0x00, 0x26, 0x00, 0x00, 0x00,
  0x00, 0x00, 0x00, 0x00, 0x00, 0x00, 0x00, 0x00, 0x48, 0xc1, 0x00, 0x00,
  0x00, 0x00, 0x00, 0x00, 0x07, 0x00, 0x00, 0x00, 0x27, 0x00, 0x00, 0x00,
  0x00, 0x00, 0x00, 0x00, 0x00, 0x00, 0x00, 0x00, 0x50, 0xc1, 0x00, 0x00,
  0x00, 0x00, 0x00, 0x00, 0x07, 0x00, 0x00, 0x00, 0x28, 0x00, 0x00, 0x00,
  0x00, 0x00, 0x00, 0x00, 0x00, 0x00, 0x00, 0x00, 0x58, 0xc1, 0x00, 0x00,
  0x00, 0x00, 0x00, 0x00, 0x07, 0x00, 0x00, 0x00, 0x29, 0x00, 0x00, 0x00,
  0x00, 0x00, 0x00, 0x00, 0x00, 0x00, 0x00, 0x00, 0x60, 0xc1, 0x00, 0x00,
  0x00, 0x00, 0x00, 0x00, 0x07, 0x00, 0x00, 0x00, 0x2a, 0x00, 0x00, 0x00,
  0x00, 0x00, 0x00, 0x00, 0x00, 0x00, 0x00, 0x00, 0x68, 0xc1, 0x00, 0x00,
  0x00, 0x00, 0x00, 0x00, 0x07, 0x00, 0x00, 0x00, 0x2b, 0x00, 0x00, 0x00,
  0x00, 0x00, 0x00, 0x00, 0x00, 0x00, 0x00, 0x00, 0x70, 0xc1, 0x00, 0x00,
  0x00, 0x00, 0x00, 0x00, 0x07, 0x00, 0x00, 0x00, 0x2c, 0x00, 0x00, 0x00,
  0x00, 0x00, 0x00, 0x00, 0x00, 0x00, 0x00, 0x00, 0x78, 0xc1, 0x00, 0x00,
  0x00, 0x00, 0x00, 0x00, 0x07, 0x00, 0x00, 0x00, 0x2d, 0x00, 0x00, 0x00,
  0x00, 0x00, 0x00, 0x00, 0x00, 0x00, 0x00, 0x00, 0x80, 0xc1, 0x00, 0x00,
  0x00, 0x00, 0x00, 0x00, 0x07, 0x00, 0x00, 0x00, 0x2e, 0x00, 0x00, 0x00,
  0x00, 0x00, 0x00, 0x00, 0x00, 0x00, 0x00, 0x00, 0x88, 0xc1, 0x00, 0x00,
  0x00, 0x00, 0x00, 0x00, 0x07, 0x00, 0x00, 0x00, 0x2f, 0x00, 0x00, 0x00,
  0x00, 0x00, 0x00, 0x00, 0x00, 0x00, 0x00, 0x00, 0x90, 0xc1, 0x00, 0x00,
  0x00, 0x00, 0x00, 0x00, 0x07, 0x00, 0x00, 0x00, 0x30, 0x00, 0x00, 0x00,
  0x00, 0x00, 0x00, 0x00, 0x00, 0x00, 0x00, 0x00, 0x98, 0xc1, 0x00, 0x00,
  0x00, 0x00, 0x00, 0x00, 0x07, 0x00, 0x00, 0x00, 0x31, 0x00, 0x00, 0x00,
  0x00, 0x00, 0x00, 0x00, 0x00, 0x00, 0x00, 0x00, 0xa0, 0xc1, 0x00, 0x00,
  0x00, 0x00, 0x00, 0x00, 0x07, 0x00, 0x00, 0x00, 0x32, 0x00, 0x00, 0x00,
  0x00, 0x00, 0x00, 0x00, 0x00, 0x00, 0x00, 0x00, 0xa8, 0xc1, 0x00, 0x00,
  0x00, 0x00, 0x00, 0x00, 0x07, 0x00, 0x00, 0x00, 0x33, 0x00, 0x00, 0x00,
  0x00, 0x00, 0x00, 0x00, 0x00, 0x00, 0x00, 0x00, 0xb0, 0xc1, 0x00, 0x00,
  0x00, 0x00, 0x00, 0x00, 0x07, 0x00, 0x00, 0x00, 0x34, 0x00, 0x00, 0x00,
  0x00, 0x00, 0x00, 0x00, 0x00, 0x00, 0x00, 0x00, 0xb8, 0xc1, 0x00, 0x00,
  0x00, 0x00, 0x00, 0x00, 0x07, 0x00, 0x00, 0x00, 0x35, 0x00, 0x00, 0x00,
  0x00, 0x00, 0x00, 0x00, 0x00, 0x00, 0x00, 0x00, 0xc0, 0xc1, 0x00, 0x00,
  0x00, 0x00, 0x00, 0x00, 0x07, 0x00, 0x00, 0x00, 0x36, 0x00, 0x00, 0x00,
  0x00, 0x00, 0x00, 0x00, 0x00, 0x00, 0x00, 0x00, 0xc8, 0xc1, 0x00, 0x00,
  0x00, 0x00, 0x00, 0x00, 0x07, 0x00, 0x00, 0x00, 0x37, 0x00, 0x00, 0x00,
  0x00, 0x00, 0x00, 0x00, 0x00, 0x00, 0x00, 0x00, 0xd0, 0xc1, 0x00, 0x00,
  0x00, 0x00, 0x00, 0x00, 0x07, 0x00, 0x00, 0x00, 0x38, 0x00, 0x00, 0x00,
  0x00, 0x00, 0x00, 0x00, 0x00, 0x00, 0x00, 0x00, 0xd8, 0xc1, 0x00, 0x00,
  0x00, 0x00, 0x00, 0x00, 0x07, 0x00, 0x00, 0x00, 0x39, 0x00, 0x00, 0x00,
  0x00, 0x00, 0x00, 0x00, 0x00, 0x00, 0x00, 0x00, 0xe0, 0xc1, 0x00, 0x00,
  0x00, 0x00, 0x00, 0x00, 0x07, 0x00, 0x00, 0x00, 0x3a, 0x00, 0x00, 0x00,
  0x00, 0x00, 0x00, 0x00, 0x00, 0x00, 0x00, 0x00, 0xe8, 0xc1, 0x00, 0x00,
  0x00, 0x00, 0x00, 0x00, 0x07, 0x00, 0x00, 0x00, 0x3b, 0x00, 0x00, 0x00,
  0x00, 0x00, 0x00, 0x00, 0x00, 0x00, 0x00, 0x00, 0xf0, 0xc1, 0x00, 0x00,
  0x00, 0x00, 0x00, 0x00, 0x07, 0x00, 0x00, 0x00, 0x3c, 0x00, 0x00, 0x00,
  0x00, 0x00, 0x00, 0x00, 0x00, 0x00, 0x00, 0x00, 0xf8, 0xc1, 0x00, 0x00,
  0x00, 0x00, 0x00, 0x00, 0x07, 0x00, 0x00, 0x00, 0x3d, 0x00, 0x00, 0x00,
  0x00, 0x00, 0x00, 0x00, 0x00, 0x00, 0x00, 0x00, 0x00, 0xc2, 0x00, 0x00,
  0x00, 0x00, 0x00, 0x00, 0x07, 0x00, 0x00, 0x00, 0x3e, 0x00, 0x00, 0x00,
  0x00, 0x00, 0x00, 0x00, 0x00, 0x00, 0x00, 0x00, 0x08, 0xc2, 0x00, 0x00,
  0x00, 0x00, 0x00, 0x00, 0x07, 0x00, 0x00, 0x00, 0x3f, 0x00, 0x00, 0x00,
  0x00, 0x00, 0x00, 0x00, 0x00, 0x00, 0x00, 0x00, 0x10, 0xc2, 0x00, 0x00,
  0x00, 0x00, 0x00, 0x00, 0x07, 0x00, 0x00, 0x00, 0x40, 0x00, 0x00, 0x00,
  0x00, 0x00, 0x00, 0x00, 0x00, 0x00, 0x00, 0x00, 0x18, 0xc2, 0x00, 0x00,
  0x00, 0x00, 0x00, 0x00, 0x07, 0x00, 0x00, 0x00, 0x41, 0x00, 0x00, 0x00,
  0x00, 0x00, 0x00, 0x00, 0x00, 0x00, 0x00, 0x00, 0x20, 0xc2, 0x00, 0x00,
  0x00, 0x00, 0x00, 0x00, 0x07, 0x00, 0x00, 0x00, 0x42, 0x00, 0x00, 0x00,
  0x00, 0x00, 0x00, 0x00, 0x00, 0x00, 0x00, 0x00, 0x32, 0x32, 0x36, 0x20,
  0x46, 0x69, 0x6c, 0x65, 0x20, 0x64, 0x65, 0x6c, 0x65, 0x74, 0x65, 0x64,
  0x0d, 0x0a, 0x00, 0x53, 0x49, 0x5a, 0x45, 0x00, 0x52, 0x4e, 0x46, 0x52,
  0x00, 0x20, 0x00, 0x32, 0x30, 0x30, 0x20, 0x4f, 0x4b, 0x0d, 0x0a, 0x00,
  0x32, 0x32, 0x36, 0x20, 0x44, 0x69, 0x72, 0x65, 0x63, 0x74, 0x6f, 0x72,
  0x79, 0x20, 0x63, 0x72, 0x65, 0x61, 0x74, 0x65, 0x64, 0x0d, 0x0a, 0x00,
  0x53, 0x65, 0x72, 0x76, 0x69, 0x6e, 0x67, 0x20, 0x46, 0x54, 0x50, 0x0a,
  0x6f, 0x6e, 0x20, 0x25, 0x73, 0x3a, 0x25, 0x64, 0x20, 0x28, 0x25, 0x73,
  0x29, 0x0a, 0x43, 0x6f, 0x6d, 0x70, 0x69, 0x6c, 0x65, 0x64, 0x20, 0x6f,
  0x6e, 0x20, 0x25, 0x73, 0x20, 0x25, 0x73, 0x0a, 0x00, 0x53, 0x49, 0x54,
  0x45, 0x20, 0x00, 0x58, 0x50, 0x57, 0x44, 0x00, 0x32, 0x32, 0x36, 0x20,
  0x54, 0x72, 0x61, 0x6e, 0x73, 0x66, 0x65, 0x72, 0x20, 0x63, 0x6f, 0x6d,
  0x70, 0x6c, 0x65, 0x74, 0x65, 0x64, 0x0d, 0x0a, 0x00, 0x32, 0x32, 0x36,
  0x20, 0x63, 0x6f, 0x6d, 0x6d, 0x61, 0x6e, 0x64, 0x20, 0x6e, 0x6f, 0x74,
  0x20, 0x73, 0x75, 0x70, 0x70, 0x6f, 0x72, 0x74, 0x65, 0x64, 0x0d, 0x0a,
  0x00, 0x4e, 0x4f, 0x4f, 0x50, 0x00, 0x2f, 0x75, 0x73, 0x65, 0x72, 0x2f,
  0x2e, 0x6a, 0x61, 0x69, 0x6c, 0x62, 0x72, 0x65, 0x61, 0x6b, 0x00, 0x25,
  0x73, 0x2f, 0x25, 0x73, 0x00, 0x25, 0x62, 0x20, 0x25, 0x64, 0x20, 0x25,
  0x48, 0x3a, 0x25, 0x4d, 0x00, 0x25, 0x68, 0x68, 0x75, 0x2c, 0x25, 0x68,
  0x68, 0x75, 0x2c, 0x25, 0x68, 0x68, 0x75, 0x2c, 0x25, 0x68, 0x68, 0x75,
  0x2c, 0x25, 0x68, 0x68, 0x75, 0x2c, 0x25, 0x68, 0x68, 0x75, 0x00, 0x32,
  0x32, 0x31, 0x20, 0x47, 0x6f, 0x6f, 0x64, 0x62, 0x79, 0x65, 0x0d, 0x0a,
  0x00, 0x35, 0x35, 0x30, 0x20, 0x25, 0x73, 0x0d, 0x0a, 0x00, 0x41, 0x75,
  0x67, 0x20, 0x20, 0x38, 0x20, 0x32, 0x30, 0x32, 0x35, 0x00, 0x72, 0x65,
  0x61, 0x6c, 0x6c, 0x6f, 0x63, 0x00, 0x58, 0x4d, 0x4b, 0x44, 0x00, 0x6f,
  0x70, 0x65, 0x6e, 0x00, 0x32, 0x30, 0x30, 0x20, 0x54, 0x79, 0x70, 0x65,
  0x20, 0x73, 0x65, 0x74, 0x20, 0x74, 0x6f, 0x20, 0x25, 0x63, 0x0d, 0x0a,
  0x00, 0x32, 0x33, 0x30, 0x20, 0x55, 0x73, 0x65, 0x72, 0x20, 0x6c, 0x6f,
  0x67, 0x67, 0x65, 0x64, 0x20, 0x69, 0x6e, 0x0d, 0x0a, 0x00, 0x55, 0x6e,
  0x6b, 0x6e, 0x6f, 0x77, 0x6e, 0x20, 0x65, 0x72, 0x72, 0x6f, 0x72, 0x00,
  0x35, 0x30, 0x31, 0x20, 0x55, 0x73, 0x61, 0x67, 0x65, 0x3a, 0x20, 0x4d,
  0x4b, 0x44, 0x20, 0x3c, 0x44, 0x49, 0x52, 0x4e, 0x41, 0x4d, 0x45, 0x3e,
  0x0d, 0x0a, 0x00, 0x32, 0x32, 0x36, 0x20, 0x44, 0x61, 0x74, 0x61, 0x20,
  0x74, 0x72, 0x61, 0x6e, 0x73, 0x66, 0x65, 0x72, 0x20, 0x63, 0x6f, 0x6d,
  0x70, 0x6c, 0x65, 0x74, 0x65, 0x0d, 0x0a, 0x00, 0x78, 0x77, 0x72, 0x00,
  0x2f, 0x00, 0x53, 0x65, 0x72, 0x76, 0x69, 0x6e, 0x67, 0x20, 0x25, 0x73,
  0x0a, 0x6f, 0x6e, 0x20, 0x25, 0x73, 0x3a, 0x25, 0x64, 0x20, 0x28, 0x25,
  0x73, 0x29, 0x00, 0x46, 0x61, 0x69, 0x6c, 0x65, 0x64, 0x20, 0x74, 0x6f,
  0x20, 0x6a, 0x61, 0x69, 0x6c, 0x62, 0x72, 0x65, 0x61, 0x6b, 0x20, 0x70,
  0x72, 0x6f, 0x63, 0x65, 0x73, 0x73, 0x21, 0x0a, 0x46, 0x54, 0x50, 0x20,
  0x77, 0x69, 0x6c, 0x6c, 0x20, 0x6e, 0x6f, 0x74, 0x20, 0x73, 0x74, 0x61,
  0x72, 0x74, 0x2e, 0x0a, 0x00, 0x6c, 0x6f, 0x00, 0x4c, 0x49, 0x53, 0x54,
  0x00, 0x50, 0x41, 0x53, 0x56, 0x00, 0x50, 0x57, 0x44, 0x00, 0x58, 0x53,
  0x45, 0x4e, 0x00, 0x47, 0x69, 0x74, 0x20, 0x43, 0x6f, 0x6d, 0x6d, 0x69,
  0x74, 0x3a, 0x20, 0x61, 0x37, 0x31, 0x37, 0x66, 0x66, 0x64, 0x30, 0x62,
  0x34, 0x36, 0x39, 0x39, 0x64, 0x37, 0x32, 0x64, 0x34, 0x66, 0x64, 0x33,
  0x33, 0x64, 0x61, 0x62, 0x30, 0x63, 0x61, 0x34, 0x32, 0x32, 0x32, 0x37,
  0x30, 0x66, 0x63, 0x66, 0x64, 0x32, 0x35, 0x0a, 0x47, 0x69, 0x74, 0x20,
  0x42, 0x72, 0x61, 0x6e, 0x63, 0x68, 0x3a, 0x20, 0x6d, 0x61, 0x69, 0x6e,
  0x0a, 0x47, 0x69, 0x74, 0x20, 0x43, 0x6f, 0x6d, 0x6d, 0x69, 0x74, 0x20,
  0x4e, 0x75, 0x6d, 0x62, 0x65, 0x72, 0x3a, 0x20, 0x36, 0x36, 0x0a, 0x42,
  0x75, 0x69, 0x6c, 0x74, 0x3a, 0x20, 0x41, 0x75, 0x67, 0x20, 0x30, 0x38,
  0x20, 0x32, 0x30, 0x32, 0x35, 0x20, 0x40, 0x20, 0x31, 0x33, 0x3a, 0x30,
  0x37, 0x3a, 0x33, 0x30, 0x00, 0x35, 0x30, 0x31, 0x20, 0x55, 0x73, 0x61,
  0x67, 0x65, 0x3a, 0x20, 0x50, 0x4f, 0x52, 0x54, 0x20, 0x3c, 0x61, 0x64,
  0x64, 0x72, 0x3e, 0x0d, 0x0a, 0x00, 0x35, 0x30, 0x31, 0x20, 0x55, 0x73,
  0x61, 0x67, 0x65, 0x3a, 0x20, 0x52, 0x4d, 0x44, 0x20, 0x3c, 0x44, 0x49,
  0x52, 0x4e, 0x41, 0x4d, 0x45, 0x3e, 0x0d, 0x0a, 0x00, 0x2e, 0x2e, 0x2f,
  0x70, 0x6c, 0x75, 0x67, 0x69, 0x6e, 0x5f, 0x73, 0x65, 0x72, 0x76, 0x65,
  0x72, 0x2f, 0x73, 0x6f, 0x75, 0x72, 0x63, 0x65, 0x2f, 0x66, 0x74, 0x70,
  0x2f, 0x66, 0x74, 0x70, 0x2e, 0x63, 0x00, 0x4d, 0x4b, 0x44, 0x00, 0x50,
  0x4f, 0x52, 0x54, 0x00, 0x52, 0x4e, 0x54, 0x4f, 0x00, 0x70, 0x6c, 0x75,
  0x67, 0x69, 0x6e, 0x5f, 0x65, 0x78, 0x61, 0x6d, 0x70, 0x6c, 0x65, 0x00,
  0x35, 0x30, 0x31, 0x20, 0x55, 0x73, 0x61, 0x67, 0x65, 0x3a, 0x20, 0x43,
  0x48, 0x4d, 0x4f, 0x44, 0x20, 0x3c, 0x4d, 0x4f, 0x44, 0x45, 0x3e, 0x20,
  0x3c, 0x50, 0x41, 0x54, 0x48, 0x3e, 0x0d, 0x0a, 0x00, 0x52, 0x45, 0x53,
  0x54, 0x00, 0x4d, 0x54, 0x52, 0x57, 0x00, 0x72, 0x65, 0x61, 0x64, 0x00,
  0x35, 0x30, 0x31, 0x20, 0x55, 0x73, 0x61, 0x67, 0x65, 0x3a, 0x20, 0x52,
  0x4e, 0x54, 0x4f, 0x20, 0x3c, 0x50, 0x41, 0x54, 0x48, 0x3e, 0x0d, 0x0a,
  0x00, 0x46, 0x54, 0x50, 0x20, 0x73, 0x65, 0x72, 0x76, 0x65, 0x72, 0x20,
  0x77, 0x61, 0x73, 0x20, 0x63, 0x6f, 0x6d, 0x70, 0x69, 0x6c, 0x65, 0x64,
  0x20, 0x61, 0x74, 0x20, 0x25, 0x73, 0x20, 0x25, 0x73, 0x0a, 0x00, 0x2f,
  0x64, 0x65, 0x76, 0x2f, 0x6b, 0x6c, 0x6f, 0x67, 0x00, 0x35, 0x30, 0x31,
  0x20, 0x55, 0x73, 0x61, 0x67, 0x65, 0x3a, 0x20, 0x52, 0x4e, 0x46, 0x52,
  0x20, 0x3c, 0x50, 0x41, 0x54, 0x48, 0x3e, 0x0d, 0x0a, 0x00, 0x35, 0x30,
  0x31, 0x20, 0x55, 0x73, 0x61, 0x67, 0x65, 0x3a, 0x20, 0x53, 0x54, 0x4f,
  0x52, 0x20, 0x3c, 0x46, 0x49, 0x4c, 0x45, 0x4e, 0x41, 0x4d, 0x45, 0x3e,
  0x0d, 0x0a, 0x00, 0x35, 0x30, 0x31, 0x20, 0x49, 0x6e, 0x76, 0x61, 0x6c,
  0x69, 0x64, 0x20, 0x61, 0x72, 0x67, 0x75, 0x6d, 0x65, 0x6e, 0x74, 0x20,
  0x74, 0x6f, 0x20, 0x54, 0x59, 0x50, 0x45, 0x0d, 0x0a, 0x00, 0x63, 0x78,
  0x6d, 0x6c, 0x3a, 0x2f, 0x2f, 0x70, 0x73, 0x6e, 0x6f, 0x74, 0x69, 0x66,
  0x69, 0x63, 0x61, 0x74, 0x69, 0x6f, 0x6e, 0x2f, 0x74, 0x65, 0x78, 0x5f,
  0x69, 0x63, 0x6f, 0x6e, 0x5f, 0x73, 0x79, 0x73, 0x74, 0x65, 0x6d, 0x00,
  0x6c, 0x69, 0x73, 0x74, 0x65, 0x6e, 0x00, 0x52, 0x45, 0x54, 0x52, 0x00,
  0x53, 0x54, 0x4f, 0x52, 0x00, 0x25, 0x73, 0x00, 0x32, 0x30, 0x30, 0x20,
  0x4e, 0x4f, 0x4f, 0x50, 0x20, 0x4f, 0x4b, 0x0d, 0x0a, 0x00, 0x35, 0x35,
  0x30, 0x20, 0x4e, 0x6f, 0x74, 0x20, 0x61, 0x20, 0x66, 0x69, 0x6c, 0x65,
  0x0d, 0x0a, 0x00, 0x31, 0x33, 0x3a, 0x30, 0x37, 0x3a, 0x33, 0x30, 0x00,
  0x25, 0x73, 0x3a, 0x25, 0x64, 0x3a, 0x25, 0x73, 0x3a, 0x20, 0x25, 0x73,
  0x0a, 0x00, 0x30, 0x2e, 0x00, 0x58, 0x53, 0x45, 0x4d, 0x00, 0x2f, 0x25,
  0x73, 0x2f, 0x25, 0x73, 0x2f, 0x25, 0x73, 0x00, 0x33, 0x35, 0x30, 0x20,
  0x52, 0x45, 0x53, 0x54, 0x20, 0x4f, 0x4b, 0x0d, 0x0a, 0x00, 0x35, 0x30,
  0x32, 0x20, 0x43, 0x6f, 0x6d, 0x6d, 0x61, 0x6e, 0x64, 0x20, 0x6e, 0x6f,
  0x74, 0x20, 0x69, 0x6d, 0x70, 0x6c, 0x65, 0x6d, 0x65, 0x6e, 0x74, 0x65,
  0x64, 0x0d, 0x0a, 0x00, 0x62, 0x69, 0x6e, 0x64, 0x00, 0x6d, 0x61, 0x6c,
  0x6c, 0x6f, 0x63, 0x00, 0x2f, 0x64, 0x65, 0x76, 0x2f, 0x63, 0x6f, 0x6e,
  0x73, 0x6f, 0x6c, 0x65, 0x00, 0x32, 0x32, 0x36, 0x20, 0x44, 0x69, 0x72,
  0x65, 0x63, 0x74, 0x6f, 0x72, 0x79, 0x20, 0x64, 0x65, 0x6c, 0x65, 0x74,
  0x65, 0x64, 0x0d, 0x0a, 0x00, 0x53, 0x65, 0x72, 0x76, 0x65, 0x72, 0x20,
  0x6b, 0x69, 0x6c, 0x6c, 0x65, 0x64, 0x00, 0x73, 0x6f, 0x63, 0x6b, 0x65,
  0x74, 0x00, 0x43, 0x57, 0x44, 0x00, 0x32, 0x35, 0x37, 0x20, 0x22, 0x25,
  0x73, 0x22, 0x0d, 0x0a, 0x00, 0x35, 0x30, 0x32, 0x20, 0x43, 0x6f, 0x6d,
  0x6d, 0x61, 0x6e, 0x64, 0x20, 0x6e, 0x6f, 0x74, 0x20, 0x72, 0x65, 0x63,
  0x6f, 0x67, 0x6e, 0x69, 0x7a, 0x65, 0x64, 0x0d, 0x0a, 0x00, 0x74, 0x73,
  0x73, 0x00, 0x4e, 0x6f, 0x74, 0x69, 0x66, 0x79, 0x20, 0x6d, 0x65, 0x73,
  0x73, 0x61, 0x67, 0x65, 0x3a, 0x0a, 0x25, 0x73, 0x0a, 0x00, 0x43, 0x48,
  0x4d, 0x4f, 0x44, 0x00, 0x58, 0x52, 0x43, 0x50, 0x00, 0x35, 0x30, 0x31,
  0x20, 0x55, 0x73, 0x61, 0x67, 0x65, 0x3a, 0x20, 0x44, 0x45, 0x4c, 0x45,
  0x20, 0x3c, 0x46, 0x49, 0x4c, 0x45, 0x4e, 0x41, 0x4d, 0x45, 0x3e, 0x0d,
  0x0a, 0x00, 0x35, 0x30, 0x31, 0x20, 0x55, 0x73, 0x61, 0x67, 0x65, 0x3a,
  0x20, 0x41, 0x50, 0x50, 0x45, 0x20, 0x3c, 0x46, 0x49, 0x4c, 0x45, 0x4e,
  0x41, 0x4d, 0x45, 0x3e, 0x0d, 0x0a, 0x00, 0x52, 0x4d, 0x44, 0x00, 0x4b,
  0x49, 0x4c, 0x4c, 0x00, 0x58, 0x52, 0x4d, 0x44, 0x00, 0x73, 0x65, 0x6c,
  0x65, 0x63, 0x74, 0x00, 0x32, 0x32, 0x30, 0x2d, 0x57, 0x65, 0x6c, 0x63,
  0x6f, 0x6d, 0x65, 0x20, 0x74, 0x6f, 0x20, 0x66, 0x74, 0x70, 0x73, 0x72,
  0x76, 0x2e, 0x65, 0x6c, 0x66, 0x20, 0x72, 0x75, 0x6e, 0x6e, 0x69, 0x6e,
  0x67, 0x20, 0x6f, 0x6e, 0x20, 0x70, 0x69, 0x64, 0x20, 0x25, 0x64, 0x2c,
  0x20, 0x63, 0x6f, 0x6d, 0x70, 0x69, 0x6c, 0x65, 0x64, 0x20, 0x61, 0x74,
  0x20, 0x25, 0x73, 0x20, 0x25, 0x73, 0x0d, 0x0a, 0x00, 0x35, 0x30, 0x31,
  0x20, 0x55, 0x73, 0x61, 0x67, 0x65, 0x3a, 0x20, 0x52, 0x45, 0x53, 0x54,
  0x20, 0x3c, 0x4f, 0x46, 0x46, 0x53, 0x45, 0x54, 0x3e, 0x0d, 0x0a, 0x00,
  0x58, 0x43, 0x55, 0x50, 0x00, 0x32, 0x31, 0x33, 0x20, 0x25, 0x6c, 0x75,
  0x0d, 0x0a, 0x00, 0x73, 0x65, 0x74, 0x73, 0x6f, 0x63, 0x6b, 0x6f, 0x70,
  0x74, 0x00, 0x58, 0x52, 0x53, 0x51, 0x00, 0x44, 0x65, 0x6d, 0x6f, 0x6e,
  0x73, 0x74, 0x72, 0x61, 0x74, 0x65, 0x20, 0x75, 0x73, 0x61, 0x67, 0x65,
  0x20, 0x6f, 0x66, 0x20, 0x43, 0x58, 0x58, 0x20, 0x69, 0x6e, 0x20, 0x6d,
  0x6f, 0x64, 0x75, 0x6c, 0x65, 0x2e, 0x20, 0x42, 0x61, 0x73, 0x65, 0x64,
  0x20, 0x66, 0x72, 0x6f, 0x6d, 0x20, 0x4f, 0x70, 0x65, 0x6e, 0x4f, 0x72,
  0x62, 0x69, 0x73, 0x20, 0x60, 0x6c, 0x69, 0x62, 0x72, 0x61, 0x72, 0x79,
  0x5f, 0x65, 0x78, 0x61, 0x6d, 0x70, 0x6c, 0x65, 0x60, 0x00, 0x55, 0x53,
  0x45, 0x52, 0x00, 0x32, 0x32, 0x37, 0x20, 0x45, 0x6e, 0x74, 0x65, 0x72,
  0x69, 0x6e, 0x67, 0x20, 0x50, 0x61, 0x73, 0x73, 0x69, 0x76, 0x65, 0x20,
  0x4d, 0x6f, 0x64, 0x65, 0x20, 0x28, 0x25, 0x68, 0x68, 0x75, 0x2c, 0x25,
  0x68, 0x68, 0x75, 0x2c, 0x25, 0x68, 0x68, 0x75, 0x2c, 0x25, 0x68, 0x68,
  0x75, 0x2c, 0x25, 0x68, 0x68, 0x75, 0x2c, 0x25, 0x68, 0x68, 0x75, 0x29,
  0x2e, 0x0d, 0x0a, 0x00, 0x31, 0x35, 0x30, 0x20, 0x4f, 0x70, 0x65, 0x6e,
  0x69, 0x6e, 0x67, 0x20, 0x64, 0x61, 0x74, 0x61, 0x20, 0x74, 0x72, 0x61,
  0x6e, 0x73, 0x66, 0x65, 0x72, 0x0d, 0x0a, 0x00, 0x44, 0x45, 0x4c, 0x45,
  0x00, 0x51, 0x55, 0x49, 0x54, 0x00, 0x35, 0x35, 0x30, 0x20, 0x4e, 0x6f,
  0x20, 0x73, 0x75, 0x63, 0x68, 0x20, 0x64, 0x69, 0x72, 0x65, 0x63, 0x74,
  0x6f, 0x72, 0x79, 0x0d, 0x0a, 0x00, 0x25, 0x73, 0x20, 0x25, 0x6c, 0x75,
  0x20, 0x25, 0x6c, 0x75, 0x20, 0x25, 0x6c, 0x75, 0x20, 0x25, 0x6c, 0x6c,
  0x75, 0x20, 0x25, 0x73, 0x20, 0x25, 0x73, 0x0d, 0x0a, 0x00, 0x32, 0x32,
  0x36, 0x20, 0x50, 0x61, 0x74, 0x68, 0x20, 0x72, 0x65, 0x6e, 0x61, 0x6d,
  0x65, 0x64, 0x0d, 0x0a, 0x00, 0x35, 0x30, 0x31, 0x20, 0x55, 0x73, 0x61,
  0x67, 0x65, 0x3a, 0x20, 0x53, 0x49, 0x5a, 0x45, 0x20, 0x3c, 0x46, 0x49,
  0x4c, 0x45, 0x4e, 0x41, 0x4d, 0x45, 0x3e, 0x0d, 0x0a, 0x00, 0x61, 0x63,
  0x63, 0x65, 0x70, 0x74, 0x00, 0x53, 0x59, 0x53, 0x54, 0x00, 0x54, 0x59,
  0x50, 0x45, 0x00, 0x53, 0x6f, 0x63, 0x6b, 0x65, 0x74, 0x20, 0x73, 0x65,
  0x72, 0x76, 0x65, 0x72, 0x20, 0x77, 0x61, 0x73, 0x20, 0x63, 0x6f, 0x6d,
  0x70, 0x69, 0x6c, 0x65, 0x64, 0x20, 0x61, 0x74, 0x20, 0x25, 0x73, 0x20,
  0x25, 0x73, 0x0a, 0x00, 0x32, 0x35, 0x30, 0x20, 0x4f, 0x4b, 0x0d, 0x0a,
  0x00, 0x32, 0x32, 0x36, 0x20, 0x54, 0x72, 0x61, 0x6e, 0x73, 0x66, 0x65,
  0x72, 0x20, 0x63, 0x6f, 0x6d, 0x70, 0x6c, 0x65, 0x74, 0x65, 0x0d, 0x0a,
  0x00, 0x32, 0x32, 0x30, 0x20, 0x53, 0x65, 0x72, 0x76, 0x69, 0x63, 0x65,
  0x20, 0x69, 0x73, 0x20, 0x72, 0x65, 0x61, 0x64, 0x79, 0x0d, 0x0a, 0x00,
  0x43, 0x44, 0x55, 0x50, 0x00, 0x77, 0x00, 0x33, 0x35, 0x30, 0x20, 0x41,
  0x77, 0x61, 0x69, 0x74, 0x69, 0x6e, 0x67, 0x20, 0x6e, 0x65, 0x77, 0x20,
  0x6e, 0x61, 0x6d, 0x65, 0x0d, 0x0a, 0x00, 0x32, 0x31, 0x35, 0x20, 0x55,
  0x4e, 0x49, 0x58, 0x20, 0x54, 0x79, 0x70, 0x65, 0x3a, 0x20, 0x4c, 0x38,
  0x0d, 0x0a, 0x00, 0x67, 0x65, 0x74, 0x69, 0x66, 0x61, 0x64, 0x64, 0x72,
  0x73, 0x00, 0x41, 0x50, 0x50, 0x45, 0x00, 0x69, 0x6c, 0x6c, 0x75, 0x73,
  0x69, 0x6f, 0x6e, 0x79, 0x00, 0x35, 0x30, 0x31, 0x20, 0x55, 0x73, 0x61,
  0x67, 0x65, 0x3a, 0x20, 0x43, 0x57, 0x44, 0x20, 0x3c, 0x50, 0x41, 0x54,
  0x48, 0x3e, 0x0d, 0x0a, 0x00, 0x32, 0x30, 0x30, 0x20, 0x50, 0x4f, 0x52,
  0x54, 0x20, 0x63, 0x6f, 0x6d, 0x6d, 0x61, 0x6e, 0x64, 0x20, 0x73, 0x75,
  0x63, 0x63, 0x65, 0x73, 0x73, 0x66, 0x75, 0x6c, 0x2e, 0x0d, 0x0a, 0x00,
  0x35, 0x30, 0x31, 0x20, 0x55, 0x73, 0x61, 0x67, 0x65, 0x3a, 0x20, 0x52,
  0x45, 0x54, 0x52, 0x20, 0x3c, 0x50, 0x41, 0x54, 0x48, 0x3e, 0x0d, 0x0a,
  0x00, 0x00, 0x00, 0x00, 0x14, 0x00, 0x00, 0x00, 0x00, 0x00, 0x00, 0x00,
  0x01, 0x7a, 0x52, 0x00, 0x01, 0x78, 0x10, 0x01, 0x1b, 0x0c, 0x07, 0x08,
  0x90, 0x01, 0x00, 0x00, 0x1c, 0x00, 0x00, 0x00, 0x1c, 0x00, 0x00, 0x00,
  0x68, 0x92, 0xff, 0xff, 0x09, 0x02, 0x00, 0x00, 0x00, 0x41, 0x0e, 0x10,
  0x86, 0x02, 0x43, 0x0d, 0x06, 0x03, 0x04, 0x02, 0x0c, 0x07, 0x08, 0x00,
  0x1c, 0x00, 0x00, 0x00, 0x3c, 0x00, 0x00, 0x00, 0x58, 0x94, 0xff, 0xff,
  0x6a, 0x00, 0x00, 0x00, 0x00, 0x41, 0x0e, 0x10, 0x86, 0x02, 0x43, 0x0d,
  0x06, 0x02, 0x65, 0x0c, 0x07, 0x08, 0x00, 0x00, 0x1c, 0x00, 0x00, 0x00,
  0x5c, 0x00, 0x00, 0x00, 0xa8, 0x94, 0xff, 0xff, 0x1d, 0x01, 0x00, 0x00,
  0x00, 0x41, 0x0e, 0x10, 0x86, 0x02, 0x43, 0x0d, 0x06, 0x03, 0x18, 0x01,
  0x0c, 0x07, 0x08, 0x00, 0x1c, 0x00, 0x00, 0x00, 0x7c, 0x00, 0x00, 0x00,
  0xa8, 0x95, 0xff, 0xff, 0xd0, 0x00, 0x00, 0x00, 0x00, 0x41, 0x0e, 0x10,
  0x86, 0x02, 0x43, 0x0d, 0x06, 0x02, 0xcb, 0x0c, 0x07, 0x08, 0x00, 0x00,
  0x1c, 0x00, 0x00, 0x00, 0x9c, 0x00, 0x00, 0x00, 0x58, 0x96, 0xff, 0xff,
  0xe5, 0x00, 0x00, 0x00, 0x00, 0x41, 0x0e, 0x10, 0x86, 0x02, 0x43, 0x0d,
  0x06, 0x02, 0xe0, 0x0c, 0x07, 0x08, 0x00, 0x00, 0x1c, 0x00, 0x00, 0x00,
  0xbc, 0x00, 0x00, 0x00, 0x28, 0x97, 0xff, 0xff, 0x82, 0x00, 0x00, 0x00,
  0x00, 0x41, 0x0e, 0x10, 0x86, 0x02, 0x43, 0x0d, 0x06, 0x02, 0x7d, 0x0c,
  0x07, 0x08, 0x00, 0x00, 0x1c, 0x00, 0x00, 0x00, 0xdc, 0x00, 0x00, 0x00,
  0x98, 0x97, 0xff, 0xff, 0xee, 0x00, 0x00, 0x00, 0x00, 0x41, 0x0e, 0x10,
  0x86, 0x02, 0x43, 0x0d, 0x06, 0x02, 0xe9, 0x0c, 0x07, 0x08, 0x00, 0x00,
  0x1c, 0x00, 0x00, 0x00, 0xfc, 0x00, 0x00, 0x00, 0x68, 0x98, 0xff, 0xff,
  0x95, 0x00, 0x00, 0x00, 0x00, 0x41, 0x0e, 0x10, 0x86, 0x02, 0x43, 0x0d,
  0x06, 0x02, 0x90, 0x0c, 0x07, 0x08, 0x00, 0x00, 0x1c, 0x00, 0x00, 0x00,
  0x1c, 0x01, 0x00, 0x00, 0xe8, 0x98, 0xff, 0xff, 0x9e, 0x02, 0x00, 0x00,
  0x00, 0x41, 0x0e, 0x10, 0x86, 0x02, 0x43, 0x0d, 0x06, 0x03, 0x99, 0x02,
  0x0c, 0x07, 0x08, 0x00, 0x1c, 0x00, 0x00, 0x00, 0x3c, 0x01, 0x00, 0x00,
  0x68, 0x9b, 0xff, 0xff, 0x97, 0x00, 0x00, 0x00, 0x00, 0x41, 0x0e, 0x10,
  0x86, 0x02, 0x43, 0x0d, 0x06, 0x02, 0x92, 0x0c, 0x07, 0x08, 0x00, 0x00,
  0x1c, 0x00, 0x00, 0x00, 0x5c, 0x01, 0x00, 0x00, 0xe8, 0x9b, 0xff, 0xff,
  0xdc, 0x01, 0x00, 0x00, 0x00, 0x41, 0x0e, 0x10, 0x86, 0x02, 0x43, 0x0d,
  0x06, 0x03, 0xd7, 0x01, 0x0c, 0x07, 0x08, 0x00, 0x1c, 0x00, 0x00, 0x00,
  0x7c, 0x01, 0x00, 0x00, 0xa8, 0x9d, 0xff, 0xff, 0x1c, 0x01, 0x00, 0x00,
  0x00, 0x41, 0x0e, 0x10, 0x86, 0x02, 0x43, 0x0d, 0x06, 0x03, 0x17, 0x01,
  0x0c, 0x07, 0x08, 0x00, 0x1c, 0x00, 0x00, 0x00, 0x9c, 0x01, 0x00, 0x00,
  0xa8, 0x9e, 0xff, 0xff, 0x3c, 0x00, 0x00, 0x00, 0x00, 0x41, 0x0e, 0x10,
  0x86, 0x02, 0x43, 0x0d, 0x06, 0x77, 0x0c, 0x07, 0x08, 0x00, 0x00, 0x00,
  0x1c, 0x00, 0x00, 0x00, 0xbc, 0x01, 0x00, 0x00, 0xc8, 0x9e, 0xff, 0xff,
  0x9a, 0x00, 0x00, 0x00, 0x00, 0x41, 0x0e, 0x10, 0x86, 0x02, 0x43, 0x0d,
  0x06, 0x02, 0x95, 0x0c, 0x07, 0x08, 0x00, 0x00, 0x1c, 0x00, 0x00, 0x00,
  0xdc, 0x01, 0x00, 0x00, 0x48, 0x9f, 0xff, 0xff, 0x28, 0x00, 0x00, 0x00,
  0x00, 0x41, 0x0e, 0x10, 0x86, 0x02, 0x43, 0x0d, 0x06, 0x63, 0x0c, 0x07,
  0x08, 0x00, 0x00, 0x00, 0x1c, 0x00, 0x00, 0x00, 0xfc, 0x01, 0x00, 0x00,
  0x58, 0x9f, 0xff, 0xff, 0x29, 0x01, 0x00, 0x00, 0x00, 0x41, 0x0e, 0x10,
  0x86, 0x02, 0x43, 0x0d, 0x06, 0x03, 0x24, 0x01, 0x0c, 0x07, 0x08, 0x00,
  0x1c, 0x00, 0x00, 0x00, 0x1c, 0x02, 0x00, 0x00, 0x68, 0xa0, 0xff, 0xff,
  0x30, 0x00, 0x00, 0x00, 0x00, 0x41, 0x0e, 0x10, 0x86, 0x02, 0x43, 0x0d,
  0x06, 0x6b, 0x0c, 0x07, 0x08, 0x00, 0x00, 0x00, 0x1c, 0x00, 0x00, 0x00,
  0x3c, 0x02, 0x00, 0x00, 0x78, 0xa0, 0xff, 0xff, 0x2d, 0x00, 0x00, 0x00,
  0x00, 0x41, 0x0e, 0x10, 0x86, 0x02, 0x43, 0x0d, 0x06, 0x68, 0x0c, 0x07,
  0x08, 0x00, 0x00, 0x00, 0x1c, 0x00, 0x00, 0x00, 0x5c, 0x02, 0x00, 0x00,
  0x88, 0xa0, 0xff, 0xff, 0x6c, 0x00, 0x00, 0x00, 0x00, 0x41, 0x0e, 0x10,
  0x86, 0x02, 0x43, 0x0d, 0x06, 0x02, 0x67, 0x0c, 0x07, 0x08, 0x00, 0x00,
  0x1c, 0x00, 0x00, 0x00, 0x7c, 0x02, 0x00, 0x00, 0xd8, 0xa0, 0xff, 0xff,
  0x70, 0x02, 0x00, 0x00, 0x00, 0x41, 0x0e, 0x10, 0x86, 0x02, 0x43, 0x0d,
  0x06, 0x03, 0x6b, 0x02, 0x0c, 0x07, 0x08, 0x00, 0x1c, 0x00, 0x00, 0x00,
  0x9c, 0x02, 0x00, 0x00, 0x28, 0xa3, 0xff, 0xff, 0x95, 0x00, 0x00, 0x00,
  0x00, 0x41, 0x0e, 0x10, 0x86, 0x02, 0x43, 0x0d, 0x06, 0x02, 0x90, 0x0c,
  0x07, 0x08, 0x00, 0x00, 0x1c, 0x00, 0x00, 0x00, 0xbc, 0x02, 0x00, 0x00,
  0xa8, 0xa3, 0xff, 0xff, 0xa4, 0x00, 0x00, 0x00, 0x00, 0x41, 0x0e, 0x10,
  0x86, 0x02, 0x43, 0x0d, 0x06, 0x02, 0x9f, 0x0c, 0x07, 0x08, 0x00, 0x00,
  0x1c, 0x00, 0x00, 0x00, 0xdc, 0x02, 0x00, 0x00, 0x38, 0xa4, 0xff, 0xff,
  0xd1, 0x00, 0x00, 0x00, 0x00, 0x41, 0x0e, 0x10, 0x86, 0x02, 0x43, 0x0d,
  0x06, 0x02, 0xcc, 0x0c, 0x07, 0x08, 0x00, 0x00, 0x1c, 0x00, 0x00, 0x00,
  0xfc, 0x02, 0x00, 0x00, 0xf8, 0xa4, 0xff, 0xff, 0xa3, 0x00, 0x00, 0x00,
  0x00, 0x41, 0x0e, 0x10, 0x86, 0x02, 0x43, 0x0d, 0x06, 0x02, 0x9e, 0x0c,
  0x07, 0x08, 0x00, 0x00, 0x1c, 0x00, 0x00, 0x00, 0x1c, 0x03, 0x00, 0x00,
  0x88, 0xa5, 0xff, 0xff, 0x90, 0x02, 0x00, 0x00, 0x00, 0x41, 0x0e, 0x10,
  0x86, 0x02, 0x43, 0x0d, 0x06, 0x03, 0x8b, 0x02, 0x0c, 0x07, 0x08, 0x00,
  0x1c, 0x00, 0x00, 0x00, 0x3c, 0x03, 0x00, 0x00, 0xf8, 0xa7, 0xff, 0xff,
  0x2f, 0x00, 0x00, 0x00, 0x00, 0x41, 0x0e, 0x10, 0x86, 0x02, 0x43, 0x0d,
  0x06, 0x6a, 0x0c, 0x07, 0x08, 0x00, 0x00, 0x00, 0x1c, 0x00, 0x00, 0x00,
  0x5c, 0x03, 0x00, 0x00, 0x08, 0xa8, 0xff, 0xff, 0xbb, 0x00, 0x00, 0x00,
  0x00, 0x41, 0x0e, 0x10, 0x86, 0x02, 0x43, 0x0d, 0x06, 0x02, 0xb6, 0x0c,
  0x07, 0x08, 0x00, 0x00, 0x1c, 0x00, 0x00, 0x00, 0x7c, 0x03, 0x00, 0x00,
  0xa8, 0xa8, 0xff, 0xff, 0x28, 0x00, 0x00, 0x00, 0x00, 0x41, 0x0e, 0x10,
  0x86, 0x02, 0x43, 0x0d, 0x06, 0x63, 0x0c, 0x07, 0x08, 0x00, 0x00, 0x00,
  0x1c, 0x00, 0x00, 0x00, 0x9c, 0x03, 0x00, 0x00, 0xb8, 0xa8, 0xff, 0xff,
  0x7b, 0x00, 0x00, 0x00, 0x00, 0x41, 0x0e, 0x10, 0x86, 0x02, 0x43, 0x0d,
  0x06, 0x02, 0x76, 0x0c, 0x07, 0x08, 0x00, 0x00, 0x1c, 0x00, 0x00, 0x00,
  0xbc, 0x03, 0x00, 0x00, 0x18, 0xa9, 0xff, 0xff, 0x28, 0x00, 0x00, 0x00,
  0x00, 0x41, 0x0e, 0x10, 0x86, 0x02, 0x43, 0x0d, 0x06, 0x63, 0x0c, 0x07,
  0x08, 0x00, 0x00, 0x00, 0x18, 0x00, 0x00, 0x00, 0xdc, 0x03, 0x00, 0x00,
  0x28, 0xa9, 0xff, 0xff, 0x23, 0x00, 0x00, 0x00, 0x00, 0x41, 0x0e, 0x10,
  0x86, 0x02, 0x43, 0x0d, 0x06, 0x00, 0x00, 0x00, 0x1c, 0x00, 0x00, 0x00,
  0xf8, 0x03, 0x00, 0x00, 0x3c, 0xa9, 0xff, 0xff, 0x28, 0x00, 0x00, 0x00,
  0x00, 0x41, 0x0e, 0x10, 0x86, 0x02, 0x43, 0x0d, 0x06, 0x63, 0x0c, 0x07,
  0x08, 0x00, 0x00, 0x00, 0x1c, 0x00, 0x00, 0x00, 0x18, 0x04, 0x00, 0x00,
  0x4c, 0xa9, 0xff, 0xff, 0x28, 0x00, 0x00, 0x00, 0x00, 0x41, 0x0e, 0x10,
  0x86, 0x02, 0x43, 0x0d, 0x06, 0x63, 0x0c, 0x07, 0x08, 0x00, 0x00, 0x00,
  0x20, 0x00, 0x00, 0x00, 0x38, 0x04, 0x00, 0x00, 0x5c, 0xa9, 0xff, 0xff,
  0x28, 0x00, 0x00, 0x00, 0x00, 0x41, 0x0e, 0x10, 0x86, 0x02, 0x43, 0x0d,
  0x06, 0x63, 0x0c, 0x07, 0x08, 0x00, 0x00, 0x00, 0x00, 0x00, 0x00, 0x00,
  0x18, 0x00, 0x00, 0x00, 0x5c, 0x04, 0x00, 0x00, 0x68, 0xa9, 0xff, 0xff,
  0x56, 0x00, 0x00, 0x00, 0x00, 0x41, 0x0e, 0x10, 0x86, 0x02, 0x43, 0x0d,
  0x06, 0x00, 0x00, 0x00, 0x1c, 0x00, 0x00, 0x00, 0x78, 0x04, 0x00, 0x00,
  0xac, 0xa9, 0xff, 0xff, 0xf7, 0x03, 0x00, 0x00, 0x00, 0x41, 0x0e, 0x10,
  0x86, 0x02, 0x43, 0x0d, 0x06, 0x03, 0xf2, 0x03, 0x0c, 0x07, 0x08, 0x00,
  0x1c, 0x00, 0x00, 0x00, 0x98, 0x04, 0x00, 0x00, 0x8c, 0xad, 0xff, 0xff,
  0xcb, 0x01, 0x00, 0x00, 0x00, 0x41, 0x0e, 0x10, 0x86, 0x02, 0x43, 0x0d,
  0x06, 0x03, 0xc6, 0x01, 0x0c, 0x07, 0x08, 0x00, 0x18, 0x00, 0x00, 0x00,
  0xb8, 0x04, 0x00, 0x00, 0x3c, 0xaf, 0xff, 0xff, 0x9a, 0x01, 0x00, 0x00,
  0x00, 0x41, 0x0e, 0x10, 0x86, 0x02, 0x43, 0x0d, 0x06, 0x00, 0x00, 0x00,
  0x1c, 0x00, 0x00, 0x00, 0xd4, 0x04, 0x00, 0x00, 0xc0, 0xb0, 0xff, 0xff,
  0xbd, 0x00, 0x00, 0x00, 0x00, 0x41, 0x0e, 0x10, 0x86, 0x02, 0x43, 0x0d,
  0x06, 0x02, 0xb8, 0x0c, 0x07, 0x08, 0x00, 0x00, 0x1c, 0x00, 0x00, 0x00,
  0xf4, 0x04, 0x00, 0x00, 0x60, 0xb1, 0xff, 0xff, 0xb5, 0x01, 0x00, 0x00,
  0x00, 0x41, 0x0e, 0x10, 0x86, 0x02, 0x43, 0x0d, 0x06, 0x03, 0xb0, 0x01,
  0x0c, 0x07, 0x08, 0x00, 0x1c, 0x00, 0x00, 0x00, 0x14, 0x05, 0x00, 0x00,
  0x00, 0xb3, 0xff, 0xff, 0xe0, 0x00, 0x00, 0x00, 0x00, 0x41, 0x0e, 0x10,
  0x86, 0x02, 0x43, 0x0d, 0x06, 0x02, 0xdb, 0x0c, 0x07, 0x08, 0x00, 0x00,
  0x18, 0x00, 0x00, 0x00, 0x34, 0x05, 0x00, 0x00, 0xc0, 0xb3, 0xff, 0xff,
  0x68, 0x00, 0x00, 0x00, 0x00, 0x41, 0x0e, 0x10, 0x86, 0x02, 0x43, 0x0d,
  0x06, 0x00, 0x00, 0x00, 0x1c, 0x00, 0x00, 0x00, 0x50, 0x05, 0x00, 0x00,
  0x14, 0xb4, 0xff, 0xff, 0xf3, 0x03, 0x00, 0x00, 0x00, 0x41, 0x0e, 0x10,
  0x86, 0x02, 0x43, 0x0d, 0x06, 0x03, 0xee, 0x03, 0x0c, 0x07, 0x08, 0x00,
  0x1c, 0x00, 0x00, 0x00, 0x70, 0x05, 0x00, 0x00, 0xf4, 0xb7, 0xff, 0xff,
  0xcb, 0x01, 0x00, 0x00, 0x00, 0x41, 0x0e, 0x10, 0x86, 0x02, 0x43, 0x0d,
  0x06, 0x03, 0xc6, 0x01, 0x0c, 0x07, 0x08, 0x00, 0x20, 0x00, 0x00, 0x00,
  0x90, 0x05, 0x00, 0x00, 0xa4, 0xb9, 0xff, 0xff, 0x30, 0x05, 0x00, 0x00,
  0x00, 0x41, 0x0e, 0x10, 0x86, 0x02, 0x43, 0x0d, 0x06, 0x03, 0x2b, 0x05,
  0x0c, 0x07, 0x08, 0x00, 0x00, 0x00, 0x00, 0x00, 0x1c, 0x00, 0x00, 0x00,
  0xb4, 0x05, 0x00, 0x00, 0xb0, 0xbe, 0xff, 0xff, 0x7d, 0x00, 0x00, 0x00,
  0x00, 0x41, 0x0e, 0x10, 0x86, 0x02, 0x43, 0x0d, 0x06, 0x02, 0x78, 0x0c,
  0x07, 0x08, 0x00, 0x00, 0x1c, 0x00, 0x00, 0x00, 0xd4, 0x05, 0x00, 0x00,
  0x10, 0xbf, 0xff, 0xff, 0x5b, 0x00, 0x00, 0x00, 0x00, 0x41, 0x0e, 0x10,
  0x86, 0x02, 0x43, 0x0d, 0x06, 0x02, 0x56, 0x0c, 0x07, 0x08, 0x00, 0x00,
  0x1c, 0x00, 0x00, 0x00, 0xf4, 0x05, 0x00, 0x00, 0x50, 0xbf, 0xff, 0xff,
  0xcb, 0x01, 0x00, 0x00, 0x00, 0x41, 0x0e, 0x10, 0x86, 0x02, 0x43, 0x0d,
  0x06, 0x03, 0xc6, 0x01, 0x0c, 0x07, 0x08, 0x00, 0x1c, 0x00, 0x00, 0x00,
  0x14, 0x06, 0x00, 0x00, 0x00, 0xc1, 0xff, 0xff, 0x59, 0x00, 0x00, 0x00,
  0x00, 0x41, 0x0e, 0x10, 0x86, 0x02, 0x43, 0x0d, 0x06, 0x00, 0x00, 0x00,
  0x00, 0x00, 0x00, 0x00, 0x1c, 0x00, 0x00, 0x00, 0x34, 0x06, 0x00, 0x00,
  0x60, 0xc1, 0xff, 0xff, 0x20, 0x00, 0x00, 0x00, 0x00, 0x41, 0x0e, 0x10,
  0x86, 0x02, 0x43, 0x0d, 0x06, 0x5b, 0x0c, 0x07, 0x08, 0x00, 0x00, 0x00,
  0x1c, 0x00, 0x00, 0x00, 0x54, 0x06, 0x00, 0x00, 0x60, 0xc1, 0xff, 0xff,
  0x57, 0x01, 0x00, 0x00, 0x00, 0x41, 0x0e, 0x10, 0x86, 0x02, 0x43, 0x0d,
  0x06, 0x03, 0x52, 0x01, 0x0c, 0x07, 0x08, 0x00, 0x1c, 0x00, 0x00, 0x00,
  0x74, 0x06, 0x00, 0x00, 0xa0, 0xc2, 0xff, 0xff, 0x20, 0x00, 0x00, 0x00,
  0x00, 0x41, 0x0e, 0x10, 0x86, 0x02, 0x43, 0x0d, 0x06, 0x5b, 0x0c, 0x07,
  0x08, 0x00, 0x00, 0x00, 0x1c, 0x00, 0x00, 0x00, 0x94, 0x06, 0x00, 0x00,
  0xa0, 0xc2, 0xff, 0xff, 0x41, 0x01, 0x00, 0x00, 0x00, 0x41, 0x0e, 0x10,
  0x86, 0x02, 0x43, 0x0d, 0x06, 0x03, 0x3c, 0x01, 0x0c, 0x07, 0x08, 0x00,
  0x1c, 0x00, 0x00, 0x00, 0xb4, 0x06, 0x00, 0x00, 0xd0, 0xc3, 0xff, 0xff,
  0x37, 0x00, 0x00, 0x00, 0x00, 0x41, 0x0e, 0x10, 0x86, 0x02, 0x43, 0x0d,
  0x06, 0x72, 0x0c, 0x07, 0x08, 0x00, 0x00, 0x00, 0x1c, 0x00, 0x00, 0x00,
  0xd4, 0x06, 0x00, 0x00, 0xf0, 0xc3, 0xff, 0xff, 0xe4, 0x00, 0x00, 0x00,
  0x00, 0x41, 0x0e, 0x10, 0x86, 0x02, 0x43, 0x0d, 0x06, 0x02, 0xdf, 0x0c,
  0x07, 0x08, 0x00, 0x00, 0x1c, 0x00, 0x00, 0x00, 0xf4, 0x06, 0x00, 0x00,
  0xc0, 0xc4, 0xff, 0xff, 0xac, 0x00, 0x00, 0x00, 0x00, 0x41, 0x0e, 0x10,
  0x86, 0x02, 0x43, 0x0d, 0x06, 0x02, 0xa7, 0x0c, 0x07, 0x08, 0x00, 0x00,
  0x1c, 0x00, 0x00, 0x00, 0x14, 0x07, 0x00, 0x00, 0x50, 0xc5, 0xff, 0xff,
  0x5e, 0x00, 0x00, 0x00, 0x00, 0x41, 0x0e, 0x10, 0x86, 0x02, 0x43, 0x0d,
  0x06, 0x02, 0x59, 0x0c, 0x07, 0x08, 0x00, 0x00, 0x1c, 0x00, 0x00, 0x00,
  0x34, 0x07, 0x00, 0x00, 0x90, 0xc5, 0xff, 0xff, 0x13, 0x05, 0x00, 0x00,
  0x00, 0x41, 0x0e, 0x10, 0x86, 0x02, 0x43, 0x0d, 0x06, 0x03, 0x0e, 0x05,
  0x0c, 0x07, 0x08, 0x00, 0x1c, 0x00, 0x00, 0x00, 0x54, 0x07, 0x00, 0x00,
  0x90, 0xca, 0xff, 0xff, 0x84, 0x00, 0x00, 0x00, 0x00, 0x41, 0x0e, 0x10,
  0x86, 0x02, 0x43, 0x0d, 0x06, 0x02, 0x7f, 0x0c, 0x07, 0x08, 0x00, 0x00,
  0x1c, 0x00, 0x00, 0x00, 0x74, 0x07, 0x00, 0x00, 0x00, 0xcb, 0xff, 0xff,
  0x41, 0x01, 0x00, 0x00, 0x00, 0x41, 0x0e, 0x10, 0x86, 0x02, 0x43, 0x0d,
  0x06, 0x03, 0x3c, 0x01, 0x0c, 0x07, 0x08, 0x00, 0x1c, 0x00, 0x00, 0x00,
  0x94, 0x07, 0x00, 0x00, 0x30, 0xcc, 0xff, 0xff, 0x8e, 0x00, 0x00, 0x00,
  0x00, 0x41, 0x0e, 0x10, 0x86, 0x02, 0x43, 0x0d, 0x06, 0x02, 0x89, 0x0c,
  0x07, 0x08, 0x00, 0x00, 0x1c, 0x00, 0x00, 0x00, 0xb4, 0x07, 0x00, 0x00,
  0xa0, 0xcc, 0xff, 0xff, 0x08, 0x00, 0x00, 0x00, 0x00, 0x41, 0x0e, 0x10,
  0x86, 0x02, 0x43, 0x0d, 0x06, 0x43, 0x0c, 0x07, 0x08, 0x00, 0x00, 0x00,
  0x1c, 0x00, 0x00, 0x00, 0xd4, 0x07, 0x00, 0x00, 0x90, 0xcc, 0xff, 0xff,
  0x37, 0x00, 0x00, 0x00, 0x00, 0x41, 0x0e, 0x10, 0x86, 0x02, 0x43, 0x0d,
  0x06, 0x72, 0x0c, 0x07, 0x08, 0x00, 0x00, 0x00, 0x1c, 0x00, 0x00, 0x00,
  0xf4, 0x07, 0x00, 0x00, 0xd0, 0xcc, 0xff, 0xff, 0x59, 0x01, 0x00, 0x00,
  0x00, 0x41, 0x0e, 0x10, 0x86, 0x02, 0x43, 0x0d, 0x06, 0x03, 0x54, 0x01,
  0x0c, 0x07, 0x08, 0x00, 0x1c, 0x00, 0x00, 0x00, 0x14, 0x08, 0x00, 0x00,
  0x10, 0xce, 0xff, 0xff, 0x67, 0x00, 0x00, 0x00, 0x00, 0x41, 0x0e, 0x10,
  0x86, 0x02, 0x43, 0x0d, 0x06, 0x02, 0x62, 0x0c, 0x07, 0x08, 0x00, 0x00,
  0x1c, 0x00, 0x00, 0x00, 0x34, 0x08, 0x00, 0x00, 0x60, 0xce, 0xff, 0xff,
  0x14, 0x00, 0x00, 0x00, 0x00, 0x41, 0x0e, 0x10, 0x86, 0x02, 0x43, 0x0d,
  0x06, 0x4f, 0x0c, 0x07, 0x08, 0x00, 0x00, 0x00, 0x1c, 0x00, 0x00, 0x00,
  0x54, 0x08, 0x00, 0x00, 0x60, 0xce, 0xff, 0xff, 0xd3, 0x01, 0x00, 0x00,
  0x00, 0x41, 0x0e, 0x10, 0x86, 0x02, 0x43, 0x0d, 0x06, 0x03, 0xce, 0x01,
  0x0c, 0x07, 0x08, 0x00, 0x1c, 0x00, 0x00, 0x00, 0x74, 0x08, 0x00, 0x00,
  0x20, 0xd0, 0xff, 0xff, 0xc8, 0x00, 0x00, 0x00, 0x00, 0x41, 0x0e, 0x10,
  0x86, 0x02, 0x43, 0x0d, 0x06, 0x02, 0xc3, 0x0c, 0x07, 0x08, 0x00, 0x00,
  0x1c, 0x00, 0x00, 0x00, 0x94, 0x08, 0x00, 0x00, 0xd0, 0xd0, 0xff, 0xff,
  0x2d, 0x00, 0x00, 0x00, 0x00, 0x41, 0x0e, 0x10, 0x86, 0x02, 0x43, 0x0d,
  0x06, 0x68, 0x0c, 0x07, 0x08, 0x00, 0x00, 0x00, 0x1c, 0x00, 0x00, 0x00,
  0xb4, 0x08, 0x00, 0x00, 0xe0, 0xd0, 0xff, 0xff, 0xd6, 0x00, 0x00, 0x00,
  0x00, 0x41, 0x0e, 0x10, 0x86, 0x02, 0x43, 0x0d, 0x06, 0x02, 0xd1, 0x0c,
  0x07, 0x08, 0x00, 0x00, 0x1c, 0x00, 0x00, 0x00, 0xd4, 0x08, 0x00, 0x00,
  0xa0, 0xd1, 0xff, 0xff, 0x4c, 0x00, 0x00, 0x00, 0x00, 0x41, 0x0e, 0x10,
  0x86, 0x02, 0x43, 0x0d, 0x06, 0x02, 0x47, 0x0c, 0x07, 0x08, 0x00, 0x00,
  0x1c, 0x00, 0x00, 0x00, 0xf4, 0x08, 0x00, 0x00, 0xd0, 0xd1, 0xff, 0xff,
  0x2e, 0x00, 0x00, 0x00, 0x00, 0x41, 0x0e, 0x10, 0x86, 0x02, 0x43, 0x0d,
  0x06, 0x69, 0x0c, 0x07, 0x08, 0x00, 0x00, 0x00, 0x1c, 0x00, 0x00, 0x00,
  0x14, 0x09, 0x00, 0x00, 0xe0, 0xd1, 0xff, 0xff, 0x48, 0x00, 0x00, 0x00,
  0x00, 0x41, 0x0e, 0x10, 0x86, 0x02, 0x43, 0x0d, 0x06, 0x02, 0x43, 0x0c,
  0x07, 0x08, 0x00, 0x00, 0x1c, 0x00, 0x00, 0x00, 0x34, 0x09, 0x00, 0x00,
  0x10, 0xd2, 0xff, 0xff, 0x2e, 0x00, 0x00, 0x00, 0x00, 0x41, 0x0e, 0x10,
  0x86, 0x02, 0x43, 0x0d, 0x06, 0x69, 0x0c, 0x07, 0x08, 0x00, 0x00, 0x00,
  0x1c, 0x00, 0x00, 0x00, 0x54, 0x09, 0x00, 0x00, 0x20, 0xd2, 0xff, 0xff,
  0x8a, 0x00, 0x00, 0x00, 0x00, 0x41, 0x0e, 0x10, 0x86, 0x02, 0x43, 0x0d,
  0x06, 0x02, 0x85, 0x0c, 0x07, 0x08, 0x00, 0x00, 0x1c, 0x00, 0x00, 0x00,
  0x74, 0x09, 0x00, 0x00, 0xa0, 0xd2, 0xff, 0xff, 0x4b, 0x00, 0x00, 0x00,
  0x00, 0x41, 0x0e, 0x10, 0x86, 0x02, 0x43, 0x0d, 0x06, 0x02, 0x46, 0x0c,
  0x07, 0x08, 0x00, 0x00, 0x1c, 0x00, 0x00, 0x00, 0x94, 0x09, 0x00, 0x00,
  0xd0, 0xd2, 0xff, 0xff, 0x10, 0x00, 0x00, 0x00, 0x00, 0x41, 0x0e, 0x10,
  0x86, 0x02, 0x43, 0x0d, 0x06, 0x4b, 0x0c, 0x07, 0x08, 0x00, 0x00, 0x00,
  0x1c, 0x00, 0x00, 0x00, 0xb4, 0x09, 0x00, 0x00, 0xc0, 0xd2, 0xff, 0xff,
  0x08, 0x00, 0x00, 0x00, 0x00, 0x41, 0x0e, 0x10, 0x86, 0x02, 0x43, 0x0d,
  0x06, 0x43, 0x0c, 0x07, 0x08, 0x00, 0x00, 0x00, 0x1c, 0x00, 0x00, 0x00,
  0xd4, 0x09, 0x00, 0x00, 0xb0, 0xd2, 0xff, 0xff, 0x08, 0x00, 0x00, 0x00,
  0x00, 0x41, 0x0e, 0x10, 0x86, 0x02, 0x43, 0x0d, 0x06, 0x43, 0x0c, 0x07,
  0x08, 0x00, 0x00, 0x00, 0x00, 0x00, 0x00, 0x00, 0x01, 0x1b, 0x03, 0x3b,
  0x08, 0xf6, 0xff, 0xff, 0x4f, 0x00, 0x00, 0x00, 0x94, 0x88, 0xff, 0xff,
  0x24, 0xf6, 0xff, 0xff, 0xa4, 0x8a, 0xff, 0xff, 0x44, 0xf6, 0xff, 0xff,
  0x14, 0x8b, 0xff, 0xff, 0x64, 0xf6, 0xff, 0xff, 0x34, 0x8c, 0xff, 0xff,
  0x84, 0xf6, 0xff, 0xff, 0x04, 0x8d, 0xff, 0xff, 0xa4, 0xf6, 0xff, 0xff,
  0xf4, 0x8d, 0xff, 0xff, 0xc4, 0xf6, 0xff, 0xff, 0x84, 0x8e, 0xff, 0xff,
  0xe4, 0xf6, 0xff, 0xff, 0x74, 0x8f, 0xff, 0xff, 0x04, 0xf7, 0xff, 0xff,
  0x14, 0x90, 0xff, 0xff, 0x24, 0xf7, 0xff, 0xff, 0xb4, 0x92, 0xff, 0xff,
  0x44, 0xf7, 0xff, 0xff, 0x54, 0x93, 0xff, 0xff, 0x64, 0xf7, 0xff, 0xff,
  0x34, 0x95, 0xff, 0xff, 0x84, 0xf7, 0xff, 0xff, 0x54, 0x96, 0xff, 0xff,
  0xa4, 0xf7, 0xff, 0xff, 0x94, 0x96, 0xff, 0xff, 0xc4, 0xf7, 0xff, 0xff,
  0x34, 0x97, 0xff, 0xff, 0xe4, 0xf7, 0xff, 0xff, 0x64, 0x97, 0xff, 0xff,
  0x04, 0xf8, 0xff, 0xff, 0x94, 0x98, 0xff, 0xff, 0x24, 0xf8, 0xff, 0xff,
  0xc4, 0x98, 0xff, 0xff, 0x44, 0xf8, 0xff, 0xff, 0xf4, 0x98, 0xff, 0xff,
  0x64, 0xf8, 0xff, 0xff, 0x64, 0x99, 0xff, 0xff, 0x84, 0xf8, 0xff, 0xff,
  0xd4, 0x9b, 0xff, 0xff, 0xa4, 0xf8, 0xff, 0xff, 0x74, 0x9c, 0xff, 0xff,
  0xc4, 0xf8, 0xff, 0xff, 0x24, 0x9d, 0xff, 0xff, 0xe4, 0xf8, 0xff, 0xff,
  0x04, 0x9e, 0xff, 0xff, 0x04, 0xf9, 0xff, 0xff, 0xb4, 0x9e, 0xff, 0xff,
  0x24, 0xf9, 0xff, 0xff, 0x44, 0xa1, 0xff, 0xff, 0x44, 0xf9, 0xff, 0xff,
  0x74, 0xa1, 0xff, 0xff, 0x64, 0xf9, 0xff, 0xff, 0x34, 0xa2, 0xff, 0xff,
  0x84, 0xf9, 0xff, 0xff, 0x64, 0xa2, 0xff, 0xff, 0xa4, 0xf9, 0xff, 0xff,
  0xe4, 0xa2, 0xff, 0xff, 0xc4, 0xf9, 0xff, 0xff, 0x14, 0xa3, 0xff, 0xff,
  0xe4, 0xf9, 0xff, 0xff, 0x44, 0xa3, 0xff, 0xff, 0x00, 0xfa, 0xff, 0xff,
  0x74, 0xa3, 0xff, 0xff, 0x20, 0xfa, 0xff, 0xff, 0xa4, 0xa3, 0xff, 0xff,
  0x40, 0xfa, 0xff, 0xff, 0xd4, 0xa3, 0xff, 0xff, 0x64, 0xfa, 0xff, 0xff,
  0x34, 0xa4, 0xff, 0xff, 0x80, 0xfa, 0xff, 0xff, 0x34, 0xa8, 0xff, 0xff,
  0xa0, 0xfa, 0xff, 0xff, 0x04, 0xaa, 0xff, 0xff, 0xc0, 0xfa, 0xff, 0xff,
  0xa4, 0xab, 0xff, 0xff, 0xdc, 0xfa, 0xff, 0xff, 0x64, 0xac, 0xff, 0xff,
  0xfc, 0xfa, 0xff, 0xff, 0x24, 0xae, 0xff, 0xff, 0x1c, 0xfb, 0xff, 0xff,
  0x04, 0xaf, 0xff, 0xff, 0x3c, 0xfb, 0xff, 0xff, 0x74, 0xaf, 0xff, 0xff,
  0x58, 0xfb, 0xff, 0xff, 0x74, 0xb3, 0xff, 0xff, 0x78, 0xfb, 0xff, 0xff,
  0x44, 0xb5, 0xff, 0xff, 0x98, 0xfb, 0xff, 0xff, 0x74, 0xba, 0xff, 0xff,
  0xbc, 0xfb, 0xff, 0xff, 0xf4, 0xba, 0xff, 0xff, 0xdc, 0xfb, 0xff, 0xff,
  0x54, 0xbb, 0xff, 0xff, 0xfc, 0xfb, 0xff, 0xff, 0x24, 0xbd, 0xff, 0xff,
  0x1c, 0xfc, 0xff, 0xff, 0xa4, 0xbd, 0xff, 0xff, 0x3c, 0xfc, 0xff, 0xff,
  0xc4, 0xbd, 0xff, 0xff, 0x5c, 0xfc, 0xff, 0xff, 0x24, 0xbf, 0xff, 0xff,
  0x7c, 0xfc, 0xff, 0xff, 0x44, 0xbf, 0xff, 0xff, 0x9c, 0xfc, 0xff, 0xff,
  0x94, 0xc0, 0xff, 0xff, 0xbc, 0xfc, 0xff, 0xff, 0xd4, 0xc0, 0xff, 0xff,
  0xdc, 0xfc, 0xff, 0xff, 0xc4, 0xc1, 0xff, 0xff, 0xfc, 0xfc, 0xff, 0xff,
  0x74, 0xc2, 0xff, 0xff, 0x1c, 0xfd, 0xff, 0xff, 0xd4, 0xc2, 0xff, 0xff,
  0x3c, 0xfd, 0xff, 0xff, 0xf4, 0xc7, 0xff, 0xff, 0x5c, 0xfd, 0xff, 0xff,
  0x84, 0xc8, 0xff, 0xff, 0x7c, 0xfd, 0xff, 0xff, 0xd4, 0xc9, 0xff, 0xff,
  0x9c, 0xfd, 0xff, 0xff, 0x64, 0xca, 0xff, 0xff, 0xbc, 0xfd, 0xff, 0xff,
  0x74, 0xca, 0xff, 0xff, 0xdc, 0xfd, 0xff, 0xff, 0xd4, 0xca, 0xff, 0xff,
  0xfc, 0xfd, 0xff, 0xff, 0x34, 0xcc, 0xff, 0xff, 0x1c, 0xfe, 0xff, 0xff,
  0xa4, 0xcc, 0xff, 0xff, 0x3c, 0xfe, 0xff, 0xff, 0xc4, 0xcc, 0xff, 0xff,
  0x5c, 0xfe, 0xff, 0xff, 0xa4, 0xce, 0xff, 0xff, 0x7c, 0xfe, 0xff, 0xff,
  0x74, 0xcf, 0xff, 0xff, 0x9c, 0xfe, 0xff, 0xff, 0xa4, 0xcf, 0xff, 0xff,
  0xbc, 0xfe, 0xff, 0xff, 0x84, 0xd0, 0xff, 0xff, 0xdc, 0xfe, 0xff, 0xff,
  0xd4, 0xd0, 0xff, 0xff, 0xfc, 0xfe, 0xff, 0xff, 0x04, 0xd1, 0xff, 0xff,
  0x1c, 0xff, 0xff, 0xff, 0x54, 0xd1, 0xff, 0xff, 0x3c, 0xff, 0xff, 0xff,
  0x84, 0xd1, 0xff, 0xff, 0x5c, 0xff, 0xff, 0xff, 0x24, 0xd2, 0xff, 0xff,
  0x7c, 0xff, 0xff, 0xff, 0x74, 0xd2, 0xff, 0xff, 0x9c, 0xff, 0xff, 0xff,
  0x84, 0xd2, 0xff, 0xff, 0xbc, 0xff, 0xff, 0xff, 0x94, 0xd2, 0xff, 0xff,
  0xdc, 0xff, 0xff, 0xff, 0x00, 0x00, 0x00, 0x00, 0x00, 0x00, 0x00, 0x00,
  0x00, 0x00, 0x00, 0x00, 0x00, 0x00, 0x00, 0x00, 0x00, 0x00, 0x00, 0x00,
  0x00, 0x00, 0x00, 0x00, 0x00, 0x00, 0x00, 0x00, 0x00, 0x00, 0x00, 0x00,
  0x00, 0x00, 0x00, 0x00, 0x00, 0x00, 0x00, 0x00, 0x00, 0x00, 0x00, 0x00,
  0x00, 0x00, 0x00, 0x00, 0x00, 0x00, 0x00, 0x00, 0x00, 0x00, 0x00, 0x00,
  0x00, 0x00, 0x00, 0x00, 0x00, 0x00, 0x00, 0x00, 0x00, 0x00, 0x00, 0x00,
  0x00, 0x00, 0x00, 0x00, 0x00, 0x00, 0x00, 0x00, 0x00, 0x00, 0x00, 0x00,
  0x00, 0x00, 0x00, 0x00, 0x00, 0x00, 0x00, 0x00, 0x00, 0x00, 0x00, 0x00,
  0x00, 0x00, 0x00, 0x00, 0x00, 0x00, 0x00, 0x00, 0x00, 0x00, 0x00, 0x00,
  0x00, 0x00, 0x00, 0x00, 0x00, 0x00, 0x00, 0x00, 0x00, 0x00, 0x00, 0x00,
  0x00, 0x00, 0x00, 0x00, 0x00, 0x00, 0x00, 0x00, 0x00, 0x00, 0x00, 0x00,
  0x00, 0x00, 0x00, 0x00, 0x00, 0x00, 0x00, 0x00, 0x00, 0x00, 0x00, 0x00,
  0x00, 0x00, 0x00, 0x00, 0x00, 0x00, 0x00, 0x00, 0x00, 0x00, 0x00, 0x00,
  0x00, 0x00, 0x00, 0x00, 0x00, 0x00, 0x00, 0x00, 0x00, 0x00, 0x00, 0x00,
  0x00, 0x00, 0x00, 0x00, 0x00, 0x00, 0x00, 0x00, 0x00, 0x00, 0x00, 0x00,
  0x00, 0x00, 0x00, 0x00, 0x00, 0x00, 0x00, 0x00, 0x00, 0x00, 0x00, 0x00,
  0x00, 0x00, 0x00, 0x00, 0x00, 0x00, 0x00, 0x00, 0x00, 0x00, 0x00, 0x00,
  0x00, 0x00, 0x00, 0x00, 0x00, 0x00, 0x00, 0x00, 0x00, 0x00, 0x00, 0x00,
  0x00, 0x00, 0x00, 0x00, 0x00, 0x00, 0x00, 0x00, 0x00, 0x00, 0x00, 0x00,
  0x00, 0x00, 0x00, 0x00, 0x00, 0x00, 0x00, 0x00, 0x00, 0x00, 0x00, 0x00,
  0x00, 0x00, 0x00, 0x00, 0x00, 0x00, 0x00, 0x00, 0x00, 0x00, 0x00, 0x00,
  0x00, 0x00, 0x00, 0x00, 0x00, 0x00, 0x00, 0x00, 0x00, 0x00, 0x00, 0x00,
  0x00, 0x00, 0x00, 0x00, 0x00, 0x00, 0x00, 0x00, 0x00, 0x00, 0x00, 0x00,
  0x00, 0x00, 0x00, 0x00, 0x00, 0x00, 0x00, 0x00, 0x00, 0x00, 0x00, 0x00,
  0x00, 0x00, 0x00, 0x00, 0x00, 0x00, 0x00, 0x00, 0x00, 0x00, 0x00, 0x00,
  0x00, 0x00, 0x00, 0x00, 0x00, 0x00, 0x00, 0x00, 0x00, 0x00, 0x00, 0x00,
  0x00, 0x00, 0x00, 0x00, 0x00, 0x00, 0x00, 0x00, 0x00, 0x00, 0x00, 0x00,
  0x00, 0x00, 0x00, 0x00, 0x00, 0x00, 0x00, 0x00, 0x00, 0x00, 0x00, 0x00,
  0x00, 0x00, 0x00, 0x00, 0x00, 0x00, 0x00, 0x00, 0x00, 0x00, 0x00, 0x00,
  0x00, 0x00, 0x00, 0x00, 0x00, 0x00, 0x00, 0x00, 0x00, 0x00, 0x00, 0x00,
  0x00, 0x00, 0x00, 0x00, 0x00, 0x00, 0x00, 0x00, 0x00, 0x00, 0x00, 0x00,
  0x00, 0x00, 0x00, 0x00, 0x00, 0x00, 0x00, 0x00, 0x00, 0x00, 0x00, 0x00,
  0x00, 0x00, 0x00, 0x00, 0x00, 0x00, 0x00, 0x00, 0x00, 0x00, 0x00, 0x00,
  0x00, 0x00, 0x00, 0x00, 0x00, 0x00, 0x00, 0x00, 0x00, 0x00, 0x00, 0x00,
  0x00, 0x00, 0x00, 0x00, 0x00, 0x00, 0x00, 0x00, 0x00, 0x00, 0x00, 0x00,
  0x00, 0x00, 0x00, 0x00, 0x00, 0x00, 0x00, 0x00, 0x00, 0x00, 0x00, 0x00,
  0x00, 0x00, 0x00, 0x00, 0x00, 0x00, 0x00, 0x00, 0x00, 0x00, 0x00, 0x00,
  0x00, 0x00, 0x00, 0x00, 0x00, 0x00, 0x00, 0x00, 0x00, 0x00, 0x00, 0x00,
  0x00, 0x00, 0x00, 0x00, 0x00, 0x00, 0x00, 0x00, 0x00, 0x00, 0x00, 0x00,
  0x00, 0x00, 0x00, 0x00, 0x00, 0x00, 0x00, 0x00, 0x00, 0x00, 0x00, 0x00,
  0x00, 0x00, 0x00, 0x00, 0x00, 0x00, 0x00, 0x00, 0x00, 0x00, 0x00, 0x00,
  0x00, 0x00, 0x00, 0x00, 0x00, 0x00, 0x00, 0x00, 0x00, 0x00, 0x00, 0x00,
  0x00, 0x00, 0x00, 0x00, 0x00, 0x00, 0x00, 0x00, 0x00, 0x00, 0x00, 0x00,
  0x00, 0x00, 0x00, 0x00, 0x00, 0x00, 0x00, 0x00, 0x00, 0x00, 0x00, 0x00,
  0x00, 0x00, 0x00, 0x00, 0x00, 0x00, 0x00, 0x00, 0x00, 0x00, 0x00, 0x00,
  0x00, 0x00, 0x00, 0x00, 0x00, 0x00, 0x00, 0x00, 0x00, 0x00, 0x00, 0x00,
  0x00, 0x00, 0x00, 0x00, 0x00, 0x00, 0x00, 0x00, 0x00, 0x00, 0x00, 0x00,
  0x00, 0x00, 0x00, 0x00, 0x00, 0x00, 0x00, 0x00, 0x00, 0x00, 0x00, 0x00,
  0x00, 0x00, 0x00, 0x00, 0x00, 0x00, 0x00, 0x00, 0x00, 0x00, 0x00, 0x00,
  0x00, 0x00, 0x00, 0x00, 0x00, 0x00, 0x00, 0x00, 0x00, 0x00, 0x00, 0x00,
  0x00, 0x00, 0x00, 0x00, 0x00, 0x00, 0x00, 0x00, 0x00, 0x00, 0x00, 0x00,
  0x00, 0x00, 0x00, 0x00, 0x00, 0x00, 0x00, 0x00, 0x00, 0x00, 0x00, 0x00,
  0x00, 0x00, 0x00, 0x00, 0x00, 0x00, 0x00, 0x00, 0x00, 0x00, 0x00, 0x00,
  0x00, 0x00, 0x00, 0x00, 0x00, 0x00, 0x00, 0x00, 0x00, 0x00, 0x00, 0x00,
  0x00, 0x00, 0x00, 0x00, 0x00, 0x00, 0x00, 0x00, 0x00, 0x00, 0x00, 0x00,
  0x00, 0x00, 0x00, 0x00, 0x00, 0x00, 0x00, 0x00, 0x00, 0x00, 0x00, 0x00,
  0x00, 0x00, 0x00, 0x00, 0x00, 0x00, 0x00, 0x00, 0x00, 0x00, 0x00, 0x00,
  0x00, 0x00, 0x00, 0x00, 0x00, 0x00, 0x00, 0x00, 0x00, 0x00, 0x00, 0x00,
  0x00, 0x00, 0x00, 0x00, 0x00, 0x00, 0x00, 0x00, 0x00, 0x00, 0x00, 0x00,
  0x00, 0x00, 0x00, 0x00, 0x00, 0x00, 0x00, 0x00, 0x00, 0x00, 0x00, 0x00,
  0x00, 0x00, 0x00, 0x00, 0x00, 0x00, 0x00, 0x00, 0x00, 0x00, 0x00, 0x00,
  0x00, 0x00, 0x00, 0x00, 0x00, 0x00, 0x00, 0x00, 0x00, 0x00, 0x00, 0x00,
  0x00, 0x00, 0x00, 0x00, 0x00, 0x00, 0x00, 0x00, 0x00, 0x00, 0x00, 0x00,
  0x00, 0x00, 0x00, 0x00, 0x00, 0x00, 0x00, 0x00, 0x00, 0x00, 0x00, 0x00,
  0x00, 0x00, 0x00, 0x00, 0x00, 0x00, 0x00, 0x00, 0x00, 0x00, 0x00, 0x00,
  0x00, 0x00, 0x00, 0x00, 0x00, 0x00, 0x00, 0x00, 0x00, 0x00, 0x00, 0x00,
  0x00, 0x00, 0x00, 0x00, 0x00, 0x00, 0x00, 0x00, 0x00, 0x00, 0x00, 0x00,
  0x00, 0x00, 0x00, 0x00, 0x00, 0x00, 0x00, 0x00, 0x00, 0x00, 0x00, 0x00,
  0x00, 0x00, 0x00, 0x00, 0x00, 0x00, 0x00, 0x00, 0x00, 0x00, 0x00, 0x00,
  0x00, 0x00, 0x00, 0x00, 0x00, 0x00, 0x00, 0x00, 0x00, 0x00, 0x00, 0x00,
  0x00, 0x00, 0x00, 0x00, 0x00, 0x00, 0x00, 0x00, 0x00, 0x00, 0x00, 0x00,
  0x00, 0x00, 0x00, 0x00, 0x00, 0x00, 0x00, 0x00, 0x00, 0x00, 0x00, 0x00,
  0x00, 0x00, 0x00, 0x00, 0x00, 0x00, 0x00, 0x00, 0x00, 0x00, 0x00, 0x00,
  0x00, 0x00, 0x00, 0x00, 0x00, 0x00, 0x00, 0x00, 0x00, 0x00, 0x00, 0x00,
  0x00, 0x00, 0x00, 0x00, 0x00, 0x00, 0x00, 0x00, 0x00, 0x00, 0x00, 0x00,
  0x00, 0x00, 0x00, 0x00, 0x00, 0x00, 0x00, 0x00, 0x00, 0x00, 0x00, 0x00,
  0x00, 0x00, 0x00, 0x00, 0x00, 0x00, 0x00, 0x00, 0x00, 0x00, 0x00, 0x00,
  0x00, 0x00, 0x00, 0x00, 0x00, 0x00, 0x00, 0x00, 0x00, 0x00, 0x00, 0x00,
  0x00, 0x00, 0x00, 0x00, 0x00, 0x00, 0x00, 0x00, 0x00, 0x00, 0x00, 0x00,
  0x00, 0x00, 0x00, 0x00, 0x00, 0x00, 0x00, 0x00, 0x00, 0x00, 0x00, 0x00,
  0x00, 0x00, 0x00, 0x00, 0x00, 0x00, 0x00, 0x00, 0x00, 0x00, 0x00, 0x00,
  0x00, 0x00, 0x00, 0x00, 0x00, 0x00, 0x00, 0x00, 0x00, 0x00, 0x00, 0x00,
  0x00, 0x00, 0x00, 0x00, 0x00, 0x00, 0x00, 0x00, 0x00, 0x00, 0x00, 0x00,
  0x00, 0x00, 0x00, 0x00, 0x00, 0x00, 0x00, 0x00, 0x00, 0x00, 0x00, 0x00,
  0x00, 0x00, 0x00, 0x00, 0x00, 0x00, 0x00, 0x00, 0x00, 0x00, 0x00, 0x00,
  0x00, 0x00, 0x00, 0x00, 0x00, 0x00, 0x00, 0x00, 0x00, 0x00, 0x00, 0x00,
  0x00, 0x00, 0x00, 0x00, 0x00, 0x00, 0x00, 0x00, 0x00, 0x00, 0x00, 0x00,
  0x00, 0x00, 0x00, 0x00, 0x00, 0x00, 0x00, 0x00, 0x00, 0x00, 0x00, 0x00,
  0x00, 0x00, 0x00, 0x00, 0x00, 0x00, 0x00, 0x00, 0x00, 0x00, 0x00, 0x00,
  0x00, 0x00, 0x00, 0x00, 0x00, 0x00, 0x00, 0x00, 0x00, 0x00, 0x00, 0x00,
  0x00, 0x00, 0x00, 0x00, 0x00, 0x00, 0x00, 0x00, 0x00, 0x00, 0x00, 0x00,
  0x00, 0x00, 0x00, 0x00, 0x00, 0x00, 0x00, 0x00, 0x00, 0x00, 0x00, 0x00,
  0x00, 0x00, 0x00, 0x00, 0x00, 0x00, 0x00, 0x00, 0x00, 0x00, 0x00, 0x00,
  0x00, 0x00, 0x00, 0x00, 0x00, 0x00, 0x00, 0x00, 0x00, 0x00, 0x00, 0x00,
  0x00, 0x00, 0x00, 0x00, 0x00, 0x00, 0x00, 0x00, 0x00, 0x00, 0x00, 0x00,
  0x00, 0x00, 0x00, 0x00, 0x00, 0x00, 0x00, 0x00, 0x00, 0x00, 0x00, 0x00,
  0x00, 0x00, 0x00, 0x00, 0x00, 0x00, 0x00, 0x00, 0x00, 0x00, 0x00, 0x00,
  0x00, 0x00, 0x00, 0x00, 0x00, 0x00, 0x00, 0x00, 0x00, 0x00, 0x00, 0x00,
  0x00, 0x00, 0x00, 0x00, 0x00, 0x00, 0x00, 0x00, 0x00, 0x00, 0x00, 0x00,
  0x00, 0x00, 0x00, 0x00, 0x00, 0x00, 0x00, 0x00, 0x00, 0x00, 0x00, 0x00,
  0x00, 0x00, 0x00, 0x00, 0x00, 0x00, 0x00, 0x00, 0x00, 0x00, 0x00, 0x00,
  0x00, 0x00, 0x00, 0x00, 0x00, 0x00, 0x00, 0x00, 0x00, 0x00, 0x00, 0x00,
  0x00, 0x00, 0x00, 0x00, 0x00, 0x00, 0x00, 0x00, 0x00, 0x00, 0x00, 0x00,
  0x00, 0x00, 0x00, 0x00, 0x00, 0x00, 0x00, 0x00, 0x00, 0x00, 0x00, 0x00,
  0x00, 0x00, 0x00, 0x00, 0x00, 0x00, 0x00, 0x00, 0x00, 0x00, 0x00, 0x00,
  0x00, 0x00, 0x00, 0x00, 0x00, 0x00, 0x00, 0x00, 0x00, 0x00, 0x00, 0x00,
  0x00, 0x00, 0x00, 0x00, 0x00, 0x00, 0x00, 0x00, 0x00, 0x00, 0x00, 0x00,
  0x00, 0x00, 0x00, 0x00, 0x00, 0x00, 0x00, 0x00, 0x00, 0x00, 0x00, 0x00,
  0x00, 0x00, 0x00, 0x00, 0x00, 0x00, 0x00, 0x00, 0x00, 0x00, 0x00, 0x00,
  0x00, 0x00, 0x00, 0x00, 0x00, 0x00, 0x00, 0x00, 0x00, 0x00, 0x00, 0x00,
  0x00, 0x00, 0x00, 0x00, 0x00, 0x00, 0x00, 0x00, 0x00, 0x00, 0x00, 0x00,
  0x00, 0x00, 0x00, 0x00, 0x00, 0x00, 0x00, 0x00, 0x00, 0x00, 0x00, 0x00,
  0x00, 0x00, 0x00, 0x00, 0x00, 0x00, 0x00, 0x00, 0x00, 0x00, 0x00, 0x00,
  0x00, 0x00, 0x00, 0x00, 0x00, 0x00, 0x00, 0x00, 0x00, 0x00, 0x00, 0x00,
  0x00, 0x00, 0x00, 0x00, 0x00, 0x00, 0x00, 0x00, 0x00, 0x00, 0x00, 0x00,
  0x00, 0x00, 0x00, 0x00, 0x00, 0x00, 0x00, 0x00, 0x00, 0x00, 0x00, 0x00,
  0x00, 0x00, 0x00, 0x00, 0x00, 0x00, 0x00, 0x00, 0x00, 0x00, 0x00, 0x00,
  0x00, 0x00, 0x00, 0x00, 0x00, 0x00, 0x00, 0x00, 0x00, 0x00, 0x00, 0x00,
  0x00, 0x00, 0x00, 0x00, 0x00, 0x00, 0x00, 0x00, 0x00, 0x00, 0x00, 0x00,
  0x00, 0x00, 0x00, 0x00, 0x00, 0x00, 0x00, 0x00, 0x00, 0x00, 0x00, 0x00,
  0x00, 0x00, 0x00, 0x00, 0x00, 0x00, 0x00, 0x00, 0x00, 0x00, 0x00, 0x00,
  0x00, 0x00, 0x00, 0x00, 0x00, 0x00, 0x00, 0x00, 0x00, 0x00, 0x00, 0x00,
  0x00, 0x00, 0x00, 0x00, 0x00, 0x00, 0x00, 0x00, 0x00, 0x00, 0x00, 0x00,
  0x00, 0x00, 0x00, 0x00, 0x00, 0x00, 0x00, 0x00, 0x00, 0x00, 0x00, 0x00,
  0x00, 0x00, 0x00, 0x00, 0x00, 0x00, 0x00, 0x00, 0x00, 0x00, 0x00, 0x00,
  0x00, 0x00, 0x00, 0x00, 0x00, 0x00, 0x00, 0x00, 0x00, 0x00, 0x00, 0x00,
  0x00, 0x00, 0x00, 0x00, 0x00, 0x00, 0x00, 0x00, 0x00, 0x00, 0x00, 0x00,
  0x00, 0x00, 0x00, 0x00, 0x00, 0x00, 0x00, 0x00, 0x00, 0x00, 0x00, 0x00,
  0x00, 0x00, 0x00, 0x00, 0x00, 0x00, 0x00, 0x00, 0x00, 0x00, 0x00, 0x00,
  0x00, 0x00, 0x00, 0x00, 0x00, 0x00, 0x00, 0x00, 0x00, 0x00, 0x00, 0x00,
  0x00, 0x00, 0x00, 0x00, 0x00, 0x00, 0x00, 0x00, 0x00, 0x00, 0x00, 0x00,
  0x00, 0x00, 0x00, 0x00, 0x00, 0x00, 0x00, 0x00, 0x00, 0x00, 0x00, 0x00,
  0x00, 0x00, 0x00, 0x00, 0x01, 0x00, 0x00, 0x00, 0x00, 0x00, 0x00, 0x00,
  0x15, 0x02, 0x00, 0x00, 0x00, 0x00, 0x00, 0x00, 0x01, 0x00, 0x00, 0x00,
  0x00, 0x00, 0x00, 0x00, 0x2b, 0x02, 0x00, 0x00, 0x00, 0x00, 0x00, 0x00,
  0xfb, 0xff, 0xff, 0x6f, 0x00, 0x00, 0x00, 0x00, 0x00, 0x00, 0x00, 0x08,
  0x00, 0x00, 0x00, 0x00, 0x15, 0x00, 0x00, 0x00, 0x00, 0x00, 0x00, 0x00,
  0x00, 0x00, 0x00, 0x00, 0x00, 0x00, 0x00, 0x00, 0x07, 0x00, 0x00, 0x00,
  0x00, 0x00, 0x00, 0x00, 0x20, 0x59, 0x00, 0x00, 0x00, 0x00, 0x00, 0x00,
  0x08, 0x00, 0x00, 0x00, 0x00, 0x00, 0x00, 0x00, 0x60, 0x06, 0x00, 0x00,
  0x00, 0x00, 0x00, 0x00, 0x09, 0x00, 0x00, 0x00, 0x00, 0x00, 0x00, 0x00,
  0x18, 0x00, 0x00, 0x00, 0x00, 0x00, 0x00, 0x00, 0xf9, 0xff, 0xff, 0x6f,
  0x00, 0x00, 0x00, 0x00, 0x44, 0x00, 0x00, 0x00, 0x00, 0x00, 0x00, 0x00,
  0x17, 0x00, 0x00, 0x00, 0x00, 0x00, 0x00, 0x00, 0x80, 0x5f, 0x00, 0x00,
  0x00, 0x00, 0x00, 0x00, 0x02, 0x00, 0x00, 0x00, 0x00, 0x00, 0x00, 0x00,
  0x30, 0x06, 0x00, 0x00, 0x00, 0x00, 0x00, 0x00, 0x03, 0x00, 0x00, 0x00,
  0x00, 0x00, 0x00, 0x00, 0x00, 0xc0, 0x00, 0x00, 0x00, 0x00, 0x00, 0x00,
  0x14, 0x00, 0x00, 0x00, 0x00, 0x00, 0x00, 0x00, 0x07, 0x00, 0x00, 0x00,
  0x00, 0x00, 0x00, 0x00, 0x06, 0x00, 0x00, 0x00, 0x00, 0x00, 0x00, 0x00,
  0x60, 0x4e, 0x00, 0x00, 0x00, 0x00, 0x00, 0x00, 0x0b, 0x00, 0x00, 0x00,
  0x00, 0x00, 0x00, 0x00, 0x18, 0x00, 0x00, 0x00, 0x00, 0x00, 0x00, 0x00,
  0x05, 0x00, 0x00, 0x00, 0x00, 0x00, 0x00, 0x00, 0xe4, 0x56, 0x00, 0x00,
  0x00, 0x00, 0x00, 0x00, 0x0a, 0x00, 0x00, 0x00, 0x00, 0x00, 0x00, 0x00,
  0x38, 0x02, 0x00, 0x00, 0x00, 0x00, 0x00, 0x00, 0xf5, 0xfe, 0xff, 0x6f,
  0x00, 0x00, 0x00, 0x00, 0xa8, 0x54, 0x00, 0x00, 0x00, 0x00, 0x00, 0x00,
  0x04, 0x00, 0x00, 0x00, 0x00, 0x00, 0x00, 0x00, 0xc4, 0x54, 0x00, 0x00,
  0x00, 0x00, 0x00, 0x00, 0x19, 0x00, 0x00, 0x00, 0x00, 0x00, 0x00, 0x00,
  0x00, 0x00, 0x00, 0x00, 0x00, 0x00, 0x00, 0x00, 0x1b, 0x00, 0x00, 0x00,
  0x00, 0x00, 0x00, 0x00, 0x00, 0x00, 0x00, 0x00, 0x00, 0x00, 0x00, 0x00,
  0x0c, 0x00, 0x00, 0x00, 0x00, 0x00, 0x00, 0x00, 0x10, 0x4a, 0x00, 0x00,
  0x00, 0x00, 0x00, 0x00, 0x0d, 0x00, 0x00, 0x00, 0x00, 0x00, 0x00, 0x00,
  0x20, 0x4a, 0x00, 0x00, 0x00, 0x00, 0x00, 0x00, 0x00, 0x00, 0x00, 0x00,
  0x00, 0x00, 0x00, 0x00, 0x00, 0x00, 0x00, 0x00, 0x00, 0x00, 0x00, 0x00,
  0x00, 0x00, 0x00, 0x00, 0x00, 0x00, 0x00, 0x00, 0x00, 0x00, 0x00, 0x00,
  0x00, 0x00, 0x00, 0x00, 0x00, 0x00, 0x00, 0x00, 0x00, 0x00, 0x00, 0x00,
  0x00, 0x00, 0x00, 0x00, 0x00, 0x00, 0x00, 0x00, 0x00, 0x00, 0x00, 0x00,
  0x00, 0x00, 0x00, 0x00, 0x00, 0x00, 0x00, 0x00, 0x00, 0x00, 0x00, 0x00,
  0x00, 0x00, 0x00, 0x00, 0x00, 0x00, 0x00, 0x00, 0x00, 0x00, 0x00, 0x00,
  0x00, 0x00, 0x00, 0x00, 0x00, 0x00, 0x00, 0x00, 0x00, 0x00, 0x00, 0x00,
  0x00, 0x00, 0x00, 0x00, 0x00, 0x00, 0x00, 0x00, 0x00, 0x00, 0x00, 0x00,
  0x00, 0x00, 0x00, 0x00, 0x00, 0x00, 0x00, 0x00, 0x00, 0x00, 0x00, 0x00,
  0x00, 0x00, 0x00, 0x00, 0x00, 0x00, 0x00, 0x00, 0x00, 0x00, 0x00, 0x00,
  0x00, 0x00, 0x00, 0x00, 0x00, 0x00, 0x00, 0x00, 0x00, 0x00, 0x00, 0x00,
  0x00, 0x00, 0x00, 0x00, 0x00, 0x00, 0x00, 0x00, 0x00, 0x00, 0x00, 0x00,
  0x00, 0x00, 0x00, 0x00, 0x00, 0x00, 0x00, 0x00, 0x00, 0x00, 0x00, 0x00,
  0x00, 0x00, 0x00, 0x00, 0x00, 0x00, 0x00, 0x00, 0x00, 0x00, 0x00, 0x00,
  0x00, 0x00, 0x00, 0x00, 0x00, 0x00, 0x00, 0x00, 0x00, 0x00, 0x00, 0x00,
  0x00, 0x00, 0x00, 0x00, 0x00, 0x00, 0x00, 0x00, 0x00, 0x00, 0x00, 0x00,
  0x00, 0x00, 0x00, 0x00, 0x00, 0x00, 0x00, 0x00, 0x00, 0x00, 0x00, 0x00,
  0x00, 0x00, 0x00, 0x00, 0x00, 0x00, 0x00, 0x00, 0x00, 0x00, 0x00, 0x00,
  0x00, 0x00, 0x00, 0x00, 0x00, 0x00, 0x00, 0x00, 0x00, 0x00, 0x00, 0x00,
  0x00, 0x00, 0x00, 0x00, 0x00, 0x00, 0x00, 0x00, 0x00, 0x00, 0x00, 0x00,
  0x00, 0x00, 0x00, 0x00, 0x00, 0x00, 0x00, 0x00, 0x00, 0x00, 0x00, 0x00,
  0x00, 0x00, 0x00, 0x00, 0x00, 0x00, 0x00, 0x00, 0x00, 0x00, 0x00, 0x00,
  0x00, 0x00, 0x00, 0x00, 0x00, 0x00, 0x00, 0x00, 0x00, 0x00, 0x00, 0x00,
  0x00, 0x00, 0x00, 0x00, 0x00, 0x00, 0x00, 0x00, 0x00, 0x00, 0x00, 0x00,
  0x00, 0x00, 0x00, 0x00, 0x00, 0x00, 0x00, 0x00, 0x00, 0x00, 0x00, 0x00,
  0x00, 0x00, 0x00, 0x00, 0x00, 0x00, 0x00, 0x00, 0x00, 0x00, 0x00, 0x00,
  0x00, 0x00, 0x00, 0x00, 0x00, 0x00, 0x00, 0x00, 0x00, 0x00, 0x00, 0x00,
  0x00, 0x00, 0x00, 0x00, 0x00, 0x00, 0x00, 0x00, 0x00, 0x00, 0x00, 0x00,
  0x00, 0x00, 0x00, 0x00, 0x00, 0x00, 0x00, 0x00, 0x00, 0x00, 0x00, 0x00,
  0x00, 0x00, 0x00, 0x00, 0x00, 0x00, 0x00, 0x00, 0x00, 0x00, 0x00, 0x00,
  0x00, 0x00, 0x00, 0x00, 0x00, 0x00, 0x00, 0x00, 0x00, 0x00, 0x00, 0x00,
  0x00, 0x00, 0x00, 0x00, 0x00, 0x00, 0x00, 0x00, 0x00, 0x00, 0x00, 0x00,
  0x00, 0x00, 0x00, 0x00, 0x00, 0x00, 0x00, 0x00, 0x00, 0x00, 0x00, 0x00,
  0x00, 0x00, 0x00, 0x00, 0x00, 0x00, 0x00, 0x00, 0x00, 0x00, 0x00, 0x00,
  0x00, 0x00, 0x00, 0x00, 0x00, 0x00, 0x00, 0x00, 0x00, 0x00, 0x00, 0x00,
  0x00, 0x00, 0x00, 0x00, 0x00, 0x00, 0x00, 0x00, 0x00, 0x00, 0x00, 0x00,
  0x00, 0x00, 0x00, 0x00, 0x00, 0x00, 0x00, 0x00, 0x00, 0x00, 0x00, 0x00,
  0x00, 0x00, 0x00, 0x00, 0x00, 0x00, 0x00, 0x00, 0x00, 0x00, 0x00, 0x00,
  0x00, 0x00, 0x00, 0x00, 0x00, 0x00, 0x00, 0x00, 0x00, 0x00, 0x00, 0x00,
  0x00, 0x00, 0x00, 0x00, 0x00, 0x00, 0x00, 0x00, 0x00, 0x00, 0x00, 0x00,
  0x00, 0x00, 0x00, 0x00, 0x00, 0x00, 0x00, 0x00, 0x00, 0x00, 0x00, 0x00,
  0x00, 0x00, 0x00, 0x00, 0x00, 0x00, 0x00, 0x00, 0x00, 0x00, 0x00, 0x00,
  0x00, 0x00, 0x00, 0x00, 0x00, 0x00, 0x00, 0x00, 0x00, 0x00, 0x00, 0x00,
  0x00, 0x00, 0x00, 0x00, 0x00, 0x00, 0x00, 0x00, 0x00, 0x00, 0x00, 0x00,
  0x00, 0x00, 0x00, 0x00, 0x00, 0x00, 0x00, 0x00, 0x00, 0x00, 0x00, 0x00,
  0x00, 0x00, 0x00, 0x00, 0x00, 0x00, 0x00, 0x00, 0x00, 0x00, 0x00, 0x00,
  0x00, 0x00, 0x00, 0x00, 0x00, 0x00, 0x00, 0x00, 0x00, 0x00, 0x00, 0x00,
  0x00, 0x00, 0x00, 0x00, 0x00, 0x00, 0x00, 0x00, 0x00, 0x00, 0x00, 0x00,
  0x00, 0x00, 0x00, 0x00, 0x00, 0x00, 0x00, 0x00, 0x00, 0x00, 0x00, 0x00,
  0x00, 0x00, 0x00, 0x00, 0x00, 0x00, 0x00, 0x00, 0x00, 0x00, 0x00, 0x00,
  0x00, 0x00, 0x00, 0x00, 0x00, 0x00, 0x00, 0x00, 0x00, 0x00, 0x00, 0x00,
  0x00, 0x00, 0x00, 0x00, 0x00, 0x00, 0x00, 0x00, 0x00, 0x00, 0x00, 0x00,
  0x00, 0x00, 0x00, 0x00, 0x00, 0x00, 0x00, 0x00, 0x00, 0x00, 0x00, 0x00,
  0x00, 0x00, 0x00, 0x00, 0x00, 0x00, 0x00, 0x00, 0x00, 0x00, 0x00, 0x00,
  0x00, 0x00, 0x00, 0x00, 0x00, 0x00, 0x00, 0x00, 0x00, 0x00, 0x00, 0x00,
  0x00, 0x00, 0x00, 0x00, 0x00, 0x00, 0x00, 0x00, 0x00, 0x00, 0x00, 0x00,
  0x00, 0x00, 0x00, 0x00, 0x00, 0x00, 0x00, 0x00, 0x00, 0x00, 0x00, 0x00,
  0x00, 0x00, 0x00, 0x00, 0x00, 0x00, 0x00, 0x00, 0x00, 0x00, 0x00, 0x00,
  0x00, 0x00, 0x00, 0x00, 0x00, 0x00, 0x00, 0x00, 0x00, 0x00, 0x00, 0x00,
  0x00, 0x00, 0x00, 0x00, 0x00, 0x00, 0x00, 0x00, 0x00, 0x00, 0x00, 0x00,
  0x00, 0x00, 0x00, 0x00, 0x00, 0x00, 0x00, 0x00, 0x00, 0x00, 0x00, 0x00,
  0x00, 0x00, 0x00, 0x00, 0x00, 0x00, 0x00, 0x00, 0x00, 0x00, 0x00, 0x00,
  0x00, 0x00, 0x00, 0x00, 0x00, 0x00, 0x00, 0x00, 0x00, 0x00, 0x00, 0x00,
  0x00, 0x00, 0x00, 0x00, 0x00, 0x00, 0x00, 0x00, 0x00, 0x00, 0x00, 0x00,
  0x00, 0x00, 0x00, 0x00, 0x00, 0x00, 0x00, 0x00, 0x00, 0x00, 0x00, 0x00,
  0x00, 0x00, 0x00, 0x00, 0x00, 0x00, 0x00, 0x00, 0x00, 0x00, 0x00, 0x00,
  0x00, 0x00, 0x00, 0x00, 0x00, 0x00, 0x00, 0x00, 0x00, 0x00, 0x00, 0x00,
  0x00, 0x00, 0x00, 0x00, 0x00, 0x00, 0x00, 0x00, 0x00, 0x00, 0x00, 0x00,
  0x00, 0x00, 0x00, 0x00, 0x00, 0x00, 0x00, 0x00, 0x00, 0x00, 0x00, 0x00,
  0x00, 0x00, 0x00, 0x00, 0x00, 0x00, 0x00, 0x00, 0x00, 0x00, 0x00, 0x00,
  0x00, 0x00, 0x00, 0x00, 0x00, 0x00, 0x00, 0x00, 0x00, 0x00, 0x00, 0x00,
  0x00, 0x00, 0x00, 0x00, 0x00, 0x00, 0x00, 0x00, 0x00, 0x00, 0x00, 0x00,
  0x00, 0x00, 0x00, 0x00, 0x00, 0x00, 0x00, 0x00, 0x00, 0x00, 0x00, 0x00,
  0x00, 0x00, 0x00, 0x00, 0x00, 0x00, 0x00, 0x00, 0x00, 0x00, 0x00, 0x00,
  0x00, 0x00, 0x00, 0x00, 0x00, 0x00, 0x00, 0x00, 0x00, 0x00, 0x00, 0x00,
  0x00, 0x00, 0x00, 0x00, 0x00, 0x00, 0x00, 0x00, 0x00, 0x00, 0x00, 0x00,
  0x00, 0x00, 0x00, 0x00, 0x00, 0x00, 0x00, 0x00, 0x00, 0x00, 0x00, 0x00,
  0x00, 0x00, 0x00, 0x00, 0x00, 0x00, 0x00, 0x00, 0x00, 0x00, 0x00, 0x00,
  0x00, 0x00, 0x00, 0x00, 0x00, 0x00, 0x00, 0x00, 0x00, 0x00, 0x00, 0x00,
  0x00, 0x00, 0x00, 0x00, 0x00, 0x00, 0x00, 0x00, 0x00, 0x00, 0x00, 0x00,
  0x00, 0x00, 0x00, 0x00, 0x00, 0x00, 0x00, 0x00, 0x00, 0x00, 0x00, 0x00,
  0x00, 0x00, 0x00, 0x00, 0x00, 0x00, 0x00, 0x00, 0x00, 0x00, 0x00, 0x00,
  0x00, 0x00, 0x00, 0x00, 0x00, 0x00, 0x00, 0x00, 0x00, 0x00, 0x00, 0x00,
  0x00, 0x00, 0x00, 0x00, 0x00, 0x00, 0x00, 0x00, 0x00, 0x00, 0x00, 0x00,
  0x00, 0x00, 0x00, 0x00, 0x00, 0x00, 0x00, 0x00, 0x00, 0x00, 0x00, 0x00,
  0x00, 0x00, 0x00, 0x00, 0x00, 0x00, 0x00, 0x00, 0x00, 0x00, 0x00, 0x00,
  0x00, 0x00, 0x00, 0x00, 0x00, 0x00, 0x00, 0x00, 0x00, 0x00, 0x00, 0x00,
  0x00, 0x00, 0x00, 0x00, 0x00, 0x00, 0x00, 0x00, 0x00, 0x00, 0x00, 0x00,
  0x00, 0x00, 0x00, 0x00, 0x00, 0x00, 0x00, 0x00, 0x00, 0x00, 0x00, 0x00,
  0x00, 0x00, 0x00, 0x00, 0x00, 0x00, 0x00, 0x00, 0x00, 0x00, 0x00, 0x00,
  0x00, 0x00, 0x00, 0x00, 0x00, 0x00, 0x00, 0x00, 0x00, 0x00, 0x00, 0x00,
  0x00, 0x00, 0x00, 0x00, 0x00, 0x00, 0x00, 0x00, 0x00, 0x00, 0x00, 0x00,
  0x00, 0x00, 0x00, 0x00, 0x00, 0x00, 0x00, 0x00, 0x00, 0x00, 0x00, 0x00,
  0x00, 0x00, 0x00, 0x00, 0x00, 0x00, 0x00, 0x00, 0x00, 0x00, 0x00, 0x00,
  0x00, 0x00, 0x00, 0x00, 0x00, 0x00, 0x00, 0x00, 0x00, 0x00, 0x00, 0x00,
  0x00, 0x00, 0x00, 0x00, 0x00, 0x00, 0x00, 0x00, 0x00, 0x00, 0x00, 0x00,
  0x00, 0x00, 0x00, 0x00, 0x00, 0x00, 0x00, 0x00, 0x00, 0x00, 0x00, 0x00,
  0x00, 0x00, 0x00, 0x00, 0x00, 0x00, 0x00, 0x00, 0x00, 0x00, 0x00, 0x00,
  0x00, 0x00, 0x00, 0x00, 0x00, 0x00, 0x00, 0x00, 0x00, 0x00, 0x00, 0x00,
  0x00, 0x00, 0x00, 0x00, 0x00, 0x00, 0x00, 0x00, 0x00, 0x00, 0x00, 0x00,
  0x00, 0x00, 0x00, 0x00, 0x00, 0x00, 0x00, 0x00, 0x00, 0x00, 0x00, 0x00,
  0x00, 0x00, 0x00, 0x00, 0x00, 0x00, 0x00, 0x00, 0x00, 0x00, 0x00, 0x00,
  0x00, 0x00, 0x00, 0x00, 0x00, 0x00, 0x00, 0x00, 0x00, 0x00, 0x00, 0x00,
  0x00, 0x00, 0x00, 0x00, 0x00, 0x00, 0x00, 0x00, 0x00, 0x00, 0x00, 0x00,
  0x00, 0x00, 0x00, 0x00, 0x00, 0x00, 0x00, 0x00, 0x00, 0x00, 0x00, 0x00,
  0x00, 0x00, 0x00, 0x00, 0x00, 0x00, 0x00, 0x00, 0x00, 0x00, 0x00, 0x00,
  0x00, 0x00, 0x00, 0x00, 0x00, 0x00, 0x00, 0x00, 0x00, 0x00, 0x00, 0x00,
  0x00, 0x00, 0x00, 0x00, 0x00, 0x00, 0x00, 0x00, 0x00, 0x00, 0x00, 0x00,
  0x00, 0x00, 0x00, 0x00, 0x00, 0x00, 0x00, 0x00, 0x00, 0x00, 0x00, 0x00,
  0x00, 0x00, 0x00, 0x00, 0x00, 0x00, 0x00, 0x00, 0x00, 0x00, 0x00, 0x00,
  0x00, 0x00, 0x00, 0x00, 0x00, 0x00, 0x00, 0x00, 0x00, 0x00, 0x00, 0x00,
  0x00, 0x00, 0x00, 0x00, 0x00, 0x00, 0x00, 0x00, 0x00, 0x00, 0x00, 0x00,
  0x00, 0x00, 0x00, 0x00, 0x00, 0x00, 0x00, 0x00, 0x00, 0x00, 0x00, 0x00,
  0x00, 0x00, 0x00, 0x00, 0x00, 0x00, 0x00, 0x00, 0x00, 0x00, 0x00, 0x00,
  0x00, 0x00, 0x00, 0x00, 0x00, 0x00, 0x00, 0x00, 0x00, 0x00, 0x00, 0x00,
  0x00, 0x00, 0x00, 0x00, 0x00, 0x00, 0x00, 0x00, 0x00, 0x00, 0x00, 0x00,
  0x00, 0x00, 0x00, 0x00, 0x00, 0x00, 0x00, 0x00, 0x00, 0x00, 0x00, 0x00,
  0x00, 0x00, 0x00, 0x00, 0x00, 0x00, 0x00, 0x00, 0x00, 0x00, 0x00, 0x00,
  0x00, 0x00, 0x00, 0x00, 0x00, 0x00, 0x00, 0x00, 0x00, 0x00, 0x00, 0x00,
  0x00, 0x00, 0x00, 0x00, 0x00, 0x00, 0x00, 0x00, 0x00, 0x00, 0x00, 0x00,
  0x00, 0x00, 0x00, 0x00, 0x00, 0x00, 0x00, 0x00, 0x00, 0x00, 0x00, 0x00,
  0x00, 0x00, 0x00, 0x00, 0x00, 0x00, 0x00, 0x00, 0x00, 0x00, 0x00, 0x00,
  0x00, 0x00, 0x00, 0x00, 0x00, 0x00, 0x00, 0x00, 0x00, 0x00, 0x00, 0x00,
  0x00, 0x00, 0x00, 0x00, 0x00, 0x00, 0x00, 0x00, 0x00, 0x00, 0x00, 0x00,
  0x00, 0x00, 0x00, 0x00, 0x00, 0x00, 0x00, 0x00, 0x00, 0x00, 0x00, 0x00,
  0x00, 0x00, 0x00, 0x00, 0x00, 0x00, 0x00, 0x00, 0x00, 0x00, 0x00, 0x00,
  0x00, 0x00, 0x00, 0x00, 0x00, 0x00, 0x00, 0x00, 0x00, 0x00, 0x00, 0x00,
  0x00, 0x00, 0x00, 0x00, 0x00, 0x00, 0x00, 0x00, 0x00, 0x00, 0x00, 0x00,
  0x00, 0x00, 0x00, 0x00, 0x00, 0x00, 0x00, 0x00, 0x00, 0x00, 0x00, 0x00,
  0x00, 0x00, 0x00, 0x00, 0x00, 0x00, 0x00, 0x00, 0x00, 0x00, 0x00, 0x00,
  0x00, 0x00, 0x00, 0x00, 0x00, 0x00, 0x00, 0x00, 0x00, 0x00, 0x00, 0x00,
  0x00, 0x00, 0x00, 0x00, 0x00, 0x00, 0x00, 0x00, 0x00, 0x00, 0x00, 0x00,
  0x00, 0x00, 0x00, 0x00, 0x00, 0x00, 0x00, 0x00, 0x00, 0x00, 0x00, 0x00,
  0x00, 0x00, 0x00, 0x00, 0x00, 0x00, 0x00, 0x00, 0x00, 0x00, 0x00, 0x00,
  0x00, 0x00, 0x00, 0x00, 0x00, 0x00, 0x00, 0x00, 0x00, 0x00, 0x00, 0x00,
  0x00, 0x00, 0x00, 0x00, 0x00, 0x00, 0x00, 0x00, 0x00, 0x00, 0x00, 0x00,
  0x00, 0x00, 0x00, 0x00, 0x00, 0x00, 0x00, 0x00, 0x00, 0x00, 0x00, 0x00,
  0x00, 0x00, 0x00, 0x00, 0x00, 0x00, 0x00, 0x00, 0x00, 0x00, 0x00, 0x00,
  0x00, 0x00, 0x00, 0x00, 0x00, 0x00, 0x00, 0x00, 0x00, 0x00, 0x00, 0x00,
  0x00, 0x00, 0x00, 0x00, 0x00, 0x00, 0x00, 0x00, 0x00, 0x00, 0x00, 0x00,
  0x00, 0x00, 0x00, 0x00, 0x00, 0x00, 0x00, 0x00, 0x00, 0x00, 0x00, 0x00,
  0x00, 0x00, 0x00, 0x00, 0x00, 0x00, 0x00, 0x00, 0x00, 0x00, 0x00, 0x00,
  0x00, 0x00, 0x00, 0x00, 0x00, 0x00, 0x00, 0x00, 0x00, 0x00, 0x00, 0x00,
  0x00, 0x00, 0x00, 0x00, 0x00, 0x00, 0x00, 0x00, 0x00, 0x00, 0x00, 0x00,
  0x00, 0x00, 0x00, 0x00, 0x00, 0x00, 0x00, 0x00, 0x00, 0x00, 0x00, 0x00,
  0x00, 0x00, 0x00, 0x00, 0x00, 0x00, 0x00, 0x00, 0x00, 0x00, 0x00, 0x00,
  0x00, 0x00, 0x00, 0x00, 0x00, 0x00, 0x00, 0x00, 0x00, 0x00, 0x00, 0x00,
  0x00, 0x00, 0x00, 0x00, 0x00, 0x00, 0x00, 0x00, 0x00, 0x00, 0x00, 0x00,
  0x00, 0x00, 0x00, 0x00, 0x00, 0x00, 0x00, 0x00, 0x00, 0x00, 0x00, 0x00,
  0x00, 0x00, 0x00, 0x00, 0x00, 0x00, 0x00, 0x00, 0x00, 0x00, 0x00, 0x00,
  0x00, 0x00, 0x00, 0x00, 0x00, 0x00, 0x00, 0x00, 0x00, 0x00, 0x00, 0x00,
  0x00, 0x00, 0x00, 0x00, 0x00, 0x00, 0x00, 0x00, 0x00, 0x00, 0x00, 0x00,
  0x00, 0x00, 0x00, 0x00, 0x00, 0x00, 0x00, 0x00, 0x00, 0x00, 0x00, 0x00,
  0x00, 0x00, 0x00, 0x00, 0x00, 0x00, 0x00, 0x00, 0x00, 0x00, 0x00, 0x00,
  0x00, 0x00, 0x00, 0x00, 0x00, 0x00, 0x00, 0x00, 0x00, 0x00, 0x00, 0x00,
  0x00, 0x00, 0x00, 0x00, 0x00, 0x00, 0x00, 0x00, 0x00, 0x00, 0x00, 0x00,
  0x00, 0x00, 0x00, 0x00, 0x00, 0x00, 0x00, 0x00, 0x00, 0x00, 0x00, 0x00,
  0x00, 0x00, 0x00, 0x00, 0x00, 0x00, 0x00, 0x00, 0x00, 0x00, 0x00, 0x00,
  0x00, 0x00, 0x00, 0x00, 0x00, 0x00, 0x00, 0x00, 0x00, 0x00, 0x00, 0x00,
  0x00, 0x00, 0x00, 0x00, 0x00, 0x00, 0x00, 0x00, 0x00, 0x00, 0x00, 0x00,
  0x00, 0x00, 0x00, 0x00, 0x00, 0x00, 0x00, 0x00, 0x00, 0x00, 0x00, 0x00,
  0x00, 0x00, 0x00, 0x00, 0x00, 0x00, 0x00, 0x00, 0x00, 0x00, 0x00, 0x00,
  0x00, 0x00, 0x00, 0x00, 0x00, 0x00, 0x00, 0x00, 0x00, 0x00, 0x00, 0x00,
  0x00, 0x00, 0x00, 0x00, 0x00, 0x00, 0x00, 0x00, 0x00, 0x00, 0x00, 0x00,
  0x00, 0x00, 0x00, 0x00, 0x00, 0x00, 0x00, 0x00, 0x00, 0x00, 0x00, 0x00,
  0x00, 0x00, 0x00, 0x00, 0x00, 0x00, 0x00, 0x00, 0x00, 0x00, 0x00, 0x00,
  0x00, 0x00, 0x00, 0x00, 0x00, 0x00, 0x00, 0x00, 0x00, 0x00, 0x00, 0x00,
  0x00, 0x00, 0x00, 0x00, 0x00, 0x00, 0x00, 0x00, 0x00, 0x00, 0x00, 0x00,
  0x00, 0x00, 0x00, 0x00, 0x00, 0x00, 0x00, 0x00, 0x00, 0x00, 0x00, 0x00,
  0x00, 0x00, 0x00, 0x00, 0x00, 0x00, 0x00, 0x00, 0x00, 0x00, 0x00, 0x00,
  0x00, 0x00, 0x00, 0x00, 0x00, 0x00, 0x00, 0x00, 0x00, 0x00, 0x00, 0x00,
  0x00, 0x00, 0x00, 0x00, 0x00, 0x00, 0x00, 0x00, 0x00, 0x00, 0x00, 0x00,
  0x00, 0x00, 0x00, 0x00, 0x00, 0x00, 0x00, 0x00, 0x00, 0x00, 0x00, 0x00,
  0x00, 0x00, 0x00, 0x00, 0x00, 0x00, 0x00, 0x00, 0x00, 0x00, 0x00, 0x00,
  0x00, 0x00, 0x00, 0x00, 0x00, 0x00, 0x00, 0x00, 0x00, 0x00, 0x00, 0x00,
  0x00, 0x00, 0x00, 0x00, 0x00, 0x00, 0x00, 0x00, 0x00, 0x00, 0x00, 0x00,
  0x00, 0x00, 0x00, 0x00, 0x00, 0x00, 0x00, 0x00, 0x00, 0x00, 0x00, 0x00,
  0x00, 0x00, 0x00, 0x00, 0x00, 0x00, 0x00, 0x00, 0x00, 0x00, 0x00, 0x00,
  0x00, 0x00, 0x00, 0x00, 0x00, 0x00, 0x00, 0x00, 0x00, 0x00, 0x00, 0x00,
  0x00, 0x00, 0x00, 0x00, 0x00, 0x00, 0x00, 0x00, 0x00, 0x00, 0x00, 0x00,
  0x00, 0x00, 0x00, 0x00, 0x00, 0x00, 0x00, 0x00, 0x00, 0x00, 0x00, 0x00,
  0x00, 0x00, 0x00, 0x00, 0x00, 0x00, 0x00, 0x00, 0x00, 0x00, 0x00, 0x00,
  0x00, 0x00, 0x00, 0x00, 0x00, 0x00, 0x00, 0x00, 0x00, 0x00, 0x00, 0x00,
  0x00, 0x00, 0x00, 0x00, 0x00, 0x00, 0x00, 0x00, 0x00, 0x00, 0x00, 0x00,
  0x00, 0x00, 0x00, 0x00, 0x00, 0x00, 0x00, 0x00, 0x00, 0x00, 0x00, 0x00,
  0x00, 0x00, 0x00, 0x00, 0x00, 0x00, 0x00, 0x00, 0x00, 0x00, 0x00, 0x00,
  0x00, 0x00, 0x00, 0x00, 0x00, 0x00, 0x00, 0x00, 0x00, 0x00, 0x00, 0x00,
  0x00, 0x00, 0x00, 0x00, 0x00, 0x00, 0x00, 0x00, 0x00, 0x00, 0x00, 0x00,
  0x00, 0x00, 0x00, 0x00, 0x00, 0x00, 0x00, 0x00, 0x00, 0x00, 0x00, 0x00,
  0x00, 0x00, 0x00, 0x00, 0x00, 0x00, 0x00, 0x00, 0x00, 0x00, 0x00, 0x00,
  0x00, 0x00, 0x00, 0x00, 0x00, 0x00, 0x00, 0x00, 0x00, 0x00, 0x00, 0x00,
  0x00, 0x00, 0x00, 0x00, 0x00, 0x00, 0x00, 0x00, 0x00, 0x00, 0x00, 0x00,
  0x00, 0x00, 0x00, 0x00, 0x00, 0x00, 0x00, 0x00, 0x00, 0x00, 0x00, 0x00,
  0x00, 0x00, 0x00, 0x00, 0x00, 0x00, 0x00, 0x00, 0x00, 0x00, 0x00, 0x00,
  0x00, 0x00, 0x00, 0x00, 0x00, 0x00, 0x00, 0x00, 0x00, 0x00, 0x00, 0x00,
  0x00, 0x00, 0x00, 0x00, 0x00, 0x00, 0x00, 0x00, 0x00, 0x00, 0x00, 0x00,
  0x00, 0x00, 0x00, 0x00, 0x00, 0x00, 0x00, 0x00, 0x00, 0x00, 0x00, 0x00,
  0x00, 0x00, 0x00, 0x00, 0x00, 0x00, 0x00, 0x00, 0x00, 0x00, 0x00, 0x00,
  0x00, 0x00, 0x00, 0x00, 0x00, 0x00, 0x00, 0x00, 0x00, 0x00, 0x00, 0x00,
  0x00, 0x00, 0x00, 0x00, 0x00, 0x00, 0x00, 0x00, 0x00, 0x00, 0x00, 0x00,
  0x00, 0x00, 0x00, 0x00, 0x00, 0x00, 0x00, 0x00, 0x00, 0x00, 0x00, 0x00,
  0x00, 0x00, 0x00, 0x00, 0x00, 0x00, 0x00, 0x00, 0x00, 0x00, 0x00, 0x00,
  0x00, 0x00, 0x00, 0x00, 0x00, 0x00, 0x00, 0x00, 0x00, 0x00, 0x00, 0x00,
  0x00, 0x00, 0x00, 0x00, 0x00, 0x00, 0x00, 0x00, 0x00, 0x00, 0x00, 0x00,
  0x00, 0x00, 0x00, 0x00, 0x00, 0x00, 0x00, 0x00, 0x00, 0x00, 0x00, 0x00,
  0x00, 0x00, 0x00, 0x00, 0x00, 0x00, 0x00, 0x00, 0x00, 0x00, 0x00, 0x00,
  0x00, 0x00, 0x00, 0x00, 0x00, 0x00, 0x00, 0x00, 0x00, 0x00, 0x00, 0x00,
  0x00, 0x00, 0x00, 0x00, 0x00, 0x00, 0x00, 0x00, 0x00, 0x00, 0x00, 0x00,
  0x00, 0x00, 0x00, 0x00, 0x00, 0x00, 0x00, 0x00, 0x00, 0x00, 0x00, 0x00,
  0x00, 0x00, 0x00, 0x00, 0x00, 0x00, 0x00, 0x00, 0x00, 0x00, 0x00, 0x00,
  0x00, 0x00, 0x00, 0x00, 0x00, 0x00, 0x00, 0x00, 0x00, 0x00, 0x00, 0x00,
  0x00, 0x00, 0x00, 0x00, 0x00, 0x00, 0x00, 0x00, 0x00, 0x00, 0x00, 0x00,
  0x00, 0x00, 0x00, 0x00, 0x00, 0x00, 0x00, 0x00, 0x00, 0x00, 0x00, 0x00,
  0x00, 0x00, 0x00, 0x00, 0x00, 0x00, 0x00, 0x00, 0x00, 0x00, 0x00, 0x00,
  0x00, 0x00, 0x00, 0x00, 0x00, 0x00, 0x00, 0x00, 0x00, 0x00, 0x00, 0x00,
  0x00, 0x00, 0x00, 0x00, 0x00, 0x00, 0x00, 0x00, 0x00, 0x00, 0x00, 0x00,
  0x00, 0x00, 0x00, 0x00, 0x00, 0x00, 0x00, 0x00, 0x00, 0x00, 0x00, 0x00,
  0x00, 0x00, 0x00, 0x00, 0x00, 0x00, 0x00, 0x00, 0x00, 0x00, 0x00, 0x00,
  0x00, 0x00, 0x00, 0x00, 0x00, 0x00, 0x00, 0x00, 0x00, 0x00, 0x00, 0x00,
  0x00, 0x00, 0x00, 0x00, 0x00, 0x00, 0x00, 0x00, 0x00, 0x00, 0x00, 0x00,
  0x00, 0x00, 0x00, 0x00, 0x00, 0x00, 0x00, 0x00, 0x00, 0x00, 0x00, 0x00,
  0x00, 0x00, 0x00, 0x00, 0x00, 0x00, 0x00, 0x00, 0x00, 0x00, 0x00, 0x00,
  0x00, 0x00, 0x00, 0x00, 0x00, 0x00, 0x00, 0x00, 0x00, 0x00, 0x00, 0x00,
  0x00, 0x00, 0x00, 0x00, 0x00, 0x00, 0x00, 0x00, 0x00, 0x00, 0x00, 0x00,
  0x00, 0x00, 0x00, 0x00, 0x00, 0x00, 0x00, 0x00, 0x00, 0x00, 0x00, 0x00,
  0x00, 0x00, 0x00, 0x00, 0x00, 0x00, 0x00, 0x00, 0x00, 0x00, 0x00, 0x00,
  0x00, 0x00, 0x00, 0x00, 0x00, 0x00, 0x00, 0x00, 0x00, 0x00, 0x00, 0x00,
  0x00, 0x00, 0x00, 0x00, 0x00, 0x00, 0x00, 0x00, 0x00, 0x00, 0x00, 0x00,
  0x00, 0x00, 0x00, 0x00, 0x00, 0x00, 0x00, 0x00, 0x00, 0x00, 0x00, 0x00,
  0x00, 0x00, 0x00, 0x00, 0x00, 0x00, 0x00, 0x00, 0x00, 0x00, 0x00, 0x00,
  0x00, 0x00, 0x00, 0x00, 0x00, 0x00, 0x00, 0x00, 0x00, 0x00, 0x00, 0x00,
  0x00, 0x00, 0x00, 0x00, 0x00, 0x00, 0x00, 0x00, 0x00, 0x00, 0x00, 0x00,
  0x00, 0x00, 0x00, 0x00, 0x00, 0x00, 0x00, 0x00, 0x00, 0x00, 0x00, 0x00,
  0x00, 0x00, 0x00, 0x00, 0x00, 0x00, 0x00, 0x00, 0x00, 0x00, 0x00, 0x00,
  0x00, 0x00, 0x00, 0x00, 0x00, 0x00, 0x00, 0x00, 0x00, 0x00, 0x00, 0x00,
  0x00, 0x00, 0x00, 0x00, 0x00, 0x00, 0x00, 0x00, 0x00, 0x00, 0x00, 0x00,
  0x00, 0x00, 0x00, 0x00, 0x00, 0x00, 0x00, 0x00, 0x00, 0x00, 0x00, 0x00,
  0x00, 0x00, 0x00, 0x00, 0x00, 0x00, 0x00, 0x00, 0x00, 0x00, 0x00, 0x00,
  0x00, 0x00, 0x00, 0x00, 0x00, 0x00, 0x00, 0x00, 0x00, 0x00, 0x00, 0x00,
  0x00, 0x00, 0x00, 0x00, 0x00, 0x00, 0x00, 0x00, 0x00, 0x00, 0x00, 0x00,
  0x00, 0x00, 0x00, 0x00, 0x00, 0x00, 0x00, 0x00, 0x00, 0x00, 0x00, 0x00,
  0x00, 0x00, 0x00, 0x00, 0x00, 0x00, 0x00, 0x00, 0x00, 0x00, 0x00, 0x00,
  0x00, 0x00, 0x00, 0x00, 0x00, 0x00, 0x00, 0x00, 0x00, 0x00, 0x00, 0x00,
  0x00, 0x00, 0x00, 0x00, 0x00, 0x00, 0x00, 0x00, 0x00, 0x00, 0x00, 0x00,
  0x00, 0x00, 0x00, 0x00, 0x00, 0x00, 0x00, 0x00, 0x00, 0x00, 0x00, 0x00,
  0x00, 0x00, 0x00, 0x00, 0x00, 0x00, 0x00, 0x00, 0x00, 0x00, 0x00, 0x00,
  0x00, 0x00, 0x00, 0x00, 0x00, 0x00, 0x00, 0x00, 0x00, 0x00, 0x00, 0x00,
  0x00, 0x00, 0x00, 0x00, 0x00, 0x00, 0x00, 0x00, 0x00, 0x00, 0x00, 0x00,
  0x00, 0x00, 0x00, 0x00, 0x00, 0x00, 0x00, 0x00, 0x00, 0x00, 0x00, 0x00,
  0x00, 0x00, 0x00, 0x00, 0x00, 0x00, 0x00, 0x00, 0x00, 0x00, 0x00, 0x00,
  0x00, 0x00, 0x00, 0x00, 0x00, 0x00, 0x00, 0x00, 0x00, 0x00, 0x00, 0x00,
  0x00, 0x00, 0x00, 0x00, 0x00, 0x00, 0x00, 0x00, 0x00, 0x00, 0x00, 0x00,
  0x00, 0x00, 0x00, 0x00, 0x00, 0x00, 0x00, 0x00, 0x00, 0x00, 0x00, 0x00,
  0x00, 0x00, 0x00, 0x00, 0x00, 0x00, 0x00, 0x00, 0x00, 0x00, 0x00, 0x00,
  0x00, 0x00, 0x00, 0x00, 0x00, 0x00, 0x00, 0x00, 0x00, 0x00, 0x00, 0x00,
  0x00, 0x00, 0x00, 0x00, 0x00, 0x00, 0x00, 0x00, 0x00, 0x00, 0x00, 0x00,
  0x00, 0x00, 0x00, 0x00, 0x00, 0x00, 0x00, 0x00, 0x00, 0x00, 0x00, 0x00,
  0x00, 0x00, 0x00, 0x00, 0x00, 0x00, 0x00, 0x00, 0x00, 0x00, 0x00, 0x00,
  0x00, 0x00, 0x00, 0x00, 0x00, 0x00, 0x00, 0x00, 0x00, 0x00, 0x00, 0x00,
  0x00, 0x00, 0x00, 0x00, 0x00, 0x00, 0x00, 0x00, 0x00, 0x00, 0x00, 0x00,
  0x00, 0x00, 0x00, 0x00, 0x00, 0x00, 0x00, 0x00, 0x00, 0x00, 0x00, 0x00,
  0x00, 0x00, 0x00, 0x00, 0x00, 0x00, 0x00, 0x00, 0x00, 0x00, 0x00, 0x00,
  0x00, 0x00, 0x00, 0x00, 0x00, 0x00, 0x00, 0x00, 0x00, 0x00, 0x00, 0x00,
  0x00, 0x00, 0x00, 0x00, 0x00, 0x00, 0x00, 0x00, 0x00, 0x00, 0x00, 0x00,
  0x00, 0x00, 0x00, 0x00, 0x00, 0x00, 0x00, 0x00, 0x00, 0x00, 0x00, 0x00,
  0x00, 0x00, 0x00, 0x00, 0x00, 0x00, 0x00, 0x00, 0x00, 0x00, 0x00, 0x00,
  0x00, 0x00, 0x00, 0x00, 0x00, 0x00, 0x00, 0x00, 0x00, 0x00, 0x00, 0x00,
  0x00, 0x00, 0x00, 0x00, 0x00, 0x00, 0x00, 0x00, 0x00, 0x00, 0x00, 0x00,
  0x00, 0x00, 0x00, 0x00, 0x00, 0x00, 0x00, 0x00, 0x00, 0x00, 0x00, 0x00,
  0x00, 0x00, 0x00, 0x00, 0x00, 0x00, 0x00, 0x00, 0x00, 0x00, 0x00, 0x00,
  0x00, 0x00, 0x00, 0x00, 0x00, 0x00, 0x00, 0x00, 0x00, 0x00, 0x00, 0x00,
  0x00, 0x00, 0x00, 0x00, 0x00, 0x00, 0x00, 0x00, 0x00, 0x00, 0x00, 0x00,
  0x00, 0x00, 0x00, 0x00, 0x00, 0x00, 0x00, 0x00, 0x00, 0x00, 0x00, 0x00,
  0x00, 0x00, 0x00, 0x00, 0x00, 0x00, 0x00, 0x00, 0x00, 0x00, 0x00, 0x00,
  0x00, 0x00, 0x00, 0x00, 0x00, 0x00, 0x00, 0x00, 0x00, 0x00, 0x00, 0x00,
  0x00, 0x00, 0x00, 0x00, 0x00, 0x00, 0x00, 0x00, 0x00, 0x00, 0x00, 0x00,
  0x00, 0x00, 0x00, 0x00, 0x00, 0x00, 0x00, 0x00, 0x00, 0x00, 0x00, 0x00,
  0x00, 0x00, 0x00, 0x00, 0x00, 0x00, 0x00, 0x00, 0x00, 0x00, 0x00, 0x00,
  0x00, 0x00, 0x00, 0x00, 0x00, 0x00, 0x00, 0x00, 0x00, 0x00, 0x00, 0x00,
  0x00, 0x00, 0x00, 0x00, 0x00, 0x00, 0x00, 0x00, 0x00, 0x00, 0x00, 0x00,
  0x00, 0x00, 0x00, 0x00, 0x00, 0x00, 0x00, 0x00, 0x00, 0x00, 0x00, 0x00,
  0x00, 0x00, 0x00, 0x00, 0x00, 0x00, 0x00, 0x00, 0x00, 0x00, 0x00, 0x00,
  0x00, 0x00, 0x00, 0x00, 0x00, 0x00, 0x00, 0x00, 0x00, 0x00, 0x00, 0x00,
  0x00, 0x00, 0x00, 0x00, 0x00, 0x00, 0x00, 0x00, 0x00, 0x00, 0x00, 0x00,
  0x00, 0x00, 0x00, 0x00, 0x00, 0x00, 0x00, 0x00, 0x00, 0x00, 0x00, 0x00,
  0x00, 0x00, 0x00, 0x00, 0x00, 0x00, 0x00, 0x00, 0x00, 0x00, 0x00, 0x00,
  0x00, 0x00, 0x00, 0x00, 0x00, 0x00, 0x00, 0x00, 0x00, 0x00, 0x00, 0x00,
  0x00, 0x00, 0x00, 0x00, 0x00, 0x00, 0x00, 0x00, 0x00, 0x00, 0x00, 0x00,
  0x00, 0x00, 0x00, 0x00, 0x00, 0x00, 0x00, 0x00, 0x00, 0x00, 0x00, 0x00,
  0x00, 0x00, 0x00, 0x00, 0x00, 0x00, 0x00, 0x00, 0x00, 0x00, 0x00, 0x00,
  0x00, 0x00, 0x00, 0x00, 0x00, 0x00, 0x00, 0x00, 0x00, 0x00, 0x00, 0x00,
  0x00, 0x00, 0x00, 0x00, 0x00, 0x00, 0x00, 0x00, 0x00, 0x00, 0x00, 0x00,
  0x00, 0x00, 0x00, 0x00, 0x00, 0x00, 0x00, 0x00, 0x00, 0x00, 0x00, 0x00,
  0x00, 0x00, 0x00, 0x00, 0x00, 0x00, 0x00, 0x00, 0x00, 0x00, 0x00, 0x00,
  0x00, 0x00, 0x00, 0x00, 0x00, 0x00, 0x00, 0x00, 0x00, 0x00, 0x00, 0x00,
  0x00, 0x00, 0x00, 0x00, 0x00, 0x00, 0x00, 0x00, 0x00, 0x00, 0x00, 0x00,
  0x00, 0x00, 0x00, 0x00, 0x00, 0x00, 0x00, 0x00, 0x00, 0x00, 0x00, 0x00,
  0x00, 0x00, 0x00, 0x00, 0x00, 0x00, 0x00, 0x00, 0x00, 0x00, 0x00, 0x00,
  0x00, 0x00, 0x00, 0x00, 0x00, 0x00, 0x00, 0x00, 0x00, 0x00, 0x00, 0x00,
  0x00, 0x00, 0x00, 0x00, 0x00, 0x00, 0x00, 0x00, 0x00, 0x00, 0x00, 0x00,
  0x00, 0x00, 0x00, 0x00, 0x00, 0x00, 0x00, 0x00, 0x00, 0x00, 0x00, 0x00,
  0x00, 0x00, 0x00, 0x00, 0x00, 0x00, 0x00, 0x00, 0x00, 0x00, 0x00, 0x00,
  0x00, 0x00, 0x00, 0x00, 0x00, 0x00, 0x00, 0x00, 0x00, 0x00, 0x00, 0x00,
  0x00, 0x00, 0x00, 0x00, 0x00, 0x00, 0x00, 0x00, 0x00, 0x00, 0x00, 0x00,
  0x00, 0x00, 0x00, 0x00, 0x00, 0x00, 0x00, 0x00, 0x00, 0x00, 0x00, 0x00,
  0x00, 0x00, 0x00, 0x00, 0x00, 0x00, 0x00, 0x00, 0x00, 0x00, 0x00, 0x00,
  0x00, 0x00, 0x00, 0x00, 0x00, 0x00, 0x00, 0x00, 0x00, 0x00, 0x00, 0x00,
  0x00, 0x00, 0x00, 0x00, 0x00, 0x00, 0x00, 0x00, 0x00, 0x00, 0x00, 0x00,
  0x00, 0x00, 0x00, 0x00, 0x00, 0x00, 0x00, 0x00, 0x00, 0x00, 0x00, 0x00,
  0x00, 0x00, 0x00, 0x00, 0x00, 0x00, 0x00, 0x00, 0x00, 0x00, 0x00, 0x00,
  0x00, 0x00, 0x00, 0x00, 0x00, 0x00, 0x00, 0x00, 0x00, 0x00, 0x00, 0x00,
  0x00, 0x00, 0x00, 0x00, 0x00, 0x00, 0x00, 0x00, 0x00, 0x00, 0x00, 0x00,
  0x00, 0x00, 0x00, 0x00, 0x00, 0x00, 0x00, 0x00, 0x00, 0x00, 0x00, 0x00,
  0x00, 0x00, 0x00, 0x00, 0x00, 0x00, 0x00, 0x00, 0x00, 0x00, 0x00, 0x00,
  0x00, 0x00, 0x00, 0x00, 0x00, 0x00, 0x00, 0x00, 0x00, 0x00, 0x00, 0x00,
  0x00, 0x00, 0x00, 0x00, 0x00, 0x00, 0x00, 0x00, 0x00, 0x00, 0x00, 0x00,
  0x00, 0x00, 0x00, 0x00, 0x00, 0x00, 0x00, 0x00, 0x00, 0x00, 0x00, 0x00,
  0x00, 0x00, 0x00, 0x00, 0x00, 0x00, 0x00, 0x00, 0x00, 0x00, 0x00, 0x00,
  0x00, 0x00, 0x00, 0x00, 0x00, 0x00, 0x00, 0x00, 0x00, 0x00, 0x00, 0x00,
  0x00, 0x00, 0x00, 0x00, 0x00, 0x00, 0x00, 0x00, 0x00, 0x00, 0x00, 0x00,
  0x00, 0x00, 0x00, 0x00, 0x00, 0x00, 0x00, 0x00, 0x00, 0x00, 0x00, 0x00,
  0x00, 0x00, 0x00, 0x00, 0x00, 0x00, 0x00, 0x00, 0x00, 0x00, 0x00, 0x00,
  0x00, 0x00, 0x00, 0x00, 0x00, 0x00, 0x00, 0x00, 0x00, 0x00, 0x00, 0x00,
  0x00, 0x00, 0x00, 0x00, 0x00, 0x00, 0x00, 0x00, 0x00, 0x00, 0x00, 0x00,
  0x00, 0x00, 0x00, 0x00, 0x00, 0x00, 0x00, 0x00, 0x00, 0x00, 0x00, 0x00,
  0x00, 0x00, 0x00, 0x00, 0x00, 0x00, 0x00, 0x00, 0x00, 0x00, 0x00, 0x00,
  0x00, 0x00, 0x00, 0x00, 0x00, 0x00, 0x00, 0x00, 0x00, 0x00, 0x00, 0x00,
  0x00, 0x00, 0x00, 0x00, 0x00, 0x00, 0x00, 0x00, 0x00, 0x00, 0x00, 0x00,
  0x00, 0x00, 0x00, 0x00, 0x00, 0x00, 0x00, 0x00, 0x00, 0x00, 0x00, 0x00,
  0x00, 0x00, 0x00, 0x00, 0x00, 0x00, 0x00, 0x00, 0x00, 0x00, 0x00, 0x00,
  0x00, 0x00, 0x00, 0x00, 0x00, 0x00, 0x00, 0x00, 0x00, 0x00, 0x00, 0x00,
  0x00, 0x00, 0x00, 0x00, 0x00, 0x00, 0x00, 0x00, 0x00, 0x00, 0x00, 0x00,
  0x00, 0x00, 0x00, 0x00, 0x00, 0x00, 0x00, 0x00, 0x00, 0x00, 0x00, 0x00,
  0x00, 0x00, 0x00, 0x00, 0x00, 0x00, 0x00, 0x00, 0x00, 0x00, 0x00, 0x00,
  0x00, 0x00, 0x00, 0x00, 0x00, 0x00, 0x00, 0x00, 0x00, 0x00, 0x00, 0x00,
  0x00, 0x00, 0x00, 0x00, 0x00, 0x00, 0x00, 0x00, 0x00, 0x00, 0x00, 0x00,
  0x00, 0x00, 0x00, 0x00, 0x00, 0x00, 0x00, 0x00, 0x00, 0x00, 0x00, 0x00,
  0x00, 0x00, 0x00, 0x00, 0x00, 0x00, 0x00, 0x00, 0x00, 0x00, 0x00, 0x00,
  0x00, 0x00, 0x00, 0x00, 0x00, 0x00, 0x00, 0x00, 0x00, 0x00, 0x00, 0x00,
  0x00, 0x00, 0x00, 0x00, 0x00, 0x00, 0x00, 0x00, 0x00, 0x00, 0x00, 0x00,
  0x00, 0x00, 0x00, 0x00, 0x00, 0x00, 0x00, 0x00, 0x00, 0x00, 0x00, 0x00,
  0x00, 0x00, 0x00, 0x00, 0x00, 0x00, 0x00, 0x00, 0x00, 0x00, 0x00, 0x00,
  0x00, 0x00, 0x00, 0x00, 0x00, 0x00, 0x00, 0x00, 0x00, 0x00, 0x00, 0x00,
  0x00, 0x00, 0x00, 0x00, 0x00, 0x00, 0x00, 0x00, 0x00, 0x00, 0x00, 0x00,
  0x00, 0x00, 0x00, 0x00, 0x00, 0x00, 0x00, 0x00, 0x00, 0x00, 0x00, 0x00,
  0x00, 0x00, 0x00, 0x00, 0x00, 0x00, 0x00, 0x00, 0x00, 0x00, 0x00, 0x00,
  0x00, 0x00, 0x00, 0x00, 0x00, 0x00, 0x00, 0x00, 0x00, 0x00, 0x00, 0x00,
  0x00, 0x00, 0x00, 0x00, 0x00, 0x00, 0x00, 0x00, 0x00, 0x00, 0x00, 0x00,
  0x00, 0x00, 0x00, 0x00, 0x00, 0x00, 0x00, 0x00, 0x00, 0x00, 0x00, 0x00,
  0x00, 0x00, 0x00, 0x00, 0x00, 0x00, 0x00, 0x00, 0x00, 0x00, 0x00, 0x00,
  0x00, 0x00, 0x00, 0x00, 0x00, 0x00, 0x00, 0x00, 0x00, 0x00, 0x00, 0x00,
  0x00, 0x00, 0x00, 0x00, 0x00, 0x00, 0x00, 0x00, 0x00, 0x00, 0x00, 0x00,
  0x00, 0x00, 0x00, 0x00, 0x00, 0x00, 0x00, 0x00, 0x00, 0x00, 0x00, 0x00,
  0x00, 0x00, 0x00, 0x00, 0x00, 0x00, 0x00, 0x00, 0x00, 0x00, 0x00, 0x00,
  0x00, 0x00, 0x00, 0x00, 0x00, 0x00, 0x00, 0x00, 0x00, 0x00, 0x00, 0x00,
  0x00, 0x00, 0x00, 0x00, 0x00, 0x00, 0x00, 0x00, 0x00, 0x00, 0x00, 0x00,
  0x00, 0x00, 0x00, 0x00, 0x00, 0x00, 0x00, 0x00, 0x00, 0x00, 0x00, 0x00,
  0x00, 0x00, 0x00, 0x00, 0x00, 0x00, 0x00, 0x00, 0x00, 0x00, 0x00, 0x00,
  0x00, 0x00, 0x00, 0x00, 0x00, 0x00, 0x00, 0x00, 0x00, 0x00, 0x00, 0x00,
  0x00, 0x00, 0x00, 0x00, 0x00, 0x00, 0x00, 0x00, 0x00, 0x00, 0x00, 0x00,
  0x00, 0x00, 0x00, 0x00, 0x00, 0x00, 0x00, 0x00, 0x00, 0x00, 0x00, 0x00,
  0x00, 0x00, 0x00, 0x00, 0x00, 0x00, 0x00, 0x00, 0x00, 0x00, 0x00, 0x00,
  0x00, 0x00, 0x00, 0x00, 0x00, 0x00, 0x00, 0x00, 0x00, 0x00, 0x00, 0x00,
  0x00, 0x00, 0x00, 0x00, 0x00, 0x00, 0x00, 0x00, 0x00, 0x00, 0x00, 0x00,
  0x00, 0x00, 0x00, 0x00, 0x00, 0x00, 0x00, 0x00, 0x00, 0x00, 0x00, 0x00,
  0x00, 0x00, 0x00, 0x00, 0x00, 0x00, 0x00, 0x00, 0x00, 0x00, 0x00, 0x00,
  0x00, 0x00, 0x00, 0x00, 0x00, 0x00, 0x00, 0x00, 0x00, 0x00, 0x00, 0x00,
  0x00, 0x00, 0x00, 0x00, 0x00, 0x00, 0x00, 0x00, 0x00, 0x00, 0x00, 0x00,
  0x00, 0x00, 0x00, 0x00, 0x00, 0x00, 0x00, 0x00, 0x00, 0x00, 0x00, 0x00,
  0x00, 0x00, 0x00, 0x00, 0x00, 0x00, 0x00, 0x00, 0x00, 0x00, 0x00, 0x00,
  0x00, 0x00, 0x00, 0x00, 0x00, 0x00, 0x00, 0x00, 0x00, 0x00, 0x00, 0x00,
  0x00, 0x00, 0x00, 0x00, 0x00, 0x00, 0x00, 0x00, 0x00, 0x00, 0x00, 0x00,
  0x00, 0x00, 0x00, 0x00, 0x00, 0x00, 0x00, 0x00, 0x00, 0x00, 0x00, 0x00,
  0x00, 0x00, 0x00, 0x00, 0x00, 0x00, 0x00, 0x00, 0x00, 0x00, 0x00, 0x00,
  0x00, 0x00, 0x00, 0x00, 0x00, 0x00, 0x00, 0x00, 0x00, 0x00, 0x00, 0x00,
  0x00, 0x00, 0x00, 0x00, 0x00, 0x00, 0x00, 0x00, 0x00, 0x00, 0x00, 0x00,
  0x00, 0x00, 0x00, 0x00, 0x00, 0x00, 0x00, 0x00, 0x00, 0x00, 0x00, 0x00,
  0x00, 0x00, 0x00, 0x00, 0x00, 0x00, 0x00, 0x00, 0x00, 0x00, 0x00, 0x00,
  0x00, 0x00, 0x00, 0x00, 0x00, 0x00, 0x00, 0x00, 0x00, 0x00, 0x00, 0x00,
  0x00, 0x00, 0x00, 0x00, 0x00, 0x00, 0x00, 0x00, 0x00, 0x00, 0x00, 0x00,
  0x00, 0x00, 0x00, 0x00, 0x00, 0x00, 0x00, 0x00, 0x00, 0x00, 0x00, 0x00,
  0x00, 0x00, 0x00, 0x00, 0x00, 0x00, 0x00, 0x00, 0x00, 0x00, 0x00, 0x00,
  0x00, 0x00, 0x00, 0x00, 0x00, 0x00, 0x00, 0x00, 0x00, 0x00, 0x00, 0x00,
  0x00, 0x00, 0x00, 0x00, 0x00, 0x00, 0x00, 0x00, 0x00, 0x00, 0x00, 0x00,
  0x00, 0x00, 0x00, 0x00, 0x00, 0x00, 0x00, 0x00, 0x00, 0x00, 0x00, 0x00,
  0x00, 0x00, 0x00, 0x00, 0x00, 0x00, 0x00, 0x00, 0x00, 0x00, 0x00, 0x00,
  0x00, 0x00, 0x00, 0x00, 0x00, 0x00, 0x00, 0x00, 0x00, 0x00, 0x00, 0x00,
  0x00, 0x00, 0x00, 0x00, 0x00, 0x00, 0x00, 0x00, 0x00, 0x00, 0x00, 0x00,
  0x00, 0x00, 0x00, 0x00, 0x00, 0x00, 0x00, 0x00, 0x00, 0x00, 0x00, 0x00,
  0x00, 0x00, 0x00, 0x00, 0x00, 0x00, 0x00, 0x00, 0x00, 0x00, 0x00, 0x00,
  0x00, 0x00, 0x00, 0x00, 0x00, 0x00, 0x00, 0x00, 0x00, 0x00, 0x00, 0x00,
  0x00, 0x00, 0x00, 0x00, 0x00, 0x00, 0x00, 0x00, 0x00, 0x00, 0x00, 0x00,
  0x00, 0x00, 0x00, 0x00, 0x00, 0x00, 0x00, 0x00, 0x00, 0x00, 0x00, 0x00,
  0x00, 0x00, 0x00, 0x00, 0x00, 0x00, 0x00, 0x00, 0x00, 0x00, 0x00, 0x00,
  0x00, 0x00, 0x00, 0x00, 0x00, 0x00, 0x00, 0x00, 0x00, 0x00, 0x00, 0x00,
  0x00, 0x00, 0x00, 0x00, 0x00, 0x00, 0x00, 0x00, 0x00, 0x00, 0x00, 0x00,
  0x00, 0x00, 0x00, 0x00, 0x00, 0x00, 0x00, 0x00, 0x00, 0x00, 0x00, 0x00,
  0x00, 0x00, 0x00, 0x00, 0x00, 0x00, 0x00, 0x00, 0x00, 0x00, 0x00, 0x00,
  0x00, 0x00, 0x00, 0x00, 0x00, 0x00, 0x00, 0x00, 0x00, 0x00, 0x00, 0x00,
  0x00, 0x00, 0x00, 0x00, 0x00, 0x00, 0x00, 0x00, 0x00, 0x00, 0x00, 0x00,
  0x00, 0x00, 0x00, 0x00, 0x00, 0x00, 0x00, 0x00, 0x00, 0x00, 0x00, 0x00,
  0x00, 0x00, 0x00, 0x00, 0x00, 0x00, 0x00, 0x00, 0x00, 0x00, 0x00, 0x00,
  0x00, 0x00, 0x00, 0x00, 0x00, 0x00, 0x00, 0x00, 0x00, 0x00, 0x00, 0x00,
  0x00, 0x00, 0x00, 0x00, 0x00, 0x00, 0x00, 0x00, 0x00, 0x00, 0x00, 0x00,
  0x00, 0x00, 0x00, 0x00, 0x00, 0x00, 0x00, 0x00, 0x00, 0x00, 0x00, 0x00,
  0x00, 0x00, 0x00, 0x00, 0x00, 0x00, 0x00, 0x00, 0x00, 0x00, 0x00, 0x00,
  0x00, 0x00, 0x00, 0x00, 0x00, 0x00, 0x00, 0x00, 0x00, 0x00, 0x00, 0x00,
  0x00, 0x00, 0x00, 0x00, 0x00, 0x00, 0x00, 0x00, 0x00, 0x00, 0x00, 0x00,
  0x00, 0x00, 0x00, 0x00, 0x00, 0x00, 0x00, 0x00, 0x00, 0x00, 0x00, 0x00,
  0x00, 0x00, 0x00, 0x00, 0x00, 0x00, 0x00, 0x00, 0x00, 0x00, 0x00, 0x00,
  0x00, 0x00, 0x00, 0x00, 0x00, 0x00, 0x00, 0x00, 0x00, 0x00, 0x00, 0x00,
  0x00, 0x00, 0x00, 0x00, 0x00, 0x00, 0x00, 0x00, 0x00, 0x00, 0x00, 0x00,
  0x00, 0x00, 0x00, 0x00, 0x00, 0x00, 0x00, 0x00, 0x00, 0x00, 0x00, 0x00,
  0x00, 0x00, 0x00, 0x00, 0x00, 0x00, 0x00, 0x00, 0x00, 0x00, 0x00, 0x00,
  0x00, 0x00, 0x00, 0x00, 0x00, 0x00, 0x00, 0x00, 0x00, 0x00, 0x00, 0x00,
  0x00, 0x00, 0x00, 0x00, 0x00, 0x00, 0x00, 0x00, 0x00, 0x00, 0x00, 0x00,
  0x00, 0x00, 0x00, 0x00, 0x00, 0x00, 0x00, 0x00, 0x00, 0x00, 0x00, 0x00,
  0x00, 0x00, 0x00, 0x00, 0x00, 0x00, 0x00, 0x00, 0x00, 0x00, 0x00, 0x00,
  0x00, 0x00, 0x00, 0x00, 0x00, 0x00, 0x00, 0x00, 0x00, 0x00, 0x00, 0x00,
  0x00, 0x00, 0x00, 0x00, 0x00, 0x00, 0x00, 0x00, 0x00, 0x00, 0x00, 0x00,
  0x00, 0x00, 0x00, 0x00, 0x00, 0x00, 0x00, 0x00, 0x00, 0x00, 0x00, 0x00,
  0x00, 0x00, 0x00, 0x00, 0x00, 0x00, 0x00, 0x00, 0x00, 0x00, 0x00, 0x00,
  0x00, 0x00, 0x00, 0x00, 0x00, 0x00, 0x00, 0x00, 0x00, 0x00, 0x00, 0x00,
  0x00, 0x00, 0x00, 0x00, 0x00, 0x00, 0x00, 0x00, 0x00, 0x00, 0x00, 0x00,
  0x00, 0x00, 0x00, 0x00, 0x00, 0x00, 0x00, 0x00, 0x00, 0x00, 0x00, 0x00,
  0x00, 0x00, 0x00, 0x00, 0x00, 0x00, 0x00, 0x00, 0x00, 0x00, 0x00, 0x00,
  0x00, 0x00, 0x00, 0x00, 0x00, 0x00, 0x00, 0x00, 0x00, 0x00, 0x00, 0x00,
  0x00, 0x00, 0x00, 0x00, 0x00, 0x00, 0x00, 0x00, 0x00, 0x00, 0x00, 0x00,
  0x00, 0x00, 0x00, 0x00, 0x00, 0x00, 0x00, 0x00, 0x00, 0x00, 0x00, 0x00,
  0x00, 0x00, 0x00, 0x00, 0x00, 0x00, 0x00, 0x00, 0x00, 0x00, 0x00, 0x00,
  0x00, 0x00, 0x00, 0x00, 0x00, 0x00, 0x00, 0x00, 0x00, 0x00, 0x00, 0x00,
  0x00, 0x00, 0x00, 0x00, 0x00, 0x00, 0x00, 0x00, 0x00, 0x00, 0x00, 0x00,
  0x00, 0x00, 0x00, 0x00, 0x00, 0x00, 0x00, 0x00, 0x00, 0x00, 0x00, 0x00,
  0x00, 0x00, 0x00, 0x00, 0x00, 0x00, 0x00, 0x00, 0x00, 0x00, 0x00, 0x00,
  0x00, 0x00, 0x00, 0x00, 0x00, 0x00, 0x00, 0x00, 0x00, 0x00, 0x00, 0x00,
  0x00, 0x00, 0x00, 0x00, 0x00, 0x00, 0x00, 0x00, 0x00, 0x00, 0x00, 0x00,
  0x00, 0x00, 0x00, 0x00, 0x00, 0x00, 0x00, 0x00, 0x00, 0x00, 0x00, 0x00,
  0x00, 0x00, 0x00, 0x00, 0x00, 0x00, 0x00, 0x00, 0x00, 0x00, 0x00, 0x00,
  0x00, 0x00, 0x00, 0x00, 0x00, 0x00, 0x00, 0x00, 0x00, 0x00, 0x00, 0x00,
  0x00, 0x00, 0x00, 0x00, 0x00, 0x00, 0x00, 0x00, 0x00, 0x00, 0x00, 0x00,
  0x00, 0x00, 0x00, 0x00, 0x00, 0x00, 0x00, 0x00, 0x00, 0x00, 0x00, 0x00,
  0x00, 0x00, 0x00, 0x00, 0x00, 0x00, 0x00, 0x00, 0x00, 0x00, 0x00, 0x00,
  0x00, 0x00, 0x00, 0x00, 0x00, 0x00, 0x00, 0x00, 0x00, 0x00, 0x00, 0x00,
  0x00, 0x00, 0x00, 0x00, 0x00, 0x00, 0x00, 0x00, 0x00, 0x00, 0x00, 0x00,
  0x00, 0x00, 0x00, 0x00, 0x00, 0x00, 0x00, 0x00, 0x00, 0x00, 0x00, 0x00,
  0x00, 0x00, 0x00, 0x00, 0x00, 0x00, 0x00, 0x00, 0x00, 0x00, 0x00, 0x00,
  0x00, 0x00, 0x00, 0x00, 0x00, 0x00, 0x00, 0x00, 0x00, 0x00, 0x00, 0x00,
  0x00, 0x00, 0x00, 0x00, 0x00, 0x00, 0x00, 0x00, 0x00, 0x00, 0x00, 0x00,
  0x00, 0x00, 0x00, 0x00, 0x00, 0x00, 0x00, 0x00, 0x00, 0x00, 0x00, 0x00,
  0x00, 0x00, 0x00, 0x00, 0x00, 0x00, 0x00, 0x00, 0x00, 0x00, 0x00, 0x00,
  0x00, 0x00, 0x00, 0x00, 0x00, 0x00, 0x00, 0x00, 0x00, 0x00, 0x00, 0x00,
  0x00, 0x00, 0x00, 0x00, 0x00, 0x00, 0x00, 0x00, 0x00, 0x00, 0x00, 0x00,
  0x00, 0x00, 0x00, 0x00, 0x00, 0x00, 0x00, 0x00, 0x00, 0x00, 0x00, 0x00,
  0x00, 0x00, 0x00, 0x00, 0x00, 0x00, 0x00, 0x00, 0x00, 0x00, 0x00, 0x00,
  0x00, 0x00, 0x00, 0x00, 0x00, 0x00, 0x00, 0x00, 0x00, 0x00, 0x00, 0x00,
  0x00, 0x00, 0x00, 0x00, 0x00, 0x00, 0x00, 0x00, 0x00, 0x00, 0x00, 0x00,
  0x00, 0x00, 0x00, 0x00, 0x00, 0x00, 0x00, 0x00, 0x00, 0x00, 0x00, 0x00,
  0x00, 0x00, 0x00, 0x00, 0x00, 0x00, 0x00, 0x00, 0x00, 0x00, 0x00, 0x00,
  0x00, 0x00, 0x00, 0x00, 0x00, 0x00, 0x00, 0x00, 0x00, 0x00, 0x00, 0x00,
  0x00, 0x00, 0x00, 0x00, 0x00, 0x00, 0x00, 0x00, 0x00, 0x00, 0x00, 0x00,
  0x00, 0x00, 0x00, 0x00, 0x00, 0x00, 0x00, 0x00, 0x00, 0x00, 0x00, 0x00,
  0x00, 0x00, 0x00, 0x00, 0x00, 0x00, 0x00, 0x00, 0x00, 0x00, 0x00, 0x00,
  0x00, 0x00, 0x00, 0x00, 0x00, 0x00, 0x00, 0x00, 0x00, 0x00, 0x00, 0x00,
  0x00, 0x00, 0x00, 0x00, 0x00, 0x00, 0x00, 0x00, 0x00, 0x00, 0x00, 0x00,
  0x00, 0x00, 0x00, 0x00, 0x00, 0x00, 0x00, 0x00, 0x00, 0x00, 0x00, 0x00,
  0x00, 0x00, 0x00, 0x00, 0x00, 0x00, 0x00, 0x00, 0x00, 0x00, 0x00, 0x00,
  0x00, 0x00, 0x00, 0x00, 0x00, 0x00, 0x00, 0x00, 0x00, 0x00, 0x00, 0x00,
  0x00, 0x00, 0x00, 0x00, 0x00, 0x00, 0x00, 0x00, 0x00, 0x00, 0x00, 0x00,
  0x00, 0x00, 0x00, 0x00, 0x00, 0x00, 0x00, 0x00, 0x00, 0x00, 0x00, 0x00,
  0x00, 0x00, 0x00, 0x00, 0x00, 0x00, 0x00, 0x00, 0x00, 0x00, 0x00, 0x00,
  0x00, 0x00, 0x00, 0x00, 0x00, 0x00, 0x00, 0x00, 0x00, 0x00, 0x00, 0x00,
  0x00, 0x00, 0x00, 0x00, 0x00, 0x00, 0x00, 0x00, 0x00, 0x00, 0x00, 0x00,
  0x00, 0x00, 0x00, 0x00, 0x00, 0x00, 0x00, 0x00, 0x00, 0x00, 0x00, 0x00,
  0x00, 0x00, 0x00, 0x00, 0x00, 0x00, 0x00, 0x00, 0x00, 0x00, 0x00, 0x00,
  0x00, 0x00, 0x00, 0x00, 0x00, 0x00, 0x00, 0x00, 0x00, 0x00, 0x00, 0x00,
  0x00, 0x00, 0x00, 0x00, 0x00, 0x00, 0x00, 0x00, 0x00, 0x00, 0x00, 0x00,
  0x00, 0x00, 0x00, 0x00, 0x00, 0x00, 0x00, 0x00, 0x00, 0x00, 0x00, 0x00,
  0x00, 0x00, 0x00, 0x00, 0x00, 0x00, 0x00, 0x00, 0x00, 0x00, 0x00, 0x00,
  0x00, 0x00, 0x00, 0x00, 0x00, 0x00, 0x00, 0x00, 0x00, 0x00, 0x00, 0x00,
  0x00, 0x00, 0x00, 0x00, 0x00, 0x00, 0x00, 0x00, 0x00, 0x00, 0x00, 0x00,
  0x00, 0x00, 0x00, 0x00, 0x00, 0x00, 0x00, 0x00, 0x00, 0x00, 0x00, 0x00,
  0x00, 0x00, 0x00, 0x00, 0x00, 0x00, 0x00, 0x00, 0x00, 0x00, 0x00, 0x00,
  0x00, 0x00, 0x00, 0x00, 0x00, 0x00, 0x00, 0x00, 0x00, 0x00, 0x00, 0x00,
  0x00, 0x00, 0x00, 0x00, 0x00, 0x00, 0x00, 0x00, 0x00, 0x00, 0x00, 0x00,
  0x00, 0x00, 0x00, 0x00, 0x00, 0x00, 0x00, 0x00, 0x00, 0x00, 0x00, 0x00,
  0x00, 0x00, 0x00, 0x00, 0x00, 0x00, 0x00, 0x00, 0x00, 0x00, 0x00, 0x00,
  0x00, 0x00, 0x00, 0x00, 0x00, 0x00, 0x00, 0x00, 0x00, 0x00, 0x00, 0x00,
  0x00, 0x00, 0x00, 0x00, 0x00, 0x00, 0x00, 0x00, 0x00, 0x00, 0x00, 0x00,
  0x00, 0x00, 0x00, 0x00, 0x00, 0x00, 0x00, 0x00, 0x00, 0x00, 0x00, 0x00,
  0x00, 0x00, 0x00, 0x00, 0x00, 0x00, 0x00, 0x00, 0x00, 0x00, 0x00, 0x00,
  0x00, 0x00, 0x00, 0x00, 0x00, 0x00, 0x00, 0x00, 0x00, 0x00, 0x00, 0x00,
  0x00, 0x00, 0x00, 0x00, 0x00, 0x00, 0x00, 0x00, 0x00, 0x00, 0x00, 0x00,
  0x00, 0x00, 0x00, 0x00, 0x00, 0x00, 0x00, 0x00, 0x00, 0x00, 0x00, 0x00,
  0x00, 0x00, 0x00, 0x00, 0x00, 0x00, 0x00, 0x00, 0x00, 0x00, 0x00, 0x00,
  0x00, 0x00, 0x00, 0x00, 0x00, 0x00, 0x00, 0x00, 0x00, 0x00, 0x00, 0x00,
  0x00, 0x00, 0x00, 0x00, 0x00, 0x00, 0x00, 0x00, 0x00, 0x00, 0x00, 0x00,
  0x00, 0x00, 0x00, 0x00, 0x00, 0x00, 0x00, 0x00, 0x00, 0x00, 0x00, 0x00,
  0x00, 0x00, 0x00, 0x00, 0x00, 0x00, 0x00, 0x00, 0x00, 0x00, 0x00, 0x00,
  0x00, 0x00, 0x00, 0x00, 0x00, 0x00, 0x00, 0x00, 0x00, 0x00, 0x00, 0x00,
  0x00, 0x00, 0x00, 0x00, 0x00, 0x00, 0x00, 0x00, 0x00, 0x00, 0x00, 0x00,
  0x00, 0x00, 0x00, 0x00, 0x00, 0x00, 0x00, 0x00, 0x00, 0x00, 0x00, 0x00,
  0x00, 0x00, 0x00, 0x00, 0x00, 0x00, 0x00, 0x00, 0x00, 0x00, 0x00, 0x00,
  0x00, 0x00, 0x00, 0x00, 0x00, 0x00, 0x00, 0x00, 0x00, 0x00, 0x00, 0x00,
  0x00, 0x00, 0x00, 0x00, 0x00, 0x00, 0x00, 0x00, 0x00, 0x00, 0x00, 0x00,
  0x00, 0x00, 0x00, 0x00, 0x00, 0x00, 0x00, 0x00, 0x00, 0x00, 0x00, 0x00,
  0x00, 0x00, 0x00, 0x00, 0x00, 0x00, 0x00, 0x00, 0x00, 0x00, 0x00, 0x00,
  0x00, 0x00, 0x00, 0x00, 0x00, 0x00, 0x00, 0x00, 0x00, 0x00, 0x00, 0x00,
  0x00, 0x00, 0x00, 0x00, 0x00, 0x00, 0x00, 0x00, 0x00, 0x00, 0x00, 0x00,
  0x00, 0x00, 0x00, 0x00, 0x00, 0x00, 0x00, 0x00, 0x00, 0x00, 0x00, 0x00,
  0x00, 0x00, 0x00, 0x00, 0x00, 0x00, 0x00, 0x00, 0x00, 0x00, 0x00, 0x00,
  0x00, 0x00, 0x00, 0x00, 0x00, 0x00, 0x00, 0x00, 0x00, 0x00, 0x00, 0x00,
  0x00, 0x00, 0x00, 0x00, 0x00, 0x00, 0x00, 0x00, 0x00, 0x00, 0x00, 0x00,
  0x00, 0x00, 0x00, 0x00, 0x00, 0x00, 0x00, 0x00, 0x00, 0x00, 0x00, 0x00,
  0x00, 0x00, 0x00, 0x00, 0x00, 0x00, 0x00, 0x00, 0x00, 0x00, 0x00, 0x00,
  0x00, 0x00, 0x00, 0x00, 0x00, 0x00, 0x00, 0x00, 0x00, 0x00, 0x00, 0x00,
  0x00, 0x00, 0x00, 0x00, 0x00, 0x00, 0x00, 0x00, 0x00, 0x00, 0x00, 0x00,
  0x00, 0x00, 0x00, 0x00, 0x00, 0x00, 0x00, 0x00, 0x00, 0x00, 0x00, 0x00,
  0x00, 0x00, 0x00, 0x00, 0x00, 0x00, 0x00, 0x00, 0x00, 0x00, 0x00, 0x00,
  0x00, 0x00, 0x00, 0x00, 0x00, 0x00, 0x00, 0x00, 0x00, 0x00, 0x00, 0x00,
  0x00, 0x00, 0x00, 0x00, 0x00, 0x00, 0x00, 0x00, 0x00, 0x00, 0x00, 0x00,
  0x00, 0x00, 0x00, 0x00, 0x00, 0x00, 0x00, 0x00, 0x00, 0x00, 0x00, 0x00,
  0x00, 0x00, 0x00, 0x00, 0x00, 0x00, 0x00, 0x00, 0x00, 0x00, 0x00, 0x00,
  0x00, 0x00, 0x00, 0x00, 0x00, 0x00, 0x00, 0x00, 0x00, 0x00, 0x00, 0x00,
  0x00, 0x00, 0x00, 0x00, 0x00, 0x00, 0x00, 0x00, 0x00, 0x00, 0x00, 0x00,
  0x00, 0x00, 0x00, 0x00, 0x00, 0x00, 0x00, 0x00, 0x00, 0x00, 0x00, 0x00,
  0x00, 0x00, 0x00, 0x00, 0x00, 0x00, 0x00, 0x00, 0x00, 0x00, 0x00, 0x00,
  0x00, 0x00, 0x00, 0x00, 0x00, 0x00, 0x00, 0x00, 0x00, 0x00, 0x00, 0x00,
  0x00, 0x00, 0x00, 0x00, 0x00, 0x00, 0x00, 0x00, 0x00, 0x00, 0x00, 0x00,
  0x00, 0x00, 0x00, 0x00, 0x00, 0x00, 0x00, 0x00, 0x00, 0x00, 0x00, 0x00,
  0x00, 0x00, 0x00, 0x00, 0x00, 0x00, 0x00, 0x00, 0x00, 0x00, 0x00, 0x00,
  0x00, 0x00, 0x00, 0x00, 0x00, 0x00, 0x00, 0x00, 0x00, 0x00, 0x00, 0x00,
  0x00, 0x00, 0x00, 0x00, 0x00, 0x00, 0x00, 0x00, 0x00, 0x00, 0x00, 0x00,
  0x00, 0x00, 0x00, 0x00, 0x00, 0x00, 0x00, 0x00, 0x00, 0x00, 0x00, 0x00,
  0x00, 0x00, 0x00, 0x00, 0x00, 0x00, 0x00, 0x00, 0x00, 0x00, 0x00, 0x00,
  0x00, 0x00, 0x00, 0x00, 0x00, 0x00, 0x00, 0x00, 0x00, 0x00, 0x00, 0x00,
  0x00, 0x00, 0x00, 0x00, 0x00, 0x00, 0x00, 0x00, 0x00, 0x00, 0x00, 0x00,
  0x00, 0x00, 0x00, 0x00, 0x00, 0x00, 0x00, 0x00, 0x00, 0x00, 0x00, 0x00,
  0x00, 0x00, 0x00, 0x00, 0x00, 0x00, 0x00, 0x00, 0x00, 0x00, 0x00, 0x00,
  0x00, 0x00, 0x00, 0x00, 0x00, 0x00, 0x00, 0x00, 0x00, 0x00, 0x00, 0x00,
  0x00, 0x00, 0x00, 0x00, 0x00, 0x00, 0x00, 0x00, 0x00, 0x00, 0x00, 0x00,
  0x00, 0x00, 0x00, 0x00, 0x00, 0x00, 0x00, 0x00, 0x00, 0x00, 0x00, 0x00,
  0x00, 0x00, 0x00, 0x00, 0x00, 0x00, 0x00, 0x00, 0x00, 0x00, 0x00, 0x00,
  0x00, 0x00, 0x00, 0x00, 0x00, 0x00, 0x00, 0x00, 0x00, 0x00, 0x00, 0x00,
  0x00, 0x00, 0x00, 0x00, 0x00, 0x00, 0x00, 0x00, 0x00, 0x00, 0x00, 0x00,
  0x00, 0x00, 0x00, 0x00, 0x00, 0x00, 0x00, 0x00, 0x00, 0x00, 0x00, 0x00,
  0x00, 0x00, 0x00, 0x00, 0x00, 0x00, 0x00, 0x00, 0x00, 0x00, 0x00, 0x00,
  0x00, 0x00, 0x00, 0x00, 0x00, 0x00, 0x00, 0x00, 0x00, 0x00, 0x00, 0x00,
  0x00, 0x00, 0x00, 0x00, 0x00, 0x00, 0x00, 0x00, 0x00, 0x00, 0x00, 0x00,
  0x00, 0x00, 0x00, 0x00, 0x00, 0x00, 0x00, 0x00, 0x00, 0x00, 0x00, 0x00,
  0x00, 0x00, 0x00, 0x00, 0x00, 0x00, 0x00, 0x00, 0x00, 0x00, 0x00, 0x00,
  0x00, 0x00, 0x00, 0x00, 0x00, 0x00, 0x00, 0x00, 0x00, 0x00, 0x00, 0x00,
  0x00, 0x00, 0x00, 0x00, 0x00, 0x00, 0x00, 0x00, 0x00, 0x00, 0x00, 0x00,
  0x00, 0x00, 0x00, 0x00, 0x00, 0x00, 0x00, 0x00, 0x00, 0x00, 0x00, 0x00,
  0x00, 0x00, 0x00, 0x00, 0x00, 0x00, 0x00, 0x00, 0x00, 0x00, 0x00, 0x00,
  0x00, 0x00, 0x00, 0x00, 0x00, 0x00, 0x00, 0x00, 0x00, 0x00, 0x00, 0x00,
  0x00, 0x00, 0x00, 0x00, 0x00, 0x00, 0x00, 0x00, 0x00, 0x00, 0x00, 0x00,
  0x00, 0x00, 0x00, 0x00, 0x00, 0x00, 0x00, 0x00, 0x00, 0x00, 0x00, 0x00,
  0x00, 0x00, 0x00, 0x00, 0x00, 0x00, 0x00, 0x00, 0x00, 0x00, 0x00, 0x00,
  0x00, 0x00, 0x00, 0x00, 0x00, 0x00, 0x00, 0x00, 0x00, 0x00, 0x00, 0x00,
  0x00, 0x00, 0x00, 0x00, 0x00, 0x00, 0x00, 0x00, 0x00, 0x00, 0x00, 0x00,
  0x00, 0x00, 0x00, 0x00, 0x00, 0x00, 0x00, 0x00, 0x00, 0x00, 0x00, 0x00,
  0x00, 0x00, 0x00, 0x00, 0x00, 0x00, 0x00, 0x00, 0x00, 0x00, 0x00, 0x00,
  0x00, 0x00, 0x00, 0x00, 0x00, 0x00, 0x00, 0x00, 0x00, 0x00, 0x00, 0x00,
  0x00, 0x00, 0x00, 0x00, 0x00, 0x00, 0x00, 0x00, 0x00, 0x00, 0x00, 0x00,
  0x00, 0x00, 0x00, 0x00, 0x00, 0x00, 0x00, 0x00, 0x00, 0x00, 0x00, 0x00,
  0x00, 0x00, 0x00, 0x00, 0x00, 0x00, 0x00, 0x00, 0x00, 0x00, 0x00, 0x00,
  0x00, 0x00, 0x00, 0x00, 0x00, 0x00, 0x00, 0x00, 0x00, 0x00, 0x00, 0x00,
  0x00, 0x00, 0x00, 0x00, 0x00, 0x00, 0x00, 0x00, 0x00, 0x00, 0x00, 0x00,
  0x00, 0x00, 0x00, 0x00, 0x00, 0x00, 0x00, 0x00, 0x00, 0x00, 0x00, 0x00,
  0x00, 0x00, 0x00, 0x00, 0x00, 0x00, 0x00, 0x00, 0x00, 0x00, 0x00, 0x00,
  0x00, 0x00, 0x00, 0x00, 0x00, 0x00, 0x00, 0x00, 0x00, 0x00, 0x00, 0x00,
  0x00, 0x00, 0x00, 0x00, 0x00, 0x00, 0x00, 0x00, 0x00, 0x00, 0x00, 0x00,
  0x00, 0x00, 0x00, 0x00, 0x00, 0x00, 0x00, 0x00, 0x00, 0x00, 0x00, 0x00,
  0x00, 0x00, 0x00, 0x00, 0x00, 0x00, 0x00, 0x00, 0x00, 0x00, 0x00, 0x00,
  0x00, 0x00, 0x00, 0x00, 0x00, 0x00, 0x00, 0x00, 0x00, 0x00, 0x00, 0x00,
  0x00, 0x00, 0x00, 0x00, 0x00, 0x00, 0x00, 0x00, 0x00, 0x00, 0x00, 0x00,
  0x00, 0x00, 0x00, 0x00, 0x00, 0x00, 0x00, 0x00, 0x00, 0x00, 0x00, 0x00,
  0x00, 0x00, 0x00, 0x00, 0x00, 0x00, 0x00, 0x00, 0x00, 0x00, 0x00, 0x00,
  0x00, 0x00, 0x00, 0x00, 0x00, 0x00, 0x00, 0x00, 0x00, 0x00, 0x00, 0x00,
  0x00, 0x00, 0x00, 0x00, 0x00, 0x00, 0x00, 0x00, 0x00, 0x00, 0x00, 0x00,
  0x00, 0x00, 0x00, 0x00, 0x00, 0x00, 0x00, 0x00, 0x00, 0x00, 0x00, 0x00,
  0x00, 0x00, 0x00, 0x00, 0x00, 0x00, 0x00, 0x00, 0x00, 0x00, 0x00, 0x00,
  0x00, 0x00, 0x00, 0x00, 0x00, 0x00, 0x00, 0x00, 0x00, 0x00, 0x00, 0x00,
  0x00, 0x00, 0x00, 0x00, 0x00, 0x00, 0x00, 0x00, 0x00, 0x00, 0x00, 0x00,
  0x00, 0x00, 0x00, 0x00, 0x00, 0x00, 0x00, 0x00, 0x00, 0x00, 0x00, 0x00,
  0x00, 0x00, 0x00, 0x00, 0x00, 0x00, 0x00, 0x00, 0x00, 0x00, 0x00, 0x00,
  0x00, 0x00, 0x00, 0x00, 0x00, 0x00, 0x00, 0x00, 0x00, 0x00, 0x00, 0x00,
  0x00, 0x00, 0x00, 0x00, 0x00, 0x00, 0x00, 0x00, 0x00, 0x00, 0x00, 0x00,
  0x00, 0x00, 0x00, 0x00, 0x00, 0x00, 0x00, 0x00, 0x00, 0x00, 0x00, 0x00,
  0x00, 0x00, 0x00, 0x00, 0x00, 0x00, 0x00, 0x00, 0x00, 0x00, 0x00, 0x00,
  0x00, 0x00, 0x00, 0x00, 0x00, 0x00, 0x00, 0x00, 0x00, 0x00, 0x00, 0x00,
  0x00, 0x00, 0x00, 0x00, 0x00, 0x00, 0x00, 0x00, 0x00, 0x00, 0x00, 0x00,
  0x00, 0x00, 0x00, 0x00, 0x00, 0x00, 0x00, 0x00, 0x00, 0x00, 0x00, 0x00,
  0x00, 0x00, 0x00, 0x00, 0x00, 0x00, 0x00, 0x00, 0x00, 0x00, 0x00, 0x00,
  0x00, 0x00, 0x00, 0x00, 0x00, 0x00, 0x00, 0x00, 0x00, 0x00, 0x00, 0x00,
  0x00, 0x00, 0x00, 0x00, 0x00, 0x00, 0x00, 0x00, 0x00, 0x00, 0x00, 0x00,
  0x00, 0x00, 0x00, 0x00, 0x00, 0x00, 0x00, 0x00, 0x00, 0x00, 0x00, 0x00,
  0x00, 0x00, 0x00, 0x00, 0x00, 0x00, 0x00, 0x00, 0x00, 0x00, 0x00, 0x00,
  0x00, 0x00, 0x00, 0x00, 0x00, 0x00, 0x00, 0x00, 0x00, 0x00, 0x00, 0x00,
  0x00, 0x00, 0x00, 0x00, 0x00, 0x00, 0x00, 0x00, 0x00, 0x00, 0x00, 0x00,
  0x00, 0x00, 0x00, 0x00, 0x00, 0x00, 0x00, 0x00, 0x00, 0x00, 0x00, 0x00,
  0x00, 0x00, 0x00, 0x00, 0x00, 0x00, 0x00, 0x00, 0x00, 0x00, 0x00, 0x00,
  0x00, 0x00, 0x00, 0x00, 0x00, 0x00, 0x00, 0x00, 0x00, 0x00, 0x00, 0x00,
  0x00, 0x00, 0x00, 0x00, 0x00, 0x00, 0x00, 0x00, 0x00, 0x00, 0x00, 0x00,
  0x00, 0x00, 0x00, 0x00, 0x00, 0x00, 0x00, 0x00, 0x00, 0x00, 0x00, 0x00,
  0x00, 0x00, 0x00, 0x00, 0x00, 0x00, 0x00, 0x00, 0x00, 0x00, 0x00, 0x00,
  0x00, 0x00, 0x00, 0x00, 0x00, 0x00, 0x00, 0x00, 0x00, 0x00, 0x00, 0x00,
  0x00, 0x00, 0x00, 0x00, 0x00, 0x00, 0x00, 0x00, 0x00, 0x00, 0x00, 0x00,
  0x00, 0x00, 0x00, 0x00, 0x00, 0x00, 0x00, 0x00, 0x00, 0x00, 0x00, 0x00,
  0x00, 0x00, 0x00, 0x00, 0x00, 0x00, 0x00, 0x00, 0x00, 0x00, 0x00, 0x00,
  0x00, 0x00, 0x00, 0x00, 0x00, 0x00, 0x00, 0x00, 0x00, 0x00, 0x00, 0x00,
  0x00, 0x00, 0x00, 0x00, 0x00, 0x00, 0x00, 0x00, 0x00, 0x00, 0x00, 0x00,
  0x00, 0x00, 0x00, 0x00, 0x00, 0x00, 0x00, 0x00, 0x00, 0x00, 0x00, 0x00,
  0x00, 0x00, 0x00, 0x00, 0x00, 0x00, 0x00, 0x00, 0x00, 0x00, 0x00, 0x00,
  0x00, 0x00, 0x00, 0x00, 0x00, 0x00, 0x00, 0x00, 0x00, 0x00, 0x00, 0x00,
  0x00, 0x00, 0x00, 0x00, 0x00, 0x00, 0x00, 0x00, 0x00, 0x00, 0x00, 0x00,
  0x00, 0x00, 0x00, 0x00, 0x00, 0x00, 0x00, 0x00, 0x00, 0x00, 0x00, 0x00,
  0x00, 0x00, 0x00, 0x00, 0x00, 0x00, 0x00, 0x00, 0x00, 0x00, 0x00, 0x00,
  0x00, 0x00, 0x00, 0x00, 0x00, 0x00, 0x00, 0x00, 0x00, 0x00, 0x00, 0x00,
  0x00, 0x00, 0x00, 0x00, 0x00, 0x00, 0x00, 0x00, 0x00, 0x00, 0x00, 0x00,
  0x00, 0x00, 0x00, 0x00, 0x00, 0x00, 0x00, 0x00, 0x00, 0x00, 0x00, 0x00,
  0x00, 0x00, 0x00, 0x00, 0x00, 0x00, 0x00, 0x00, 0x00, 0x00, 0x00, 0x00,
  0x00, 0x00, 0x00, 0x00, 0x00, 0x00, 0x00, 0x00, 0x00, 0x00, 0x00, 0x00,
  0x00, 0x00, 0x00, 0x00, 0x00, 0x00, 0x00, 0x00, 0x00, 0x00, 0x00, 0x00,
  0x00, 0x00, 0x00, 0x00, 0x00, 0x00, 0x00, 0x00, 0x00, 0x00, 0x00, 0x00,
  0x00, 0x00, 0x00, 0x00, 0x00, 0x00, 0x00, 0x00, 0x00, 0x00, 0x00, 0x00,
  0x00, 0x00, 0x00, 0x00, 0x00, 0x00, 0x00, 0x00, 0x00, 0x00, 0x00, 0x00,
  0x00, 0x00, 0x00, 0x00, 0x00, 0x00, 0x00, 0x00, 0x00, 0x00, 0x00, 0x00,
  0x00, 0x00, 0x00, 0x00, 0x00, 0x00, 0x00, 0x00, 0x00, 0x00, 0x00, 0x00,
  0x00, 0x00, 0x00, 0x00, 0x00, 0x00, 0x00, 0x00, 0x00, 0x00, 0x00, 0x00,
  0x00, 0x00, 0x00, 0x00, 0x00, 0x00, 0x00, 0x00, 0x00, 0x00, 0x00, 0x00,
  0x00, 0x00, 0x00, 0x00, 0x00, 0x00, 0x00, 0x00, 0x00, 0x00, 0x00, 0x00,
  0x00, 0x00, 0x00, 0x00, 0x00, 0x00, 0x00, 0x00, 0x00, 0x00, 0x00, 0x00,
  0x00, 0x00, 0x00, 0x00, 0x00, 0x00, 0x00, 0x00, 0x00, 0x00, 0x00, 0x00,
  0x00, 0x00, 0x00, 0x00, 0x00, 0x00, 0x00, 0x00, 0x00, 0x00, 0x00, 0x00,
  0x00, 0x00, 0x00, 0x00, 0x00, 0x00, 0x00, 0x00, 0x00, 0x00, 0x00, 0x00,
  0x00, 0x00, 0x00, 0x00, 0x00, 0x00, 0x00, 0x00, 0x00, 0x00, 0x00, 0x00,
  0x00, 0x00, 0x00, 0x00, 0x00, 0x00, 0x00, 0x00, 0x00, 0x00, 0x00, 0x00,
  0x00, 0x00, 0x00, 0x00, 0x00, 0x00, 0x00, 0x00, 0x00, 0x00, 0x00, 0x00,
  0x00, 0x00, 0x00, 0x00, 0x00, 0x00, 0x00, 0x00, 0x00, 0x00, 0x00, 0x00,
  0x00, 0x00, 0x00, 0x00, 0x00, 0x00, 0x00, 0x00, 0x00, 0x00, 0x00, 0x00,
  0x00, 0x00, 0x00, 0x00, 0x00, 0x00, 0x00, 0x00, 0x00, 0x00, 0x00, 0x00,
  0x00, 0x00, 0x00, 0x00, 0x00, 0x00, 0x00, 0x00, 0x00, 0x00, 0x00, 0x00,
  0x00, 0x00, 0x00, 0x00, 0x00, 0x00, 0x00, 0x00, 0x00, 0x00, 0x00, 0x00,
  0x00, 0x00, 0x00, 0x00, 0x00, 0x00, 0x00, 0x00, 0x00, 0x00, 0x00, 0x00,
  0x00, 0x00, 0x00, 0x00, 0x00, 0x00, 0x00, 0x00, 0x00, 0x00, 0x00, 0x00,
  0x00, 0x00, 0x00, 0x00, 0x00, 0x00, 0x00, 0x00, 0x00, 0x00, 0x00, 0x00,
  0x00, 0x00, 0x00, 0x00, 0x00, 0x00, 0x00, 0x00, 0x00, 0x00, 0x00, 0x00,
  0x00, 0x00, 0x00, 0x00, 0x00, 0x00, 0x00, 0x00, 0x00, 0x00, 0x00, 0x00,
  0x00, 0x00, 0x00, 0x00, 0x00, 0x00, 0x00, 0x00, 0x00, 0x00, 0x00, 0x00,
  0x00, 0x00, 0x00, 0x00, 0x00, 0x00, 0x00, 0x00, 0x00, 0x00, 0x00, 0x00,
  0x00, 0x00, 0x00, 0x00, 0x00, 0x00, 0x00, 0x00, 0x00, 0x00, 0x00, 0x00,
  0x00, 0x00, 0x00, 0x00, 0x00, 0x00, 0x00, 0x00, 0x00, 0x00, 0x00, 0x00,
  0x00, 0x00, 0x00, 0x00, 0x00, 0x00, 0x00, 0x00, 0x00, 0x00, 0x00, 0x00,
  0x00, 0x00, 0x00, 0x00, 0x00, 0x00, 0x00, 0x00, 0x00, 0x00, 0x00, 0x00,
  0x00, 0x00, 0x00, 0x00, 0x00, 0x00, 0x00, 0x00, 0x00, 0x00, 0x00, 0x00,
  0x00, 0x00, 0x00, 0x00, 0x00, 0x00, 0x00, 0x00, 0x00, 0x00, 0x00, 0x00,
  0x00, 0x00, 0x00, 0x00, 0x00, 0x00, 0x00, 0x00, 0x00, 0x00, 0x00, 0x00,
  0x00, 0x00, 0x00, 0x00, 0x00, 0x00, 0x00, 0x00, 0x00, 0x00, 0x00, 0x00,
  0x00, 0x00, 0x00, 0x00, 0x00, 0x00, 0x00, 0x00, 0x00, 0x00, 0x00, 0x00,
  0x00, 0x00, 0x00, 0x00, 0x00, 0x00, 0x00, 0x00, 0x00, 0x00, 0x00, 0x00,
  0x00, 0x00, 0x00, 0x00, 0x00, 0x00, 0x00, 0x00, 0x00, 0x00, 0x00, 0x00,
  0x00, 0x00, 0x00, 0x00, 0x00, 0x00, 0x00, 0x00, 0x00, 0x00, 0x00, 0x00,
  0x00, 0x00, 0x00, 0x00, 0x00, 0x00, 0x00, 0x00, 0x00, 0x00, 0x00, 0x00,
  0x00, 0x00, 0x00, 0x00, 0x00, 0x00, 0x00, 0x00, 0x00, 0x00, 0x00, 0x00,
  0x00, 0x00, 0x00, 0x00, 0x00, 0x00, 0x00, 0x00, 0x00, 0x00, 0x00, 0x00,
  0x00, 0x00, 0x00, 0x00, 0x00, 0x00, 0x00, 0x00, 0x00, 0x00, 0x00, 0x00,
  0x00, 0x00, 0x00, 0x00, 0x00, 0x00, 0x00, 0x00, 0x00, 0x00, 0x00, 0x00,
  0x00, 0x00, 0x00, 0x00, 0x00, 0x00, 0x00, 0x00, 0x00, 0x00, 0x00, 0x00,
  0x00, 0x00, 0x00, 0x00, 0x00, 0x00, 0x00, 0x00, 0x00, 0x00, 0x00, 0x00,
  0x00, 0x00, 0x00, 0x00, 0x00, 0x00, 0x00, 0x00, 0x00, 0x00, 0x00, 0x00,
  0x00, 0x00, 0x00, 0x00, 0x00, 0x00, 0x00, 0x00, 0x00, 0x00, 0x00, 0x00,
  0x00, 0x00, 0x00, 0x00, 0x00, 0x00, 0x00, 0x00, 0x00, 0x00, 0x00, 0x00,
  0x00, 0x00, 0x00, 0x00, 0x00, 0x00, 0x00, 0x00, 0x00, 0x00, 0x00, 0x00,
  0x00, 0x00, 0x00, 0x00, 0x00, 0x00, 0x00, 0x00, 0x00, 0x00, 0x00, 0x00,
  0x00, 0x00, 0x00, 0x00, 0x00, 0x00, 0x00, 0x00, 0x00, 0x00, 0x00, 0x00,
  0x00, 0x00, 0x00, 0x00, 0x00, 0x00, 0x00, 0x00, 0x00, 0x00, 0x00, 0x00,
  0x00, 0x00, 0x00, 0x00, 0x00, 0x00, 0x00, 0x00, 0x00, 0x00, 0x00, 0x00,
  0x00, 0x00, 0x00, 0x00, 0x00, 0x00, 0x00, 0x00, 0x00, 0x00, 0x00, 0x00,
  0x00, 0x00, 0x00, 0x00, 0x00, 0x00, 0x00, 0x00, 0x00, 0x00, 0x00, 0x00,
  0x00, 0x00, 0x00, 0x00, 0x00, 0x00, 0x00, 0x00, 0x00, 0x00, 0x00, 0x00,
  0x00, 0x00, 0x00, 0x00, 0x00, 0x00, 0x00, 0x00, 0x00, 0x00, 0x00, 0x00,
  0x00, 0x00, 0x00, 0x00, 0x00, 0x00, 0x00, 0x00, 0x00, 0x00, 0x00, 0x00,
  0x00, 0x00, 0x00, 0x00, 0x00, 0x00, 0x00, 0x00, 0x00, 0x00, 0x00, 0x00,
  0x00, 0x00, 0x00, 0x00, 0x00, 0x00, 0x00, 0x00, 0x00, 0x00, 0x00, 0x00,
  0x00, 0x00, 0x00, 0x00, 0x00, 0x00, 0x00, 0x00, 0x00, 0x00, 0x00, 0x00,
  0x00, 0x00, 0x00, 0x00, 0x00, 0x00, 0x00, 0x00, 0x00, 0x00, 0x00, 0x00,
  0x00, 0x00, 0x00, 0x00, 0x00, 0x00, 0x00, 0x00, 0x00, 0x00, 0x00, 0x00,
  0x00, 0x00, 0x00, 0x00, 0x00, 0x00, 0x00, 0x00, 0x00, 0x00, 0x00, 0x00,
  0x00, 0x00, 0x00, 0x00, 0x00, 0x00, 0x00, 0x00, 0x00, 0x00, 0x00, 0x00,
  0x00, 0x00, 0x00, 0x00, 0x00, 0x00, 0x00, 0x00, 0x00, 0x00, 0x00, 0x00,
  0x00, 0x00, 0x00, 0x00, 0x00, 0x00, 0x00, 0x00, 0x00, 0x00, 0x00, 0x00,
  0x00, 0x00, 0x00, 0x00, 0x00, 0x00, 0x00, 0x00, 0x00, 0x00, 0x00, 0x00,
  0x00, 0x00, 0x00, 0x00, 0x00, 0x00, 0x00, 0x00, 0x00, 0x00, 0x00, 0x00,
  0x00, 0x00, 0x00, 0x00, 0x00, 0x00, 0x00, 0x00, 0x00, 0x00, 0x00, 0x00,
  0x00, 0x00, 0x00, 0x00, 0x00, 0x00, 0x00, 0x00, 0x00, 0x00, 0x00, 0x00,
  0x00, 0x00, 0x00, 0x00, 0x00, 0x00, 0x00, 0x00, 0x00, 0x00, 0x00, 0x00,
  0x00, 0x00, 0x00, 0x00, 0x00, 0x00, 0x00, 0x00, 0x00, 0x00, 0x00, 0x00,
  0x00, 0x00, 0x00, 0x00, 0x00, 0x00, 0x00, 0x00, 0x00, 0x00, 0x00, 0x00,
  0x00, 0x00, 0x00, 0x00, 0x00, 0x00, 0x00, 0x00, 0x00, 0x00, 0x00, 0x00,
  0x00, 0x00, 0x00, 0x00, 0x00, 0x00, 0x00, 0x00, 0x00, 0x00, 0x00, 0x00,
  0x00, 0x00, 0x00, 0x00, 0x00, 0x00, 0x00, 0x00, 0x00, 0x00, 0x00, 0x00,
  0x00, 0x00, 0x00, 0x00, 0x00, 0x00, 0x00, 0x00, 0x00, 0x00, 0x00, 0x00,
  0x00, 0x00, 0x00, 0x00, 0x00, 0x00, 0x00, 0x00, 0x00, 0x00, 0x00, 0x00,
  0x00, 0x00, 0x00, 0x00, 0x00, 0x00, 0x00, 0x00, 0x00, 0x00, 0x00, 0x00,
  0x00, 0x00, 0x00, 0x00, 0x00, 0x00, 0x00, 0x00, 0x00, 0x00, 0x00, 0x00,
  0x00, 0x00, 0x00, 0x00, 0x00, 0x00, 0x00, 0x00, 0x00, 0x00, 0x00, 0x00,
  0x00, 0x00, 0x00, 0x00, 0x00, 0x00, 0x00, 0x00, 0x00, 0x00, 0x00, 0x00,
  0x00, 0x00, 0x00, 0x00, 0x00, 0x00, 0x00, 0x00, 0x00, 0x00, 0x00, 0x00,
  0x00, 0x00, 0x00, 0x00, 0x00, 0x00, 0x00, 0x00, 0x00, 0x00, 0x00, 0x00,
  0x00, 0x00, 0x00, 0x00, 0x00, 0x00, 0x00, 0x00, 0x00, 0x00, 0x00, 0x00,
  0x00, 0x00, 0x00, 0x00, 0x00, 0x00, 0x00, 0x00, 0x00, 0x00, 0x00, 0x00,
  0x00, 0x00, 0x00, 0x00, 0x00, 0x00, 0x00, 0x00, 0x00, 0x00, 0x00, 0x00,
  0x00, 0x00, 0x00, 0x00, 0x00, 0x00, 0x00, 0x00, 0x00, 0x00, 0x00, 0x00,
  0x00, 0x00, 0x00, 0x00, 0x00, 0x00, 0x00, 0x00, 0x00, 0x00, 0x00, 0x00,
  0x00, 0x00, 0x00, 0x00, 0x00, 0x00, 0x00, 0x00, 0x00, 0x00, 0x00, 0x00,
  0x00, 0x00, 0x00, 0x00, 0x00, 0x00, 0x00, 0x00, 0x00, 0x00, 0x00, 0x00,
  0x00, 0x00, 0x00, 0x00, 0x00, 0x00, 0x00, 0x00, 0x00, 0x00, 0x00, 0x00,
  0x00, 0x00, 0x00, 0x00, 0x00, 0x00, 0x00, 0x00, 0x00, 0x00, 0x00, 0x00,
  0x00, 0x00, 0x00, 0x00, 0x00, 0x00, 0x00, 0x00, 0x00, 0x00, 0x00, 0x00,
  0x00, 0x00, 0x00, 0x00, 0x00, 0x00, 0x00, 0x00, 0x00, 0x00, 0x00, 0x00,
  0x00, 0x00, 0x00, 0x00, 0x00, 0x00, 0x00, 0x00, 0x00, 0x00, 0x00, 0x00,
  0x00, 0x00, 0x00, 0x00, 0x00, 0x00, 0x00, 0x00, 0x00, 0x00, 0x00, 0x00,
  0x00, 0x00, 0x00, 0x00, 0x00, 0x00, 0x00, 0x00, 0x00, 0x00, 0x00, 0x00,
  0x00, 0x00, 0x00, 0x00, 0x00, 0x00, 0x00, 0x00, 0x00, 0x00, 0x00, 0x00,
  0x00, 0x00, 0x00, 0x00, 0x00, 0x00, 0x00, 0x00, 0x00, 0x00, 0x00, 0x00,
  0x00, 0x00, 0x00, 0x00, 0x00, 0x00, 0x00, 0x00, 0x00, 0x00, 0x00, 0x00,
  0x00, 0x00, 0x00, 0x00, 0x00, 0x00, 0x00, 0x00, 0x00, 0x00, 0x00, 0x00,
  0x00, 0x00, 0x00, 0x00, 0x00, 0x00, 0x00, 0x00, 0x00, 0x00, 0x00, 0x00,
  0x00, 0x00, 0x00, 0x00, 0x00, 0x00, 0x00, 0x00, 0x00, 0x00, 0x00, 0x00,
  0x00, 0x00, 0x00, 0x00, 0x00, 0x00, 0x00, 0x00, 0x00, 0x00, 0x00, 0x00,
  0x00, 0x00, 0x00, 0x00, 0x00, 0x00, 0x00, 0x00, 0x00, 0x00, 0x00, 0x00,
  0x00, 0x00, 0x00, 0x00, 0x00, 0x00, 0x00, 0x00, 0x00, 0x00, 0x00, 0x00,
  0x00, 0x00, 0x00, 0x00, 0x00, 0x00, 0x00, 0x00, 0x00, 0x00, 0x00, 0x00,
  0x00, 0x00, 0x00, 0x00, 0x00, 0x00, 0x00, 0x00, 0x00, 0x00, 0x00, 0x00,
  0x00, 0x00, 0x00, 0x00, 0x00, 0x00, 0x00, 0x00, 0x00, 0x00, 0x00, 0x00,
  0x00, 0x00, 0x00, 0x00, 0x00, 0x00, 0x00, 0x00, 0x00, 0x00, 0x00, 0x00,
  0x00, 0x00, 0x00, 0x00, 0x00, 0x00, 0x00, 0x00, 0x00, 0x00, 0x00, 0x00,
  0x00, 0x00, 0x00, 0x00, 0x00, 0x00, 0x00, 0x00, 0x00, 0x00, 0x00, 0x00,
  0x00, 0x00, 0x00, 0x00, 0x00, 0x00, 0x00, 0x00, 0x00, 0x00, 0x00, 0x00,
  0x00, 0x00, 0x00, 0x00, 0x00, 0x00, 0x00, 0x00, 0x00, 0x00, 0x00, 0x00,
  0x00, 0x00, 0x00, 0x00, 0x00, 0x00, 0x00, 0x00, 0x00, 0x00, 0x00, 0x00,
  0x00, 0x00, 0x00, 0x00, 0x00, 0x00, 0x00, 0x00, 0x00, 0x00, 0x00, 0x00,
  0x00, 0x00, 0x00, 0x00, 0x00, 0x00, 0x00, 0x00, 0x00, 0x00, 0x00, 0x00,
  0x00, 0x00, 0x00, 0x00, 0x00, 0x00, 0x00, 0x00, 0x00, 0x00, 0x00, 0x00,
  0x00, 0x00, 0x00, 0x00, 0x00, 0x00, 0x00, 0x00, 0x00, 0x00, 0x00, 0x00,
  0x00, 0x00, 0x00, 0x00, 0x00, 0x00, 0x00, 0x00, 0x00, 0x00, 0x00, 0x00,
  0x00, 0x00, 0x00, 0x00, 0x00, 0x00, 0x00, 0x00, 0x00, 0x00, 0x00, 0x00,
  0x00, 0x00, 0x00, 0x00, 0x00, 0x00, 0x00, 0x00, 0x00, 0x00, 0x00, 0x00,
  0x00, 0x00, 0x00, 0x00, 0x00, 0x00, 0x00, 0x00, 0x00, 0x00, 0x00, 0x00,
  0x00, 0x00, 0x00, 0x00, 0x00, 0x00, 0x00, 0x00, 0x00, 0x00, 0x00, 0x00,
  0x00, 0x00, 0x00, 0x00, 0x00, 0x00, 0x00, 0x00, 0x00, 0x00, 0x00, 0x00,
  0x00, 0x00, 0x00, 0x00, 0x00, 0x00, 0x00, 0x00, 0x00, 0x00, 0x00, 0x00,
  0x00, 0x00, 0x00, 0x00, 0x00, 0x00, 0x00, 0x00, 0x00, 0x00, 0x00, 0x00,
  0x00, 0x00, 0x00, 0x00, 0x00, 0x00, 0x00, 0x00, 0x00, 0x00, 0x00, 0x00,
  0x00, 0x00, 0x00, 0x00, 0x00, 0x00, 0x00, 0x00, 0x00, 0x00, 0x00, 0x00,
  0x00, 0x00, 0x00, 0x00, 0x00, 0x00, 0x00, 0x00, 0x00, 0x00, 0x00, 0x00,
  0x00, 0x00, 0x00, 0x00, 0x00, 0x00, 0x00, 0x00, 0x00, 0x00, 0x00, 0x00,
  0x00, 0x00, 0x00, 0x00, 0x00, 0x00, 0x00, 0x00, 0x00, 0x00, 0x00, 0x00,
  0x00, 0x00, 0x00, 0x00, 0x00, 0x00, 0x00, 0x00, 0x00, 0x00, 0x00, 0x00,
  0x00, 0x00, 0x00, 0x00, 0x00, 0x00, 0x00, 0x00, 0x00, 0x00, 0x00, 0x00,
  0x00, 0x00, 0x00, 0x00, 0x00, 0x00, 0x00, 0x00, 0x00, 0x00, 0x00, 0x00,
  0x00, 0x00, 0x00, 0x00, 0x00, 0x00, 0x00, 0x00, 0x00, 0x00, 0x00, 0x00,
  0x00, 0x00, 0x00, 0x00, 0x00, 0x00, 0x00, 0x00, 0x00, 0x00, 0x00, 0x00,
  0x00, 0x00, 0x00, 0x00, 0x00, 0x00, 0x00, 0x00, 0x00, 0x00, 0x00, 0x00,
  0x00, 0x00, 0x00, 0x00, 0x00, 0x00, 0x00, 0x00, 0x00, 0x00, 0x00, 0x00,
  0x00, 0x00, 0x00, 0x00, 0x00, 0x00, 0x00, 0x00, 0x00, 0x00, 0x00, 0x00,
  0x00, 0x00, 0x00, 0x00, 0x00, 0x00, 0x00, 0x00, 0x00, 0x00, 0x00, 0x00,
  0x00, 0x00, 0x00, 0x00, 0x00, 0x00, 0x00, 0x00, 0x00, 0x00, 0x00, 0x00,
  0x00, 0x00, 0x00, 0x00, 0x00, 0x00, 0x00, 0x00, 0x00, 0x00, 0x00, 0x00,
  0x00, 0x00, 0x00, 0x00, 0x00, 0x00, 0x00, 0x00, 0x00, 0x00, 0x00, 0x00,
  0x00, 0x00, 0x00, 0x00, 0x00, 0x00, 0x00, 0x00, 0x00, 0x00, 0x00, 0x00,
  0x00, 0x00, 0x00, 0x00, 0x00, 0x00, 0x00, 0x00, 0x00, 0x00, 0x00, 0x00,
  0x00, 0x00, 0x00, 0x00, 0x00, 0x00, 0x00, 0x00, 0x00, 0x00, 0x00, 0x00,
  0x00, 0x00, 0x00, 0x00, 0x00, 0x00, 0x00, 0x00, 0x00, 0x00, 0x00, 0x00,
  0x00, 0x00, 0x00, 0x00, 0x00, 0x00, 0x00, 0x00, 0x00, 0x00, 0x00, 0x00,
  0x00, 0x00, 0x00, 0x00, 0x00, 0x00, 0x00, 0x00, 0x00, 0x00, 0x00, 0x00,
  0x00, 0x00, 0x00, 0x00, 0x00, 0x00, 0x00, 0x00, 0x00, 0x00, 0x00, 0x00,
  0x00, 0x00, 0x00, 0x00, 0x00, 0x00, 0x00, 0x00, 0x00, 0x00, 0x00, 0x00,
  0x00, 0x00, 0x00, 0x00, 0x00, 0x00, 0x00, 0x00, 0x00, 0x00, 0x00, 0x00,
  0x00, 0x00, 0x00, 0x00, 0x00, 0x00, 0x00, 0x00, 0x00, 0x00, 0x00, 0x00,
  0x00, 0x00, 0x00, 0x00, 0x00, 0x00, 0x00, 0x00, 0x00, 0x00, 0x00, 0x00,
  0x00, 0x00, 0x00, 0x00, 0x00, 0x00, 0x00, 0x00, 0x00, 0x00, 0x00, 0x00,
  0x00, 0x00, 0x00, 0x00, 0x00, 0x00, 0x00, 0x00, 0x00, 0x00, 0x00, 0x00,
  0x00, 0x00, 0x00, 0x00, 0x00, 0x00, 0x00, 0x00, 0x00, 0x00, 0x00, 0x00,
  0x00, 0x00, 0x00, 0x00, 0x00, 0x00, 0x00, 0x00, 0x00, 0x00, 0x00, 0x00,
  0x00, 0x00, 0x00, 0x00, 0x00, 0x00, 0x00, 0x00, 0x00, 0x00, 0x00, 0x00,
  0x00, 0x00, 0x00, 0x00, 0x00, 0x00, 0x00, 0x00, 0x00, 0x00, 0x00, 0x00,
  0x00, 0x00, 0x00, 0x00, 0x00, 0x00, 0x00, 0x00, 0x00, 0x00, 0x00, 0x00,
  0x00, 0x00, 0x00, 0x00, 0x00, 0x00, 0x00, 0x00, 0x00, 0x00, 0x00, 0x00,
  0x00, 0x00, 0x00, 0x00, 0x00, 0x00, 0x00, 0x00, 0x00, 0x00, 0x00, 0x00,
  0x00, 0x00, 0x00, 0x00, 0x00, 0x00, 0x00, 0x00, 0x00, 0x00, 0x00, 0x00,
  0x00, 0x00, 0x00, 0x00, 0x00, 0x00, 0x00, 0x00, 0x00, 0x00, 0x00, 0x00,
  0x00, 0x00, 0x00, 0x00, 0x00, 0x00, 0x00, 0x00, 0x00, 0x00, 0x00, 0x00,
  0x00, 0x00, 0x00, 0x00, 0x00, 0x00, 0x00, 0x00, 0x00, 0x00, 0x00, 0x00,
  0x00, 0x00, 0x00, 0x00, 0x00, 0x00, 0x00, 0x00, 0x00, 0x00, 0x00, 0x00,
  0x00, 0x00, 0x00, 0x00, 0x00, 0x00, 0x00, 0x00, 0x00, 0x00, 0x00, 0x00,
  0x00, 0x00, 0x00, 0x00, 0x00, 0x00, 0x00, 0x00, 0x00, 0x00, 0x00, 0x00,
  0x00, 0x00, 0x00, 0x00, 0x00, 0x00, 0x00, 0x00, 0x00, 0x00, 0x00, 0x00,
  0x00, 0x00, 0x00, 0x00, 0x00, 0x00, 0x00, 0x00, 0x00, 0x00, 0x00, 0x00,
  0x00, 0x00, 0x00, 0x00, 0x00, 0x00, 0x00, 0x00, 0x00, 0x00, 0x00, 0x00,
  0x00, 0x00, 0x00, 0x00, 0x00, 0x00, 0x00, 0x00, 0x00, 0x00, 0x00, 0x00,
  0x00, 0x00, 0x00, 0x00, 0x00, 0x00, 0x00, 0x00, 0x00, 0x00, 0x00, 0x00,
  0x00, 0x00, 0x00, 0x00, 0x00, 0x00, 0x00, 0x00, 0x00, 0x00, 0x00, 0x00,
  0x00, 0x00, 0x00, 0x00, 0x00, 0x00, 0x00, 0x00, 0x00, 0x00, 0x00, 0x00,
  0x00, 0x00, 0x00, 0x00, 0x00, 0x00, 0x00, 0x00, 0x00, 0x00, 0x00, 0x00,
  0x00, 0x00, 0x00, 0x00, 0x00, 0x00, 0x00, 0x00, 0x00, 0x00, 0x00, 0x00,
  0x00, 0x00, 0x00, 0x00, 0x00, 0x00, 0x00, 0x00, 0x00, 0x00, 0x00, 0x00,
  0x00, 0x00, 0x00, 0x00, 0x00, 0x00, 0x00, 0x00, 0x00, 0x00, 0x00, 0x00,
  0x00, 0x00, 0x00, 0x00, 0x00, 0x00, 0x00, 0x00, 0x00, 0x00, 0x00, 0x00,
  0x00, 0x00, 0x00, 0x00, 0x00, 0x00, 0x00, 0x00, 0x00, 0x00, 0x00, 0x00,
  0x00, 0x00, 0x00, 0x00, 0x00, 0x00, 0x00, 0x00, 0x00, 0x00, 0x00, 0x00,
  0x00, 0x00, 0x00, 0x00, 0x00, 0x00, 0x00, 0x00, 0x00, 0x00, 0x00, 0x00,
  0x00, 0x00, 0x00, 0x00, 0x00, 0x00, 0x00, 0x00, 0x00, 0x00, 0x00, 0x00,
  0x00, 0x00, 0x00, 0x00, 0x00, 0x00, 0x00, 0x00, 0x00, 0x00, 0x00, 0x00,
  0x00, 0x00, 0x00, 0x00, 0x00, 0x00, 0x00, 0x00, 0x00, 0x00, 0x00, 0x00,
  0x00, 0x00, 0x00, 0x00, 0x00, 0x00, 0x00, 0x00, 0x00, 0x00, 0x00, 0x00,
  0x00, 0x00, 0x00, 0x00, 0x00, 0x00, 0x00, 0x00, 0x00, 0x00, 0x00, 0x00,
  0x00, 0x00, 0x00, 0x00, 0x00, 0x00, 0x00, 0x00, 0x00, 0x00, 0x00, 0x00,
  0x00, 0x00, 0x00, 0x00, 0x00, 0x00, 0x00, 0x00, 0x00, 0x00, 0x00, 0x00,
  0x00, 0x00, 0x00, 0x00, 0x00, 0x00, 0x00, 0x00, 0x00, 0x00, 0x00, 0x00,
  0x00, 0x00, 0x00, 0x00, 0x00, 0x00, 0x00, 0x00, 0x00, 0x00, 0x00, 0x00,
  0x00, 0x00, 0x00, 0x00, 0x00, 0x00, 0x00, 0x00, 0x00, 0x00, 0x00, 0x00,
  0x00, 0x00, 0x00, 0x00, 0x00, 0x00, 0x00, 0x00, 0x00, 0x00, 0x00, 0x00,
  0x00, 0x00, 0x00, 0x00, 0x00, 0x00, 0x00, 0x00, 0x00, 0x00, 0x00, 0x00,
  0x00, 0x00, 0x00, 0x00, 0x00, 0x00, 0x00, 0x00, 0x00, 0x00, 0x00, 0x00,
  0x00, 0x00, 0x00, 0x00, 0x00, 0x00, 0x00, 0x00, 0x00, 0x00, 0x00, 0x00,
  0x00, 0x00, 0x00, 0x00, 0x00, 0x00, 0x00, 0x00, 0x00, 0x00, 0x00, 0x00,
  0x00, 0x00, 0x00, 0x00, 0x00, 0x00, 0x00, 0x00, 0x00, 0x00, 0x00, 0x00,
  0x00, 0x00, 0x00, 0x00, 0x00, 0x00, 0x00, 0x00, 0x00, 0x00, 0x00, 0x00,
  0x00, 0x00, 0x00, 0x00, 0x00, 0x00, 0x00, 0x00, 0x00, 0x00, 0x00, 0x00,
  0x00, 0x00, 0x00, 0x00, 0x00, 0x00, 0x00, 0x00, 0x00, 0x00, 0x00, 0x00,
  0x00, 0x00, 0x00, 0x00, 0x00, 0x00, 0x00, 0x00, 0x00, 0x00, 0x00, 0x00,
  0x00, 0x00, 0x00, 0x00, 0x00, 0x00, 0x00, 0x00, 0x00, 0x00, 0x00, 0x00,
  0x00, 0x00, 0x00, 0x00, 0x00, 0x00, 0x00, 0x00, 0x00, 0x00, 0x00, 0x00,
  0x00, 0x00, 0x00, 0x00, 0x00, 0x00, 0x00, 0x00, 0x00, 0x00, 0x00, 0x00,
  0x00, 0x00, 0x00, 0x00, 0x00, 0x00, 0x00, 0x00, 0x00, 0x00, 0x00, 0x00,
  0x00, 0x00, 0x00, 0x00, 0x00, 0x00, 0x00, 0x00, 0x00, 0x00, 0x00, 0x00,
  0x00, 0x00, 0x00, 0x00, 0x00, 0x00, 0x00, 0x00, 0x00, 0x00, 0x00, 0x00,
  0x00, 0x00, 0x00, 0x00, 0x00, 0x00, 0x00, 0x00, 0x00, 0x00, 0x00, 0x00,
  0x00, 0x00, 0x00, 0x00, 0x00, 0x00, 0x00, 0x00, 0x00, 0x00, 0x00, 0x00,
  0x00, 0x00, 0x00, 0x00, 0x00, 0x00, 0x00, 0x00, 0x00, 0x00, 0x00, 0x00,
  0x00, 0x00, 0x00, 0x00, 0x00, 0x00, 0x00, 0x00, 0x00, 0x00, 0x00, 0x00,
  0x00, 0x00, 0x00, 0x00, 0x00, 0x00, 0x00, 0x00, 0x00, 0x00, 0x00, 0x00,
  0x00, 0x00, 0x00, 0x00, 0x00, 0x00, 0x00, 0x00, 0x00, 0x00, 0x00, 0x00,
  0x00, 0x00, 0x00, 0x00, 0x00, 0x00, 0x00, 0x00, 0x00, 0x00, 0x00, 0x00,
  0x00, 0x00, 0x00, 0x00, 0x00, 0x00, 0x00, 0x00, 0x00, 0x00, 0x00, 0x00,
  0x00, 0x00, 0x00, 0x00, 0x00, 0x00, 0x00, 0x00, 0x00, 0x00, 0x00, 0x00,
  0x00, 0x00, 0x00, 0x00, 0x00, 0x00, 0x00, 0x00, 0x00, 0x00, 0x00, 0x00,
  0x00, 0x00, 0x00, 0x00, 0x00, 0x00, 0x00, 0x00, 0x00, 0x00, 0x00, 0x00,
  0x00, 0x00, 0x00, 0x00, 0x00, 0x00, 0x00, 0x00, 0x00, 0x00, 0x00, 0x00,
  0x00, 0x00, 0x00, 0x00, 0x00, 0x00, 0x00, 0x00, 0x00, 0x00, 0x00, 0x00,
  0x00, 0x00, 0x00, 0x00, 0x00, 0x00, 0x00, 0x00, 0x00, 0x00, 0x00, 0x00,
  0x00, 0x00, 0x00, 0x00, 0x00, 0x00, 0x00, 0x00, 0x00, 0x00, 0x00, 0x00,
  0x00, 0x00, 0x00, 0x00, 0x00, 0x00, 0x00, 0x00, 0x00, 0x00, 0x00, 0x00,
  0x00, 0x00, 0x00, 0x00, 0x00, 0x00, 0x00, 0x00, 0x00, 0x00, 0x00, 0x00,
  0x00, 0x00, 0x00, 0x00, 0x00, 0x00, 0x00, 0x00, 0x00, 0x00, 0x00, 0x00,
  0x00, 0x00, 0x00, 0x00, 0x00, 0x00, 0x00, 0x00, 0x00, 0x00, 0x00, 0x00,
  0x00, 0x00, 0x00, 0x00, 0x00, 0x00, 0x00, 0x00, 0x00, 0x00, 0x00, 0x00,
  0x00, 0x00, 0x00, 0x00, 0x00, 0x00, 0x00, 0x00, 0x00, 0x00, 0x00, 0x00,
  0x00, 0x00, 0x00, 0x00, 0x00, 0x00, 0x00, 0x00, 0x00, 0x00, 0x00, 0x00,
  0x00, 0x00, 0x00, 0x00, 0x00, 0x00, 0x00, 0x00, 0x00, 0x00, 0x00, 0x00,
  0x00, 0x00, 0x00, 0x00, 0x00, 0x00, 0x00, 0x00, 0x00, 0x00, 0x00, 0x00,
  0x00, 0x00, 0x00, 0x00, 0x00, 0x00, 0x00, 0x00, 0x00, 0x00, 0x00, 0x00,
  0x00, 0x00, 0x00, 0x00, 0x00, 0x00, 0x00, 0x00, 0x00, 0x00, 0x00, 0x00,
  0x00, 0x00, 0x00, 0x00, 0x00, 0x00, 0x00, 0x00, 0x00, 0x00, 0x00, 0x00,
  0x00, 0x00, 0x00, 0x00, 0x00, 0x00, 0x00, 0x00, 0x00, 0x00, 0x00, 0x00,
  0x00, 0x00, 0x00, 0x00, 0x00, 0x00, 0x00, 0x00, 0x00, 0x00, 0x00, 0x00,
  0x00, 0x00, 0x00, 0x00, 0x00, 0x00, 0x00, 0x00, 0x00, 0x00, 0x00, 0x00,
  0x00, 0x00, 0x00, 0x00, 0x00, 0x00, 0x00, 0x00, 0x00, 0x00, 0x00, 0x00,
  0x00, 0x00, 0x00, 0x00, 0x00, 0x00, 0x00, 0x00, 0x00, 0x00, 0x00, 0x00,
  0x00, 0x00, 0x00, 0x00, 0x00, 0x00, 0x00, 0x00, 0x00, 0x00, 0x00, 0x00,
  0x00, 0x00, 0x00, 0x00, 0x00, 0x00, 0x00, 0x00, 0x00, 0x00, 0x00, 0x00,
  0x00, 0x00, 0x00, 0x00, 0x00, 0x00, 0x00, 0x00, 0x00, 0x00, 0x00, 0x00,
  0x00, 0x00, 0x00, 0x00, 0x00, 0x00, 0x00, 0x00, 0x00, 0x00, 0x00, 0x00,
  0x00, 0x00, 0x00, 0x00, 0x00, 0x00, 0x00, 0x00, 0x00, 0x00, 0x00, 0x00,
  0x00, 0x00, 0x00, 0x00, 0x00, 0x00, 0x00, 0x00, 0x00, 0x00, 0x00, 0x00,
  0x00, 0x00, 0x00, 0x00, 0x00, 0x00, 0x00, 0x00, 0x00, 0x00, 0x00, 0x00,
  0x00, 0x00, 0x00, 0x00, 0x00, 0x00, 0x00, 0x00, 0x00, 0x00, 0x00, 0x00,
  0x00, 0x00, 0x00, 0x00, 0x00, 0x00, 0x00, 0x00, 0x00, 0x00, 0x00, 0x00,
  0x00, 0x00, 0x00, 0x00, 0x00, 0x00, 0x00, 0x00, 0x00, 0x00, 0x00, 0x00,
  0x00, 0x00, 0x00, 0x00, 0x00, 0x00, 0x00, 0x00, 0x00, 0x00, 0x00, 0x00,
  0x00, 0x00, 0x00, 0x00, 0x00, 0x00, 0x00, 0x00, 0x00, 0x00, 0x00, 0x00,
  0x00, 0x00, 0x00, 0x00, 0x00, 0x00, 0x00, 0x00, 0x00, 0x00, 0x00, 0x00,
  0x00, 0x00, 0x00, 0x00, 0x00, 0x00, 0x00, 0x00, 0x00, 0x00, 0x00, 0x00,
  0x00, 0x00, 0x00, 0x00, 0x00, 0x00, 0x00, 0x00, 0x00, 0x00, 0x00, 0x00,
  0x00, 0x00, 0x00, 0x00, 0x00, 0x00, 0x00, 0x00, 0x00, 0x00, 0x00, 0x00,
  0x00, 0x00, 0x00, 0x00, 0x00, 0x00, 0x00, 0x00, 0x00, 0x00, 0x00, 0x00,
  0x00, 0x00, 0x00, 0x00, 0x00, 0x00, 0x00, 0x00, 0x00, 0x00, 0x00, 0x00,
  0x00, 0x00, 0x00, 0x00, 0x00, 0x00, 0x00, 0x00, 0x00, 0x00, 0x00, 0x00,
  0x00, 0x00, 0x00, 0x00, 0x00, 0x00, 0x00, 0x00, 0x00, 0x00, 0x00, 0x00,
  0x00, 0x00, 0x00, 0x00, 0x00, 0x00, 0x00, 0x00, 0x00, 0x00, 0x00, 0x00,
  0x00, 0x00, 0x00, 0x00, 0x00, 0x00, 0x00, 0x00, 0x00, 0x00, 0x00, 0x00,
  0x00, 0x00, 0x00, 0x00, 0x00, 0x00, 0x00, 0x00, 0x00, 0x00, 0x00, 0x00,
  0x00, 0x00, 0x00, 0x00, 0x00, 0x00, 0x00, 0x00, 0x00, 0x00, 0x00, 0x00,
  0x00, 0x00, 0x00, 0x00, 0x00, 0x00, 0x00, 0x00, 0x00, 0x00, 0x00, 0x00,
  0x00, 0x00, 0x00, 0x00, 0x00, 0x00, 0x00, 0x00, 0x00, 0x00, 0x00, 0x00,
  0x00, 0x00, 0x00, 0x00, 0x00, 0x00, 0x00, 0x00, 0x00, 0x00, 0x00, 0x00,
  0x00, 0x00, 0x00, 0x00, 0x00, 0x00, 0x00, 0x00, 0x00, 0x00, 0x00, 0x00,
  0x00, 0x00, 0x00, 0x00, 0x00, 0x00, 0x00, 0x00, 0x00, 0x00, 0x00, 0x00,
  0x00, 0x00, 0x00, 0x00, 0x00, 0x00, 0x00, 0x00, 0x00, 0x00, 0x00, 0x00,
  0x00, 0x00, 0x00, 0x00, 0x00, 0x00, 0x00, 0x00, 0x00, 0x00, 0x00, 0x00,
  0x00, 0x00, 0x00, 0x00, 0x00, 0x00, 0x00, 0x00, 0x00, 0x00, 0x00, 0x00,
  0x00, 0x00, 0x00, 0x00, 0x00, 0x00, 0x00, 0x00, 0x00, 0x00, 0x00, 0x00,
  0x00, 0x00, 0x00, 0x00, 0x00, 0x00, 0x00, 0x00, 0x00, 0x00, 0x00, 0x00,
  0x00, 0x00, 0x00, 0x00, 0x00, 0x00, 0x00, 0x00, 0x00, 0x00, 0x00, 0x00,
  0x00, 0x00, 0x00, 0x00, 0x00, 0x00, 0x00, 0x00, 0x00, 0x00, 0x00, 0x00,
  0x00, 0x00, 0x00, 0x00, 0x00, 0x00, 0x00, 0x00, 0x00, 0x00, 0x00, 0x00,
  0x00, 0x00, 0x00, 0x00, 0x00, 0x00, 0x00, 0x00, 0x00, 0x00, 0x00, 0x00,
  0x00, 0x00, 0x00, 0x00, 0x00, 0x00, 0x00, 0x00, 0x00, 0x00, 0x00, 0x00,
  0x00, 0x00, 0x00, 0x00, 0x00, 0x00, 0x00, 0x00, 0x00, 0x00, 0x00, 0x00,
  0x00, 0x00, 0x00, 0x00, 0x00, 0x00, 0x00, 0x00, 0x00, 0x00, 0x00, 0x00,
  0x00, 0x00, 0x00, 0x00, 0x00, 0x00, 0x00, 0x00, 0x00, 0x00, 0x00, 0x00,
  0x00, 0x00, 0x00, 0x00, 0x00, 0x00, 0x00, 0x00, 0x00, 0x00, 0x00, 0x00,
  0x00, 0x00, 0x00, 0x00, 0x00, 0x00, 0x00, 0x00, 0x00, 0x00, 0x00, 0x00,
  0x00, 0x00, 0x00, 0x00, 0x00, 0x00, 0x00, 0x00, 0x00, 0x00, 0x00, 0x00,
  0x00, 0x00, 0x00, 0x00, 0x00, 0x00, 0x00, 0x00, 0x00, 0x00, 0x00, 0x00,
  0x00, 0x00, 0x00, 0x00, 0x00, 0x00, 0x00, 0x00, 0x00, 0x00, 0x00, 0x00,
  0x00, 0x00, 0x00, 0x00, 0x00, 0x00, 0x00, 0x00, 0x00, 0x00, 0x00, 0x00,
  0x00, 0x00, 0x00, 0x00, 0x00, 0x00, 0x00, 0x00, 0x00, 0x00, 0x00, 0x00,
  0x00, 0x00, 0x00, 0x00, 0x00, 0x00, 0x00, 0x00, 0x00, 0x00, 0x00, 0x00,
  0x00, 0x00, 0x00, 0x00, 0x00, 0x00, 0x00, 0x00, 0x00, 0x00, 0x00, 0x00,
  0x00, 0x00, 0x00, 0x00, 0x00, 0x00, 0x00, 0x00, 0x00, 0x00, 0x00, 0x00,
  0x00, 0x00, 0x00, 0x00, 0x00, 0x00, 0x00, 0x00, 0x00, 0x00, 0x00, 0x00,
  0x00, 0x00, 0x00, 0x00, 0x00, 0x00, 0x00, 0x00, 0x00, 0x00, 0x00, 0x00,
  0x00, 0x00, 0x00, 0x00, 0x00, 0x00, 0x00, 0x00, 0x00, 0x00, 0x00, 0x00,
  0x00, 0x00, 0x00, 0x00, 0x00, 0x00, 0x00, 0x00, 0x00, 0x00, 0x00, 0x00,
  0x00, 0x00, 0x00, 0x00, 0x00, 0x00, 0x00, 0x00, 0x00, 0x00, 0x00, 0x00,
  0x00, 0x00, 0x00, 0x00, 0x00, 0x00, 0x00, 0x00, 0x00, 0x00, 0x00, 0x00,
  0x00, 0x00, 0x00, 0x00, 0x00, 0x00, 0x00, 0x00, 0x00, 0x00, 0x00, 0x00,
  0x00, 0x00, 0x00, 0x00, 0x00, 0x00, 0x00, 0x00, 0x00, 0x00, 0x00, 0x00,
  0x00, 0x00, 0x00, 0x00, 0x00, 0x00, 0x00, 0x00, 0x00, 0x00, 0x00, 0x00,
  0x00, 0x00, 0x00, 0x00, 0x00, 0x00, 0x00, 0x00, 0x00, 0x00, 0x00, 0x00,
  0x00, 0x00, 0x00, 0x00, 0x00, 0x00, 0x00, 0x00, 0x00, 0x00, 0x00, 0x00,
  0x00, 0x00, 0x00, 0x00, 0x00, 0x00, 0x00, 0x00, 0x00, 0x00, 0x00, 0x00,
  0x00, 0x00, 0x00, 0x00, 0x00, 0x00, 0x00, 0x00, 0x00, 0x00, 0x00, 0x00,
  0x00, 0x00, 0x00, 0x00, 0x00, 0x00, 0x00, 0x00, 0x00, 0x00, 0x00, 0x00,
  0x00, 0x00, 0x00, 0x00, 0x00, 0x00, 0x00, 0x00, 0x00, 0x00, 0x00, 0x00,
  0x00, 0x00, 0x00, 0x00, 0x00, 0x00, 0x00, 0x00, 0x00, 0x00, 0x00, 0x00,
  0x00, 0x00, 0x00, 0x00, 0x00, 0x00, 0x00, 0x00, 0x00, 0x00, 0x00, 0x00,
  0x00, 0x00, 0x00, 0x00, 0x00, 0x00, 0x00, 0x00, 0x00, 0x00, 0x00, 0x00,
  0x00, 0x00, 0x00, 0x00, 0x00, 0x00, 0x00, 0x00, 0x00, 0x00, 0x00, 0x00,
  0x00, 0x00, 0x00, 0x00, 0x00, 0x00, 0x00, 0x00, 0x00, 0x00, 0x00, 0x00,
  0x00, 0x00, 0x00, 0x00, 0x00, 0x00, 0x00, 0x00, 0x00, 0x00, 0x00, 0x00,
  0x00, 0x00, 0x00, 0x00, 0x00, 0x00, 0x00, 0x00, 0x00, 0x00, 0x00, 0x00,
  0x00, 0x00, 0x00, 0x00, 0x00, 0x00, 0x00, 0x00, 0x00, 0x00, 0x00, 0x00,
  0x00, 0x00, 0x00, 0x00, 0x00, 0x00, 0x00, 0x00, 0x00, 0x00, 0x00, 0x00,
  0x00, 0x00, 0x00, 0x00, 0x00, 0x00, 0x00, 0x00, 0x00, 0x00, 0x00, 0x00,
  0x00, 0x00, 0x00, 0x00, 0x00, 0x00, 0x00, 0x00, 0x00, 0x00, 0x00, 0x00,
  0x00, 0x00, 0x00, 0x00, 0x00, 0x00, 0x00, 0x00, 0x00, 0x00, 0x00, 0x00,
  0x00, 0x00, 0x00, 0x00, 0x00, 0x00, 0x00, 0x00, 0x00, 0x00, 0x00, 0x00,
  0x00, 0x00, 0x00, 0x00, 0x00, 0x00, 0x00, 0x00, 0x00, 0x00, 0x00, 0x00,
  0x00, 0x00, 0x00, 0x00, 0x00, 0x00, 0x00, 0x00, 0x00, 0x00, 0x00, 0x00,
  0x00, 0x00, 0x00, 0x00, 0x00, 0x00, 0x00, 0x00, 0x00, 0x00, 0x00, 0x00,
  0x00, 0x00, 0x00, 0x00, 0x00, 0x00, 0x00, 0x00, 0x00, 0x00, 0x00, 0x00,
  0x00, 0x00, 0x00, 0x00, 0x00, 0x00, 0x00, 0x00, 0x00, 0x00, 0x00, 0x00,
  0x00, 0x00, 0x00, 0x00, 0x00, 0x00, 0x00, 0x00, 0x00, 0x00, 0x00, 0x00,
  0x00, 0x00, 0x00, 0x00, 0x00, 0x00, 0x00, 0x00, 0x00, 0x00, 0x00, 0x00,
  0x00, 0x00, 0x00, 0x00, 0x00, 0x00, 0x00, 0x00, 0x00, 0x00, 0x00, 0x00,
  0x00, 0x00, 0x00, 0x00, 0x00, 0x00, 0x00, 0x00, 0x00, 0x00, 0x00, 0x00,
  0x00, 0x00, 0x00, 0x00, 0x00, 0x00, 0x00, 0x00, 0x00, 0x00, 0x00, 0x00,
  0x00, 0x00, 0x00, 0x00, 0x00, 0x00, 0x00, 0x00, 0x00, 0x00, 0x00, 0x00,
  0x00, 0x00, 0x00, 0x00, 0x00, 0x00, 0x00, 0x00, 0x00, 0x00, 0x00, 0x00,
  0x00, 0x00, 0x00, 0x00, 0x00, 0x00, 0x00, 0x00, 0x00, 0x00, 0x00, 0x00,
  0x00, 0x00, 0x00, 0x00, 0x00, 0x00, 0x00, 0x00, 0x00, 0x00, 0x00, 0x00,
  0x00, 0x00, 0x00, 0x00, 0x00, 0x00, 0x00, 0x00, 0x00, 0x00, 0x00, 0x00,
  0x00, 0x00, 0x00, 0x00, 0x00, 0x00, 0x00, 0x00, 0x00, 0x00, 0x00, 0x00,
  0x00, 0x00, 0x00, 0x00, 0x00, 0x00, 0x00, 0x00, 0x00, 0x00, 0x00, 0x00,
  0x00, 0x00, 0x00, 0x00, 0x00, 0x00, 0x00, 0x00, 0x00, 0x00, 0x00, 0x00,
  0x00, 0x00, 0x00, 0x00, 0x00, 0x00, 0x00, 0x00, 0x00, 0x00, 0x00, 0x00,
  0x00, 0x00, 0x00, 0x00, 0x00, 0x00, 0x00, 0x00, 0x00, 0x00, 0x00, 0x00,
  0x00, 0x00, 0x00, 0x00, 0x00, 0x00, 0x00, 0x00, 0x00, 0x00, 0x00, 0x00,
  0x00, 0x00, 0x00, 0x00, 0x00, 0x00, 0x00, 0x00, 0x00, 0x00, 0x00, 0x00,
  0x00, 0x00, 0x00, 0x00, 0x00, 0x00, 0x00, 0x00, 0x00, 0x00, 0x00, 0x00,
  0x00, 0x00, 0x00, 0x00, 0x00, 0x00, 0x00, 0x00, 0x00, 0x00, 0x00, 0x00,
  0x00, 0x00, 0x00, 0x00, 0x00, 0x00, 0x00, 0x00, 0x00, 0x00, 0x00, 0x00,
  0x00, 0x00, 0x00, 0x00, 0x00, 0x00, 0x00, 0x00, 0x00, 0x00, 0x00, 0x00,
  0x00, 0x00, 0x00, 0x00, 0x00, 0x00, 0x00, 0x00, 0x00, 0x00, 0x00, 0x00,
  0x00, 0x00, 0x00, 0x00, 0x00, 0x00, 0x00, 0x00, 0x00, 0x00, 0x00, 0x00,
  0x00, 0x00, 0x00, 0x00, 0x00, 0x00, 0x00, 0x00, 0x00, 0x00, 0x00, 0x00,
  0x00, 0x00, 0x00, 0x00, 0x00, 0x00, 0x00, 0x00, 0x00, 0x00, 0x00, 0x00,
  0x00, 0x00, 0x00, 0x00, 0x00, 0x00, 0x00, 0x00, 0x00, 0x00, 0x00, 0x00,
  0x00, 0x00, 0x00, 0x00, 0x00, 0x00, 0x00, 0x00, 0x00, 0x00, 0x00, 0x00,
  0x00, 0x00, 0x00, 0x00, 0x00, 0x00, 0x00, 0x00, 0x00, 0x00, 0x00, 0x00,
  0x00, 0x00, 0x00, 0x00, 0x00, 0x00, 0x00, 0x00, 0x00, 0x00, 0x00, 0x00,
  0x00, 0x00, 0x00, 0x00, 0x00, 0x00, 0x00, 0x00, 0x00, 0x00, 0x00, 0x00,
  0x00, 0x00, 0x00, 0x00, 0x00, 0x00, 0x00, 0x00, 0x00, 0x00, 0x00, 0x00,
  0x00, 0x00, 0x00, 0x00, 0x00, 0x00, 0x00, 0x00, 0x00, 0x00, 0x00, 0x00,
  0x00, 0x00, 0x00, 0x00, 0x00, 0x00, 0x00, 0x00, 0x00, 0x00, 0x00, 0x00,
  0x00, 0x00, 0x00, 0x00, 0x00, 0x00, 0x00, 0x00, 0x00, 0x00, 0x00, 0x00,
  0x00, 0x00, 0x00, 0x00, 0x00, 0x00, 0x00, 0x00, 0x00, 0x00, 0x00, 0x00,
  0x00, 0x00, 0x00, 0x00, 0x00, 0x00, 0x00, 0x00, 0x00, 0x00, 0x00, 0x00,
  0x00, 0x00, 0x00, 0x00, 0x00, 0x00, 0x00, 0x00, 0x00, 0x00, 0x00, 0x00,
  0x00, 0x00, 0x00, 0x00, 0x00, 0x00, 0x00, 0x00, 0x00, 0x00, 0x00, 0x00,
  0x00, 0x00, 0x00, 0x00, 0x00, 0x00, 0x00, 0x00, 0x00, 0x00, 0x00, 0x00,
  0x00, 0x00, 0x00, 0x00, 0x00, 0x00, 0x00, 0x00, 0x00, 0x00, 0x00, 0x00,
  0x00, 0x00, 0x00, 0x00, 0x00, 0x00, 0x00, 0x00, 0x00, 0x00, 0x00, 0x00,
  0x00, 0x00, 0x00, 0x00, 0x00, 0x00, 0x00, 0x00, 0x00, 0x00, 0x00, 0x00,
  0x00, 0x00, 0x00, 0x00, 0x00, 0x00, 0x00, 0x00, 0x00, 0x00, 0x00, 0x00,
  0x00, 0x00, 0x00, 0x00, 0x00, 0x00, 0x00, 0x00, 0x00, 0x00, 0x00, 0x00,
  0x00, 0x00, 0x00, 0x00, 0x00, 0x00, 0x00, 0x00, 0x00, 0x00, 0x00, 0x00,
  0x00, 0x00, 0x00, 0x00, 0x00, 0x00, 0x00, 0x00, 0x00, 0x00, 0x00, 0x00,
  0x00, 0x00, 0x00, 0x00, 0x00, 0x00, 0x00, 0x00, 0x00, 0x00, 0x00, 0x00,
  0x00, 0x00, 0x00, 0x00, 0x00, 0x00, 0x00, 0x00, 0x00, 0x00, 0x00, 0x00,
  0x00, 0x00, 0x00, 0x00, 0x00, 0x00, 0x00, 0x00, 0x00, 0x00, 0x00, 0x00,
  0x00, 0x00, 0x00, 0x00, 0x00, 0x00, 0x00, 0x00, 0x00, 0x00, 0x00, 0x00,
  0x00, 0x00, 0x00, 0x00, 0x00, 0x00, 0x00, 0x00, 0x00, 0x00, 0x00, 0x00,
  0x00, 0x00, 0x00, 0x00, 0x00, 0x00, 0x00, 0x00, 0x00, 0x00, 0x00, 0x00,
  0x00, 0x00, 0x00, 0x00, 0x00, 0x00, 0x00, 0x00, 0x00, 0x00, 0x00, 0x00,
  0x00, 0x00, 0x00, 0x00, 0x00, 0x00, 0x00, 0x00, 0x00, 0x00, 0x00, 0x00,
  0x00, 0x00, 0x00, 0x00, 0x00, 0x00, 0x00, 0x00, 0x00, 0x00, 0x00, 0x00,
  0x00, 0x00, 0x00, 0x00, 0x00, 0x00, 0x00, 0x00, 0x00, 0x00, 0x00, 0x00,
  0x00, 0x00, 0x00, 0x00, 0x00, 0x00, 0x00, 0x00, 0x00, 0x00, 0x00, 0x00,
  0x00, 0x00, 0x00, 0x00, 0x00, 0x00, 0x00, 0x00, 0x00, 0x00, 0x00, 0x00,
  0x00, 0x00, 0x00, 0x00, 0x00, 0x00, 0x00, 0x00, 0x00, 0x00, 0x00, 0x00,
  0x00, 0x00, 0x00, 0x00, 0x00, 0x00, 0x00, 0x00, 0x00, 0x00, 0x00, 0x00,
  0x00, 0x00, 0x00, 0x00, 0x00, 0x00, 0x00, 0x00, 0x00, 0x00, 0x00, 0x00,
  0x00, 0x00, 0x00, 0x00, 0x00, 0x00, 0x00, 0x00, 0x00, 0x00, 0x00, 0x00,
  0x00, 0x00, 0x00, 0x00, 0x00, 0x00, 0x00, 0x00, 0x00, 0x00, 0x00, 0x00,
  0x00, 0x00, 0x00, 0x00, 0x00, 0x00, 0x00, 0x00, 0x00, 0x00, 0x00, 0x00,
  0x00, 0x00, 0x00, 0x00, 0x00, 0x00, 0x00, 0x00, 0x00, 0x00, 0x00, 0x00,
  0x00, 0x00, 0x00, 0x00, 0x00, 0x00, 0x00, 0x00, 0x00, 0x00, 0x00, 0x00,
  0x00, 0x00, 0x00, 0x00, 0x00, 0x00, 0x00, 0x00, 0x00, 0x00, 0x00, 0x00,
  0x00, 0x00, 0x00, 0x00, 0x00, 0x00, 0x00, 0x00, 0x00, 0x00, 0x00, 0x00,
  0x00, 0x00, 0x00, 0x00, 0x00, 0x00, 0x00, 0x00, 0x00, 0x00, 0x00, 0x00,
  0x00, 0x00, 0x00, 0x00, 0x00, 0x00, 0x00, 0x00, 0x00, 0x00, 0x00, 0x00,
  0x00, 0x00, 0x00, 0x00, 0x00, 0x00, 0x00, 0x00, 0x00, 0x00, 0x00, 0x00,
  0x00, 0x00, 0x00, 0x00, 0x00, 0x00, 0x00, 0x00, 0x00, 0x00, 0x00, 0x00,
  0x00, 0x00, 0x00, 0x00, 0x00, 0x00, 0x00, 0x00, 0x00, 0x00, 0x00, 0x00,
  0x00, 0x00, 0x00, 0x00, 0x00, 0x00, 0x00, 0x00, 0x00, 0x00, 0x00, 0x00,
  0x00, 0x00, 0x00, 0x00, 0x00, 0x00, 0x00, 0x00, 0x00, 0x00, 0x00, 0x00,
  0x00, 0x00, 0x00, 0x00, 0x00, 0x00, 0x00, 0x00, 0x00, 0x00, 0x00, 0x00,
  0x00, 0x00, 0x00, 0x00, 0x00, 0x00, 0x00, 0x00, 0x00, 0x00, 0x00, 0x00,
  0x00, 0x00, 0x00, 0x00, 0x00, 0x00, 0x00, 0x00, 0x00, 0x00, 0x00, 0x00,
  0x00, 0x00, 0x00, 0x00, 0x00, 0x00, 0x00, 0x00, 0x00, 0x00, 0x00, 0x00,
  0x00, 0x00, 0x00, 0x00, 0x00, 0x00, 0x00, 0x00, 0x00, 0x00, 0x00, 0x00,
  0x00, 0x00, 0x00, 0x00, 0x00, 0x00, 0x00, 0x00, 0x00, 0x00, 0x00, 0x00,
  0x00, 0x00, 0x00, 0x00, 0x00, 0x00, 0x00, 0x00, 0x00, 0x00, 0x00, 0x00,
  0x00, 0x00, 0x00, 0x00, 0x00, 0x00, 0x00, 0x00, 0x00, 0x00, 0x00, 0x00,
  0x00, 0x00, 0x00, 0x00, 0x00, 0x00, 0x00, 0x00, 0x00, 0x00, 0x00, 0x00,
  0x00, 0x00, 0x00, 0x00, 0x00, 0x00, 0x00, 0x00, 0x00, 0x00, 0x00, 0x00,
  0x00, 0x00, 0x00, 0x00, 0x00, 0x00, 0x00, 0x00, 0x00, 0x00, 0x00, 0x00,
  0x00, 0x00, 0x00, 0x00, 0x00, 0x00, 0x00, 0x00, 0x00, 0x00, 0x00, 0x00,
  0x00, 0x00, 0x00, 0x00, 0x00, 0x00, 0x00, 0x00, 0x00, 0x00, 0x00, 0x00,
  0x00, 0x00, 0x00, 0x00, 0x00, 0x00, 0x00, 0x00, 0x00, 0x00, 0x00, 0x00,
  0x00, 0x00, 0x00, 0x00, 0x00, 0x00, 0x00, 0x00, 0x00, 0x00, 0x00, 0x00,
  0x00, 0x00, 0x00, 0x00, 0x00, 0x00, 0x00, 0x00, 0x00, 0x00, 0x00, 0x00,
  0x00, 0x00, 0x00, 0x00, 0x00, 0x00, 0x00, 0x00, 0x00, 0x00, 0x00, 0x00,
  0x00, 0x00, 0x00, 0x00, 0x00, 0x00, 0x00, 0x00, 0x00, 0x00, 0x00, 0x00,
  0x00, 0x00, 0x00, 0x00, 0x00, 0x00, 0x00, 0x00, 0x00, 0x00, 0x00, 0x00,
  0x00, 0x00, 0x00, 0x00, 0x00, 0x00, 0x00, 0x00, 0x00, 0x00, 0x00, 0x00,
  0x00, 0x00, 0x00, 0x00, 0x00, 0x00, 0x00, 0x00, 0x00, 0x00, 0x00, 0x00,
  0x00, 0x00, 0x00, 0x00, 0x00, 0x00, 0x00, 0x00, 0x00, 0x00, 0x00, 0x00,
  0x00, 0x00, 0x00, 0x00, 0x00, 0x00, 0x00, 0x00, 0x00, 0x00, 0x00, 0x00,
  0x00, 0x00, 0x00, 0x00, 0x00, 0x00, 0x00, 0x00, 0x00, 0x00, 0x00, 0x00,
  0x00, 0x00, 0x00, 0x00, 0x00, 0x00, 0x00, 0x00, 0x00, 0x00, 0x00, 0x00,
  0x00, 0x00, 0x00, 0x00, 0x00, 0x00, 0x00, 0x00, 0x00, 0x00, 0x00, 0x00,
  0x00, 0x00, 0x00, 0x00, 0x00, 0x00, 0x00, 0x00, 0x00, 0x00, 0x00, 0x00,
  0x00, 0x00, 0x00, 0x00, 0x00, 0x00, 0x00, 0x00, 0x00, 0x00, 0x00, 0x00,
  0x00, 0x00, 0x00, 0x00, 0x00, 0x00, 0x00, 0x00, 0x00, 0x00, 0x00, 0x00,
  0x00, 0x00, 0x00, 0x00, 0x00, 0x00, 0x00, 0x00, 0x00, 0x00, 0x00, 0x00,
  0x00, 0x00, 0x00, 0x00, 0x00, 0x00, 0x00, 0x00, 0x00, 0x00, 0x00, 0x00,
  0x00, 0x00, 0x00, 0x00, 0x00, 0x00, 0x00, 0x00, 0x00, 0x00, 0x00, 0x00,
  0x00, 0x00, 0x00, 0x00, 0x00, 0x00, 0x00, 0x00, 0x00, 0x00, 0x00, 0x00,
  0x00, 0x00, 0x00, 0x00, 0x00, 0x00, 0x00, 0x00, 0x00, 0x00, 0x00, 0x00,
  0x00, 0x00, 0x00, 0x00, 0x00, 0x00, 0x00, 0x00, 0x00, 0x00, 0x00, 0x00,
  0x00, 0x00, 0x00, 0x00, 0x00, 0x00, 0x00, 0x00, 0x00, 0x00, 0x00, 0x00,
  0x00, 0x00, 0x00, 0x00, 0x00, 0x00, 0x00, 0x00, 0x00, 0x00, 0x00, 0x00,
  0x00, 0x00, 0x00, 0x00, 0x00, 0x00, 0x00, 0x00, 0x00, 0x00, 0x00, 0x00,
  0x00, 0x00, 0x00, 0x00, 0x00, 0x00, 0x00, 0x00, 0x00, 0x00, 0x00, 0x00,
  0x00, 0x00, 0x00, 0x00, 0x00, 0x00, 0x00, 0x00, 0x00, 0x00, 0x00, 0x00,
  0x00, 0x00, 0x00, 0x00, 0x00, 0x00, 0x00, 0x00, 0x00, 0x00, 0x00, 0x00,
  0x00, 0x00, 0x00, 0x00, 0x00, 0x00, 0x00, 0x00, 0x00, 0x00, 0x00, 0x00,
  0x00, 0x00, 0x00, 0x00, 0x00, 0x00, 0x00, 0x00, 0x00, 0x00, 0x00, 0x00,
  0x00, 0x00, 0x00, 0x00, 0x00, 0x00, 0x00, 0x00, 0x00, 0x00, 0x00, 0x00,
  0x00, 0x00, 0x00, 0x00, 0x00, 0x00, 0x00, 0x00, 0x00, 0x00, 0x00, 0x00,
  0x00, 0x00, 0x00, 0x00, 0x00, 0x00, 0x00, 0x00, 0x00, 0x00, 0x00, 0x00,
  0x00, 0x00, 0x00, 0x00, 0x00, 0x00, 0x00, 0x00, 0x00, 0x00, 0x00, 0x00,
  0x00, 0x00, 0x00, 0x00, 0x00, 0x00, 0x00, 0x00, 0x00, 0x00, 0x00, 0x00,
  0x00, 0x00, 0x00, 0x00, 0x00, 0x00, 0x00, 0x00, 0x00, 0x00, 0x00, 0x00,
  0x00, 0x00, 0x00, 0x00, 0x00, 0x00, 0x00, 0x00, 0x00, 0x00, 0x00, 0x00,
  0x00, 0x00, 0x00, 0x00, 0x00, 0x00, 0x00, 0x00, 0x00, 0x00, 0x00, 0x00,
  0x00, 0x00, 0x00, 0x00, 0x00, 0x00, 0x00, 0x00, 0x00, 0x00, 0x00, 0x00,
  0x00, 0x00, 0x00, 0x00, 0x00, 0x00, 0x00, 0x00, 0x00, 0x00, 0x00, 0x00,
  0x00, 0x00, 0x00, 0x00, 0x00, 0x00, 0x00, 0x00, 0x00, 0x00, 0x00, 0x00,
  0x00, 0x00, 0x00, 0x00, 0x00, 0x00, 0x00, 0x00, 0x00, 0x00, 0x00, 0x00,
  0x00, 0x00, 0x00, 0x00, 0x00, 0x00, 0x00, 0x00, 0x00, 0x00, 0x00, 0x00,
  0x00, 0x00, 0x00, 0x00, 0x00, 0x00, 0x00, 0x00, 0x00, 0x00, 0x00, 0x00,
  0x00, 0x00, 0x00, 0x00, 0x00, 0x00, 0x00, 0x00, 0x00, 0x00, 0x00, 0x00,
  0x00, 0x00, 0x00, 0x00, 0x00, 0x00, 0x00, 0x00, 0x00, 0x00, 0x00, 0x00,
  0x00, 0x00, 0x00, 0x00, 0x00, 0x00, 0x00, 0x00, 0x00, 0x00, 0x00, 0x00,
  0x00, 0x00, 0x00, 0x00, 0x00, 0x00, 0x00, 0x00, 0x00, 0x00, 0x00, 0x00,
  0x00, 0x00, 0x00, 0x00, 0x00, 0x00, 0x00, 0x00, 0x00, 0x00, 0x00, 0x00,
  0x00, 0x00, 0x00, 0x00, 0x00, 0x00, 0x00, 0x00, 0x00, 0x00, 0x00, 0x00,
  0x00, 0x00, 0x00, 0x00, 0x00, 0x00, 0x00, 0x00, 0x00, 0x00, 0x00, 0x00,
  0x00, 0x00, 0x00, 0x00, 0x00, 0x00, 0x00, 0x00, 0x00, 0x00, 0x00, 0x00,
  0x00, 0x00, 0x00, 0x00, 0x00, 0x00, 0x00, 0x00, 0x00, 0x00, 0x00, 0x00,
  0x00, 0x00, 0x00, 0x00, 0x00, 0x00, 0x00, 0x00, 0x00, 0x00, 0x00, 0x00,
  0x00, 0x00, 0x00, 0x00, 0x00, 0x00, 0x00, 0x00, 0x00, 0x00, 0x00, 0x00,
  0x00, 0x00, 0x00, 0x00, 0x00, 0x00, 0x00, 0x00, 0x00, 0x00, 0x00, 0x00,
  0x00, 0x00, 0x00, 0x00, 0x00, 0x00, 0x00, 0x00, 0x00, 0x00, 0x00, 0x00,
  0x00, 0x00, 0x00, 0x00, 0x00, 0x00, 0x00, 0x00, 0x00, 0x00, 0x00, 0x00,
  0x00, 0x00, 0x00, 0x00, 0x00, 0x00, 0x00, 0x00, 0x00, 0x00, 0x00, 0x00,
  0x00, 0x00, 0x00, 0x00, 0x00, 0x00, 0x00, 0x00, 0x00, 0x00, 0x00, 0x00,
  0x00, 0x00, 0x00, 0x00, 0x00, 0x00, 0x00, 0x00, 0x00, 0x00, 0x00, 0x00,
  0x00, 0x00, 0x00, 0x00, 0x00, 0x00, 0x00, 0x00, 0x00, 0x00, 0x00, 0x00,
  0x00, 0x00, 0x00, 0x00, 0x00, 0x00, 0x00, 0x00, 0x00, 0x00, 0x00, 0x00,
  0x00, 0x00, 0x00, 0x00, 0x00, 0x00, 0x00, 0x00, 0x00, 0x00, 0x00, 0x00,
  0x00, 0x00, 0x00, 0x00, 0x00, 0x00, 0x00, 0x00, 0x00, 0x00, 0x00, 0x00,
  0x00, 0x00, 0x00, 0x00, 0x00, 0x00, 0x00, 0x00, 0x00, 0x00, 0x00, 0x00,
  0x00, 0x00, 0x00, 0x00, 0x00, 0x00, 0x00, 0x00, 0x00, 0x00, 0x00, 0x00,
  0x00, 0x00, 0x00, 0x00, 0x00, 0x00, 0x00, 0x00, 0x00, 0x00, 0x00, 0x00,
  0x00, 0x00, 0x00, 0x00, 0x00, 0x00, 0x00, 0x00, 0x00, 0x00, 0x00, 0x00,
  0x00, 0x00, 0x00, 0x00, 0x00, 0x00, 0x00, 0x00, 0x00, 0x00, 0x00, 0x00,
  0x00, 0x00, 0x00, 0x00, 0x00, 0x00, 0x00, 0x00, 0x00, 0x00, 0x00, 0x00,
  0x00, 0x00, 0x00, 0x00, 0x00, 0x00, 0x00, 0x00, 0x00, 0x00, 0x00, 0x00,
  0x00, 0x00, 0x00, 0x00, 0x00, 0x00, 0x00, 0x00, 0x00, 0x00, 0x00, 0x00,
  0x00, 0x00, 0x00, 0x00, 0x00, 0x00, 0x00, 0x00, 0x00, 0x00, 0x00, 0x00,
  0x00, 0x00, 0x00, 0x00, 0x00, 0x00, 0x00, 0x00, 0x00, 0x00, 0x00, 0x00,
  0x00, 0x00, 0x00, 0x00, 0x00, 0x00, 0x00, 0x00, 0x00, 0x00, 0x00, 0x00,
  0x00, 0x00, 0x00, 0x00, 0x00, 0x00, 0x00, 0x00, 0x00, 0x00, 0x00, 0x00,
  0x00, 0x00, 0x00, 0x00, 0x00, 0x00, 0x00, 0x00, 0x00, 0x00, 0x00, 0x00,
  0x00, 0x00, 0x00, 0x00, 0x00, 0x00, 0x00, 0x00, 0x00, 0x00, 0x00, 0x00,
  0x00, 0x00, 0x00, 0x00, 0x00, 0x00, 0x00, 0x00, 0x00, 0x00, 0x00, 0x00,
  0x00, 0x00, 0x00, 0x00, 0x00, 0x00, 0x00, 0x00, 0x00, 0x00, 0x00, 0x00,
  0x00, 0x00, 0x00, 0x00, 0x00, 0x00, 0x00, 0x00, 0x00, 0x00, 0x00, 0x00,
  0x00, 0x00, 0x00, 0x00, 0x00, 0x00, 0x00, 0x00, 0x00, 0x00, 0x00, 0x00,
  0x00, 0x00, 0x00, 0x00, 0x00, 0x00, 0x00, 0x00, 0x00, 0x00, 0x00, 0x00,
  0x00, 0x00, 0x00, 0x00, 0x00, 0x00, 0x00, 0x00, 0x00, 0x00, 0x00, 0x00,
  0x00, 0x00, 0x00, 0x00, 0x00, 0x00, 0x00, 0x00, 0x00, 0x00, 0x00, 0x00,
  0x00, 0x00, 0x00, 0x00, 0x00, 0x00, 0x00, 0x00, 0x00, 0x00, 0x00, 0x00,
  0x00, 0x00, 0x00, 0x00, 0x00, 0x00, 0x00, 0x00, 0x00, 0x00, 0x00, 0x00,
  0x00, 0x00, 0x00, 0x00, 0x00, 0x00, 0x00, 0x00, 0x00, 0x00, 0x00, 0x00,
  0x00, 0x00, 0x00, 0x00, 0x00, 0x00, 0x00, 0x00, 0x00, 0x00, 0x00, 0x00,
  0x00, 0x00, 0x00, 0x00, 0x00, 0x00, 0x00, 0x00, 0x00, 0x00, 0x00, 0x00,
  0x00, 0x00, 0x00, 0x00, 0x00, 0x00, 0x00, 0x00, 0x00, 0x00, 0x00, 0x00,
  0x00, 0x00, 0x00, 0x00, 0x00, 0x00, 0x00, 0x00, 0x00, 0x00, 0x00, 0x00,
  0x00, 0x00, 0x00, 0x00, 0x00, 0x00, 0x00, 0x00, 0x00, 0x00, 0x00, 0x00,
  0x00, 0x00, 0x00, 0x00, 0x00, 0x00, 0x00, 0x00, 0x00, 0x00, 0x00, 0x00,
  0x00, 0x00, 0x00, 0x00, 0x00, 0x00, 0x00, 0x00, 0x00, 0x00, 0x00, 0x00,
  0x00, 0x00, 0x00, 0x00, 0x00, 0x00, 0x00, 0x00, 0x00, 0x00, 0x00, 0x00,
  0x00, 0x00, 0x00, 0x00, 0x00, 0x00, 0x00, 0x00, 0x00, 0x00, 0x00, 0x00,
  0x00, 0x00, 0x00, 0x00, 0x00, 0x00, 0x00, 0x00, 0x00, 0x00, 0x00, 0x00,
  0x00, 0x00, 0x00, 0x00, 0x00, 0x00, 0x00, 0x00, 0x00, 0x00, 0x00, 0x00,
  0x00, 0x00, 0x00, 0x00, 0x00, 0x00, 0x00, 0x00, 0x00, 0x00, 0x00, 0x00,
  0x00, 0x00, 0x00, 0x00, 0x00, 0x00, 0x00, 0x00, 0x00, 0x00, 0x00, 0x00,
  0x00, 0x00, 0x00, 0x00, 0x00, 0x00, 0x00, 0x00, 0x00, 0x00, 0x00, 0x00,
  0x00, 0x00, 0x00, 0x00, 0x00, 0x00, 0x00, 0x00, 0x00, 0x00, 0x00, 0x00,
  0x00, 0x00, 0x00, 0x00, 0x00, 0x00, 0x00, 0x00, 0x00, 0x00, 0x00, 0x00,
  0x00, 0x00, 0x00, 0x00, 0x00, 0x00, 0x00, 0x00, 0x00, 0x00, 0x00, 0x00,
  0x00, 0x00, 0x00, 0x00, 0x00, 0x00, 0x00, 0x00, 0x00, 0x00, 0x00, 0x00,
  0x00, 0x00, 0x00, 0x00, 0x00, 0x00, 0x00, 0x00, 0x00, 0x00, 0x00, 0x00,
  0x00, 0x00, 0x00, 0x00, 0x00, 0x00, 0x00, 0x00, 0x00, 0x00, 0x00, 0x00,
  0x00, 0x00, 0x00, 0x00, 0x00, 0x00, 0x00, 0x00, 0x00, 0x00, 0x00, 0x00,
  0x00, 0x00, 0x00, 0x00, 0x00, 0x00, 0x00, 0x00, 0x00, 0x00, 0x00, 0x00,
  0x00, 0x00, 0x00, 0x00, 0x00, 0x00, 0x00, 0x00, 0x00, 0x00, 0x00, 0x00,
  0x00, 0x00, 0x00, 0x00, 0x00, 0x00, 0x00, 0x00, 0x00, 0x00, 0x00, 0x00,
  0x00, 0x00, 0x00, 0x00, 0x00, 0x00, 0x00, 0x00, 0x00, 0x00, 0x00, 0x00,
  0x00, 0x00, 0x00, 0x00, 0x00, 0x00, 0x00, 0x00, 0x00, 0x00, 0x00, 0x00,
  0x00, 0x00, 0x00, 0x00, 0x00, 0x00, 0x00, 0x00, 0x00, 0x00, 0x00, 0x00,
  0x00, 0x00, 0x00, 0x00, 0x00, 0x00, 0x00, 0x00, 0x00, 0x00, 0x00, 0x00,
  0x00, 0x00, 0x00, 0x00, 0x00, 0x00, 0x00, 0x00, 0x00, 0x00, 0x00, 0x00,
  0x00, 0x00, 0x00, 0x00, 0x00, 0x00, 0x00, 0x00, 0x00, 0x00, 0x00, 0x00,
  0x00, 0x00, 0x00, 0x00, 0x00, 0x00, 0x00, 0x00, 0x00, 0x00, 0x00, 0x00,
  0x00, 0x00, 0x00, 0x00, 0x00, 0x00, 0x00, 0x00, 0x00, 0x00, 0x00, 0x00,
  0x00, 0x00, 0x00, 0x00, 0x00, 0x00, 0x00, 0x00, 0x00, 0x00, 0x00, 0x00,
  0x00, 0x00, 0x00, 0x00, 0x00, 0x00, 0x00, 0x00, 0x00, 0x00, 0x00, 0x00,
  0x00, 0x00, 0x00, 0x00, 0x00, 0x00, 0x00, 0x00, 0x00, 0x00, 0x00, 0x00,
  0x00, 0x00, 0x00, 0x00, 0x00, 0x00, 0x00, 0x00, 0x00, 0x00, 0x00, 0x00,
  0x00, 0x00, 0x00, 0x00, 0x00, 0x00, 0x00, 0x00, 0x00, 0x00, 0x00, 0x00,
  0x00, 0x00, 0x00, 0x00, 0x00, 0x00, 0x00, 0x00, 0x00, 0x00, 0x00, 0x00,
  0x00, 0x00, 0x00, 0x00, 0x00, 0x00, 0x00, 0x00, 0x00, 0x00, 0x00, 0x00,
  0x00, 0x00, 0x00, 0x00, 0x00, 0x00, 0x00, 0x00, 0x00, 0x00, 0x00, 0x00,
  0x00, 0x00, 0x00, 0x00, 0x00, 0x00, 0x00, 0x00, 0x00, 0x00, 0x00, 0x00,
  0x00, 0x00, 0x00, 0x00, 0x00, 0x00, 0x00, 0x00, 0x00, 0x00, 0x00, 0x00,
  0x00, 0x00, 0x00, 0x00, 0x00, 0x00, 0x00, 0x00, 0x00, 0x00, 0x00, 0x00,
  0x00, 0x00, 0x00, 0x00, 0x00, 0x00, 0x00, 0x00, 0x00, 0x00, 0x00, 0x00,
  0x00, 0x00, 0x00, 0x00, 0x00, 0x00, 0x00, 0x00, 0x00, 0x00, 0x00, 0x00,
  0x00, 0x00, 0x00, 0x00, 0x00, 0x00, 0x00, 0x00, 0x00, 0x00, 0x00, 0x00,
  0x00, 0x00, 0x00, 0x00, 0x00, 0x00, 0x00, 0x00, 0x00, 0x00, 0x00, 0x00,
  0x00, 0x00, 0x00, 0x00, 0x00, 0x00, 0x00, 0x00, 0x00, 0x00, 0x00, 0x00,
  0x00, 0x00, 0x00, 0x00, 0x00, 0x00, 0x00, 0x00, 0x00, 0x00, 0x00, 0x00,
  0x00, 0x00, 0x00, 0x00, 0x00, 0x00, 0x00, 0x00, 0x00, 0x00, 0x00, 0x00,
  0x00, 0x00, 0x00, 0x00, 0x00, 0x00, 0x00, 0x00, 0x00, 0x00, 0x00, 0x00,
  0x00, 0x00, 0x00, 0x00, 0x00, 0x00, 0x00, 0x00, 0x00, 0x00, 0x00, 0x00,
  0x00, 0x00, 0x00, 0x00, 0x00, 0x00, 0x00, 0x00, 0x00, 0x00, 0x00, 0x00,
  0x00, 0x00, 0x00, 0x00, 0x00, 0x00, 0x00, 0x00, 0x00, 0x00, 0x00, 0x00,
  0x00, 0x00, 0x00, 0x00, 0x00, 0x00, 0x00, 0x00, 0x00, 0x00, 0x00, 0x00,
  0x00, 0x00, 0x00, 0x00, 0x00, 0x00, 0x00, 0x00, 0x00, 0x00, 0x00, 0x00,
  0x00, 0x00, 0x00, 0x00, 0x00, 0x00, 0x00, 0x00, 0x00, 0x00, 0x00, 0x00,
  0x00, 0x00, 0x00, 0x00, 0x00, 0x00, 0x00, 0x00, 0x00, 0x00, 0x00, 0x00,
  0x00, 0x00, 0x00, 0x00, 0x00, 0x00, 0x00, 0x00, 0x00, 0x00, 0x00, 0x00,
  0x00, 0x00, 0x00, 0x00, 0x00, 0x00, 0x00, 0x00, 0x00, 0x00, 0x00, 0x00,
  0x00, 0x00, 0x00, 0x00, 0x00, 0x00, 0x00, 0x00, 0x00, 0x00, 0x00, 0x00,
  0x00, 0x00, 0x00, 0x00, 0x00, 0x00, 0x00, 0x00, 0x00, 0x00, 0x00, 0x00,
  0x00, 0x00, 0x00, 0x00, 0x00, 0x00, 0x00, 0x00, 0x00, 0x00, 0x00, 0x00,
  0x00, 0x00, 0x00, 0x00, 0x00, 0x00, 0x00, 0x00, 0x00, 0x00, 0x00, 0x00,
  0x00, 0x00, 0x00, 0x00, 0x00, 0x00, 0x00, 0x00, 0x00, 0x00, 0x00, 0x00,
  0x00, 0x00, 0x00, 0x00, 0x00, 0x00, 0x00, 0x00, 0x00, 0x00, 0x00, 0x00,
  0x00, 0x00, 0x00, 0x00, 0x00, 0x00, 0x00, 0x00, 0x00, 0x00, 0x00, 0x00,
  0x00, 0x00, 0x00, 0x00, 0x00, 0x00, 0x00, 0x00, 0x00, 0x00, 0x00, 0x00,
  0x00, 0x00, 0x00, 0x00, 0x00, 0x00, 0x00, 0x00, 0x00, 0x00, 0x00, 0x00,
  0x00, 0x00, 0x00, 0x00, 0x00, 0x00, 0x00, 0x00, 0x00, 0x00, 0x00, 0x00,
  0x00, 0x00, 0x00, 0x00, 0x00, 0x00, 0x00, 0x00, 0x00, 0x00, 0x00, 0x00,
  0x00, 0x00, 0x00, 0x00, 0x00, 0x00, 0x00, 0x00, 0x00, 0x00, 0x00, 0x00,
  0x00, 0x00, 0x00, 0x00, 0x00, 0x00, 0x00, 0x00, 0x00, 0x00, 0x00, 0x00,
  0x00, 0x00, 0x00, 0x00, 0x00, 0x00, 0x00, 0x00, 0x00, 0x00, 0x00, 0x00,
  0x00, 0x00, 0x00, 0x00, 0x00, 0x00, 0x00, 0x00, 0x00, 0x00, 0x00, 0x00,
  0x00, 0x00, 0x00, 0x00, 0x00, 0x00, 0x00, 0x00, 0x00, 0x00, 0x00, 0x00,
  0x00, 0x00, 0x00, 0x00, 0x00, 0x00, 0x00, 0x00, 0x00, 0x00, 0x00, 0x00,
  0x00, 0x00, 0x00, 0x00, 0x00, 0x00, 0x00, 0x00, 0x00, 0x00, 0x00, 0x00,
  0x00, 0x00, 0x00, 0x00, 0x00, 0x00, 0x00, 0x00, 0x00, 0x00, 0x00, 0x00,
  0x00, 0x00, 0x00, 0x00, 0x00, 0x00, 0x00, 0x00, 0x00, 0x00, 0x00, 0x00,
  0x00, 0x00, 0x00, 0x00, 0x00, 0x00, 0x00, 0x00, 0x00, 0x00, 0x00, 0x00,
  0x00, 0x00, 0x00, 0x00, 0x00, 0x00, 0x00, 0x00, 0x00, 0x00, 0x00, 0x00,
  0x00, 0x00, 0x00, 0x00, 0x00, 0x00, 0x00, 0x00, 0x00, 0x00, 0x00, 0x00,
  0x00, 0x00, 0x00, 0x00, 0x00, 0x00, 0x00, 0x00, 0x00, 0x00, 0x00, 0x00,
  0x00, 0x00, 0x00, 0x00, 0x00, 0x00, 0x00, 0x00, 0x00, 0x00, 0x00, 0x00,
  0x00, 0x00, 0x00, 0x00, 0x00, 0x00, 0x00, 0x00, 0x00, 0x00, 0x00, 0x00,
  0x00, 0x00, 0x00, 0x00, 0x00, 0x00, 0x00, 0x00, 0x00, 0x00, 0x00, 0x00,
  0x00, 0x00, 0x00, 0x00, 0x00, 0x00, 0x00, 0x00, 0x00, 0x00, 0x00, 0x00,
  0x00, 0x00, 0x00, 0x00, 0x00, 0x00, 0x00, 0x00, 0x00, 0x00, 0x00, 0x00,
  0x00, 0x00, 0x00, 0x00, 0x00, 0x00, 0x00, 0x00, 0x00, 0x00, 0x00, 0x00,
  0x00, 0x00, 0x00, 0x00, 0x00, 0x00, 0x00, 0x00, 0x00, 0x00, 0x00, 0x00,
  0x00, 0x00, 0x00, 0x00, 0x00, 0x00, 0x00, 0x00, 0x00, 0x00, 0x00, 0x00,
  0x00, 0x00, 0x00, 0x00, 0x00, 0x00, 0x00, 0x00, 0x00, 0x00, 0x00, 0x00,
  0x00, 0x00, 0x00, 0x00, 0x00, 0x00, 0x00, 0x00, 0x00, 0x00, 0x00, 0x00,
  0x00, 0x00, 0x00, 0x00, 0x00, 0x00, 0x00, 0x00, 0x00, 0x00, 0x00, 0x00,
  0x00, 0x00, 0x00, 0x00, 0x00, 0x00, 0x00, 0x00, 0x00, 0x00, 0x00, 0x00,
  0x00, 0x00, 0x00, 0x00, 0x00, 0x00, 0x00, 0x00, 0x00, 0x00, 0x00, 0x00,
  0x00, 0x00, 0x00, 0x00, 0x00, 0x00, 0x00, 0x00, 0x00, 0x00, 0x00, 0x00,
  0x00, 0x00, 0x00, 0x00, 0x00, 0x00, 0x00, 0x00, 0x00, 0x00, 0x00, 0x00,
  0x00, 0x00, 0x00, 0x00, 0x00, 0x00, 0x00, 0x00, 0x00, 0x00, 0x00, 0x00,
  0x00, 0x00, 0x00, 0x00, 0x00, 0x00, 0x00, 0x00, 0x00, 0x00, 0x00, 0x00,
  0x00, 0x00, 0x00, 0x00, 0x00, 0x00, 0x00, 0x00, 0x00, 0x00, 0x00, 0x00,
  0x00, 0x00, 0x00, 0x00, 0x00, 0x00, 0x00, 0x00, 0x00, 0x00, 0x00, 0x00,
  0x00, 0x00, 0x00, 0x00, 0x00, 0x00, 0x00, 0x00, 0x00, 0x00, 0x00, 0x00,
  0x00, 0x00, 0x00, 0x00, 0x00, 0x00, 0x00, 0x00, 0x00, 0x00, 0x00, 0x00,
  0x00, 0x00, 0x00, 0x00, 0x00, 0x00, 0x00, 0x00, 0x00, 0x00, 0x00, 0x00,
  0x00, 0x00, 0x00, 0x00, 0x00, 0x00, 0x00, 0x00, 0x00, 0x00, 0x00, 0x00,
  0x00, 0x00, 0x00, 0x00, 0x00, 0x00, 0x00, 0x00, 0x00, 0x00, 0x00, 0x00,
  0x00, 0x00, 0x00, 0x00, 0x00, 0x00, 0x00, 0x00, 0x00, 0x00, 0x00, 0x00,
  0x00, 0x00, 0x00, 0x00, 0x00, 0x00, 0x00, 0x00, 0x00, 0x00, 0x00, 0x00,
  0x00, 0x00, 0x00, 0x00, 0x00, 0x00, 0x00, 0x00, 0x00, 0x00, 0x00, 0x00,
  0x00, 0x00, 0x00, 0x00, 0x00, 0x00, 0x00, 0x00, 0x00, 0x00, 0x00, 0x00,
  0x00, 0x00, 0x00, 0x00, 0x00, 0x00, 0x00, 0x00, 0x00, 0x00, 0x00, 0x00,
  0x00, 0x00, 0x00, 0x00, 0x00, 0x00, 0x00, 0x00, 0x00, 0x00, 0x00, 0x00,
  0x00, 0x00, 0x00, 0x00, 0x00, 0x00, 0x00, 0x00, 0x00, 0x00, 0x00, 0x00,
  0x00, 0x00, 0x00, 0x00, 0x00, 0x00, 0x00, 0x00, 0x00, 0x00, 0x00, 0x00,
  0x00, 0x00, 0x00, 0x00, 0x00, 0x00, 0x00, 0x00, 0x00, 0x00, 0x00, 0x00,
  0x00, 0x00, 0x00, 0x00, 0x00, 0x00, 0x00, 0x00, 0x00, 0x00, 0x00, 0x00,
  0x00, 0x00, 0x00, 0x00, 0x00, 0x00, 0x00, 0x00, 0x00, 0x00, 0x00, 0x00,
  0x00, 0x00, 0x00, 0x00, 0x00, 0x00, 0x00, 0x00, 0x00, 0x00, 0x00, 0x00,
  0x00, 0x00, 0x00, 0x00, 0x00, 0x00, 0x00, 0x00, 0x00, 0x00, 0x00, 0x00,
  0x00, 0x00, 0x00, 0x00, 0x00, 0x00, 0x00, 0x00, 0x00, 0x00, 0x00, 0x00,
  0x00, 0x00, 0x00, 0x00, 0x00, 0x00, 0x00, 0x00, 0x00, 0x00, 0x00, 0x00,
  0x00, 0x00, 0x00, 0x00, 0x00, 0x00, 0x00, 0x00, 0x00, 0x00, 0x00, 0x00,
  0x00, 0x00, 0x00, 0x00, 0x00, 0x00, 0x00, 0x00, 0x00, 0x00, 0x00, 0x00,
  0x00, 0x00, 0x00, 0x00, 0x00, 0x00, 0x00, 0x00, 0x00, 0x00, 0x00, 0x00,
  0x00, 0x00, 0x00, 0x00, 0x00, 0x00, 0x00, 0x00, 0x00, 0x00, 0x00, 0x00,
  0x00, 0x00, 0x00, 0x00, 0x00, 0x00, 0x00, 0x00, 0x00, 0x00, 0x00, 0x00,
  0x00, 0x00, 0x00, 0x00, 0x00, 0x00, 0x00, 0x00, 0x00, 0x00, 0x00, 0x00,
  0x00, 0x00, 0x00, 0x00, 0x00, 0x00, 0x00, 0x00, 0x00, 0x00, 0x00, 0x00,
  0x00, 0x00, 0x00, 0x00, 0x00, 0x00, 0x00, 0x00, 0x00, 0x00, 0x00, 0x00,
  0x00, 0x00, 0x00, 0x00, 0x00, 0x00, 0x00, 0x00, 0x00, 0x00, 0x00, 0x00,
  0x00, 0x00, 0x00, 0x00, 0x00, 0x00, 0x00, 0x00, 0x00, 0x00, 0x00, 0x00,
  0x00, 0x00, 0x00, 0x00, 0x00, 0x00, 0x00, 0x00, 0x00, 0x00, 0x00, 0x00,
  0x00, 0x00, 0x00, 0x00, 0x00, 0x00, 0x00, 0x00, 0x00, 0x00, 0x00, 0x00,
  0x00, 0x00, 0x00, 0x00, 0x00, 0x00, 0x00, 0x00, 0x00, 0x00, 0x00, 0x00,
  0x00, 0x00, 0x00, 0x00, 0x00, 0x00, 0x00, 0x00, 0x00, 0x00, 0x00, 0x00,
  0x00, 0x00, 0x00, 0x00, 0x00, 0x00, 0x00, 0x00, 0x00, 0x00, 0x00, 0x00,
  0x00, 0x00, 0x00, 0x00, 0x00, 0x00, 0x00, 0x00, 0x00, 0x00, 0x00, 0x00,
  0x00, 0x00, 0x00, 0x00, 0x00, 0x00, 0x00, 0x00, 0x00, 0x00, 0x00, 0x00,
  0x00, 0x00, 0x00, 0x00, 0x00, 0x00, 0x00, 0x00, 0x00, 0x00, 0x00, 0x00,
  0x00, 0x00, 0x00, 0x00, 0x00, 0x00, 0x00, 0x00, 0x00, 0x00, 0x00, 0x00,
  0x00, 0x00, 0x00, 0x00, 0x00, 0x00, 0x00, 0x00, 0x00, 0x00, 0x00, 0x00,
  0x00, 0x00, 0x00, 0x00, 0x00, 0x00, 0x00, 0x00, 0x00, 0x00, 0x00, 0x00,
  0x00, 0x00, 0x00, 0x00, 0x00, 0x00, 0x00, 0x00, 0x00, 0x00, 0x00, 0x00,
  0x00, 0x00, 0x00, 0x00, 0x00, 0x00, 0x00, 0x00, 0x00, 0x00, 0x00, 0x00,
  0x00, 0x00, 0x00, 0x00, 0x00, 0x00, 0x00, 0x00, 0x00, 0x00, 0x00, 0x00,
  0x00, 0x00, 0x00, 0x00, 0x00, 0x00, 0x00, 0x00, 0x00, 0x00, 0x00, 0x00,
  0x00, 0x00, 0x00, 0x00, 0x00, 0x00, 0x00, 0x00, 0x00, 0x00, 0x00, 0x00,
  0x00, 0x00, 0x00, 0x00, 0x00, 0x00, 0x00, 0x00, 0x00, 0x00, 0x00, 0x00,
  0x00, 0x00, 0x00, 0x00, 0x00, 0x00, 0x00, 0x00, 0x00, 0x00, 0x00, 0x00,
  0x00, 0x00, 0x00, 0x00, 0x00, 0x00, 0x00, 0x00, 0x00, 0x00, 0x00, 0x00,
  0x00, 0x00, 0x00, 0x00, 0x00, 0x00, 0x00, 0x00, 0x00, 0x00, 0x00, 0x00,
  0x00, 0x00, 0x00, 0x00, 0x00, 0x00, 0x00, 0x00, 0x00, 0x00, 0x00, 0x00,
  0x00, 0x00, 0x00, 0x00, 0x00, 0x00, 0x00, 0x00, 0x00, 0x00, 0x00, 0x00,
  0x00, 0x00, 0x00, 0x00, 0x00, 0x00, 0x00, 0x00, 0x00, 0x00, 0x00, 0x00,
  0x00, 0x00, 0x00, 0x00, 0x00, 0x00, 0x00, 0x00, 0x00, 0x00, 0x00, 0x00,
  0x00, 0x00, 0x00, 0x00, 0x00, 0x00, 0x00, 0x00, 0x00, 0x00, 0x00, 0x00,
  0x00, 0x00, 0x00, 0x00, 0x00, 0x00, 0x00, 0x00, 0x00, 0x00, 0x00, 0x00,
  0x00, 0x00, 0x00, 0x00, 0x00, 0x00, 0x00, 0x00, 0x00, 0x00, 0x00, 0x00,
  0x00, 0x00, 0x00, 0x00, 0x00, 0x00, 0x00, 0x00, 0x00, 0x00, 0x00, 0x00,
  0x00, 0x00, 0x00, 0x00, 0x00, 0x00, 0x00, 0x00, 0x00, 0x00, 0x00, 0x00,
  0x00, 0x00, 0x00, 0x00, 0x00, 0x00, 0x00, 0x00, 0x00, 0x00, 0x00, 0x00,
  0x00, 0x00, 0x00, 0x00, 0x00, 0x00, 0x00, 0x00, 0x00, 0x00, 0x00, 0x00,
  0x00, 0x00, 0x00, 0x00, 0x00, 0x00, 0x00, 0x00, 0x00, 0x00, 0x00, 0x00,
  0x00, 0x00, 0x00, 0x00, 0x00, 0x00, 0x00, 0x00, 0x00, 0x00, 0x00, 0x00,
  0x00, 0x00, 0x00, 0x00, 0x00, 0x00, 0x00, 0x00, 0x00, 0x00, 0x00, 0x00,
  0x00, 0x00, 0x00, 0x00, 0x00, 0x00, 0x00, 0x00, 0x00, 0x00, 0x00, 0x00,
  0x00, 0x00, 0x00, 0x00, 0x00, 0x00, 0x00, 0x00, 0x00, 0x00, 0x00, 0x00,
  0x00, 0x00, 0x00, 0x00, 0x00, 0x00, 0x00, 0x00, 0x00, 0x00, 0x00, 0x00,
  0x00, 0x00, 0x00, 0x00, 0x00, 0x00, 0x00, 0x00, 0x00, 0x00, 0x00, 0x00,
  0x00, 0x00, 0x00, 0x00, 0x00, 0x00, 0x00, 0x00, 0x00, 0x00, 0x00, 0x00,
  0x00, 0x00, 0x00, 0x00, 0x00, 0x00, 0x00, 0x00, 0x00, 0x00, 0x00, 0x00,
  0x00, 0x00, 0x00, 0x00, 0x00, 0x00, 0x00, 0x00, 0x00, 0x00, 0x00, 0x00,
  0x00, 0x00, 0x00, 0x00, 0x00, 0x00, 0x00, 0x00, 0x00, 0x00, 0x00, 0x00,
  0x00, 0x00, 0x00, 0x00, 0x00, 0x00, 0x00, 0x00, 0x00, 0x00, 0x00, 0x00,
  0x00, 0x00, 0x00, 0x00, 0x00, 0x00, 0x00, 0x00, 0x00, 0x00, 0x00, 0x00,
  0x00, 0x00, 0x00, 0x00, 0x00, 0x00, 0x00, 0x00, 0x00, 0x00, 0x00, 0x00,
  0x00, 0x00, 0x00, 0x00, 0x00, 0x00, 0x00, 0x00, 0x00, 0x00, 0x00, 0x00,
  0x00, 0x00, 0x00, 0x00, 0x00, 0x00, 0x00, 0x00, 0x00, 0x00, 0x00, 0x00,
  0x00, 0x00, 0x00, 0x00, 0x00, 0x00, 0x00, 0x00, 0x00, 0x00, 0x00, 0x00,
  0x00, 0x00, 0x00, 0x00, 0x00, 0x00, 0x00, 0x00, 0x00, 0x00, 0x00, 0x00,
  0x00, 0x00, 0x00, 0x00, 0x00, 0x00, 0x00, 0x00, 0x00, 0x00, 0x00, 0x00,
  0x00, 0x00, 0x00, 0x00, 0x00, 0x00, 0x00, 0x00, 0x00, 0x00, 0x00, 0x00,
  0x00, 0x00, 0x00, 0x00, 0x00, 0x00, 0x00, 0x00, 0x00, 0x00, 0x00, 0x00,
  0x00, 0x00, 0x00, 0x00, 0x00, 0x00, 0x00, 0x00, 0x00, 0x00, 0x00, 0x00,
  0x00, 0x00, 0x00, 0x00, 0x00, 0x00, 0x00, 0x00, 0x00, 0x00, 0x00, 0x00,
  0x00, 0x00, 0x00, 0x00, 0x00, 0x00, 0x00, 0x00, 0x00, 0x00, 0x00, 0x00,
  0x00, 0x00, 0x00, 0x00, 0x00, 0x00, 0x00, 0x00, 0x00, 0x00, 0x00, 0x00,
  0x00, 0x00, 0x00, 0x00, 0x00, 0x00, 0x00, 0x00, 0x00, 0x00, 0x00, 0x00,
  0x00, 0x00, 0x00, 0x00, 0x00, 0x00, 0x00, 0x00, 0x00, 0x00, 0x00, 0x00,
  0x00, 0x00, 0x00, 0x00, 0x00, 0x00, 0x00, 0x00, 0x00, 0x00, 0x00, 0x00,
  0x00, 0x00, 0x00, 0x00, 0x00, 0x00, 0x00, 0x00, 0x00, 0x00, 0x00, 0x00,
  0x00, 0x00, 0x00, 0x00, 0x00, 0x00, 0x00, 0x00, 0x00, 0x00, 0x00, 0x00,
  0x00, 0x00, 0x00, 0x00, 0x00, 0x00, 0x00, 0x00, 0x00, 0x00, 0x00, 0x00,
  0x00, 0x00, 0x00, 0x00, 0x00, 0x00, 0x00, 0x00, 0x00, 0x00, 0x00, 0x00,
  0x00, 0x00, 0x00, 0x00, 0x00, 0x00, 0x00, 0x00, 0x00, 0x00, 0x00, 0x00,
  0x00, 0x00, 0x00, 0x00, 0x00, 0x00, 0x00, 0x00, 0x00, 0x00, 0x00, 0x00,
  0x00, 0x00, 0x00, 0x00, 0x00, 0x00, 0x00, 0x00, 0x00, 0x00, 0x00, 0x00,
  0x00, 0x00, 0x00, 0x00, 0x00, 0x00, 0x00, 0x00, 0x00, 0x00, 0x00, 0x00,
  0x00, 0x00, 0x00, 0x00, 0x00, 0x00, 0x00, 0x00, 0x00, 0x00, 0x00, 0x00,
  0x00, 0x00, 0x00, 0x00, 0x00, 0x00, 0x00, 0x00, 0x00, 0x00, 0x00, 0x00,
  0x00, 0x00, 0x00, 0x00, 0x00, 0x00, 0x00, 0x00, 0x00, 0x80, 0x00, 0x00,
  0x00, 0x00, 0x00, 0x00, 0x00, 0x00, 0x00, 0x00, 0x00, 0x00, 0x00, 0x00,
  0x00, 0x00, 0x00, 0x00, 0x00, 0x00, 0x00, 0x00, 0x46, 0x4a, 0x00, 0x00,
  0x00, 0x00, 0x00, 0x00, 0x56, 0x4a, 0x00, 0x00, 0x00, 0x00, 0x00, 0x00,
  0x66, 0x4a, 0x00, 0x00, 0x00, 0x00, 0x00, 0x00, 0x76, 0x4a, 0x00, 0x00,
  0x00, 0x00, 0x00, 0x00, 0x86, 0x4a, 0x00, 0x00, 0x00, 0x00, 0x00, 0x00,
  0x96, 0x4a, 0x00, 0x00, 0x00, 0x00, 0x00, 0x00, 0xa6, 0x4a, 0x00, 0x00,
  0x00, 0x00, 0x00, 0x00, 0xb6, 0x4a, 0x00, 0x00, 0x00, 0x00, 0x00, 0x00,
  0xc6, 0x4a, 0x00, 0x00, 0x00, 0x00, 0x00, 0x00, 0xd6, 0x4a, 0x00, 0x00,
  0x00, 0x00, 0x00, 0x00, 0xe6, 0x4a, 0x00, 0x00, 0x00, 0x00, 0x00, 0x00,
  0xf6, 0x4a, 0x00, 0x00, 0x00, 0x00, 0x00, 0x00, 0x06, 0x4b, 0x00, 0x00,
  0x00, 0x00, 0x00, 0x00, 0x16, 0x4b, 0x00, 0x00, 0x00, 0x00, 0x00, 0x00,
  0x26, 0x4b, 0x00, 0x00, 0x00, 0x00, 0x00, 0x00, 0x36, 0x4b, 0x00, 0x00,
  0x00, 0x00, 0x00, 0x00, 0x46, 0x4b, 0x00, 0x00, 0x00, 0x00, 0x00, 0x00,
  0x56, 0x4b, 0x00, 0x00, 0x00, 0x00, 0x00, 0x00, 0x66, 0x4b, 0x00, 0x00,
  0x00, 0x00, 0x00, 0x00, 0x76, 0x4b, 0x00, 0x00, 0x00, 0x00, 0x00, 0x00,
  0x86, 0x4b, 0x00, 0x00, 0x00, 0x00, 0x00, 0x00, 0x96, 0x4b, 0x00, 0x00,
  0x00, 0x00, 0x00, 0x00, 0xa6, 0x4b, 0x00, 0x00, 0x00, 0x00, 0x00, 0x00,
  0xb6, 0x4b, 0x00, 0x00, 0x00, 0x00, 0x00, 0x00, 0xc6, 0x4b, 0x00, 0x00,
  0x00, 0x00, 0x00, 0x00, 0xd6, 0x4b, 0x00, 0x00, 0x00, 0x00, 0x00, 0x00,
  0xe6, 0x4b, 0x00, 0x00, 0x00, 0x00, 0x00, 0x00, 0xf6, 0x4b, 0x00, 0x00,
  0x00, 0x00, 0x00, 0x00, 0x06, 0x4c, 0x00, 0x00, 0x00, 0x00, 0x00, 0x00,
  0x16, 0x4c, 0x00, 0x00, 0x00, 0x00, 0x00, 0x00, 0x26, 0x4c, 0x00, 0x00,
  0x00, 0x00, 0x00, 0x00, 0x36, 0x4c, 0x00, 0x00, 0x00, 0x00, 0x00, 0x00,
  0x46, 0x4c, 0x00, 0x00, 0x00, 0x00, 0x00, 0x00, 0x56, 0x4c, 0x00, 0x00,
  0x00, 0x00, 0x00, 0x00, 0x66, 0x4c, 0x00, 0x00, 0x00, 0x00, 0x00, 0x00,
  0x76, 0x4c, 0x00, 0x00, 0x00, 0x00, 0x00, 0x00, 0x86, 0x4c, 0x00, 0x00,
  0x00, 0x00, 0x00, 0x00, 0x96, 0x4c, 0x00, 0x00, 0x00, 0x00, 0x00, 0x00,
  0xa6, 0x4c, 0x00, 0x00, 0x00, 0x00, 0x00, 0x00, 0xb6, 0x4c, 0x00, 0x00,
  0x00, 0x00, 0x00, 0x00, 0xc6, 0x4c, 0x00, 0x00, 0x00, 0x00, 0x00, 0x00,
  0xd6, 0x4c, 0x00, 0x00, 0x00, 0x00, 0x00, 0x00, 0xe6, 0x4c, 0x00, 0x00,
  0x00, 0x00, 0x00, 0x00, 0xf6, 0x4c, 0x00, 0x00, 0x00, 0x00, 0x00, 0x00,
  0x06, 0x4d, 0x00, 0x00, 0x00, 0x00, 0x00, 0x00, 0x16, 0x4d, 0x00, 0x00,
  0x00, 0x00, 0x00, 0x00, 0x26, 0x4d, 0x00, 0x00, 0x00, 0x00, 0x00, 0x00,
  0x36, 0x4d, 0x00, 0x00, 0x00, 0x00, 0x00, 0x00, 0x46, 0x4d, 0x00, 0x00,
  0x00, 0x00, 0x00, 0x00, 0x56, 0x4d, 0x00, 0x00, 0x00, 0x00, 0x00, 0x00,
  0x66, 0x4d, 0x00, 0x00, 0x00, 0x00, 0x00, 0x00, 0x76, 0x4d, 0x00, 0x00,
  0x00, 0x00, 0x00, 0x00, 0x86, 0x4d, 0x00, 0x00, 0x00, 0x00, 0x00, 0x00,
  0x96, 0x4d, 0x00, 0x00, 0x00, 0x00, 0x00, 0x00, 0xa6, 0x4d, 0x00, 0x00,
  0x00, 0x00, 0x00, 0x00, 0xb6, 0x4d, 0x00, 0x00, 0x00, 0x00, 0x00, 0x00,
  0xc6, 0x4d, 0x00, 0x00, 0x00, 0x00, 0x00, 0x00, 0xd6, 0x4d, 0x00, 0x00,
  0x00, 0x00, 0x00, 0x00, 0xe6, 0x4d, 0x00, 0x00, 0x00, 0x00, 0x00, 0x00,
  0xf6, 0x4d, 0x00, 0x00, 0x00, 0x00, 0x00, 0x00, 0x06, 0x4e, 0x00, 0x00,
  0x00, 0x00, 0x00, 0x00, 0x16, 0x4e, 0x00, 0x00, 0x00, 0x00, 0x00, 0x00,
  0x26, 0x4e, 0x00, 0x00, 0x00, 0x00, 0x00, 0x00, 0x36, 0x4e, 0x00, 0x00,
  0x00, 0x00, 0x00, 0x00, 0x46, 0x4e, 0x00, 0x00, 0x00, 0x00, 0x00, 0x00,
  0x56, 0x4e, 0x00, 0x00, 0x00, 0x00, 0x00, 0x00, 0x00, 0x00, 0x00, 0x00,
  0x00, 0x00, 0x00, 0x00, 0x00, 0x00, 0x00, 0x00, 0x00, 0x00, 0x00, 0x00,
  0x00, 0x00, 0x00, 0x00, 0x00, 0x00, 0x00, 0x00, 0x00, 0x00, 0x00, 0x00,
  0x00, 0x00, 0x00, 0x00, 0x00, 0x00, 0x00, 0x00, 0x00, 0x00, 0x00, 0x00,
  0x00, 0x00, 0x00, 0x00, 0x00, 0x00, 0x00, 0x00, 0x00, 0x00, 0x00, 0x00,
  0x00, 0x00, 0x00, 0x00, 0x00, 0x00, 0x00, 0x00, 0x00, 0x00, 0x00, 0x00,
  0x00, 0x00, 0x00, 0x00, 0x00, 0x00, 0x00, 0x00, 0x00, 0x00, 0x00, 0x00,
  0x00, 0x00, 0x00, 0x00, 0x00, 0x00, 0x00, 0x00, 0x00, 0x00, 0x00, 0x00,
  0x00, 0x00, 0x00, 0x00, 0x00, 0x00, 0x00, 0x00, 0x00, 0x00, 0x00, 0x00,
  0x00, 0x00, 0x00, 0x00, 0x00, 0x00, 0x00, 0x00, 0x00, 0x00, 0x00, 0x00,
  0x00, 0x00, 0x00, 0x00, 0x00, 0x00, 0x00, 0x00, 0x00, 0x00, 0x00, 0x00,
  0x00, 0x00, 0x00, 0x00, 0x00, 0x00, 0x00, 0x00, 0x00, 0x00, 0x00, 0x00,
  0x00, 0x00, 0x00, 0x00, 0x00, 0x00, 0x00, 0x00, 0x00, 0x00, 0x00, 0x00,
  0x00, 0x00, 0x00, 0x00, 0x00, 0x00, 0x00, 0x00, 0x00, 0x00, 0x00, 0x00,
  0x00, 0x00, 0x00, 0x00, 0x00, 0x00, 0x00, 0x00, 0x00, 0x00, 0x00, 0x00,
  0x00, 0x00, 0x00, 0x00, 0x00, 0x00, 0x00, 0x00, 0x00, 0x00, 0x00, 0x00,
  0x00, 0x00, 0x00, 0x00, 0x00, 0x00, 0x00, 0x00, 0x00, 0x00, 0x00, 0x00,
  0x00, 0x00, 0x00, 0x00, 0x00, 0x00, 0x00, 0x00, 0x00, 0x00, 0x00, 0x00,
  0x00, 0x00, 0x00, 0x00, 0x00, 0x00, 0x00, 0x00, 0x00, 0x00, 0x00, 0x00,
  0x00, 0x00, 0x00, 0x00, 0x00, 0x00, 0x00, 0x00, 0x00, 0x00, 0x00, 0x00,
  0x00, 0x00, 0x00, 0x00, 0x00, 0x00, 0x00, 0x00, 0x00, 0x00, 0x00, 0x00,
  0x00, 0x00, 0x00, 0x00, 0x00, 0x00, 0x00, 0x00, 0x00, 0x00, 0x00, 0x00,
  0x00, 0x00, 0x00, 0x00, 0x00, 0x00, 0x00, 0x00, 0x00, 0x00, 0x00, 0x00,
  0x00, 0x00, 0x00, 0x00, 0x00, 0x00, 0x00, 0x00, 0x00, 0x00, 0x00, 0x00,
  0x00, 0x00, 0x00, 0x00, 0x00, 0x00, 0x00, 0x00, 0x00, 0x00, 0x00, 0x00,
  0x00, 0x00, 0x00, 0x00, 0x00, 0x00, 0x00, 0x00, 0x00, 0x00, 0x00, 0x00,
  0x00, 0x00, 0x00, 0x00, 0x00, 0x00, 0x00, 0x00, 0x00, 0x00, 0x00, 0x00,
  0x00, 0x00, 0x00, 0x00, 0x00, 0x00, 0x00, 0x00, 0x00, 0x00, 0x00, 0x00,
  0x00, 0x00, 0x00, 0x00, 0x00, 0x00, 0x00, 0x00, 0x00, 0x00, 0x00, 0x00,
  0x00, 0x00, 0x00, 0x00, 0x00, 0x00, 0x00, 0x00, 0x00, 0x00, 0x00, 0x00,
  0x00, 0x00, 0x00, 0x00, 0x00, 0x00, 0x00, 0x00, 0x00, 0x00, 0x00, 0x00,
  0x00, 0x00, 0x00, 0x00, 0x00, 0x00, 0x00, 0x00, 0x00, 0x00, 0x00, 0x00,
  0x00, 0x00, 0x00, 0x00, 0x00, 0x00, 0x00, 0x00, 0x00, 0x00, 0x00, 0x00,
  0x00, 0x00, 0x00, 0x00, 0x00, 0x00, 0x00, 0x00, 0x00, 0x00, 0x00, 0x00,
  0x00, 0x00, 0x00, 0x00, 0x00, 0x00, 0x00, 0x00, 0x00, 0x00, 0x00, 0x00,
  0x00, 0x00, 0x00, 0x00, 0x00, 0x00, 0x00, 0x00, 0x00, 0x00, 0x00, 0x00,
  0x00, 0x00, 0x00, 0x00, 0x00, 0x00, 0x00, 0x00, 0x00, 0x00, 0x00, 0x00,
  0x00, 0x00, 0x00, 0x00, 0x00, 0x00, 0x00, 0x00, 0x00, 0x00, 0x00, 0x00,
  0x00, 0x00, 0x00, 0x00, 0x00, 0x00, 0x00, 0x00, 0x00, 0x00, 0x00, 0x00,
  0x00, 0x00, 0x00, 0x00, 0x00, 0x00, 0x00, 0x00, 0x00, 0x00, 0x00, 0x00,
  0x00, 0x00, 0x00, 0x00, 0x00, 0x00, 0x00, 0x00, 0x00, 0x00, 0x00, 0x00,
  0x00, 0x00, 0x00, 0x00, 0x00, 0x00, 0x00, 0x00, 0x00, 0x00, 0x00, 0x00,
  0x00, 0x00, 0x00, 0x00, 0x00, 0x00, 0x00, 0x00, 0x00, 0x00, 0x00, 0x00,
  0x00, 0x00, 0x00, 0x00, 0x00, 0x00, 0x00, 0x00, 0x00, 0x00, 0x00, 0x00,
  0x00, 0x00, 0x00, 0x00, 0x00, 0x00, 0x00, 0x00, 0x00, 0x00, 0x00, 0x00,
  0x00, 0x00, 0x00, 0x00, 0x00, 0x00, 0x00, 0x00, 0x00, 0x00, 0x00, 0x00,
  0x00, 0x00, 0x00, 0x00, 0x00, 0x00, 0x00, 0x00, 0x00, 0x00, 0x00, 0x00,
  0x00, 0x00, 0x00, 0x00, 0x00, 0x00, 0x00, 0x00, 0x00, 0x00, 0x00, 0x00,
  0x00, 0x00, 0x00, 0x00, 0x00, 0x00, 0x00, 0x00, 0x00, 0x00, 0x00, 0x00,
  0x00, 0x00, 0x00, 0x00, 0x00, 0x00, 0x00, 0x00, 0x00, 0x00, 0x00, 0x00,
  0x00, 0x00, 0x00, 0x00, 0x00, 0x00, 0x00, 0x00, 0x00, 0x00, 0x00, 0x00,
  0x00, 0x00, 0x00, 0x00, 0x00, 0x00, 0x00, 0x00, 0x00, 0x00, 0x00, 0x00,
  0x00, 0x00, 0x00, 0x00, 0x00, 0x00, 0x00, 0x00, 0x00, 0x00, 0x00, 0x00,
  0x00, 0x00, 0x00, 0x00, 0x00, 0x00, 0x00, 0x00, 0x00, 0x00, 0x00, 0x00,
  0x00, 0x00, 0x00, 0x00, 0x00, 0x00, 0x00, 0x00, 0x00, 0x00, 0x00, 0x00,
  0x00, 0x00, 0x00, 0x00, 0x00, 0x00, 0x00, 0x00, 0x00, 0x00, 0x00, 0x00,
  0x00, 0x00, 0x00, 0x00, 0x00, 0x00, 0x00, 0x00, 0x00, 0x00, 0x00, 0x00,
  0x00, 0x00, 0x00, 0x00, 0x00, 0x00, 0x00, 0x00, 0x00, 0x00, 0x00, 0x00,
  0x00, 0x00, 0x00, 0x00, 0x00, 0x00, 0x00, 0x00, 0x00, 0x00, 0x00, 0x00,
  0x00, 0x00, 0x00, 0x00, 0x00, 0x00, 0x00, 0x00, 0x00, 0x00, 0x00, 0x00,
  0x00, 0x00, 0x00, 0x00, 0x00, 0x00, 0x00, 0x00, 0x00, 0x00, 0x00, 0x00,
  0x00, 0x00, 0x00, 0x00, 0x00, 0x00, 0x00, 0x00, 0x00, 0x00, 0x00, 0x00,
  0x00, 0x00, 0x00, 0x00, 0x00, 0x00, 0x00, 0x00, 0x00, 0x00, 0x00, 0x00,
  0x00, 0x00, 0x00, 0x00, 0x00, 0x00, 0x00, 0x00, 0x00, 0x00, 0x00, 0x00,
  0x00, 0x00, 0x00, 0x00, 0x00, 0x00, 0x00, 0x00, 0x00, 0x00, 0x00, 0x00,
  0x00, 0x00, 0x00, 0x00, 0x00, 0x00, 0x00, 0x00, 0x00, 0x00, 0x00, 0x00,
  0x00, 0x00, 0x00, 0x00, 0x00, 0x00, 0x00, 0x00, 0x00, 0x00, 0x00, 0x00,
  0x00, 0x00, 0x00, 0x00, 0x00, 0x00, 0x00, 0x00, 0x00, 0x00, 0x00, 0x00,
  0x00, 0x00, 0x00, 0x00, 0x00, 0x00, 0x00, 0x00, 0x00, 0x00, 0x00, 0x00,
  0x00, 0x00, 0x00, 0x00, 0x00, 0x00, 0x00, 0x00, 0x00, 0x00, 0x00, 0x00,
  0x00, 0x00, 0x00, 0x00, 0x00, 0x00, 0x00, 0x00, 0x00, 0x00, 0x00, 0x00,
  0x00, 0x00, 0x00, 0x00, 0x00, 0x00, 0x00, 0x00, 0x00, 0x00, 0x00, 0x00,
  0x00, 0x00, 0x00, 0x00, 0x00, 0x00, 0x00, 0x00, 0x00, 0x00, 0x00, 0x00,
  0x00, 0x00, 0x00, 0x00, 0x00, 0x00, 0x00, 0x00, 0x00, 0x00, 0x00, 0x00,
  0x00, 0x00, 0x00, 0x00, 0x00, 0x00, 0x00, 0x00, 0x00, 0x00, 0x00, 0x00,
  0x00, 0x00, 0x00, 0x00, 0x00, 0x00, 0x00, 0x00, 0x00, 0x00, 0x00, 0x00,
  0x00, 0x00, 0x00, 0x00, 0x00, 0x00, 0x00, 0x00, 0x00, 0x00, 0x00, 0x00,
  0x00, 0x00, 0x00, 0x00, 0x00, 0x00, 0x00, 0x00, 0x00, 0x00, 0x00, 0x00,
  0x00, 0x00, 0x00, 0x00, 0x00, 0x00, 0x00, 0x00, 0x00, 0x00, 0x00, 0x00,
  0x00, 0x00, 0x00, 0x00, 0x00, 0x00, 0x00, 0x00, 0x00, 0x00, 0x00, 0x00,
  0x00, 0x00, 0x00, 0x00, 0x00, 0x00, 0x00, 0x00, 0x00, 0x00, 0x00, 0x00,
  0x00, 0x00, 0x00, 0x00, 0x00, 0x00, 0x00, 0x00, 0x00, 0x00, 0x00, 0x00,
  0x00, 0x00, 0x00, 0x00, 0x00, 0x00, 0x00, 0x00, 0x00, 0x00, 0x00, 0x00,
  0x00, 0x00, 0x00, 0x00, 0x00, 0x00, 0x00, 0x00, 0x00, 0x00, 0x00, 0x00,
  0x00, 0x00, 0x00, 0x00, 0x00, 0x00, 0x00, 0x00, 0x00, 0x00, 0x00, 0x00,
  0x00, 0x00, 0x00, 0x00, 0x00, 0x00, 0x00, 0x00, 0x00, 0x00, 0x00, 0x00,
  0x00, 0x00, 0x00, 0x00, 0x00, 0x00, 0x00, 0x00, 0x00, 0x00, 0x00, 0x00,
  0x00, 0x00, 0x00, 0x00, 0x00, 0x00, 0x00, 0x00, 0x00, 0x00, 0x00, 0x00,
  0x00, 0x00, 0x00, 0x00, 0x00, 0x00, 0x00, 0x00, 0x00, 0x00, 0x00, 0x00,
  0x00, 0x00, 0x00, 0x00, 0x00, 0x00, 0x00, 0x00, 0x00, 0x00, 0x00, 0x00,
  0x00, 0x00, 0x00, 0x00, 0x00, 0x00, 0x00, 0x00, 0x00, 0x00, 0x00, 0x00,
  0x00, 0x00, 0x00, 0x00, 0x00, 0x00, 0x00, 0x00, 0x00, 0x00, 0x00, 0x00,
  0x00, 0x00, 0x00, 0x00, 0x00, 0x00, 0x00, 0x00, 0x00, 0x00, 0x00, 0x00,
  0x00, 0x00, 0x00, 0x00, 0x00, 0x00, 0x00, 0x00, 0x00, 0x00, 0x00, 0x00,
  0x00, 0x00, 0x00, 0x00, 0x00, 0x00, 0x00, 0x00, 0x00, 0x00, 0x00, 0x00,
  0x00, 0x00, 0x00, 0x00, 0x00, 0x00, 0x00, 0x00, 0x00, 0x00, 0x00, 0x00,
  0x00, 0x00, 0x00, 0x00, 0x00, 0x00, 0x00, 0x00, 0x00, 0x00, 0x00, 0x00,
  0x00, 0x00, 0x00, 0x00, 0x00, 0x00, 0x00, 0x00, 0x00, 0x00, 0x00, 0x00,
  0x00, 0x00, 0x00, 0x00, 0x00, 0x00, 0x00, 0x00, 0x00, 0x00, 0x00, 0x00,
  0x00, 0x00, 0x00, 0x00, 0x00, 0x00, 0x00, 0x00, 0x00, 0x00, 0x00, 0x00,
  0x00, 0x00, 0x00, 0x00, 0x00, 0x00, 0x00, 0x00, 0x00, 0x00, 0x00, 0x00,
  0x00, 0x00, 0x00, 0x00, 0x00, 0x00, 0x00, 0x00, 0x00, 0x00, 0x00, 0x00,
  0x00, 0x00, 0x00, 0x00, 0x00, 0x00, 0x00, 0x00, 0x00, 0x00, 0x00, 0x00,
  0x00, 0x00, 0x00, 0x00, 0x00, 0x00, 0x00, 0x00, 0x00, 0x00, 0x00, 0x00,
  0x00, 0x00, 0x00, 0x00, 0x00, 0x00, 0x00, 0x00, 0x00, 0x00, 0x00, 0x00,
  0x00, 0x00, 0x00, 0x00, 0x00, 0x00, 0x00, 0x00, 0x00, 0x00, 0x00, 0x00,
  0x00, 0x00, 0x00, 0x00, 0x00, 0x00, 0x00, 0x00, 0x00, 0x00, 0x00, 0x00,
  0x00, 0x00, 0x00, 0x00, 0x00, 0x00, 0x00, 0x00, 0x00, 0x00, 0x00, 0x00,
  0x00, 0x00, 0x00, 0x00, 0x00, 0x00, 0x00, 0x00, 0x00, 0x00, 0x00, 0x00,
  0x00, 0x00, 0x00, 0x00, 0x00, 0x00, 0x00, 0x00, 0x00, 0x00, 0x00, 0x00,
  0x00, 0x00, 0x00, 0x00, 0x00, 0x00, 0x00, 0x00, 0x00, 0x00, 0x00, 0x00,
  0x00, 0x00, 0x00, 0x00, 0x00, 0x00, 0x00, 0x00, 0x00, 0x00, 0x00, 0x00,
  0x00, 0x00, 0x00, 0x00, 0x00, 0x00, 0x00, 0x00, 0x00, 0x00, 0x00, 0x00,
  0x00, 0x00, 0x00, 0x00, 0x00, 0x00, 0x00, 0x00, 0x00, 0x00, 0x00, 0x00,
  0x00, 0x00, 0x00, 0x00, 0x00, 0x00, 0x00, 0x00, 0x00, 0x00, 0x00, 0x00,
  0x00, 0x00, 0x00, 0x00, 0x00, 0x00, 0x00, 0x00, 0x00, 0x00, 0x00, 0x00,
  0x00, 0x00, 0x00, 0x00, 0x00, 0x00, 0x00, 0x00, 0x00, 0x00, 0x00, 0x00,
  0x00, 0x00, 0x00, 0x00, 0x00, 0x00, 0x00, 0x00, 0x00, 0x00, 0x00, 0x00,
  0x00, 0x00, 0x00, 0x00, 0x00, 0x00, 0x00, 0x00, 0x00, 0x00, 0x00, 0x00,
  0x00, 0x00, 0x00, 0x00, 0x00, 0x00, 0x00, 0x00, 0x00, 0x00, 0x00, 0x00,
  0x00, 0x00, 0x00, 0x00, 0x00, 0x00, 0x00, 0x00, 0x00, 0x00, 0x00, 0x00,
  0x00, 0x00, 0x00, 0x00, 0x00, 0x00, 0x00, 0x00, 0x00, 0x00, 0x00, 0x00,
  0x00, 0x00, 0x00, 0x00, 0x00, 0x00, 0x00, 0x00, 0x00, 0x00, 0x00, 0x00,
  0x00, 0x00, 0x00, 0x00, 0x00, 0x00, 0x00, 0x00, 0x00, 0x00, 0x00, 0x00,
  0x00, 0x00, 0x00, 0x00, 0x00, 0x00, 0x00, 0x00, 0x00, 0x00, 0x00, 0x00,
  0x00, 0x00, 0x00, 0x00, 0x00, 0x00, 0x00, 0x00, 0x00, 0x00, 0x00, 0x00,
  0x00, 0x00, 0x00, 0x00, 0x00, 0x00, 0x00, 0x00, 0x00, 0x00, 0x00, 0x00,
  0x00, 0x00, 0x00, 0x00, 0x00, 0x00, 0x00, 0x00, 0x00, 0x00, 0x00, 0x00,
  0x00, 0x00, 0x00, 0x00, 0x00, 0x00, 0x00, 0x00, 0x00, 0x00, 0x00, 0x00,
  0x00, 0x00, 0x00, 0x00, 0x00, 0x00, 0x00, 0x00, 0x00, 0x00, 0x00, 0x00,
  0x00, 0x00, 0x00, 0x00, 0x00, 0x00, 0x00, 0x00, 0x00, 0x00, 0x00, 0x00,
  0x00, 0x00, 0x00, 0x00, 0x00, 0x00, 0x00, 0x00, 0x00, 0x00, 0x00, 0x00,
  0x00, 0x00, 0x00, 0x00, 0x00, 0x00, 0x00, 0x00, 0x00, 0x00, 0x00, 0x00,
  0x00, 0x00, 0x00, 0x00, 0x00, 0x00, 0x00, 0x00, 0x00, 0x00, 0x00, 0x00,
  0x00, 0x00, 0x00, 0x00, 0x00, 0x00, 0x00, 0x00, 0x00, 0x00, 0x00, 0x00,
  0x00, 0x00, 0x00, 0x00, 0x00, 0x00, 0x00, 0x00, 0x00, 0x00, 0x00, 0x00,
  0x00, 0x00, 0x00, 0x00, 0x00, 0x00, 0x00, 0x00, 0x00, 0x00, 0x00, 0x00,
  0x00, 0x00, 0x00, 0x00, 0x00, 0x00, 0x00, 0x00, 0x00, 0x00, 0x00, 0x00,
  0x00, 0x00, 0x00, 0x00, 0x00, 0x00, 0x00, 0x00, 0x00, 0x00, 0x00, 0x00,
  0x00, 0x00, 0x00, 0x00, 0x00, 0x00, 0x00, 0x00, 0x00, 0x00, 0x00, 0x00,
  0x00, 0x00, 0x00, 0x00, 0x00, 0x00, 0x00, 0x00, 0x00, 0x00, 0x00, 0x00,
  0x00, 0x00, 0x00, 0x00, 0x00, 0x00, 0x00, 0x00, 0x00, 0x00, 0x00, 0x00,
  0x00, 0x00, 0x00, 0x00, 0x00, 0x00, 0x00, 0x00, 0x00, 0x00, 0x00, 0x00,
  0x00, 0x00, 0x00, 0x00, 0x00, 0x00, 0x00, 0x00, 0x00, 0x00, 0x00, 0x00,
  0x00, 0x00, 0x00, 0x00, 0x00, 0x00, 0x00, 0x00, 0x00, 0x00, 0x00, 0x00,
  0x00, 0x00, 0x00, 0x00, 0x00, 0x00, 0x00, 0x00, 0x00, 0x00, 0x00, 0x00,
  0x00, 0x00, 0x00, 0x00, 0x00, 0x00, 0x00, 0x00, 0x00, 0x00, 0x00, 0x00,
  0x00, 0x00, 0x00, 0x00, 0x00, 0x00, 0x00, 0x00, 0x00, 0x00, 0x00, 0x00,
  0x00, 0x00, 0x00, 0x00, 0x00, 0x00, 0x00, 0x00, 0x00, 0x00, 0x00, 0x00,
  0x00, 0x00, 0x00, 0x00, 0x00, 0x00, 0x00, 0x00, 0x00, 0x00, 0x00, 0x00,
  0x00, 0x00, 0x00, 0x00, 0x00, 0x00, 0x00, 0x00, 0x00, 0x00, 0x00, 0x00,
  0x00, 0x00, 0x00, 0x00, 0x00, 0x00, 0x00, 0x00, 0x00, 0x00, 0x00, 0x00,
  0x00, 0x00, 0x00, 0x00, 0x00, 0x00, 0x00, 0x00, 0x00, 0x00, 0x00, 0x00,
  0x00, 0x00, 0x00, 0x00, 0x00, 0x00, 0x00, 0x00, 0x00, 0x00, 0x00, 0x00,
  0x00, 0x00, 0x00, 0x00, 0x00, 0x00, 0x00, 0x00, 0x00, 0x00, 0x00, 0x00,
  0x00, 0x00, 0x00, 0x00, 0x00, 0x00, 0x00, 0x00, 0x00, 0x00, 0x00, 0x00,
  0x00, 0x00, 0x00, 0x00, 0x00, 0x00, 0x00, 0x00, 0x00, 0x00, 0x00, 0x00,
  0x00, 0x00, 0x00, 0x00, 0x00, 0x00, 0x00, 0x00, 0x00, 0x00, 0x00, 0x00,
  0x00, 0x00, 0x00, 0x00, 0x00, 0x00, 0x00, 0x00, 0x00, 0x00, 0x00, 0x00,
  0x00, 0x00, 0x00, 0x00, 0x00, 0x00, 0x00, 0x00, 0x00, 0x00, 0x00, 0x00,
  0x00, 0x00, 0x00, 0x00, 0x00, 0x00, 0x00, 0x00, 0x00, 0x00, 0x00, 0x00,
  0x00, 0x00, 0x00, 0x00, 0x00, 0x00, 0x00, 0x00, 0x00, 0x00, 0x00, 0x00,
  0x00, 0x00, 0x00, 0x00, 0x00, 0x00, 0x00, 0x00, 0x00, 0x00, 0x00, 0x00,
  0x00, 0x00, 0x00, 0x00, 0x00, 0x00, 0x00, 0x00, 0x00, 0x00, 0x00, 0x00,
  0x00, 0x00, 0x00, 0x00, 0x00, 0x00, 0x00, 0x00, 0x00, 0x00, 0x00, 0x00,
  0x00, 0x00, 0x00, 0x00, 0x00, 0x00, 0x00, 0x00, 0x00, 0x00, 0x00, 0x00,
  0x00, 0x00, 0x00, 0x00, 0x00, 0x00, 0x00, 0x00, 0x00, 0x00, 0x00, 0x00,
  0x00, 0x00, 0x00, 0x00, 0x00, 0x00, 0x00, 0x00, 0x00, 0x00, 0x00, 0x00,
  0x00, 0x00, 0x00, 0x00, 0x00, 0x00, 0x00, 0x00, 0x00, 0x00, 0x00, 0x00,
  0x00, 0x00, 0x00, 0x00, 0x00, 0x00, 0x00, 0x00, 0x00, 0x00, 0x00, 0x00,
  0x00, 0x00, 0x00, 0x00, 0x00, 0x00, 0x00, 0x00, 0x00, 0x00, 0x00, 0x00,
  0x00, 0x00, 0x00, 0x00, 0x00, 0x00, 0x00, 0x00, 0x00, 0x00, 0x00, 0x00,
  0x00, 0x00, 0x00, 0x00, 0x00, 0x00, 0x00, 0x00, 0x00, 0x00, 0x00, 0x00,
  0x00, 0x00, 0x00, 0x00, 0x00, 0x00, 0x00, 0x00, 0x00, 0x00, 0x00, 0x00,
  0x00, 0x00, 0x00, 0x00, 0x00, 0x00, 0x00, 0x00, 0x00, 0x00, 0x00, 0x00,
  0x00, 0x00, 0x00, 0x00, 0x00, 0x00, 0x00, 0x00, 0x00, 0x00, 0x00, 0x00,
  0x00, 0x00, 0x00, 0x00, 0x00, 0x00, 0x00, 0x00, 0x00, 0x00, 0x00, 0x00,
  0x00, 0x00, 0x00, 0x00, 0x00, 0x00, 0x00, 0x00, 0x00, 0x00, 0x00, 0x00,
  0x00, 0x00, 0x00, 0x00, 0x00, 0x00, 0x00, 0x00, 0x00, 0x00, 0x00, 0x00,
  0x00, 0x00, 0x00, 0x00, 0x00, 0x00, 0x00, 0x00, 0x00, 0x00, 0x00, 0x00,
  0x00, 0x00, 0x00, 0x00, 0x00, 0x00, 0x00, 0x00, 0x00, 0x00, 0x00, 0x00,
  0x00, 0x00, 0x00, 0x00, 0x00, 0x00, 0x00, 0x00, 0x00, 0x00, 0x00, 0x00,
  0x00, 0x00, 0x00, 0x00, 0x00, 0x00, 0x00, 0x00, 0x00, 0x00, 0x00, 0x00,
  0x00, 0x00, 0x00, 0x00, 0x00, 0x00, 0x00, 0x00, 0x00, 0x00, 0x00, 0x00,
  0x00, 0x00, 0x00, 0x00, 0x00, 0x00, 0x00, 0x00, 0x00, 0x00, 0x00, 0x00,
  0x00, 0x00, 0x00, 0x00, 0x00, 0x00, 0x00, 0x00, 0x00, 0x00, 0x00, 0x00,
  0x00, 0x00, 0x00, 0x00, 0x00, 0x00, 0x00, 0x00, 0x00, 0x00, 0x00, 0x00,
  0x00, 0x00, 0x00, 0x00, 0x00, 0x00, 0x00, 0x00, 0x00, 0x00, 0x00, 0x00,
  0x00, 0x00, 0x00, 0x00, 0x00, 0x00, 0x00, 0x00, 0x00, 0x00, 0x00, 0x00,
  0x00, 0x00, 0x00, 0x00, 0x00, 0x00, 0x00, 0x00, 0x00, 0x00, 0x00, 0x00,
  0x00, 0x00, 0x00, 0x00, 0x00, 0x00, 0x00, 0x00, 0x00, 0x00, 0x00, 0x00,
  0x00, 0x00, 0x00, 0x00, 0x00, 0x00, 0x00, 0x00, 0x00, 0x00, 0x00, 0x00,
  0x00, 0x00, 0x00, 0x00, 0x00, 0x00, 0x00, 0x00, 0x00, 0x00, 0x00, 0x00,
  0x00, 0x00, 0x00, 0x00, 0x00, 0x00, 0x00, 0x00, 0x00, 0x00, 0x00, 0x00,
  0x00, 0x00, 0x00, 0x00, 0x00, 0x00, 0x00, 0x00, 0x00, 0x00, 0x00, 0x00,
  0x00, 0x00, 0x00, 0x00, 0x00, 0x00, 0x00, 0x00, 0x00, 0x00, 0x00, 0x00,
  0x00, 0x00, 0x00, 0x00, 0x00, 0x00, 0x00, 0x00, 0x00, 0x00, 0x00, 0x00,
  0x00, 0x00, 0x00, 0x00, 0x00, 0x00, 0x00, 0x00, 0x00, 0x00, 0x00, 0x00,
  0x00, 0x00, 0x00, 0x00, 0x00, 0x00, 0x00, 0x00, 0x00, 0x00, 0x00, 0x00,
  0x00, 0x00, 0x00, 0x00, 0x00, 0x00, 0x00, 0x00, 0x00, 0x00, 0x00, 0x00,
  0x00, 0x00, 0x00, 0x00, 0x00, 0x00, 0x00, 0x00, 0x00, 0x00, 0x00, 0x00,
  0x00, 0x00, 0x00, 0x00, 0x00, 0x00, 0x00, 0x00, 0x00, 0x00, 0x00, 0x00,
  0x00, 0x00, 0x00, 0x00, 0x00, 0x00, 0x00, 0x00, 0x00, 0x00, 0x00, 0x00,
  0x00, 0x00, 0x00, 0x00, 0x00, 0x00, 0x00, 0x00, 0x00, 0x00, 0x00, 0x00,
  0x00, 0x00, 0x00, 0x00, 0x00, 0x00, 0x00, 0x00, 0x00, 0x00, 0x00, 0x00,
  0x00, 0x00, 0x00, 0x00, 0x00, 0x00, 0x00, 0x00, 0x00, 0x00, 0x00, 0x00,
  0x00, 0x00, 0x00, 0x00, 0x00, 0x00, 0x00, 0x00, 0x00, 0x00, 0x00, 0x00,
  0x00, 0x00, 0x00, 0x00, 0x00, 0x00, 0x00, 0x00, 0x00, 0x00, 0x00, 0x00,
  0x00, 0x00, 0x00, 0x00, 0x00, 0x00, 0x00, 0x00, 0x00, 0x00, 0x00, 0x00,
  0x00, 0x00, 0x00, 0x00, 0x00, 0x00, 0x00, 0x00, 0x00, 0x00, 0x00, 0x00,
  0x00, 0x00, 0x00, 0x00, 0x00, 0x00, 0x00, 0x00, 0x00, 0x00, 0x00, 0x00,
  0x00, 0x00, 0x00, 0x00, 0x00, 0x00, 0x00, 0x00, 0x00, 0x00, 0x00, 0x00,
  0x00, 0x00, 0x00, 0x00, 0x00, 0x00, 0x00, 0x00, 0x00, 0x00, 0x00, 0x00,
  0x00, 0x00, 0x00, 0x00, 0x00, 0x00, 0x00, 0x00, 0x00, 0x00, 0x00, 0x00,
  0x00, 0x00, 0x00, 0x00, 0x00, 0x00, 0x00, 0x00, 0x00, 0x00, 0x00, 0x00,
  0x00, 0x00, 0x00, 0x00, 0x00, 0x00, 0x00, 0x00, 0x00, 0x00, 0x00, 0x00,
  0x00, 0x00, 0x00, 0x00, 0x00, 0x00, 0x00, 0x00, 0x00, 0x00, 0x00, 0x00,
  0x00, 0x00, 0x00, 0x00, 0x00, 0x00, 0x00, 0x00, 0x00, 0x00, 0x00, 0x00,
  0x00, 0x00, 0x00, 0x00, 0x00, 0x00, 0x00, 0x00, 0x00, 0x00, 0x00, 0x00,
  0x00, 0x00, 0x00, 0x00, 0x00, 0x00, 0x00, 0x00, 0x00, 0x00, 0x00, 0x00,
  0x00, 0x00, 0x00, 0x00, 0x00, 0x00, 0x00, 0x00, 0x00, 0x00, 0x00, 0x00,
  0x00, 0x00, 0x00, 0x00, 0x00, 0x00, 0x00, 0x00, 0x00, 0x00, 0x00, 0x00,
  0x00, 0x00, 0x00, 0x00, 0x00, 0x00, 0x00, 0x00, 0x00, 0x00, 0x00, 0x00,
  0x00, 0x00, 0x00, 0x00, 0x00, 0x00, 0x00, 0x00, 0x00, 0x00, 0x00, 0x00,
  0x00, 0x00, 0x00, 0x00, 0x00, 0x00, 0x00, 0x00, 0x00, 0x00, 0x00, 0x00,
  0x00, 0x00, 0x00, 0x00, 0x00, 0x00, 0x00, 0x00, 0x00, 0x00, 0x00, 0x00,
  0x00, 0x00, 0x00, 0x00, 0x00, 0x00, 0x00, 0x00, 0x00, 0x00, 0x00, 0x00,
  0x00, 0x00, 0x00, 0x00, 0x00, 0x00, 0x00, 0x00, 0x00, 0x00, 0x00, 0x00,
  0x00, 0x00, 0x00, 0x00, 0x00, 0x00, 0x00, 0x00, 0x00, 0x00, 0x00, 0x00,
  0x00, 0x00, 0x00, 0x00, 0x00, 0x00, 0x00, 0x00, 0x00, 0x00, 0x00, 0x00,
  0x00, 0x00, 0x00, 0x00, 0x00, 0x00, 0x00, 0x00, 0x00, 0x00, 0x00, 0x00,
  0x00, 0x00, 0x00, 0x00, 0x00, 0x00, 0x00, 0x00, 0x00, 0x00, 0x00, 0x00,
  0x00, 0x00, 0x00, 0x00, 0x00, 0x00, 0x00, 0x00, 0x00, 0x00, 0x00, 0x00,
  0x00, 0x00, 0x00, 0x00, 0x00, 0x00, 0x00, 0x00, 0x00, 0x00, 0x00, 0x00,
  0x00, 0x00, 0x00, 0x00, 0x00, 0x00, 0x00, 0x00, 0x00, 0x00, 0x00, 0x00,
  0x00, 0x00, 0x00, 0x00, 0x00, 0x00, 0x00, 0x00, 0x00, 0x00, 0x00, 0x00,
  0x00, 0x00, 0x00, 0x00, 0x00, 0x00, 0x00, 0x00, 0x00, 0x00, 0x00, 0x00,
  0x00, 0x00, 0x00, 0x00, 0x00, 0x00, 0x00, 0x00, 0x00, 0x00, 0x00, 0x00,
  0x00, 0x00, 0x00, 0x00, 0x00, 0x00, 0x00, 0x00, 0x00, 0x00, 0x00, 0x00,
  0x00, 0x00, 0x00, 0x00, 0x00, 0x00, 0x00, 0x00, 0x00, 0x00, 0x00, 0x00,
  0x00, 0x00, 0x00, 0x00, 0x00, 0x00, 0x00, 0x00, 0x00, 0x00, 0x00, 0x00,
  0x00, 0x00, 0x00, 0x00, 0x00, 0x00, 0x00, 0x00, 0x00, 0x00, 0x00, 0x00,
  0x00, 0x00, 0x00, 0x00, 0x00, 0x00, 0x00, 0x00, 0x00, 0x00, 0x00, 0x00,
  0x00, 0x00, 0x00, 0x00, 0x00, 0x00, 0x00, 0x00, 0x00, 0x00, 0x00, 0x00,
  0x00, 0x00, 0x00, 0x00, 0x00, 0x00, 0x00, 0x00, 0x00, 0x00, 0x00, 0x00,
  0x00, 0x00, 0x00, 0x00, 0x00, 0x00, 0x00, 0x00, 0x00, 0x00, 0x00, 0x00,
  0x00, 0x00, 0x00, 0x00, 0x00, 0x00, 0x00, 0x00, 0x00, 0x00, 0x00, 0x00,
  0x00, 0x00, 0x00, 0x00, 0x00, 0x00, 0x00, 0x00, 0x00, 0x00, 0x00, 0x00,
  0x00, 0x00, 0x00, 0x00, 0x00, 0x00, 0x00, 0x00, 0x00, 0x00, 0x00, 0x00,
  0x00, 0x00, 0x00, 0x00, 0x00, 0x00, 0x00, 0x00, 0x00, 0x00, 0x00, 0x00,
  0x00, 0x00, 0x00, 0x00, 0x00, 0x00, 0x00, 0x00, 0x00, 0x00, 0x00, 0x00,
  0x00, 0x00, 0x00, 0x00, 0x00, 0x00, 0x00, 0x00, 0x00, 0x00, 0x00, 0x00,
  0x00, 0x00, 0x00, 0x00, 0x00, 0x00, 0x00, 0x00, 0x00, 0x00, 0x00, 0x00,
  0x00, 0x00, 0x00, 0x00, 0x00, 0x00, 0x00, 0x00, 0x00, 0x00, 0x00, 0x00,
  0x00, 0x00, 0x00, 0x00, 0x00, 0x00, 0x00, 0x00, 0x00, 0x00, 0x00, 0x00,
  0x00, 0x00, 0x00, 0x00, 0x00, 0x00, 0x00, 0x00, 0x00, 0x00, 0x00, 0x00,
  0x00, 0x00, 0x00, 0x00, 0x00, 0x00, 0x00, 0x00, 0x00, 0x00, 0x00, 0x00,
  0x00, 0x00, 0x00, 0x00, 0x00, 0x00, 0x00, 0x00, 0x00, 0x00, 0x00, 0x00,
  0x00, 0x00, 0x00, 0x00, 0x00, 0x00, 0x00, 0x00, 0x00, 0x00, 0x00, 0x00,
  0x00, 0x00, 0x00, 0x00, 0x00, 0x00, 0x00, 0x00, 0x00, 0x00, 0x00, 0x00,
  0x00, 0x00, 0x00, 0x00, 0x00, 0x00, 0x00, 0x00, 0x00, 0x00, 0x00, 0x00,
  0x00, 0x00, 0x00, 0x00, 0x00, 0x00, 0x00, 0x00, 0x00, 0x00, 0x00, 0x00,
  0x00, 0x00, 0x00, 0x00, 0x00, 0x00, 0x00, 0x00, 0x00, 0x00, 0x00, 0x00,
  0x00, 0x00, 0x00, 0x00, 0x00, 0x00, 0x00, 0x00, 0x00, 0x00, 0x00, 0x00,
  0x00, 0x00, 0x00, 0x00, 0x00, 0x00, 0x00, 0x00, 0x00, 0x00, 0x00, 0x00,
  0x00, 0x00, 0x00, 0x00, 0x00, 0x00, 0x00, 0x00, 0x00, 0x00, 0x00, 0x00,
  0x00, 0x00, 0x00, 0x00, 0x00, 0x00, 0x00, 0x00, 0x00, 0x00, 0x00, 0x00,
  0x00, 0x00, 0x00, 0x00, 0x00, 0x00, 0x00, 0x00, 0x00, 0x00, 0x00, 0x00,
  0x00, 0x00, 0x00, 0x00, 0x00, 0x00, 0x00, 0x00, 0x00, 0x00, 0x00, 0x00,
  0x00, 0x00, 0x00, 0x00, 0x00, 0x00, 0x00, 0x00, 0x00, 0x00, 0x00, 0x00,
  0x00, 0x00, 0x00, 0x00, 0x00, 0x00, 0x00, 0x00, 0x00, 0x00, 0x00, 0x00,
  0x00, 0x00, 0x00, 0x00, 0x00, 0x00, 0x00, 0x00, 0x00, 0x00, 0x00, 0x00,
  0x00, 0x00, 0x00, 0x00, 0x00, 0x00, 0x00, 0x00, 0x00, 0x00, 0x00, 0x00,
  0x00, 0x00, 0x00, 0x00, 0x00, 0x00, 0x00, 0x00, 0x00, 0x00, 0x00, 0x00,
  0x00, 0x00, 0x00, 0x00, 0x00, 0x00, 0x00, 0x00, 0x00, 0x00, 0x00, 0x00,
  0x00, 0x00, 0x00, 0x00, 0x00, 0x00, 0x00, 0x00, 0x00, 0x00, 0x00, 0x00,
  0x00, 0x00, 0x00, 0x00, 0x00, 0x00, 0x00, 0x00, 0x00, 0x00, 0x00, 0x00,
  0x00, 0x00, 0x00, 0x00, 0x00, 0x00, 0x00, 0x00, 0x00, 0x00, 0x00, 0x00,
  0x00, 0x00, 0x00, 0x00, 0x00, 0x00, 0x00, 0x00, 0x00, 0x00, 0x00, 0x00,
  0x00, 0x00, 0x00, 0x00, 0x00, 0x00, 0x00, 0x00, 0x00, 0x00, 0x00, 0x00,
  0x00, 0x00, 0x00, 0x00, 0x00, 0x00, 0x00, 0x00, 0x00, 0x00, 0x00, 0x00,
  0x00, 0x00, 0x00, 0x00, 0x00, 0x00, 0x00, 0x00, 0x00, 0x00, 0x00, 0x00,
  0x00, 0x00, 0x00, 0x00, 0x00, 0x00, 0x00, 0x00, 0x00, 0x00, 0x00, 0x00,
  0x00, 0x00, 0x00, 0x00, 0x00, 0x00, 0x00, 0x00, 0x00, 0x00, 0x00, 0x00,
  0x00, 0x00, 0x00, 0x00, 0x00, 0x00, 0x00, 0x00, 0x00, 0x00, 0x00, 0x00,
  0x00, 0x00, 0x00, 0x00, 0x00, 0x00, 0x00, 0x00, 0x00, 0x00, 0x00, 0x00,
  0x00, 0x00, 0x00, 0x00, 0x00, 0x00, 0x00, 0x00, 0x00, 0x00, 0x00, 0x00,
  0x00, 0x00, 0x00, 0x00, 0x00, 0x00, 0x00, 0x00, 0x00, 0x00, 0x00, 0x00,
  0x00, 0x00, 0x00, 0x00, 0x00, 0x00, 0x00, 0x00, 0x00, 0x00, 0x00, 0x00,
  0x00, 0x00, 0x00, 0x00, 0x00, 0x00, 0x00, 0x00, 0x00, 0x00, 0x00, 0x00,
  0x00, 0x00, 0x00, 0x00, 0x00, 0x00, 0x00, 0x00, 0x00, 0x00, 0x00, 0x00,
  0x00, 0x00, 0x00, 0x00, 0x00, 0x00, 0x00, 0x00, 0x00, 0x00, 0x00, 0x00,
  0x00, 0x00, 0x00, 0x00, 0x00, 0x00, 0x00, 0x00, 0x00, 0x00, 0x00, 0x00,
  0x00, 0x00, 0x00, 0x00, 0x00, 0x00, 0x00, 0x00, 0x00, 0x00, 0x00, 0x00,
  0x00, 0x00, 0x00, 0x00, 0x00, 0x00, 0x00, 0x00, 0x00, 0x00, 0x00, 0x00,
  0x00, 0x00, 0x00, 0x00, 0x00, 0x00, 0x00, 0x00, 0x00, 0x00, 0x00, 0x00,
  0x00, 0x00, 0x00, 0x00, 0x00, 0x00, 0x00, 0x00, 0x00, 0x00, 0x00, 0x00,
  0x00, 0x00, 0x00, 0x00, 0x00, 0x00, 0x00, 0x00, 0x00, 0x00, 0x00, 0x00,
  0x00, 0x00, 0x00, 0x00, 0x00, 0x00, 0x00, 0x00, 0x00, 0x00, 0x00, 0x00,
  0x00, 0x00, 0x00, 0x00, 0x00, 0x00, 0x00, 0x00, 0x00, 0x00, 0x00, 0x00,
  0x00, 0x00, 0x00, 0x00, 0x00, 0x00, 0x00, 0x00, 0x00, 0x00, 0x00, 0x00,
  0x00, 0x00, 0x00, 0x00, 0x00, 0x00, 0x00, 0x00, 0x00, 0x00, 0x00, 0x00,
  0x00, 0x00, 0x00, 0x00, 0x00, 0x00, 0x00, 0x00, 0x00, 0x00, 0x00, 0x00,
  0x00, 0x00, 0x00, 0x00, 0x00, 0x00, 0x00, 0x00, 0x00, 0x00, 0x00, 0x00,
  0x00, 0x00, 0x00, 0x00, 0x00, 0x00, 0x00, 0x00, 0x00, 0x00, 0x00, 0x00,
  0x00, 0x00, 0x00, 0x00, 0x00, 0x00, 0x00, 0x00, 0x00, 0x00, 0x00, 0x00,
  0x00, 0x00, 0x00, 0x00, 0x00, 0x00, 0x00, 0x00, 0x00, 0x00, 0x00, 0x00,
  0x00, 0x00, 0x00, 0x00, 0x00, 0x00, 0x00, 0x00, 0x00, 0x00, 0x00, 0x00,
  0x00, 0x00, 0x00, 0x00, 0x00, 0x00, 0x00, 0x00, 0x00, 0x00, 0x00, 0x00,
  0x00, 0x00, 0x00, 0x00, 0x00, 0x00, 0x00, 0x00, 0x00, 0x00, 0x00, 0x00,
  0x00, 0x00, 0x00, 0x00, 0x00, 0x00, 0x00, 0x00, 0x00, 0x00, 0x00, 0x00,
  0x00, 0x00, 0x00, 0x00, 0x00, 0x00, 0x00, 0x00, 0x00, 0x00, 0x00, 0x00,
  0x00, 0x00, 0x00, 0x00, 0x00, 0x00, 0x00, 0x00, 0x00, 0x00, 0x00, 0x00,
  0x00, 0x00, 0x00, 0x00, 0x00, 0x00, 0x00, 0x00, 0x00, 0x00, 0x00, 0x00,
  0x00, 0x00, 0x00, 0x00, 0x00, 0x00, 0x00, 0x00, 0x00, 0x00, 0x00, 0x00,
  0x00, 0x00, 0x00, 0x00, 0x00, 0x00, 0x00, 0x00, 0x00, 0x00, 0x00, 0x00,
  0x00, 0x00, 0x00, 0x00, 0x00, 0x00, 0x00, 0x00, 0x00, 0x00, 0x00, 0x00,
  0x00, 0x00, 0x00, 0x00, 0x00, 0x00, 0x00, 0x00, 0x00, 0x00, 0x00, 0x00,
  0x00, 0x00, 0x00, 0x00, 0x00, 0x00, 0x00, 0x00, 0x00, 0x00, 0x00, 0x00,
  0x00, 0x00, 0x00, 0x00, 0x00, 0x00, 0x00, 0x00, 0x00, 0x00, 0x00, 0x00,
  0x00, 0x00, 0x00, 0x00, 0x00, 0x00, 0x00, 0x00, 0x00, 0x00, 0x00, 0x00,
  0x00, 0x00, 0x00, 0x00, 0x00, 0x00, 0x00, 0x00, 0x00, 0x00, 0x00, 0x00,
  0x00, 0x00, 0x00, 0x00, 0x00, 0x00, 0x00, 0x00, 0x00, 0x00, 0x00, 0x00,
  0x00, 0x00, 0x00, 0x00, 0x00, 0x00, 0x00, 0x00, 0x00, 0x00, 0x00, 0x00,
  0x00, 0x00, 0x00, 0x00, 0x00, 0x00, 0x00, 0x00, 0x00, 0x00, 0x00, 0x00,
  0x00, 0x00, 0x00, 0x00, 0x00, 0x00, 0x00, 0x00, 0x00, 0x00, 0x00, 0x00,
  0x00, 0x00, 0x00, 0x00, 0x00, 0x00, 0x00, 0x00, 0x00, 0x00, 0x00, 0x00,
  0x00, 0x00, 0x00, 0x00, 0x00, 0x00, 0x00, 0x00, 0x00, 0x00, 0x00, 0x00,
  0x00, 0x00, 0x00, 0x00, 0x00, 0x00, 0x00, 0x00, 0x00, 0x00, 0x00, 0x00,
  0x00, 0x00, 0x00, 0x00, 0x00, 0x00, 0x00, 0x00, 0x00, 0x00, 0x00, 0x00,
  0x00, 0x00, 0x00, 0x00, 0x00, 0x00, 0x00, 0x00, 0x00, 0x00, 0x00, 0x00,
  0x00, 0x00, 0x00, 0x00, 0x00, 0x00, 0x00, 0x00, 0x00, 0x00, 0x00, 0x00,
  0x00, 0x00, 0x00, 0x00, 0x00, 0x00, 0x00, 0x00, 0x00, 0x00, 0x00, 0x00,
  0x00, 0x00, 0x00, 0x00, 0x00, 0x00, 0x00, 0x00, 0x00, 0x00, 0x00, 0x00,
  0x00, 0x00, 0x00, 0x00, 0x00, 0x00, 0x00, 0x00, 0x00, 0x00, 0x00, 0x00,
  0x00, 0x00, 0x00, 0x00, 0x00, 0x00, 0x00, 0x00, 0x00, 0x00, 0x00, 0x00,
  0x00, 0x00, 0x00, 0x00, 0x00, 0x00, 0x00, 0x00, 0x00, 0x00, 0x00, 0x00,
  0x00, 0x00, 0x00, 0x00, 0x00, 0x00, 0x00, 0x00, 0x00, 0x00, 0x00, 0x00,
  0x00, 0x00, 0x00, 0x00, 0x00, 0x00, 0x00, 0x00, 0x00, 0x00, 0x00, 0x00,
  0x00, 0x00, 0x00, 0x00, 0x00, 0x00, 0x00, 0x00, 0x00, 0x00, 0x00, 0x00,
  0x00, 0x00, 0x00, 0x00, 0x00, 0x00, 0x00, 0x00, 0x00, 0x00, 0x00, 0x00,
  0x00, 0x00, 0x00, 0x00, 0x00, 0x00, 0x00, 0x00, 0x00, 0x00, 0x00, 0x00,
  0x00, 0x00, 0x00, 0x00, 0x00, 0x00, 0x00, 0x00, 0x00, 0x00, 0x00, 0x00,
  0x00, 0x00, 0x00, 0x00, 0x00, 0x00, 0x00, 0x00, 0x00, 0x00, 0x00, 0x00,
  0x00, 0x00, 0x00, 0x00, 0x00, 0x00, 0x00, 0x00, 0x00, 0x00, 0x00, 0x00,
  0x00, 0x00, 0x00, 0x00, 0x00, 0x00, 0x00, 0x00, 0x00, 0x00, 0x00, 0x00,
  0x00, 0x00, 0x00, 0x00, 0x00, 0x00, 0x00, 0x00, 0x00, 0x00, 0x00, 0x00,
  0x00, 0x00, 0x00, 0x00, 0x00, 0x00, 0x00, 0x00, 0x00, 0x00, 0x00, 0x00,
  0x00, 0x00, 0x00, 0x00, 0x00, 0x00, 0x00, 0x00, 0x00, 0x00, 0x00, 0x00,
  0x00, 0x00, 0x00, 0x00, 0x00, 0x00, 0x00, 0x00, 0x00, 0x00, 0x00, 0x00,
  0x00, 0x00, 0x00, 0x00, 0x00, 0x00, 0x00, 0x00, 0x00, 0x00, 0x00, 0x00,
  0x00, 0x00, 0x00, 0x00, 0x00, 0x00, 0x00, 0x00, 0x00, 0x00, 0x00, 0x00,
  0x00, 0x00, 0x00, 0x00, 0x00, 0x00, 0x00, 0x00, 0x00, 0x00, 0x00, 0x00,
  0x00, 0x00, 0x00, 0x00, 0x00, 0x00, 0x00, 0x00, 0x00, 0x00, 0x00, 0x00,
  0x00, 0x00, 0x00, 0x00, 0x00, 0x00, 0x00, 0x00, 0x00, 0x00, 0x00, 0x00,
  0x00, 0x00, 0x00, 0x00, 0x00, 0x00, 0x00, 0x00, 0x00, 0x00, 0x00, 0x00,
  0x00, 0x00, 0x00, 0x00, 0x00, 0x00, 0x00, 0x00, 0x00, 0x00, 0x00, 0x00,
  0x00, 0x00, 0x00, 0x00, 0x00, 0x00, 0x00, 0x00, 0x00, 0x00, 0x00, 0x00,
  0x00, 0x00, 0x00, 0x00, 0x00, 0x00, 0x00, 0x00, 0x00, 0x00, 0x00, 0x00,
  0x00, 0x00, 0x00, 0x00, 0x00, 0x00, 0x00, 0x00, 0x00, 0x00, 0x00, 0x00,
  0x00, 0x00, 0x00, 0x00, 0x00, 0x00, 0x00, 0x00, 0x00, 0x00, 0x00, 0x00,
  0x00, 0x00, 0x00, 0x00, 0x00, 0x00, 0x00, 0x00, 0x00, 0x00, 0x00, 0x00,
  0x00, 0x00, 0x00, 0x00, 0x00, 0x00, 0x00, 0x00, 0x00, 0x00, 0x00, 0x00,
  0x00, 0x00, 0x00, 0x00, 0x00, 0x00, 0x00, 0x00, 0x00, 0x00, 0x00, 0x00,
  0x00, 0x00, 0x00, 0x00, 0x00, 0x00, 0x00, 0x00, 0x00, 0x00, 0x00, 0x00,
  0x00, 0x00, 0x00, 0x00, 0x00, 0x00, 0x00, 0x00, 0x00, 0x00, 0x00, 0x00,
  0x00, 0x00, 0x00, 0x00, 0x00, 0x00, 0x00, 0x00, 0x00, 0x00, 0x00, 0x00,
  0x00, 0x00, 0x00, 0x00, 0x00, 0x00, 0x00, 0x00, 0x00, 0x00, 0x00, 0x00,
  0x00, 0x00, 0x00, 0x00, 0x00, 0x00, 0x00, 0x00, 0x00, 0x00, 0x00, 0x00,
  0x00, 0x00, 0x00, 0x00, 0x00, 0x00, 0x00, 0x00, 0x00, 0x00, 0x00, 0x00,
  0x00, 0x00, 0x00, 0x00, 0x00, 0x00, 0x00, 0x00, 0x00, 0x00, 0x00, 0x00,
  0x00, 0x00, 0x00, 0x00, 0x00, 0x00, 0x00, 0x00, 0x00, 0x00, 0x00, 0x00,
  0x00, 0x00, 0x00, 0x00, 0x00, 0x00, 0x00, 0x00, 0x00, 0x00, 0x00, 0x00,
  0x00, 0x00, 0x00, 0x00, 0x00, 0x00, 0x00, 0x00, 0x00, 0x00, 0x00, 0x00,
  0x00, 0x00, 0x00, 0x00, 0x00, 0x00, 0x00, 0x00, 0x00, 0x00, 0x00, 0x00,
  0x00, 0x00, 0x00, 0x00, 0x00, 0x00, 0x00, 0x00, 0x00, 0x00, 0x00, 0x00,
  0x00, 0x00, 0x00, 0x00, 0x00, 0x00, 0x00, 0x00, 0x00, 0x00, 0x00, 0x00,
  0x00, 0x00, 0x00, 0x00, 0x00, 0x00, 0x00, 0x00, 0x00, 0x00, 0x00, 0x00,
  0x00, 0x00, 0x00, 0x00, 0x00, 0x00, 0x00, 0x00, 0x00, 0x00, 0x00, 0x00,
  0x00, 0x00, 0x00, 0x00, 0x00, 0x00, 0x00, 0x00, 0x00, 0x00, 0x00, 0x00,
  0x00, 0x00, 0x00, 0x00, 0x00, 0x00, 0x00, 0x00, 0x00, 0x00, 0x00, 0x00,
  0x00, 0x00, 0x00, 0x00, 0x00, 0x00, 0x00, 0x00, 0x00, 0x00, 0x00, 0x00,
  0x00, 0x00, 0x00, 0x00, 0x00, 0x00, 0x00, 0x00, 0x00, 0x00, 0x00, 0x00,
  0x00, 0x00, 0x00, 0x00, 0x00, 0x00, 0x00, 0x00, 0x00, 0x00, 0x00, 0x00,
  0x00, 0x00, 0x00, 0x00, 0x00, 0x00, 0x00, 0x00, 0x00, 0x00, 0x00, 0x00,
  0x00, 0x00, 0x00, 0x00, 0x00, 0x00, 0x00, 0x00, 0x00, 0x00, 0x00, 0x00,
  0x00, 0x00, 0x00, 0x00, 0x00, 0x00, 0x00, 0x00, 0x00, 0x00, 0x00, 0x00,
  0x00, 0x00, 0x00, 0x00, 0x00, 0x00, 0x00, 0x00, 0x00, 0x00, 0x00, 0x00,
  0x00, 0x00, 0x00, 0x00, 0x00, 0x00, 0x00, 0x00, 0x00, 0x00, 0x00, 0x00,
  0x00, 0x00, 0x00, 0x00, 0x00, 0x00, 0x00, 0x00, 0x00, 0x00, 0x00, 0x00,
  0x00, 0x00, 0x00, 0x00, 0x00, 0x00, 0x00, 0x00, 0x00, 0x00, 0x00, 0x00,
  0x00, 0x00, 0x00, 0x00, 0x00, 0x00, 0x00, 0x00, 0x00, 0x00, 0x00, 0x00,
  0x00, 0x00, 0x00, 0x00, 0x00, 0x00, 0x00, 0x00, 0x00, 0x00, 0x00, 0x00,
  0x00, 0x00, 0x00, 0x00, 0x00, 0x00, 0x00, 0x00, 0x00, 0x00, 0x00, 0x00,
  0x00, 0x00, 0x00, 0x00, 0x00, 0x00, 0x00, 0x00, 0x00, 0x00, 0x00, 0x00,
  0x00, 0x00, 0x00, 0x00, 0x00, 0x00, 0x00, 0x00, 0x00, 0x00, 0x00, 0x00,
  0x00, 0x00, 0x00, 0x00, 0x00, 0x00, 0x00, 0x00, 0x00, 0x00, 0x00, 0x00,
  0x00, 0x00, 0x00, 0x00, 0x00, 0x00, 0x00, 0x00, 0x00, 0x00, 0x00, 0x00,
  0x00, 0x00, 0x00, 0x00, 0x00, 0x00, 0x00, 0x00, 0x00, 0x00, 0x00, 0x00,
  0x00, 0x00, 0x00, 0x00, 0x00, 0x00, 0x00, 0x00, 0x00, 0x00, 0x00, 0x00,
  0x00, 0x00, 0x00, 0x00, 0x00, 0x00, 0x00, 0x00, 0x00, 0x00, 0x00, 0x00,
  0x00, 0x00, 0x00, 0x00, 0x00, 0x00, 0x00, 0x00, 0x00, 0x00, 0x00, 0x00,
  0x00, 0x00, 0x00, 0x00, 0x00, 0x00, 0x00, 0x00, 0x00, 0x00, 0x00, 0x00,
  0x00, 0x00, 0x00, 0x00, 0x00, 0x00, 0x00, 0x00, 0x00, 0x00, 0x00, 0x00,
  0x00, 0x00, 0x00, 0x00, 0x00, 0x00, 0x00, 0x00, 0x00, 0x00, 0x00, 0x00,
  0x00, 0x00, 0x00, 0x00, 0x00, 0x00, 0x00, 0x00, 0x00, 0x00, 0x00, 0x00,
  0x00, 0x00, 0x00, 0x00, 0x00, 0x00, 0x00, 0x00, 0x00, 0x00, 0x00, 0x00,
  0x00, 0x00, 0x00, 0x00, 0x00, 0x00, 0x00, 0x00, 0x00, 0x00, 0x00, 0x00,
  0x00, 0x00, 0x00, 0x00, 0x00, 0x00, 0x00, 0x00, 0x00, 0x00, 0x00, 0x00,
  0x00, 0x00, 0x00, 0x00, 0x00, 0x00, 0x00, 0x00, 0x00, 0x00, 0x00, 0x00,
  0x00, 0x00, 0x00, 0x00, 0x00, 0x00, 0x00, 0x00, 0x00, 0x00, 0x00, 0x00,
  0x00, 0x00, 0x00, 0x00, 0x00, 0x00, 0x00, 0x00, 0x00, 0x00, 0x00, 0x00,
  0x00, 0x00, 0x00, 0x00, 0x00, 0x00, 0x00, 0x00, 0x00, 0x00, 0x00, 0x00,
  0x00, 0x00, 0x00, 0x00, 0x00, 0x00, 0x00, 0x00, 0x00, 0x00, 0x00, 0x00,
  0x00, 0x00, 0x00, 0x00, 0x00, 0x00, 0x00, 0x00, 0x00, 0x00, 0x00, 0x00,
  0x00, 0x00, 0x00, 0x00, 0x00, 0x00, 0x00, 0x00, 0x00, 0x00, 0x00, 0x00,
  0x00, 0x00, 0x00, 0x00, 0x00, 0x00, 0x00, 0x00, 0x00, 0x00, 0x00, 0x00,
  0x00, 0x00, 0x00, 0x00, 0x00, 0x00, 0x00, 0x00, 0x00, 0x00, 0x00, 0x00,
  0x00, 0x00, 0x00, 0x00, 0x00, 0x00, 0x00, 0x00, 0x00, 0x00, 0x00, 0x00,
  0x00, 0x00, 0x00, 0x00, 0x00, 0x00, 0x00, 0x00, 0x00, 0x00, 0x00, 0x00,
  0x00, 0x00, 0x00, 0x00, 0x00, 0x00, 0x00, 0x00, 0x00, 0x00, 0x00, 0x00,
  0x00, 0x00, 0x00, 0x00, 0x00, 0x00, 0x00, 0x00, 0x00, 0x00, 0x00, 0x00,
  0x00, 0x00, 0x00, 0x00, 0x00, 0x00, 0x00, 0x00, 0x00, 0x00, 0x00, 0x00,
  0x00, 0x00, 0x00, 0x00, 0x00, 0x00, 0x00, 0x00, 0x00, 0x00, 0x00, 0x00,
  0x00, 0x00, 0x00, 0x00, 0x00, 0x00, 0x00, 0x00, 0x00, 0x00, 0x00, 0x00,
  0x00, 0x00, 0x00, 0x00, 0x00, 0x00, 0x00, 0x00, 0x00, 0x00, 0x00, 0x00,
  0x00, 0x00, 0x00, 0x00, 0x00, 0x00, 0x00, 0x00, 0x00, 0x00, 0x00, 0x00,
  0x00, 0x00, 0x00, 0x00, 0x00, 0x00, 0x00, 0x00, 0x00, 0x00, 0x00, 0x00,
  0x00, 0x00, 0x00, 0x00, 0x00, 0x00, 0x00, 0x00, 0x00, 0x00, 0x00, 0x00,
  0x00, 0x00, 0x00, 0x00, 0x00, 0x00, 0x00, 0x00, 0x00, 0x00, 0x00, 0x00,
  0x00, 0x00, 0x00, 0x00, 0x00, 0x00, 0x00, 0x00, 0x00, 0x00, 0x00, 0x00,
  0x00, 0x00, 0x00, 0x00, 0x00, 0x00, 0x00, 0x00, 0x00, 0x00, 0x00, 0x00,
  0x00, 0x00, 0x00, 0x00, 0x00, 0x00, 0x00, 0x00, 0x00, 0x00, 0x00, 0x00,
  0x00, 0x00, 0x00, 0x00, 0x00, 0x00, 0x00, 0x00, 0x00, 0x00, 0x00, 0x00,
  0x00, 0x00, 0x00, 0x00, 0x00, 0x00, 0x00, 0x00, 0x00, 0x00, 0x00, 0x00,
  0x00, 0x00, 0x00, 0x00, 0x00, 0x00, 0x00, 0x00, 0x00, 0x00, 0x00, 0x00,
  0x00, 0x00, 0x00, 0x00, 0x00, 0x00, 0x00, 0x00, 0x00, 0x00, 0x00, 0x00,
  0x00, 0x00, 0x00, 0x00, 0x00, 0x00, 0x00, 0x00, 0x00, 0x00, 0x00, 0x00,
  0x00, 0x00, 0x00, 0x00, 0x00, 0x00, 0x00, 0x00, 0x00, 0x00, 0x00, 0x00,
  0x00, 0x00, 0x00, 0x00, 0x00, 0x00, 0x00, 0x00, 0x00, 0x00, 0x00, 0x00,
  0x00, 0x00, 0x00, 0x00, 0x00, 0x00, 0x00, 0x00, 0x00, 0x00, 0x00, 0x00,
  0x00, 0x00, 0x00, 0x00, 0x00, 0x00, 0x00, 0x00, 0x00, 0x00, 0x00, 0x00,
  0x00, 0x00, 0x00, 0x00, 0x00, 0x00, 0x00, 0x00, 0x00, 0x00, 0x00, 0x00,
  0x00, 0x00, 0x00, 0x00, 0x00, 0x00, 0x00, 0x00, 0x00, 0x00, 0x00, 0x00,
  0x00, 0x00, 0x00, 0x00, 0x00, 0x00, 0x00, 0x00, 0x00, 0x00, 0x00, 0x00,
  0x00, 0x00, 0x00, 0x00, 0x00, 0x00, 0x00, 0x00, 0x00, 0x00, 0x00, 0x00,
  0x00, 0x00, 0x00, 0x00, 0x00, 0x00, 0x00, 0x00, 0x00, 0x00, 0x00, 0x00,
  0x00, 0x00, 0x00, 0x00, 0x00, 0x00, 0x00, 0x00, 0x00, 0x00, 0x00, 0x00,
  0x00, 0x00, 0x00, 0x00, 0x00, 0x00, 0x00, 0x00, 0x00, 0x00, 0x00, 0x00,
  0x00, 0x00, 0x00, 0x00, 0x00, 0x00, 0x00, 0x00, 0x00, 0x00, 0x00, 0x00,
  0x00, 0x00, 0x00, 0x00, 0x00, 0x00, 0x00, 0x00, 0x00, 0x00, 0x00, 0x00,
  0x00, 0x00, 0x00, 0x00, 0x00, 0x00, 0x00, 0x00, 0x00, 0x00, 0x00, 0x00,
  0x00, 0x00, 0x00, 0x00, 0x00, 0x00, 0x00, 0x00, 0x00, 0x00, 0x00, 0x00,
  0x00, 0x00, 0x00, 0x00, 0x00, 0x00, 0x00, 0x00, 0x00, 0x00, 0x00, 0x00,
  0x00, 0x00, 0x00, 0x00, 0x00, 0x00, 0x00, 0x00, 0x00, 0x00, 0x00, 0x00,
  0x00, 0x00, 0x00, 0x00, 0x00, 0x00, 0x00, 0x00, 0x00, 0x00, 0x00, 0x00,
  0x00, 0x00, 0x00, 0x00, 0x00, 0x00, 0x00, 0x00, 0x00, 0x00, 0x00, 0x00,
  0x00, 0x00, 0x00, 0x00, 0x00, 0x00, 0x00, 0x00, 0x00, 0x00, 0x00, 0x00,
  0x00, 0x00, 0x00, 0x00, 0x00, 0x00, 0x00, 0x00, 0x00, 0x00, 0x00, 0x00,
  0x00, 0x00, 0x00, 0x00, 0x00, 0x00, 0x00, 0x00, 0x00, 0x00, 0x00, 0x00,
  0x00, 0x00, 0x00, 0x00, 0x00, 0x00, 0x00, 0x00, 0x00, 0x00, 0x00, 0x00,
  0x00, 0x00, 0x00, 0x00, 0x00, 0x00, 0x00, 0x00, 0x00, 0x00, 0x00, 0x00,
  0x00, 0x00, 0x00, 0x00, 0x00, 0x00, 0x00, 0x00, 0x00, 0x00, 0x00, 0x00,
  0x00, 0x00, 0x00, 0x00, 0x00, 0x00, 0x00, 0x00, 0x00, 0x00, 0x00, 0x00,
  0x00, 0x00, 0x00, 0x00, 0x00, 0x00, 0x00, 0x00, 0x00, 0x00, 0x00, 0x00,
  0x00, 0x00, 0x00, 0x00, 0x00, 0x00, 0x00, 0x00, 0x00, 0x00, 0x00, 0x00,
  0x00, 0x00, 0x00, 0x00, 0x00, 0x00, 0x00, 0x00, 0x00, 0x00, 0x00, 0x00,
  0x00, 0x00, 0x00, 0x00, 0x00, 0x00, 0x00, 0x00, 0x00, 0x00, 0x00, 0x00,
  0x00, 0x00, 0x00, 0x00, 0x00, 0x00, 0x00, 0x00, 0x00, 0x00, 0x00, 0x00,
  0x00, 0x00, 0x00, 0x00, 0x00, 0x00, 0x00, 0x00, 0x00, 0x00, 0x00, 0x00,
  0x00, 0x00, 0x00, 0x00, 0x00, 0x00, 0x00, 0x00, 0x00, 0x00, 0x00, 0x00,
  0x00, 0x00, 0x00, 0x00, 0x00, 0x00, 0x00, 0x00, 0x00, 0x00, 0x00, 0x00,
  0x00, 0x00, 0x00, 0x00, 0x00, 0x00, 0x00, 0x00, 0x00, 0x00, 0x00, 0x00,
  0x00, 0x00, 0x00, 0x00, 0x00, 0x00, 0x00, 0x00, 0x00, 0x00, 0x00, 0x00,
  0x00, 0x00, 0x00, 0x00, 0x00, 0x00, 0x00, 0x00, 0x00, 0x00, 0x00, 0x00,
  0x00, 0x00, 0x00, 0x00, 0x00, 0x00, 0x00, 0x00, 0x00, 0x00, 0x00, 0x00,
  0x00, 0x00, 0x00, 0x00, 0x00, 0x00, 0x00, 0x00, 0x00, 0x00, 0x00, 0x00,
  0x00, 0x00, 0x00, 0x00, 0x00, 0x00, 0x00, 0x00, 0x00, 0x00, 0x00, 0x00,
  0x00, 0x00, 0x00, 0x00, 0x00, 0x00, 0x00, 0x00, 0x00, 0x00, 0x00, 0x00,
  0x00, 0x00, 0x00, 0x00, 0x00, 0x00, 0x00, 0x00, 0x00, 0x00, 0x00, 0x00,
  0x00, 0x00, 0x00, 0x00, 0x00, 0x00, 0x00, 0x00, 0x00, 0x00, 0x00, 0x00,
  0x00, 0x00, 0x00, 0x00, 0x00, 0x00, 0x00, 0x00, 0x00, 0x00, 0x00, 0x00,
  0x00, 0x00, 0x00, 0x00, 0x00, 0x00, 0x00, 0x00, 0x00, 0x00, 0x00, 0x00,
  0x00, 0x00, 0x00, 0x00, 0x00, 0x00, 0x00, 0x00, 0x00, 0x00, 0x00, 0x00,
  0x00, 0x00, 0x00, 0x00, 0x00, 0x00, 0x00, 0x00, 0x00, 0x00, 0x00, 0x00,
  0x00, 0x00, 0x00, 0x00, 0x00, 0x00, 0x00, 0x00, 0x00, 0x00, 0x00, 0x00,
  0x00, 0x00, 0x00, 0x00, 0x00, 0x00, 0x00, 0x00, 0x00, 0x00, 0x00, 0x00,
  0x00, 0x00, 0x00, 0x00, 0x00, 0x00, 0x00, 0x00, 0x00, 0x00, 0x00, 0x00,
  0x00, 0x00, 0x00, 0x00, 0x00, 0x00, 0x00, 0x00, 0x00, 0x00, 0x00, 0x00,
  0x00, 0x00, 0x00, 0x00, 0x00, 0x00, 0x00, 0x00, 0x00, 0x00, 0x00, 0x00,
  0x00, 0x00, 0x00, 0x00, 0x00, 0x00, 0x00, 0x00, 0x00, 0x00, 0x00, 0x00,
  0x00, 0x00, 0x00, 0x00, 0x00, 0x00, 0x00, 0x00, 0x00, 0x00, 0x00, 0x00,
  0x00, 0x00, 0x00, 0x00, 0x00, 0x00, 0x00, 0x00, 0x00, 0x00, 0x00, 0x00,
  0x00, 0x00, 0x00, 0x00, 0x00, 0x00, 0x00, 0x00, 0x00, 0x00, 0x00, 0x00,
  0x00, 0x00, 0x00, 0x00, 0x00, 0x00, 0x00, 0x00, 0x00, 0x00, 0x00, 0x00,
  0x00, 0x00, 0x00, 0x00, 0x00, 0x00, 0x00, 0x00, 0x00, 0x00, 0x00, 0x00,
  0x00, 0x00, 0x00, 0x00, 0x00, 0x00, 0x00, 0x00, 0x00, 0x00, 0x00, 0x00,
  0x00, 0x00, 0x00, 0x00, 0x00, 0x00, 0x00, 0x00, 0x00, 0x00, 0x00, 0x00,
  0x00, 0x00, 0x00, 0x00, 0x00, 0x00, 0x00, 0x00, 0x00, 0x00, 0x00, 0x00,
  0x00, 0x00, 0x00, 0x00, 0x00, 0x00, 0x00, 0x00, 0x00, 0x00, 0x00, 0x00,
  0x00, 0x00, 0x00, 0x00, 0x00, 0x00, 0x00, 0x00, 0x00, 0x00, 0x00, 0x00,
  0x00, 0x00, 0x00, 0x00, 0x00, 0x00, 0x00, 0x00, 0x00, 0x00, 0x00, 0x00,
  0x00, 0x00, 0x00, 0x00, 0x00, 0x00, 0x00, 0x00, 0x00, 0x00, 0x00, 0x00,
  0x00, 0x00, 0x00, 0x00, 0x00, 0x00, 0x00, 0x00, 0x00, 0x00, 0x00, 0x00,
  0x00, 0x00, 0x00, 0x00, 0x00, 0x00, 0x00, 0x00, 0x00, 0x00, 0x00, 0x00,
  0x00, 0x00, 0x00, 0x00, 0x00, 0x00, 0x00, 0x00, 0x00, 0x00, 0x00, 0x00,
  0x00, 0x00, 0x00, 0x00, 0x00, 0x00, 0x00, 0x00, 0x00, 0x00, 0x00, 0x00,
  0x00, 0x00, 0x00, 0x00, 0x00, 0x00, 0x00, 0x00, 0x00, 0x00, 0x00, 0x00,
  0x00, 0x00, 0x00, 0x00, 0x00, 0x00, 0x00, 0x00, 0x00, 0x00, 0x00, 0x00,
  0x00, 0x00, 0x00, 0x00, 0x00, 0x00, 0x00, 0x00, 0x00, 0x00, 0x00, 0x00,
  0x00, 0x00, 0x00, 0x00, 0x00, 0x00, 0x00, 0x00, 0x00, 0x00, 0x00, 0x00,
  0x00, 0x00, 0x00, 0x00, 0x00, 0x00, 0x00, 0x00, 0x00, 0x00, 0x00, 0x00,
  0x00, 0x00, 0x00, 0x00, 0x00, 0x00, 0x00, 0x00, 0x00, 0x00, 0x00, 0x00,
  0x00, 0x00, 0x00, 0x00, 0x00, 0x00, 0x00, 0x00, 0x00, 0x00, 0x00, 0x00,
  0x00, 0x00, 0x00, 0x00, 0x00, 0x00, 0x00, 0x00, 0x00, 0x00, 0x00, 0x00,
  0x00, 0x00, 0x00, 0x00, 0x00, 0x00, 0x00, 0x00, 0x00, 0x00, 0x00, 0x00,
  0x00, 0x00, 0x00, 0x00, 0x00, 0x00, 0x00, 0x00, 0x00, 0x00, 0x00, 0x00,
  0x00, 0x00, 0x00, 0x00, 0x00, 0x00, 0x00, 0x00, 0x00, 0x00, 0x00, 0x00,
  0x00, 0x00, 0x00, 0x00, 0x00, 0x00, 0x00, 0x00, 0x00, 0x00, 0x00, 0x00,
  0x00, 0x00, 0x00, 0x00, 0x00, 0x00, 0x00, 0x00, 0x00, 0x00, 0x00, 0x00,
  0x00, 0x00, 0x00, 0x00, 0x00, 0x00, 0x00, 0x00, 0x00, 0x00, 0x00, 0x00,
  0x00, 0x00, 0x00, 0x00, 0x00, 0x00, 0x00, 0x00, 0x00, 0x00, 0x00, 0x00,
  0x00, 0x00, 0x00, 0x00, 0x00, 0x00, 0x00, 0x00, 0x00, 0x00, 0x00, 0x00,
  0x00, 0x00, 0x00, 0x00, 0x00, 0x00, 0x00, 0x00, 0x00, 0x00, 0x00, 0x00,
  0x00, 0x00, 0x00, 0x00, 0x00, 0x00, 0x00, 0x00, 0x00, 0x00, 0x00, 0x00,
  0x00, 0x00, 0x00, 0x00, 0x00, 0x00, 0x00, 0x00, 0x00, 0x00, 0x00, 0x00,
  0x00, 0x00, 0x00, 0x00, 0x00, 0x00, 0x00, 0x00, 0x00, 0x00, 0x00, 0x00,
  0x00, 0x00, 0x00, 0x00, 0x00, 0x00, 0x00, 0x00, 0x00, 0x00, 0x00, 0x00,
  0x00, 0x00, 0x00, 0x00, 0x00, 0x00, 0x00, 0x00, 0x00, 0x00, 0x00, 0x00,
  0x00, 0x00, 0x00, 0x00, 0x00, 0x00, 0x00, 0x00, 0x00, 0x00, 0x00, 0x00,
  0x00, 0x00, 0x00, 0x00, 0x00, 0x00, 0x00, 0x00, 0x00, 0x00, 0x00, 0x00,
  0x00, 0x00, 0x00, 0x00, 0x00, 0x00, 0x00, 0x00, 0x00, 0x00, 0x00, 0x00,
  0x00, 0x00, 0x00, 0x00, 0x00, 0x00, 0x00, 0x00, 0x00, 0x00, 0x00, 0x00,
  0x00, 0x00, 0x00, 0x00, 0x00, 0x00, 0x00, 0x00, 0x00, 0x00, 0x00, 0x00,
  0x00, 0x00, 0x00, 0x00, 0x00, 0x00, 0x00, 0x00, 0x00, 0x00, 0x00, 0x00,
  0x00, 0x00, 0x00, 0x00, 0x00, 0x00, 0x00, 0x00, 0x00, 0x00, 0x00, 0x00,
  0x00, 0x00, 0x00, 0x00, 0x00, 0x00, 0x00, 0x00, 0x00, 0x00, 0x00, 0x00,
  0x00, 0x00, 0x00, 0x00, 0x00, 0x00, 0x00, 0x00, 0x00, 0x00, 0x00, 0x00,
  0x00, 0x00, 0x00, 0x00, 0x00, 0x00, 0x00, 0x00, 0x00, 0x00, 0x00, 0x00,
  0x00, 0x00, 0x00, 0x00, 0x00, 0x00, 0x00, 0x00, 0x00, 0x00, 0x00, 0x00,
  0x00, 0x00, 0x00, 0x00, 0x00, 0x00, 0x00, 0x00, 0x00, 0x00, 0x00, 0x00,
  0x00, 0x00, 0x00, 0x00, 0x00, 0x00, 0x00, 0x00, 0x00, 0x00, 0x00, 0x00,
  0x00, 0x00, 0x00, 0x00, 0x00, 0x00, 0x00, 0x00, 0x00, 0x00, 0x00, 0x00,
  0x00, 0x00, 0x00, 0x00, 0x00, 0x00, 0x00, 0x00, 0x00, 0x00, 0x00, 0x00,
  0x00, 0x00, 0x00, 0x00, 0x00, 0x00, 0x00, 0x00, 0x00, 0x00, 0x00, 0x00,
  0x00, 0x00, 0x00, 0x00, 0x00, 0x00, 0x00, 0x00, 0x00, 0x00, 0x00, 0x00,
  0x00, 0x00, 0x00, 0x00, 0x00, 0x00, 0x00, 0x00, 0x00, 0x00, 0x00, 0x00,
  0x00, 0x00, 0x00, 0x00, 0x00, 0x00, 0x00, 0x00, 0x00, 0x00, 0x00, 0x00,
  0x00, 0x00, 0x00, 0x00, 0x00, 0x00, 0x00, 0x00, 0x00, 0x00, 0x00, 0x00,
  0x00, 0x00, 0x00, 0x00, 0x00, 0x00, 0x00, 0x00, 0x00, 0x00, 0x00, 0x00,
  0x00, 0x00, 0x00, 0x00, 0x00, 0x00, 0x00, 0x00, 0x00, 0x00, 0x00, 0x00,
  0x00, 0x00, 0x00, 0x00, 0x00, 0x00, 0x00, 0x00, 0x00, 0x00, 0x00, 0x00,
  0x00, 0x00, 0x00, 0x00, 0x00, 0x00, 0x00, 0x00, 0x00, 0x00, 0x00, 0x00,
  0x00, 0x00, 0x00, 0x00, 0x00, 0x00, 0x00, 0x00, 0x00, 0x00, 0x00, 0x00,
  0x00, 0x00, 0x00, 0x00, 0x00, 0x00, 0x00, 0x00, 0x00, 0x00, 0x00, 0x00,
  0x00, 0x00, 0x00, 0x00, 0x00, 0x00, 0x00, 0x00, 0x00, 0x00, 0x00, 0x00,
  0x00, 0x00, 0x00, 0x00, 0x00, 0x00, 0x00, 0x00, 0x00, 0x00, 0x00, 0x00,
  0x00, 0x00, 0x00, 0x00, 0x00, 0x00, 0x00, 0x00, 0x00, 0x00, 0x00, 0x00,
  0x00, 0x00, 0x00, 0x00, 0x00, 0x00, 0x00, 0x00, 0x00, 0x00, 0x00, 0x00,
  0x00, 0x00, 0x00, 0x00, 0x00, 0x00, 0x00, 0x00, 0x00, 0x00, 0x00, 0x00,
  0x00, 0x00, 0x00, 0x00, 0x00, 0x00, 0x00, 0x00, 0x00, 0x00, 0x00, 0x00,
  0x00, 0x00, 0x00, 0x00, 0x00, 0x00, 0x00, 0x00, 0x00, 0x00, 0x00, 0x00,
  0x00, 0x00, 0x00, 0x00, 0x00, 0x00, 0x00, 0x00, 0x00, 0x00, 0x00, 0x00,
  0x00, 0x00, 0x00, 0x00, 0x00, 0x00, 0x00, 0x00, 0x00, 0x00, 0x00, 0x00,
  0x00, 0x00, 0x00, 0x00, 0x00, 0x00, 0x00, 0x00, 0x00, 0x00, 0x00, 0x00,
  0x00, 0x00, 0x00, 0x00, 0x00, 0x00, 0x00, 0x00, 0x00, 0x00, 0x00, 0x00,
  0x00, 0x00, 0x00, 0x00, 0x00, 0x00, 0x00, 0x00, 0x00, 0x00, 0x00, 0x00,
  0x00, 0x00, 0x00, 0x00, 0x00, 0x00, 0x00, 0x00, 0x00, 0x00, 0x00, 0x00,
  0x00, 0x00, 0x00, 0x00, 0x00, 0x00, 0x00, 0x00, 0x00, 0x00, 0x00, 0x00,
  0x00, 0x00, 0x00, 0x00, 0x00, 0x00, 0x00, 0x00, 0x00, 0x00, 0x00, 0x00,
  0x00, 0x00, 0x00, 0x00, 0x00, 0x00, 0x00, 0x00, 0x00, 0x00, 0x00, 0x00,
  0x00, 0x00, 0x00, 0x00, 0x00, 0x00, 0x00, 0x00, 0x00, 0x00, 0x00, 0x00,
  0x00, 0x00, 0x00, 0x00, 0x00, 0x00, 0x00, 0x00, 0x00, 0x00, 0x00, 0x00,
  0x00, 0x00, 0x00, 0x00, 0x00, 0x00, 0x00, 0x00, 0x00, 0x00, 0x00, 0x00,
  0x00, 0x00, 0x00, 0x00, 0x00, 0x00, 0x00, 0x00, 0x00, 0x00, 0x00, 0x00,
  0x00, 0x00, 0x00, 0x00, 0x00, 0x00, 0x00, 0x00, 0x00, 0x00, 0x00, 0x00,
  0x00, 0x00, 0x00, 0x00, 0x00, 0x00, 0x00, 0x00, 0x00, 0x00, 0x00, 0x00,
  0x00, 0x00, 0x00, 0x00, 0x00, 0x00, 0x00, 0x00, 0x00, 0x00, 0x00, 0x00,
  0x00, 0x00, 0x00, 0x00, 0x00, 0x00, 0x00, 0x00, 0x00, 0x00, 0x00, 0x00,
  0x00, 0x00, 0x00, 0x00, 0x00, 0x00, 0x00, 0x00, 0x00, 0x00, 0x00, 0x00,
  0x00, 0x00, 0x00, 0x00, 0x00, 0x00, 0x00, 0x00, 0x00, 0x00, 0x00, 0x00,
  0x00, 0x00, 0x00, 0x00, 0x00, 0x00, 0x00, 0x00, 0x00, 0x00, 0x00, 0x00,
  0x00, 0x00, 0x00, 0x00, 0x00, 0x00, 0x00, 0x00, 0x00, 0x00, 0x00, 0x00,
  0x00, 0x00, 0x00, 0x00, 0x00, 0x00, 0x00, 0x00, 0x00, 0x00, 0x00, 0x00,
  0x00, 0x00, 0x00, 0x00, 0x00, 0x00, 0x00, 0x00, 0x00, 0x00, 0x00, 0x00,
  0x00, 0x00, 0x00, 0x00, 0x00, 0x00, 0x00, 0x00, 0x00, 0x00, 0x00, 0x00,
  0x00, 0x00, 0x00, 0x00, 0x00, 0x00, 0x00, 0x00, 0x00, 0x00, 0x00, 0x00,
  0x00, 0x00, 0x00, 0x00, 0x00, 0x00, 0x00, 0x00, 0x00, 0x00, 0x00, 0x00,
  0x00, 0x00, 0x00, 0x00, 0x00, 0x00, 0x00, 0x00, 0x00, 0x00, 0x00, 0x00,
  0x00, 0x00, 0x00, 0x00, 0x00, 0x00, 0x00, 0x00, 0x00, 0x00, 0x00, 0x00,
  0x00, 0x00, 0x00, 0x00, 0x00, 0x00, 0x00, 0x00, 0x00, 0x00, 0x00, 0x00,
  0x00, 0x00, 0x00, 0x00, 0x00, 0x00, 0x00, 0x00, 0x00, 0x00, 0x00, 0x00,
  0x00, 0x00, 0x00, 0x00, 0x00, 0x00, 0x00, 0x00, 0x00, 0x00, 0x00, 0x00,
  0x00, 0x00, 0x00, 0x00, 0x00, 0x00, 0x00, 0x00, 0x00, 0x00, 0x00, 0x00,
  0x00, 0x00, 0x00, 0x00, 0x00, 0x00, 0x00, 0x00, 0x00, 0x00, 0x00, 0x00,
  0x00, 0x00, 0x00, 0x00, 0x00, 0x00, 0x00, 0x00, 0x00, 0x00, 0x00, 0x00,
  0x00, 0x00, 0x00, 0x00, 0x00, 0x00, 0x00, 0x00, 0x00, 0x00, 0x00, 0x00,
  0x00, 0x00, 0x00, 0x00, 0x00, 0x00, 0x00, 0x00, 0x00, 0x00, 0x00, 0x00,
  0x00, 0x00, 0x00, 0x00, 0x00, 0x00, 0x00, 0x00, 0x00, 0x00, 0x00, 0x00,
  0x00, 0x00, 0x00, 0x00, 0x00, 0x00, 0x00, 0x00, 0x00, 0x00, 0x00, 0x00,
  0x00, 0x00, 0x00, 0x00, 0x00, 0x00, 0x00, 0x00, 0x00, 0x00, 0x00, 0x00,
  0x00, 0x00, 0x00, 0x00, 0x00, 0x00, 0x00, 0x00, 0x00, 0x00, 0x00, 0x00,
  0x00, 0x00, 0x00, 0x00, 0x00, 0x00, 0x00, 0x00, 0x00, 0x00, 0x00, 0x00,
  0x00, 0x00, 0x00, 0x00, 0x00, 0x00, 0x00, 0x00, 0x00, 0x00, 0x00, 0x00,
  0x00, 0x00, 0x00, 0x00, 0x00, 0x00, 0x00, 0x00, 0x00, 0x00, 0x00, 0x00,
  0x00, 0x00, 0x00, 0x00, 0x00, 0x00, 0x00, 0x00, 0x00, 0x00, 0x00, 0x00,
  0x00, 0x00, 0x00, 0x00, 0x00, 0x00, 0x00, 0x00, 0x00, 0x00, 0x00, 0x00,
  0x00, 0x00, 0x00, 0x00, 0x00, 0x00, 0x00, 0x00, 0x00, 0x00, 0x00, 0x00,
  0x00, 0x00, 0x00, 0x00, 0x00, 0x00, 0x00, 0x00, 0x00, 0x00, 0x00, 0x00,
  0x00, 0x00, 0x00, 0x00, 0x00, 0x00, 0x00, 0x00, 0x00, 0x00, 0x00, 0x00,
  0x00, 0x00, 0x00, 0x00, 0x00, 0x00, 0x00, 0x00, 0x00, 0x00, 0x00, 0x00,
  0x00, 0x00, 0x00, 0x00, 0x00, 0x00, 0x00, 0x00, 0x00, 0x00, 0x00, 0x00,
  0x00, 0x00, 0x00, 0x00, 0x00, 0x00, 0x00, 0x00, 0x00, 0x00, 0x00, 0x00,
  0x00, 0x00, 0x00, 0x00, 0x00, 0x00, 0x00, 0x00, 0x00, 0x00, 0x00, 0x00,
  0x00, 0x00, 0x00, 0x00, 0x00, 0x00, 0x00, 0x00, 0x00, 0x00, 0x00, 0x00,
  0x00, 0x00, 0x00, 0x00, 0x00, 0x00, 0x00, 0x00, 0x00, 0x00, 0x00, 0x00,
  0x00, 0x00, 0x00, 0x00, 0x00, 0x00, 0x00, 0x00, 0x00, 0x00, 0x00, 0x00,
  0x00, 0x00, 0x00, 0x00, 0x00, 0x00, 0x00, 0x00, 0x00, 0x00, 0x00, 0x00,
  0x00, 0x00, 0x00, 0x00, 0x00, 0x00, 0x00, 0x00, 0x00, 0x00, 0x00, 0x00,
  0x00, 0x00, 0x00, 0x00, 0x00, 0x00, 0x00, 0x00, 0x00, 0x00, 0x00, 0x00,
  0x00, 0x00, 0x00, 0x00, 0x00, 0x00, 0x00, 0x00, 0x00, 0x00, 0x00, 0x00,
  0x00, 0x00, 0x00, 0x00, 0x00, 0x00, 0x00, 0x00, 0x00, 0x00, 0x00, 0x00,
  0x00, 0x00, 0x00, 0x00, 0x00, 0x00, 0x00, 0x00, 0x00, 0x00, 0x00, 0x00,
  0x00, 0x00, 0x00, 0x00, 0x00, 0x00, 0x00, 0x00, 0x00, 0x00, 0x00, 0x00,
  0x00, 0x00, 0x00, 0x00, 0x00, 0x00, 0x00, 0x00, 0x00, 0x00, 0x00, 0x00,
  0x00, 0x00, 0x00, 0x00, 0x00, 0x00, 0x00, 0x00, 0x00, 0x00, 0x00, 0x00,
  0x00, 0x00, 0x00, 0x00, 0x00, 0x00, 0x00, 0x00, 0x00, 0x00, 0x00, 0x00,
  0x00, 0x00, 0x00, 0x00, 0x00, 0x00, 0x00, 0x00, 0x00, 0x00, 0x00, 0x00,
  0x00, 0x00, 0x00, 0x00, 0x00, 0x00, 0x00, 0x00, 0x00, 0x00, 0x00, 0x00,
  0x00, 0x00, 0x00, 0x00, 0x00, 0x00, 0x00, 0x00, 0x00, 0x00, 0x00, 0x00,
  0x00, 0x00, 0x00, 0x00, 0x00, 0x00, 0x00, 0x00, 0x00, 0x00, 0x00, 0x00,
  0x00, 0x00, 0x00, 0x00, 0x00, 0x00, 0x00, 0x00, 0x00, 0x00, 0x00, 0x00,
  0x00, 0x00, 0x00, 0x00, 0x00, 0x00, 0x00, 0x00, 0x00, 0x00, 0x00, 0x00,
  0x00, 0x00, 0x00, 0x00, 0x00, 0x00, 0x00, 0x00, 0x00, 0x00, 0x00, 0x00,
  0x00, 0x00, 0x00, 0x00, 0x00, 0x00, 0x00, 0x00, 0x00, 0x00, 0x00, 0x00,
  0x00, 0x00, 0x00, 0x00, 0x00, 0x00, 0x00, 0x00, 0x00, 0x00, 0x00, 0x00,
  0x00, 0x00, 0x00, 0x00, 0x00, 0x00, 0x00, 0x00, 0x00, 0x00, 0x00, 0x00,
  0x00, 0x00, 0x00, 0x00, 0x00, 0x00, 0x00, 0x00, 0x00, 0x00, 0x00, 0x00,
  0x00, 0x00, 0x00, 0x00, 0x00, 0x00, 0x00, 0x00, 0x00, 0x00, 0x00, 0x00,
  0x00, 0x00, 0x00, 0x00, 0x00, 0x00, 0x00, 0x00, 0x00, 0x00, 0x00, 0x00,
  0x00, 0x00, 0x00, 0x00, 0x00, 0x00, 0x00, 0x00, 0x00, 0x00, 0x00, 0x00,
  0x00, 0x00, 0x00, 0x00, 0x00, 0x00, 0x00, 0x00, 0x00, 0x00, 0x00, 0x00,
  0x00, 0x00, 0x00, 0x00, 0x00, 0x00, 0x00, 0x00, 0x00, 0x00, 0x00, 0x00,
  0x00, 0x00, 0x00, 0x00, 0x00, 0x00, 0x00, 0x00, 0x00, 0x00, 0x00, 0x00,
  0x00, 0x00, 0x00, 0x00, 0x00, 0x00, 0x00, 0x00, 0x00, 0x00, 0x00, 0x00,
  0x00, 0x00, 0x00, 0x00, 0x00, 0x00, 0x00, 0x00, 0x00, 0x00, 0x00, 0x00,
  0x00, 0x00, 0x00, 0x00, 0x00, 0x00, 0x00, 0x00, 0x00, 0x00, 0x00, 0x00,
  0x00, 0x00, 0x00, 0x00, 0x00, 0x00, 0x00, 0x00, 0x00, 0x00, 0x00, 0x00,
  0x00, 0x00, 0x00, 0x00, 0x00, 0x00, 0x00, 0x00, 0x00, 0x00, 0x00, 0x00,
  0x00, 0x00, 0x00, 0x00, 0x00, 0x00, 0x00, 0x00, 0x00, 0x00, 0x00, 0x00,
  0x00, 0x00, 0x00, 0x00, 0x00, 0x00, 0x00, 0x00, 0x00, 0x00, 0x00, 0x00,
  0x00, 0x00, 0x00, 0x00, 0x00, 0x00, 0x00, 0x00, 0x00, 0x00, 0x00, 0x00,
  0x00, 0x00, 0x00, 0x00, 0x00, 0x00, 0x00, 0x00, 0x00, 0x00, 0x00, 0x00,
  0x00, 0x00, 0x00, 0x00, 0x00, 0x00, 0x00, 0x00, 0x00, 0x00, 0x00, 0x00,
  0x00, 0x00, 0x00, 0x00, 0x00, 0x00, 0x00, 0x00, 0x00, 0x00, 0x00, 0x00,
  0x00, 0x00, 0x00, 0x00, 0x00, 0x00, 0x00, 0x00, 0x00, 0x00, 0x00, 0x00,
  0x00, 0x00, 0x00, 0x00, 0x00, 0x00, 0x00, 0x00, 0x00, 0x00, 0x00, 0x00,
  0x00, 0x00, 0x00, 0x00, 0x00, 0x00, 0x00, 0x00, 0x00, 0x00, 0x00, 0x00,
  0x00, 0x00, 0x00, 0x00, 0x00, 0x00, 0x00, 0x00, 0x00, 0x00, 0x00, 0x00,
  0x00, 0x00, 0x00, 0x00, 0x00, 0x00, 0x00, 0x00, 0x00, 0x00, 0x00, 0x00,
  0x00, 0x00, 0x00, 0x00, 0x00, 0x00, 0x00, 0x00, 0x00, 0x00, 0x00, 0x00,
  0x00, 0x00, 0x00, 0x00, 0x00, 0x00, 0x00, 0x00, 0x00, 0x00, 0x00, 0x00,
  0x00, 0x00, 0x00, 0x00, 0x00, 0x00, 0x00, 0x00, 0x00, 0x00, 0x00, 0x00,
  0x00, 0x00, 0x00, 0x00, 0x00, 0x00, 0x00, 0x00, 0x00, 0x00, 0x00, 0x00,
  0x00, 0x00, 0x00, 0x00, 0x00, 0x00, 0x00, 0x00, 0x00, 0x00, 0x00, 0x00,
  0x00, 0x00, 0x00, 0x00, 0x00, 0x00, 0x00, 0x00, 0x00, 0x00, 0x00, 0x00,
  0x00, 0x00, 0x00, 0x00, 0x00, 0x00, 0x00, 0x00, 0x00, 0x00, 0x00, 0x00,
  0x00, 0x00, 0x00, 0x00, 0x00, 0x00, 0x00, 0x00, 0x00, 0x00, 0x00, 0x00,
  0x00, 0x00, 0x00, 0x00, 0x00, 0x00, 0x00, 0x00, 0x00, 0x00, 0x00, 0x00,
  0x00, 0x00, 0x00, 0x00, 0x00, 0x00, 0x00, 0x00, 0x00, 0x00, 0x00, 0x00,
  0x00, 0x00, 0x00, 0x00, 0x00, 0x00, 0x00, 0x00, 0x00, 0x00, 0x00, 0x00,
  0x00, 0x00, 0x00, 0x00, 0x00, 0x00, 0x00, 0x00, 0x00, 0x00, 0x00, 0x00,
  0x00, 0x00, 0x00, 0x00, 0x00, 0x00, 0x00, 0x00, 0x00, 0x00, 0x00, 0x00,
  0x00, 0x00, 0x00, 0x00, 0x00, 0x00, 0x00, 0x00, 0x00, 0x00, 0x00, 0x00,
  0x00, 0x00, 0x00, 0x00, 0x00, 0x00, 0x00, 0x00, 0x00, 0x00, 0x00, 0x00,
  0x00, 0x00, 0x00, 0x00, 0x00, 0x00, 0x00, 0x00, 0x00, 0x00, 0x00, 0x00,
  0x00, 0x00, 0x00, 0x00, 0x00, 0x00, 0x00, 0x00, 0x00, 0x00, 0x00, 0x00,
  0x00, 0x00, 0x00, 0x00, 0x00, 0x00, 0x00, 0x00, 0x00, 0x00, 0x00, 0x00,
  0x00, 0x00, 0x00, 0x00, 0x00, 0x00, 0x00, 0x00, 0x00, 0x00, 0x00, 0x00,
  0x00, 0x00, 0x00, 0x00, 0x00, 0x00, 0x00, 0x00, 0x00, 0x00, 0x00, 0x00,
  0x00, 0x00, 0x00, 0x00, 0x00, 0x00, 0x00, 0x00, 0x00, 0x00, 0x00, 0x00,
  0x00, 0x00, 0x00, 0x00, 0x00, 0x00, 0x00, 0x00, 0x00, 0x00, 0x00, 0x00,
  0x00, 0x00, 0x00, 0x00, 0x00, 0x00, 0x00, 0x00, 0x00, 0x00, 0x00, 0x00,
  0x00, 0x00, 0x00, 0x00, 0x00, 0x00, 0x00, 0x00, 0x00, 0x00, 0x00, 0x00,
  0x00, 0x00, 0x00, 0x00, 0x00, 0x00, 0x00, 0x00, 0x00, 0x00, 0x00, 0x00,
  0x00, 0x00, 0x00, 0x00, 0x00, 0x00, 0x00, 0x00, 0x00, 0x00, 0x00, 0x00,
  0x00, 0x00, 0x00, 0x00, 0x00, 0x00, 0x00, 0x00, 0x00, 0x00, 0x00, 0x00,
  0x00, 0x00, 0x00, 0x00, 0x00, 0x00, 0x00, 0x00, 0x00, 0x00, 0x00, 0x00,
  0x00, 0x00, 0x00, 0x00, 0x00, 0x00, 0x00, 0x00, 0x00, 0x00, 0x00, 0x00,
  0x00, 0x00, 0x00, 0x00, 0x00, 0x00, 0x00, 0x00, 0x00, 0x00, 0x00, 0x00,
  0x00, 0x00, 0x00, 0x00, 0x00, 0x00, 0x00, 0x00, 0x00, 0x00, 0x00, 0x00,
  0x00, 0x00, 0x00, 0x00, 0x00, 0x00, 0x00, 0x00, 0x00, 0x00, 0x00, 0x00,
  0x00, 0x00, 0x00, 0x00, 0x00, 0x00, 0x00, 0x00, 0x00, 0x00, 0x00, 0x00,
  0x00, 0x00, 0x00, 0x00, 0x00, 0x00, 0x00, 0x00, 0x00, 0x00, 0x00, 0x00,
  0x00, 0x00, 0x00, 0x00, 0x00, 0x00, 0x00, 0x00, 0x00, 0x00, 0x00, 0x00,
  0x00, 0x00, 0x00, 0x00, 0x00, 0x00, 0x00, 0x00, 0x00, 0x00, 0x00, 0x00,
  0x00, 0x00, 0x00, 0x00, 0x00, 0x00, 0x00, 0x00, 0x00, 0x00, 0x00, 0x00,
  0x00, 0x00, 0x00, 0x00, 0x00, 0x00, 0x00, 0x00, 0x00, 0x00, 0x00, 0x00,
  0x00, 0x00, 0x00, 0x00, 0x00, 0x00, 0x00, 0x00, 0x00, 0x00, 0x00, 0x00,
  0x00, 0x00, 0x00, 0x00, 0x00, 0x00, 0x00, 0x00, 0x00, 0x00, 0x00, 0x00,
  0x00, 0x00, 0x00, 0x00, 0x00, 0x00, 0x00, 0x00, 0x00, 0x00, 0x00, 0x00,
  0x00, 0x00, 0x00, 0x00, 0x00, 0x00, 0x00, 0x00, 0x00, 0x00, 0x00, 0x00,
  0x00, 0x00, 0x00, 0x00, 0x00, 0x00, 0x00, 0x00, 0x00, 0x00, 0x00, 0x00,
  0x00, 0x00, 0x00, 0x00, 0x00, 0x00, 0x00, 0x00, 0x00, 0x00, 0x00, 0x00,
  0x00, 0x00, 0x00, 0x00, 0x00, 0x00, 0x00, 0x00, 0x00, 0x00, 0x00, 0x00,
  0x00, 0x00, 0x00, 0x00, 0x00, 0x00, 0x00, 0x00, 0x00, 0x00, 0x00, 0x00,
  0x00, 0x00, 0x00, 0x00, 0x00, 0x00, 0x00, 0x00, 0x00, 0x00, 0x00, 0x00,
  0x00, 0x00, 0x00, 0x00, 0x00, 0x00, 0x00, 0x00, 0x00, 0x00, 0x00, 0x00,
  0x00, 0x00, 0x00, 0x00, 0x00, 0x00, 0x00, 0x00, 0x00, 0x00, 0x00, 0x00,
  0x00, 0x00, 0x00, 0x00, 0x00, 0x00, 0x00, 0x00, 0x00, 0x00, 0x00, 0x00,
  0x00, 0x00, 0x00, 0x00, 0x00, 0x00, 0x00, 0x00, 0x00, 0x00, 0x00, 0x00,
  0x00, 0x00, 0x00, 0x00, 0x00, 0x00, 0x00, 0x00, 0x00, 0x00, 0x00, 0x00,
  0x00, 0x00, 0x00, 0x00, 0x00, 0x00, 0x00, 0x00, 0x00, 0x00, 0x00, 0x00,
  0x00, 0x00, 0x00, 0x00, 0x00, 0x00, 0x00, 0x00, 0x00, 0x00, 0x00, 0x00,
  0x00, 0x00, 0x00, 0x00, 0x00, 0x00, 0x00, 0x00, 0x00, 0x00, 0x00, 0x00,
  0x00, 0x00, 0x00, 0x00, 0x00, 0x00, 0x00, 0x00, 0x00, 0x00, 0x00, 0x00,
  0x00, 0x00, 0x00, 0x00, 0x00, 0x00, 0x00, 0x00, 0x00, 0x00, 0x00, 0x00,
  0x00, 0x00, 0x00, 0x00, 0x00, 0x00, 0x00, 0x00, 0x00, 0x00, 0x00, 0x00,
  0x00, 0x00, 0x00, 0x00, 0x00, 0x00, 0x00, 0x00, 0x00, 0x00, 0x00, 0x00,
  0x00, 0x00, 0x00, 0x00, 0x00, 0x00, 0x00, 0x00, 0x00, 0x00, 0x00, 0x00,
  0x00, 0x00, 0x00, 0x00, 0x00, 0x00, 0x00, 0x00, 0x00, 0x00, 0x00, 0x00,
  0x00, 0x00, 0x00, 0x00, 0x00, 0x00, 0x00, 0x00, 0x00, 0x00, 0x00, 0x00,
  0x00, 0x00, 0x00, 0x00, 0x00, 0x00, 0x00, 0x00, 0x00, 0x00, 0x00, 0x00,
  0x00, 0x00, 0x00, 0x00, 0x00, 0x00, 0x00, 0x00, 0x00, 0x00, 0x00, 0x00,
  0x00, 0x00, 0x00, 0x00, 0x00, 0x00, 0x00, 0x00, 0x00, 0x00, 0x00, 0x00,
  0x00, 0x00, 0x00, 0x00, 0x00, 0x00, 0x00, 0x00, 0x00, 0x00, 0x00, 0x00,
  0x00, 0x00, 0x00, 0x00, 0x00, 0x00, 0x00, 0x00, 0x00, 0x00, 0x00, 0x00,
  0x00, 0x00, 0x00, 0x00, 0x00, 0x00, 0x00, 0x00, 0x00, 0x00, 0x00, 0x00,
  0x00, 0x00, 0x00, 0x00, 0x00, 0x00, 0x00, 0x00, 0x00, 0x00, 0x00, 0x00,
  0x00, 0x00, 0x00, 0x00, 0x00, 0x00, 0x00, 0x00, 0x00, 0x00, 0x00, 0x00,
  0x00, 0x00, 0x00, 0x00, 0x00, 0x00, 0x00, 0x00, 0x00, 0x00, 0x00, 0x00,
  0x00, 0x00, 0x00, 0x00, 0x00, 0x00, 0x00, 0x00, 0x00, 0x00, 0x00, 0x00,
  0x00, 0x00, 0x00, 0x00, 0x00, 0x00, 0x00, 0x00, 0x00, 0x00, 0x00, 0x00,
  0x00, 0x00, 0x00, 0x00, 0x00, 0x00, 0x00, 0x00, 0x00, 0x00, 0x00, 0x00,
  0x00, 0x00, 0x00, 0x00, 0x00, 0x00, 0x00, 0x00, 0x00, 0x00, 0x00, 0x00,
  0x00, 0x00, 0x00, 0x00, 0x00, 0x00, 0x00, 0x00, 0x00, 0x00, 0x00, 0x00,
  0x00, 0x00, 0x00, 0x00, 0x00, 0x00, 0x00, 0x00, 0x00, 0x00, 0x00, 0x00,
  0x00, 0x00, 0x00, 0x00, 0x00, 0x00, 0x00, 0x00, 0x00, 0x00, 0x00, 0x00,
  0x00, 0x00, 0x00, 0x00, 0x00, 0x00, 0x00, 0x00, 0x00, 0x00, 0x00, 0x00,
  0x00, 0x00, 0x00, 0x00, 0x00, 0x00, 0x00, 0x00, 0x00, 0x00, 0x00, 0x00,
  0x00, 0x00, 0x00, 0x00, 0x00, 0x00, 0x00, 0x00, 0x00, 0x00, 0x00, 0x00,
  0x00, 0x00, 0x00, 0x00, 0x00, 0x00, 0x00, 0x00, 0x00, 0x00, 0x00, 0x00,
  0x00, 0x00, 0x00, 0x00, 0x00, 0x00, 0x00, 0x00, 0x00, 0x00, 0x00, 0x00,
  0x00, 0x00, 0x00, 0x00, 0x00, 0x00, 0x00, 0x00, 0x00, 0x00, 0x00, 0x00,
  0x00, 0x00, 0x00, 0x00, 0x00, 0x00, 0x00, 0x00, 0x00, 0x00, 0x00, 0x00,
  0x00, 0x00, 0x00, 0x00, 0x00, 0x00, 0x00, 0x00, 0x00, 0x00, 0x00, 0x00,
  0x00, 0x00, 0x00, 0x00, 0x00, 0x00, 0x00, 0x00, 0x00, 0x00, 0x00, 0x00,
  0x00, 0x00, 0x00, 0x00, 0x00, 0x00, 0x00, 0x00, 0x00, 0x00, 0x00, 0x00,
  0x00, 0x00, 0x00, 0x00, 0x00, 0x00, 0x00, 0x00, 0x00, 0x00, 0x00, 0x00,
  0x00, 0x00, 0x00, 0x00, 0x00, 0x00, 0x00, 0x00, 0x00, 0x00, 0x00, 0x00,
  0x00, 0x00, 0x00, 0x00, 0x00, 0x00, 0x00, 0x00, 0x00, 0x00, 0x00, 0x00,
  0x00, 0x00, 0x00, 0x00, 0x00, 0x00, 0x00, 0x00, 0x00, 0x00, 0x00, 0x00,
  0x00, 0x00, 0x00, 0x00, 0x00, 0x00, 0x00, 0x00, 0x00, 0x00, 0x00, 0x00,
  0x00, 0x00, 0x00, 0x00, 0x00, 0x00, 0x00, 0x00, 0x00, 0x00, 0x00, 0x00,
  0x00, 0x00, 0x00, 0x00, 0x00, 0x00, 0x00, 0x00, 0x00, 0x00, 0x00, 0x00,
  0x00, 0x00, 0x00, 0x00, 0x00, 0x00, 0x00, 0x00, 0x00, 0x00, 0x00, 0x00,
  0x00, 0x00, 0x00, 0x00, 0x00, 0x00, 0x00, 0x00, 0x00, 0x00, 0x00, 0x00,
  0x00, 0x00, 0x00, 0x00, 0x00, 0x00, 0x00, 0x00, 0x00, 0x00, 0x00, 0x00,
  0x00, 0x00, 0x00, 0x00, 0x00, 0x00, 0x00, 0x00, 0x00, 0x00, 0x00, 0x00,
  0x00, 0x00, 0x00, 0x00, 0x00, 0x00, 0x00, 0x00, 0x00, 0x00, 0x00, 0x00,
  0x00, 0x00, 0x00, 0x00, 0x00, 0x00, 0x00, 0x00, 0x00, 0x00, 0x00, 0x00,
  0x00, 0x00, 0x00, 0x00, 0x00, 0x00, 0x00, 0x00, 0x00, 0x00, 0x00, 0x00,
  0x00, 0x00, 0x00, 0x00, 0x00, 0x00, 0x00, 0x00, 0x00, 0x00, 0x00, 0x00,
  0x00, 0x00, 0x00, 0x00, 0x00, 0x00, 0x00, 0x00, 0x00, 0x00, 0x00, 0x00,
  0x00, 0x00, 0x00, 0x00, 0x00, 0x00, 0x00, 0x00, 0x00, 0x00, 0x00, 0x00,
  0x00, 0x00, 0x00, 0x00, 0x00, 0x00, 0x00, 0x00, 0x00, 0x00, 0x00, 0x00,
  0x00, 0x00, 0x00, 0x00, 0x00, 0x00, 0x00, 0x00, 0x00, 0x00, 0x00, 0x00,
  0x00, 0x00, 0x00, 0x00, 0x00, 0x00, 0x00, 0x00, 0x00, 0x00, 0x00, 0x00,
  0x00, 0x00, 0x00, 0x00, 0x00, 0x00, 0x00, 0x00, 0x00, 0x00, 0x00, 0x00,
  0x00, 0x00, 0x00, 0x00, 0x00, 0x00, 0x00, 0x00, 0x00, 0x00, 0x00, 0x00,
  0x00, 0x00, 0x00, 0x00, 0x00, 0x00, 0x00, 0x00, 0x00, 0x00, 0x00, 0x00,
  0x00, 0x00, 0x00, 0x00, 0x00, 0x00, 0x00, 0x00, 0x00, 0x00, 0x00, 0x00,
  0x00, 0x00, 0x00, 0x00, 0x00, 0x00, 0x00, 0x00, 0x00, 0x00, 0x00, 0x00,
  0x00, 0x00, 0x00, 0x00, 0x00, 0x00, 0x00, 0x00, 0x00, 0x00, 0x00, 0x00,
  0x00, 0x00, 0x00, 0x00, 0x00, 0x00, 0x00, 0x00, 0x00, 0x00, 0x00, 0x00,
  0x00, 0x00, 0x00, 0x00, 0x00, 0x00, 0x00, 0x00, 0x00, 0x00, 0x00, 0x00,
  0x00, 0x00, 0x00, 0x00, 0x00, 0x00, 0x00, 0x00, 0x00, 0x00, 0x00, 0x00,
  0x00, 0x00, 0x00, 0x00, 0x00, 0x00, 0x00, 0x00, 0x00, 0x00, 0x00, 0x00,
  0x00, 0x00, 0x00, 0x00, 0x00, 0x00, 0x00, 0x00, 0x00, 0x00, 0x00, 0x00,
  0x00, 0x00, 0x00, 0x00, 0x00, 0x00, 0x00, 0x00, 0x00, 0x00, 0x00, 0x00,
  0x00, 0x00, 0x00, 0x00, 0x00, 0x00, 0x00, 0x00, 0x00, 0x00, 0x00, 0x00,
  0x00, 0x00, 0x00, 0x00, 0x00, 0x00, 0x00, 0x00, 0x00, 0x00, 0x00, 0x00,
  0x00, 0x00, 0x00, 0x00, 0x00, 0x00, 0x00, 0x00, 0x00, 0x00, 0x00, 0x00,
  0x00, 0x00, 0x00, 0x00, 0x00, 0x00, 0x00, 0x00, 0x00, 0x00, 0x00, 0x00,
  0x00, 0x00, 0x00, 0x00, 0x00, 0x00, 0x00, 0x00, 0x00, 0x00, 0x00, 0x00,
  0x00, 0x00, 0x00, 0x00, 0x00, 0x00, 0x00, 0x00, 0x00, 0x00, 0x00, 0x00,
  0x00, 0x00, 0x00, 0x00, 0x00, 0x00, 0x00, 0x00, 0x00, 0x00, 0x00, 0x00,
  0x00, 0x00, 0x00, 0x00, 0x00, 0x00, 0x00, 0x00, 0x00, 0x00, 0x00, 0x00,
  0x00, 0x00, 0x00, 0x00, 0x00, 0x00, 0x00, 0x00, 0x00, 0x00, 0x00, 0x00,
  0x00, 0x00, 0x00, 0x00, 0x00, 0x00, 0x00, 0x00, 0x00, 0x00, 0x00, 0x00,
  0x00, 0x00, 0x00, 0x00, 0x00, 0x00, 0x00, 0x00, 0x00, 0x00, 0x00, 0x00,
  0x00, 0x00, 0x00, 0x00, 0x00, 0x00, 0x00, 0x00, 0x00, 0x00, 0x00, 0x00,
  0x00, 0x00, 0x00, 0x00, 0x00, 0x00, 0x00, 0x00, 0x00, 0x00, 0x00, 0x00,
  0x00, 0x00, 0x00, 0x00, 0x00, 0x00, 0x00, 0x00, 0x00, 0x00, 0x00, 0x00,
  0x00, 0x00, 0x00, 0x00, 0x00, 0x00, 0x00, 0x00, 0x00, 0x00, 0x00, 0x00,
  0x00, 0x00, 0x00, 0x00, 0x00, 0x00, 0x00, 0x00, 0x00, 0x00, 0x00, 0x00,
  0x00, 0x00, 0x00, 0x00, 0x00, 0x00, 0x00, 0x00, 0x00, 0x00, 0x00, 0x00,
  0x00, 0x00, 0x00, 0x00, 0x00, 0x00, 0x00, 0x00, 0x00, 0x00, 0x00, 0x00,
  0x00, 0x00, 0x00, 0x00, 0x00, 0x00, 0x00, 0x00, 0x00, 0x00, 0x00, 0x00,
  0x00, 0x00, 0x00, 0x00, 0x00, 0x00, 0x00, 0x00, 0x00, 0x00, 0x00, 0x00,
  0x00, 0x00, 0x00, 0x00, 0x00, 0x00, 0x00, 0x00, 0x00, 0x00, 0x00, 0x00,
  0x00, 0x00, 0x00, 0x00, 0x00, 0x00, 0x00, 0x00, 0x00, 0x00, 0x00, 0x00,
  0x00, 0x00, 0x00, 0x00, 0x00, 0x00, 0x00, 0x00, 0x00, 0x00, 0x00, 0x00,
  0x00, 0x00, 0x00, 0x00, 0x00, 0x00, 0x00, 0x00, 0x00, 0x00, 0x00, 0x00,
  0x00, 0x00, 0x00, 0x00, 0x00, 0x00, 0x00, 0x00, 0x00, 0x00, 0x00, 0x00,
  0x00, 0x00, 0x00, 0x00, 0x00, 0x00, 0x00, 0x00, 0x00, 0x00, 0x00, 0x00,
  0x00, 0x00, 0x00, 0x00, 0x00, 0x00, 0x00, 0x00, 0x00, 0x00, 0x00, 0x00,
  0x00, 0x00, 0x00, 0x00, 0x00, 0x00, 0x00, 0x00, 0x00, 0x00, 0x00, 0x00,
  0x00, 0x00, 0x00, 0x00, 0x00, 0x00, 0x00, 0x00, 0x00, 0x00, 0x00, 0x00,
  0x00, 0x00, 0x00, 0x00, 0x00, 0x00, 0x00, 0x00, 0x00, 0x00, 0x00, 0x00,
  0x00, 0x00, 0x00, 0x00, 0x00, 0x00, 0x00, 0x00, 0x00, 0x00, 0x00, 0x00,
  0x00, 0x00, 0x00, 0x00, 0x00, 0x00, 0x00, 0x00, 0x00, 0x00, 0x00, 0x00,
  0x00, 0x00, 0x00, 0x00, 0x00, 0x00, 0x00, 0x00, 0x00, 0x00, 0x00, 0x00,
  0x00, 0x00, 0x00, 0x00, 0x00, 0x00, 0x00, 0x00, 0x00, 0x00, 0x00, 0x00,
  0x00, 0x00, 0x00, 0x00, 0x00, 0x00, 0x00, 0x00, 0x00, 0x00, 0x00, 0x00,
  0x00, 0x00, 0x00, 0x00, 0x00, 0x00, 0x00, 0x00, 0x00, 0x00, 0x00, 0x00,
  0x00, 0x00, 0x00, 0x00, 0x00, 0x00, 0x00, 0x00, 0x00, 0x00, 0x00, 0x00,
  0x00, 0x00, 0x00, 0x00, 0x00, 0x00, 0x00, 0x00, 0x00, 0x00, 0x00, 0x00,
  0x00, 0x00, 0x00, 0x00, 0x00, 0x00, 0x00, 0x00, 0x00, 0x00, 0x00, 0x00,
  0x00, 0x00, 0x00, 0x00, 0x00, 0x00, 0x00, 0x00, 0x00, 0x00, 0x00, 0x00,
  0x00, 0x00, 0x00, 0x00, 0x00, 0x00, 0x00, 0x00, 0x00, 0x00, 0x00, 0x00,
  0x00, 0x00, 0x00, 0x00, 0x00, 0x00, 0x00, 0x00, 0x00, 0x00, 0x00, 0x00,
  0x00, 0x00, 0x00, 0x00, 0x00, 0x00, 0x00, 0x00, 0x00, 0x00, 0x00, 0x00,
  0x00, 0x00, 0x00, 0x00, 0x00, 0x00, 0x00, 0x00, 0x00, 0x00, 0x00, 0x00,
  0x00, 0x00, 0x00, 0x00, 0x00, 0x00, 0x00, 0x00, 0x00, 0x00, 0x00, 0x00,
  0x00, 0x00, 0x00, 0x00, 0x00, 0x00, 0x00, 0x00, 0x00, 0x00, 0x00, 0x00,
  0x00, 0x00, 0x00, 0x00, 0x00, 0x00, 0x00, 0x00, 0x00, 0x00, 0x00, 0x00,
  0x00, 0x00, 0x00, 0x00, 0x00, 0x00, 0x00, 0x00, 0x00, 0x00, 0x00, 0x00,
  0x00, 0x00, 0x00, 0x00, 0x00, 0x00, 0x00, 0x00, 0x00, 0x00, 0x00, 0x00,
  0x00, 0x00, 0x00, 0x00, 0x00, 0x00, 0x00, 0x00, 0x00, 0x00, 0x00, 0x00,
  0x00, 0x00, 0x00, 0x00, 0x00, 0x00, 0x00, 0x00, 0x00, 0x00, 0x00, 0x00,
  0x00, 0x00, 0x00, 0x00, 0x00, 0x00, 0x00, 0x00, 0x00, 0x00, 0x00, 0x00,
  0x00, 0x00, 0x00, 0x00, 0x00, 0x00, 0x00, 0x00, 0x00, 0x00, 0x00, 0x00,
  0x00, 0x00, 0x00, 0x00, 0x00, 0x00, 0x00, 0x00, 0x00, 0x00, 0x00, 0x00,
  0x00, 0x00, 0x00, 0x00, 0x00, 0x00, 0x00, 0x00, 0x00, 0x00, 0x00, 0x00,
  0x00, 0x00, 0x00, 0x00, 0x00, 0x00, 0x00, 0x00, 0x00, 0x00, 0x00, 0x00,
  0x00, 0x00, 0x00, 0x00, 0x00, 0x00, 0x00, 0x00, 0x00, 0x00, 0x00, 0x00,
  0x00, 0x00, 0x00, 0x00, 0x00, 0x00, 0x00, 0x00, 0x00, 0x00, 0x00, 0x00,
  0x00, 0x00, 0x00, 0x00, 0x00, 0x00, 0x00, 0x00, 0x00, 0x00, 0x00, 0x00,
  0x00, 0x00, 0x00, 0x00, 0x00, 0x00, 0x00, 0x00, 0x00, 0x00, 0x00, 0x00,
  0x00, 0x00, 0x00, 0x00, 0x00, 0x00, 0x00, 0x00, 0x00, 0x00, 0x00, 0x00,
  0x00, 0x00, 0x00, 0x00, 0x00, 0x00, 0x00, 0x00, 0x00, 0x00, 0x00, 0x00,
  0x00, 0x00, 0x00, 0x00, 0x00, 0x00, 0x00, 0x00, 0x00, 0x00, 0x00, 0x00,
  0x00, 0x00, 0x00, 0x00, 0x00, 0x00, 0x00, 0x00, 0x00, 0x00, 0x00, 0x00,
  0x00, 0x00, 0x00, 0x00, 0x00, 0x00, 0x00, 0x00, 0x00, 0x00, 0x00, 0x00,
  0x00, 0x00, 0x00, 0x00, 0x00, 0x00, 0x00, 0x00, 0x00, 0x00, 0x00, 0x00,
  0x00, 0x00, 0x00, 0x00, 0x00, 0x00, 0x00, 0x00, 0x00, 0x00, 0x00, 0x00,
  0x00, 0x00, 0x00, 0x00, 0x00, 0x00, 0x00, 0x00, 0x00, 0x00, 0x00, 0x00,
  0x00, 0x00, 0x00, 0x00, 0x00, 0x00, 0x00, 0x00, 0x00, 0x00, 0x00, 0x00,
  0x00, 0x00, 0x00, 0x00, 0x00, 0x00, 0x00, 0x00, 0x00, 0x00, 0x00, 0x00,
  0x00, 0x00, 0x00, 0x00, 0x00, 0x00, 0x00, 0x00, 0x00, 0x00, 0x00, 0x00,
  0x00, 0x00, 0x00, 0x00, 0x00, 0x00, 0x00, 0x00, 0x00, 0x00, 0x00, 0x00,
  0x00, 0x00, 0x00, 0x00, 0x00, 0x00, 0x00, 0x00, 0x00, 0x00, 0x00, 0x00,
  0x00, 0x00, 0x00, 0x00, 0x00, 0x00, 0x00, 0x00, 0x00, 0x00, 0x00, 0x00,
  0x00, 0x00, 0x00, 0x00, 0x00, 0x00, 0x00, 0x00, 0x00, 0x00, 0x00, 0x00,
  0x00, 0x00, 0x00, 0x00, 0x00, 0x00, 0x00, 0x00, 0x00, 0x00, 0x00, 0x00,
  0x00, 0x00, 0x00, 0x00, 0x00, 0x00, 0x00, 0x00, 0x00, 0x00, 0x00, 0x00,
  0x00, 0x00, 0x00, 0x00, 0x00, 0x00, 0x00, 0x00, 0x00, 0x00, 0x00, 0x00,
  0x00, 0x00, 0x00, 0x00, 0x00, 0x00, 0x00, 0x00, 0x00, 0x00, 0x00, 0x00,
  0x00, 0x00, 0x00, 0x00, 0x00, 0x00, 0x00, 0x00, 0x00, 0x00, 0x00, 0x00,
  0x00, 0x00, 0x00, 0x00, 0x00, 0x00, 0x00, 0x00, 0x00, 0x00, 0x00, 0x00,
  0x00, 0x00, 0x00, 0x00, 0x00, 0x00, 0x00, 0x00, 0x00, 0x00, 0x00, 0x00,
  0x00, 0x00, 0x00, 0x00, 0x00, 0x00, 0x00, 0x00, 0x00, 0x00, 0x00, 0x00,
  0x00, 0x00, 0x00, 0x00, 0x00, 0x00, 0x00, 0x00, 0x00, 0x00, 0x00, 0x00,
  0x00, 0x00, 0x00, 0x00, 0x00, 0x00, 0x00, 0x00, 0x00, 0x00, 0x00, 0x00,
  0x00, 0x00, 0x00, 0x00, 0x00, 0x00, 0x00, 0x00, 0x00, 0x00, 0x00, 0x00,
  0x00, 0x00, 0x00, 0x00, 0x00, 0x00, 0x00, 0x00, 0x00, 0x00, 0x00, 0x00,
  0x00, 0x00, 0x00, 0x00, 0x00, 0x00, 0x00, 0x00, 0x00, 0x00, 0x00, 0x00,
  0x00, 0x00, 0x00, 0x00, 0x00, 0x00, 0x00, 0x00, 0x00, 0x00, 0x00, 0x00,
  0x00, 0x00, 0x00, 0x00, 0x00, 0x00, 0x00, 0x00, 0x00, 0x00, 0x00, 0x00,
  0x00, 0x00, 0x00, 0x00, 0x00, 0x00, 0x00, 0x00, 0x00, 0x00, 0x00, 0x00,
  0x00, 0x00, 0x00, 0x00, 0x00, 0x00, 0x00, 0x00, 0x00, 0x00, 0x00, 0x00,
  0x00, 0x00, 0x00, 0x00, 0x00, 0x00, 0x00, 0x00, 0x00, 0x00, 0x00, 0x00,
  0x00, 0x00, 0x00, 0x00, 0x00, 0x00, 0x00, 0x00, 0x00, 0x00, 0x00, 0x00,
  0x00, 0x00, 0x00, 0x00, 0x00, 0x00, 0x00, 0x00, 0x00, 0x00, 0x00, 0x00,
  0x00, 0x00, 0x00, 0x00, 0x00, 0x00, 0x00, 0x00, 0x00, 0x00, 0x00, 0x00,
  0x00, 0x00, 0x00, 0x00, 0x00, 0x00, 0x00, 0x00, 0x00, 0x00, 0x00, 0x00,
  0x00, 0x00, 0x00, 0x00, 0x00, 0x00, 0x00, 0x00, 0x00, 0x00, 0x00, 0x00,
  0x00, 0x00, 0x00, 0x00, 0x00, 0x00, 0x00, 0x00, 0x00, 0x00, 0x00, 0x00,
  0x00, 0x00, 0x00, 0x00, 0x00, 0x00, 0x00, 0x00, 0x00, 0x00, 0x00, 0x00,
  0x00, 0x00, 0x00, 0x00, 0x00, 0x00, 0x00, 0x00, 0x00, 0x00, 0x00, 0x00,
  0x00, 0x00, 0x00, 0x00, 0x00, 0x00, 0x00, 0x00, 0x00, 0x00, 0x00, 0x00,
  0x00, 0x00, 0x00, 0x00, 0x00, 0x00, 0x00, 0x00, 0x00, 0x00, 0x00, 0x00,
  0x00, 0x00, 0x00, 0x00, 0x00, 0x00, 0x00, 0x00, 0x00, 0x00, 0x00, 0x00,
  0x00, 0x00, 0x00, 0x00, 0x00, 0x00, 0x00, 0x00, 0x00, 0x00, 0x00, 0x00,
  0x00, 0x00, 0x00, 0x00, 0x00, 0x00, 0x00, 0x00, 0x00, 0x00, 0x00, 0x00,
  0x00, 0x00, 0x00, 0x00, 0x00, 0x00, 0x00, 0x00, 0x00, 0x00, 0x00, 0x00,
  0x00, 0x00, 0x00, 0x00, 0x00, 0x00, 0x00, 0x00, 0x00, 0x00, 0x00, 0x00,
  0x00, 0x00, 0x00, 0x00, 0x00, 0x00, 0x00, 0x00, 0x00, 0x00, 0x00, 0x00,
  0x00, 0x00, 0x00, 0x00, 0x00, 0x00, 0x00, 0x00, 0x00, 0x00, 0x00, 0x00,
  0x00, 0x00, 0x00, 0x00, 0x00, 0x00, 0x00, 0x00, 0x00, 0x00, 0x00, 0x00,
  0x00, 0x00, 0x00, 0x00, 0x00, 0x00, 0x00, 0x00, 0x00, 0x00, 0x00, 0x00,
  0x00, 0x00, 0x00, 0x00, 0x00, 0x00, 0x00, 0x00, 0x00, 0x00, 0x00, 0x00,
  0x00, 0x00, 0x00, 0x00, 0x00, 0x00, 0x00, 0x00, 0x00, 0x00, 0x00, 0x00,
  0x00, 0x00, 0x00, 0x00, 0x00, 0x00, 0x00, 0x00, 0x00, 0x00, 0x00, 0x00,
  0x00, 0x00, 0x00, 0x00, 0x00, 0x00, 0x00, 0x00, 0x00, 0x00, 0x00, 0x00,
  0x00, 0x00, 0x00, 0x00, 0x00, 0x00, 0x00, 0x00, 0x00, 0x00, 0x00, 0x00,
  0x00, 0x00, 0x00, 0x00, 0x00, 0x00, 0x00, 0x00, 0x00, 0x00, 0x00, 0x00,
  0x00, 0x00, 0x00, 0x00, 0x00, 0x00, 0x00, 0x00, 0x00, 0x00, 0x00, 0x00,
  0x00, 0x00, 0x00, 0x00, 0x00, 0x00, 0x00, 0x00, 0x00, 0x00, 0x00, 0x00,
  0x00, 0x00, 0x00, 0x00, 0x00, 0x00, 0x00, 0x00, 0x00, 0x00, 0x00, 0x00,
  0x00, 0x00, 0x00, 0x00, 0x00, 0x00, 0x00, 0x00, 0x00, 0x00, 0x00, 0x00,
  0x00, 0x00, 0x00, 0x00, 0x00, 0x00, 0x00, 0x00, 0x00, 0x00, 0x00, 0x00,
  0x00, 0x00, 0x00, 0x00, 0x00, 0x00, 0x00, 0x00, 0x00, 0x00, 0x00, 0x00,
  0x00, 0x00, 0x00, 0x00, 0x00, 0x00, 0x00, 0x00, 0x00, 0x00, 0x00, 0x00,
  0x00, 0x00, 0x00, 0x00, 0x00, 0x00, 0x00, 0x00, 0x00, 0x00, 0x00, 0x00,
  0x00, 0x00, 0x00, 0x00, 0x00, 0x00, 0x00, 0x00, 0x00, 0x00, 0x00, 0x00,
  0x00, 0x00, 0x00, 0x00, 0x00, 0x00, 0x00, 0x00, 0x00, 0x00, 0x00, 0x00,
  0x00, 0x00, 0x00, 0x00, 0x00, 0x00, 0x00, 0x00, 0x00, 0x00, 0x00, 0x00,
  0x00, 0x00, 0x00, 0x00, 0x00, 0x00, 0x00, 0x00, 0x00, 0x00, 0x00, 0x00,
  0x00, 0x00, 0x00, 0x00, 0x00, 0x00, 0x00, 0x00, 0x00, 0x00, 0x00, 0x00,
  0x00, 0x00, 0x00, 0x00, 0x00, 0x00, 0x00, 0x00, 0x00, 0x00, 0x00, 0x00,
  0x00, 0x00, 0x00, 0x00, 0x00, 0x00, 0x00, 0x00, 0x00, 0x00, 0x00, 0x00,
  0x00, 0x00, 0x00, 0x00, 0x00, 0x00, 0x00, 0x00, 0x00, 0x00, 0x00, 0x00,
  0x00, 0x00, 0x00, 0x00, 0x00, 0x00, 0x00, 0x00, 0x00, 0x00, 0x00, 0x00,
  0x00, 0x00, 0x00, 0x00, 0x00, 0x00, 0x00, 0x00, 0x00, 0x00, 0x00, 0x00,
  0x00, 0x00, 0x00, 0x00, 0x00, 0x00, 0x00, 0x00, 0x00, 0x00, 0x00, 0x00,
  0x00, 0x00, 0x00, 0x00, 0x00, 0x00, 0x00, 0x00, 0x00, 0x00, 0x00, 0x00,
  0x00, 0x00, 0x00, 0x00, 0x00, 0x00, 0x00, 0x00, 0x00, 0x00, 0x00, 0x00,
  0x00, 0x00, 0x00, 0x00, 0x00, 0x00, 0x00, 0x00, 0x00, 0x00, 0x00, 0x00,
  0x00, 0x00, 0x00, 0x00, 0x00, 0x00, 0x00, 0x00, 0x00, 0x00, 0x00, 0x00,
  0x00, 0x00, 0x00, 0x00, 0x00, 0x00, 0x00, 0x00, 0x00, 0x00, 0x00, 0x00,
  0x00, 0x00, 0x00, 0x00, 0x00, 0x00, 0x00, 0x00, 0x00, 0x00, 0x00, 0x00,
  0x00, 0x00, 0x00, 0x00, 0x00, 0x00, 0x00, 0x00, 0x00, 0x00, 0x00, 0x00,
  0x00, 0x00, 0x00, 0x00, 0x00, 0x00, 0x00, 0x00, 0x00, 0x00, 0x00, 0x00,
  0x00, 0x00, 0x00, 0x00, 0x00, 0x00, 0x00, 0x00, 0x00, 0x00, 0x00, 0x00,
  0x00, 0x00, 0x00, 0x00, 0x00, 0x00, 0x00, 0x00, 0x00, 0x00, 0x00, 0x00,
  0x00, 0x00, 0x00, 0x00, 0x00, 0x00, 0x00, 0x00, 0x00, 0x00, 0x00, 0x00,
  0x00, 0x00, 0x00, 0x00, 0x00, 0x00, 0x00, 0x00, 0x00, 0x00, 0x00, 0x00,
  0x00, 0x00, 0x00, 0x00, 0x00, 0x00, 0x00, 0x00, 0x00, 0x00, 0x00, 0x00,
  0x00, 0x00, 0x00, 0x00, 0x00, 0x00, 0x00, 0x00, 0x00, 0x00, 0x00, 0x00,
  0x00, 0x00, 0x00, 0x00, 0x00, 0x00, 0x00, 0x00, 0x00, 0x00, 0x00, 0x00,
  0x00, 0x00, 0x00, 0x00, 0x00, 0x00, 0x00, 0x00, 0x00, 0x00, 0x00, 0x00,
  0x00, 0x00, 0x00, 0x00, 0x00, 0x00, 0x00, 0x00, 0x00, 0x00, 0x00, 0x00,
  0x00, 0x00, 0x00, 0x00, 0x00, 0x00, 0x00, 0x00, 0x00, 0x00, 0x00, 0x00,
  0x00, 0x00, 0x00, 0x00, 0x00, 0x00, 0x00, 0x00, 0x00, 0x00, 0x00, 0x00,
  0x00, 0x00, 0x00, 0x00, 0x00, 0x00, 0x00, 0x00, 0x00, 0x00, 0x00, 0x00,
  0x00, 0x00, 0x00, 0x00, 0x00, 0x00, 0x00, 0x00, 0x00, 0x00, 0x00, 0x00,
  0x00, 0x00, 0x00, 0x00, 0x00, 0x00, 0x00, 0x00, 0x00, 0x00, 0x00, 0x00,
  0x00, 0x00, 0x00, 0x00, 0x00, 0x00, 0x00, 0x00, 0x00, 0x00, 0x00, 0x00,
  0x00, 0x00, 0x00, 0x00, 0x00, 0x00, 0x00, 0x00, 0x00, 0x00, 0x00, 0x00,
  0x00, 0x00, 0x00, 0x00, 0x00, 0x00, 0x00, 0x00, 0x00, 0x00, 0x00, 0x00,
  0x00, 0x00, 0x00, 0x00, 0x00, 0x00, 0x00, 0x00, 0x00, 0x00, 0x00, 0x00,
  0x00, 0x00, 0x00, 0x00, 0x00, 0x00, 0x00, 0x00, 0x00, 0x00, 0x00, 0x00,
  0x00, 0x00, 0x00, 0x00, 0x00, 0x00, 0x00, 0x00, 0x00, 0x00, 0x00, 0x00,
  0x00, 0x00, 0x00, 0x00, 0x00, 0x00, 0x00, 0x00, 0x00, 0x00, 0x00, 0x00,
  0x00, 0x00, 0x00, 0x00, 0x00, 0x00, 0x00, 0x00, 0x00, 0x00, 0x00, 0x00,
  0x00, 0x00, 0x00, 0x00, 0x00, 0x00, 0x00, 0x00, 0x00, 0x00, 0x00, 0x00,
  0x00, 0x00, 0x00, 0x00, 0x00, 0x00, 0x00, 0x00, 0x00, 0x00, 0x00, 0x00,
  0x00, 0x00, 0x00, 0x00, 0x00, 0x00, 0x00, 0x00, 0x00, 0x00, 0x00, 0x00,
  0x00, 0x00, 0x00, 0x00, 0x00, 0x00, 0x00, 0x00, 0x00, 0x00, 0x00, 0x00,
  0x00, 0x00, 0x00, 0x00, 0x00, 0x00, 0x00, 0x00, 0x00, 0x00, 0x00, 0x00,
  0x00, 0x00, 0x00, 0x00, 0x00, 0x00, 0x00, 0x00, 0x00, 0x00, 0x00, 0x00,
  0x00, 0x00, 0x00, 0x00, 0x00, 0x00, 0x00, 0x00, 0x00, 0x00, 0x00, 0x00,
  0x00, 0x00, 0x00, 0x00, 0x00, 0x00, 0x00, 0x00, 0x00, 0x00, 0x00, 0x00,
  0x00, 0x00, 0x00, 0x00, 0x00, 0x00, 0x00, 0x00, 0x00, 0x00, 0x00, 0x00,
  0x00, 0x00, 0x00, 0x00, 0x00, 0x00, 0x00, 0x00, 0x00, 0x00, 0x00, 0x00,
  0x00, 0x00, 0x00, 0x00, 0x00, 0x00, 0x00, 0x00, 0x00, 0x00, 0x00, 0x00,
  0x00, 0x00, 0x00, 0x00, 0x00, 0x00, 0x00, 0x00, 0x00, 0x00, 0x00, 0x00,
  0x00, 0x00, 0x00, 0x00, 0x00, 0x00, 0x00, 0x00, 0x00, 0x00, 0x00, 0x00,
  0x00, 0x00, 0x00, 0x00, 0x00, 0x00, 0x00, 0x00, 0x00, 0x00, 0x00, 0x00,
  0x00, 0x00, 0x00, 0x00, 0x00, 0x00, 0x00, 0x00, 0x00, 0x00, 0x00, 0x00,
  0x00, 0x00, 0x00, 0x00, 0x00, 0x00, 0x00, 0x00, 0x00, 0x00, 0x00, 0x00,
  0x00, 0x00, 0x00, 0x00, 0x00, 0x00, 0x00, 0x00, 0x00, 0x00, 0x00, 0x00,
  0x00, 0x00, 0x00, 0x00, 0x00, 0x00, 0x00, 0x00, 0x00, 0x00, 0x00, 0x00,
  0x00, 0x00, 0x00, 0x00, 0x00, 0x00, 0x00, 0x00, 0x00, 0x00, 0x00, 0x00,
  0x00, 0x00, 0x00, 0x00, 0x00, 0x00, 0x00, 0x00, 0x00, 0x00, 0x00, 0x00,
  0x00, 0x00, 0x00, 0x00, 0x00, 0x00, 0x00, 0x00, 0x00, 0x00, 0x00, 0x00,
  0x00, 0x00, 0x00, 0x00, 0x00, 0x00, 0x00, 0x00, 0x00, 0x00, 0x00, 0x00,
  0x00, 0x00, 0x00, 0x00, 0x00, 0x00, 0x00, 0x00, 0x00, 0x00, 0x00, 0x00,
  0x00, 0x00, 0x00, 0x00, 0x00, 0x00, 0x00, 0x00, 0x00, 0x00, 0x00, 0x00,
  0x00, 0x00, 0x00, 0x00, 0x00, 0x00, 0x00, 0x00, 0x00, 0x00, 0x00, 0x00,
  0x00, 0x00, 0x00, 0x00, 0x00, 0x00, 0x00, 0x00, 0x00, 0x00, 0x00, 0x00,
  0x00, 0x00, 0x00, 0x00, 0x00, 0x00, 0x00, 0x00, 0x00, 0x00, 0x00, 0x00,
  0x00, 0x00, 0x00, 0x00, 0x00, 0x00, 0x00, 0x00, 0x00, 0x00, 0x00, 0x00,
  0x00, 0x00, 0x00, 0x00, 0x00, 0x00, 0x00, 0x00, 0x00, 0x00, 0x00, 0x00,
  0x00, 0x00, 0x00, 0x00, 0x00, 0x00, 0x00, 0x00, 0x00, 0x00, 0x00, 0x00,
  0x00, 0x00, 0x00, 0x00, 0x00, 0x00, 0x00, 0x00, 0x00, 0x00, 0x00, 0x00,
  0x00, 0x00, 0x00, 0x00, 0x00, 0x00, 0x00, 0x00, 0x00, 0x00, 0x00, 0x00,
  0x00, 0x00, 0x00, 0x00, 0x00, 0x00, 0x00, 0x00, 0x00, 0x00, 0x00, 0x00,
  0x00, 0x00, 0x00, 0x00, 0x00, 0x00, 0x00, 0x00, 0x00, 0x00, 0x00, 0x00,
  0x00, 0x00, 0x00, 0x00, 0x00, 0x00, 0x00, 0x00, 0x00, 0x00, 0x00, 0x00,
  0x00, 0x00, 0x00, 0x00, 0x00, 0x00, 0x00, 0x00, 0x00, 0x00, 0x00, 0x00,
  0x00, 0x00, 0x00, 0x00, 0x00, 0x00, 0x00, 0x00, 0x00, 0x00, 0x00, 0x00,
  0x00, 0x00, 0x00, 0x00, 0x00, 0x00, 0x00, 0x00, 0x00, 0x00, 0x00, 0x00,
  0x00, 0x00, 0x00, 0x00, 0x00, 0x00, 0x00, 0x00, 0x00, 0x00, 0x00, 0x00,
  0x00, 0x00, 0x00, 0x00, 0x00, 0x00, 0x00, 0x00, 0x00, 0x00, 0x00, 0x00,
  0x00, 0x00, 0x00, 0x00, 0x00, 0x00, 0x00, 0x00, 0x00, 0x00, 0x00, 0x00,
  0x00, 0x00, 0x00, 0x00, 0x00, 0x00, 0x00, 0x00, 0x00, 0x00, 0x00, 0x00,
  0x00, 0x00, 0x00, 0x00, 0x00, 0x00, 0x00, 0x00, 0x00, 0x00, 0x00, 0x00,
  0x00, 0x00, 0x00, 0x00, 0x00, 0x00, 0x00, 0x00, 0x00, 0x00, 0x00, 0x00,
  0x00, 0x00, 0x00, 0x00, 0x00, 0x00, 0x00, 0x00, 0x00, 0x00, 0x00, 0x00,
  0x00, 0x00, 0x00, 0x00, 0x00, 0x00, 0x00, 0x00, 0x00, 0x00, 0x00, 0x00,
  0x00, 0x00, 0x00, 0x00, 0x00, 0x00, 0x00, 0x00, 0x00, 0x00, 0x00, 0x00,
  0x00, 0x00, 0x00, 0x00, 0x00, 0x00, 0x00, 0x00, 0x00, 0x00, 0x00, 0x00,
  0x00, 0x00, 0x00, 0x00, 0x00, 0x00, 0x00, 0x00, 0x00, 0x00, 0x00, 0x00,
  0x00, 0x00, 0x00, 0x00, 0x00, 0x00, 0x00, 0x00, 0x00, 0x00, 0x00, 0x00,
  0x00, 0x00, 0x00, 0x00, 0x00, 0x00, 0x00, 0x00, 0x00, 0x00, 0x00, 0x00,
  0x00, 0x00, 0x00, 0x00, 0x00, 0x00, 0x00, 0x00, 0x00, 0x00, 0x00, 0x00,
  0x00, 0x00, 0x00, 0x00, 0x00, 0x00, 0x00, 0x00, 0x00, 0x00, 0x00, 0x00,
  0x00, 0x00, 0x00, 0x00, 0x00, 0x00, 0x00, 0x00, 0x00, 0x00, 0x00, 0x00,
  0x00, 0x00, 0x00, 0x00, 0x00, 0x00, 0x00, 0x00, 0x00, 0x00, 0x00, 0x00,
  0x00, 0x00, 0x00, 0x00, 0x00, 0x00, 0x00, 0x00, 0x00, 0x00, 0x00, 0x00,
  0x00, 0x00, 0x00, 0x00, 0x00, 0x00, 0x00, 0x00, 0x00, 0x00, 0x00, 0x00,
  0x00, 0x00, 0x00, 0x00, 0x00, 0x00, 0x00, 0x00, 0x00, 0x00, 0x00, 0x00,
  0x00, 0x00, 0x00, 0x00, 0x00, 0x00, 0x00, 0x00, 0x00, 0x00, 0x00, 0x00,
  0x00, 0x00, 0x00, 0x00, 0x00, 0x00, 0x00, 0x00, 0x00, 0x00, 0x00, 0x00,
  0x00, 0x00, 0x00, 0x00, 0x00, 0x00, 0x00, 0x00, 0x00, 0x00, 0x00, 0x00,
  0x00, 0x00, 0x00, 0x00, 0x00, 0x00, 0x00, 0x00, 0x00, 0x00, 0x00, 0x00,
  0x00, 0x00, 0x00, 0x00, 0x00, 0x00, 0x00, 0x00, 0x00, 0x00, 0x00, 0x00,
  0x00, 0x00, 0x00, 0x00, 0x00, 0x00, 0x00, 0x00, 0x00, 0x00, 0x00, 0x00,
  0x00, 0x00, 0x00, 0x00, 0x00, 0x00, 0x00, 0x00, 0x00, 0x00, 0x00, 0x00,
  0x00, 0x00, 0x00, 0x00, 0x00, 0x00, 0x00, 0x00, 0x00, 0x00, 0x00, 0x00,
  0x00, 0x00, 0x00, 0x00, 0x00, 0x00, 0x00, 0x00, 0x00, 0x00, 0x00, 0x00,
  0x00, 0x00, 0x00, 0x00, 0x00, 0x00, 0x00, 0x00, 0x00, 0x00, 0x00, 0x00,
  0x00, 0x00, 0x00, 0x00, 0x00, 0x00, 0x00, 0x00, 0x00, 0x00, 0x00, 0x00,
  0x00, 0x00, 0x00, 0x00, 0x00, 0x00, 0x00, 0x00, 0x00, 0x00, 0x00, 0x00,
  0x00, 0x00, 0x00, 0x00, 0x00, 0x00, 0x00, 0x00, 0x00, 0x00, 0x00, 0x00,
  0x00, 0x00, 0x00, 0x00, 0x00, 0x00, 0x00, 0x00, 0x00, 0x00, 0x00, 0x00,
  0x00, 0x00, 0x00, 0x00, 0x00, 0x00, 0x00, 0x00, 0x00, 0x00, 0x00, 0x00,
  0x00, 0x00, 0x00, 0x00, 0x00, 0x00, 0x00, 0x00, 0x00, 0x00, 0x00, 0x00,
  0x00, 0x00, 0x00, 0x00, 0x00, 0x00, 0x00, 0x00, 0x00, 0x00, 0x00, 0x00,
  0x00, 0x00, 0x00, 0x00, 0x00, 0x00, 0x00, 0x00, 0x00, 0x00, 0x00, 0x00,
  0x00, 0x00, 0x00, 0x00, 0x00, 0x00, 0x00, 0x00, 0x00, 0x00, 0x00, 0x00,
  0x00, 0x00, 0x00, 0x00, 0x00, 0x00, 0x00, 0x00, 0x00, 0x00, 0x00, 0x00,
  0x00, 0x00, 0x00, 0x00, 0x00, 0x00, 0x00, 0x00, 0x00, 0x00, 0x00, 0x00,
  0x00, 0x00, 0x00, 0x00, 0x00, 0x00, 0x00, 0x00, 0x00, 0x00, 0x00, 0x00,
  0x00, 0x00, 0x00, 0x00, 0x00, 0x00, 0x00, 0x00, 0x00, 0x00, 0x00, 0x00,
  0x00, 0x00, 0x00, 0x00, 0x00, 0x00, 0x00, 0x00, 0x00, 0x00, 0x00, 0x00,
  0x00, 0x00, 0x00, 0x00, 0x00, 0x00, 0x00, 0x00, 0x00, 0x00, 0x00, 0x00,
  0x00, 0x00, 0x00, 0x00, 0x00, 0x00, 0x00, 0x00, 0x00, 0x00, 0x00, 0x00,
  0x00, 0x00, 0x00, 0x00, 0x00, 0x00, 0x00, 0x00, 0x00, 0x00, 0x00, 0x00,
  0x00, 0x00, 0x00, 0x00, 0x00, 0x00, 0x00, 0x00, 0x00, 0x00, 0x00, 0x00,
  0x00, 0x00, 0x00, 0x00, 0x00, 0x00, 0x00, 0x00, 0x00, 0x00, 0x00, 0x00,
  0x00, 0x00, 0x00, 0x00, 0x00, 0x00, 0x00, 0x00, 0x00, 0x00, 0x00, 0x00,
  0x00, 0x00, 0x00, 0x00, 0x00, 0x00, 0x00, 0x00, 0x00, 0x00, 0x00, 0x00,
  0x00, 0x00, 0x00, 0x00, 0x00, 0x00, 0x00, 0x00, 0x00, 0x00, 0x00, 0x00,
  0x00, 0x00, 0x00, 0x00, 0x00, 0x00, 0x00, 0x00, 0x00, 0x00, 0x00, 0x00,
  0x00, 0x00, 0x00, 0x00, 0x00, 0x00, 0x00, 0x00, 0x00, 0x00, 0x00, 0x00,
  0x00, 0x00, 0x00, 0x00, 0x00, 0x00, 0x00, 0x00, 0x00, 0x00, 0x00, 0x00,
  0x00, 0x00, 0x00, 0x00, 0x00, 0x00, 0x00, 0x00, 0x00, 0x00, 0x00, 0x00,
  0x00, 0x00, 0x00, 0x00, 0x00, 0x00, 0x00, 0x00, 0x00, 0x00, 0x00, 0x00,
  0x00, 0x00, 0x00, 0x00, 0x00, 0x00, 0x00, 0x00, 0x00, 0x00, 0x00, 0x00,
  0x00, 0x00, 0x00, 0x00, 0x00, 0x00, 0x00, 0x00, 0x00, 0x00, 0x00, 0x00,
  0x00, 0x00, 0x00, 0x00, 0x00, 0x00, 0x00, 0x00, 0x00, 0x00, 0x00, 0x00,
  0x00, 0x00, 0x00, 0x00, 0x00, 0x00, 0x00, 0x00, 0x00, 0x00, 0x00, 0x00,
  0x00, 0x00, 0x00, 0x00, 0x00, 0x00, 0x00, 0x00, 0x00, 0x00, 0x00, 0x00,
  0x00, 0x00, 0x00, 0x00, 0x00, 0x00, 0x00, 0x00, 0x00, 0x00, 0x00, 0x00,
  0x00, 0x00, 0x00, 0x00, 0x00, 0x00, 0x00, 0x00, 0x00, 0x00, 0x00, 0x00,
  0x00, 0x00, 0x00, 0x00, 0x00, 0x00, 0x00, 0x00, 0x00, 0x00, 0x00, 0x00,
  0x00, 0x00, 0x00, 0x00, 0x00, 0x00, 0x00, 0x00, 0x00, 0x00, 0x00, 0x00,
  0x00, 0x00, 0x00, 0x00, 0x00, 0x00, 0x00, 0x00, 0x00, 0x00, 0x00, 0x00,
  0x00, 0x00, 0x00, 0x00, 0x00, 0x00, 0x00, 0x00, 0x00, 0x00, 0x00, 0x00,
  0x00, 0x00, 0x00, 0x00, 0x00, 0x00, 0x00, 0x00, 0x00, 0x00, 0x00, 0x00,
  0x00, 0x00, 0x00, 0x00, 0x00, 0x00, 0x00, 0x00, 0x00, 0x00, 0x00, 0x00,
  0x00, 0x00, 0x00, 0x00, 0x00, 0x00, 0x00, 0x00, 0x00, 0x00, 0x00, 0x00,
  0x00, 0x00, 0x00, 0x00, 0x00, 0x00, 0x00, 0x00, 0x00, 0x00, 0x00, 0x00,
  0x00, 0x00, 0x00, 0x00, 0x00, 0x00, 0x00, 0x00, 0x00, 0x00, 0x00, 0x00,
  0x00, 0x00, 0x00, 0x00, 0x00, 0x00, 0x00, 0x00, 0x00, 0x00, 0x00, 0x00,
  0x00, 0x00, 0x00, 0x00, 0x00, 0x00, 0x00, 0x00, 0x00, 0x00, 0x00, 0x00,
  0x00, 0x00, 0x00, 0x00, 0x00, 0x00, 0x00, 0x00, 0x00, 0x00, 0x00, 0x00,
  0x00, 0x00, 0x00, 0x00, 0x00, 0x00, 0x00, 0x00, 0x00, 0x00, 0x00, 0x00,
  0x00, 0x00, 0x00, 0x00, 0x00, 0x00, 0x00, 0x00, 0x00, 0x00, 0x00, 0x00,
  0x00, 0x00, 0x00, 0x00, 0x00, 0x00, 0x00, 0x00, 0x00, 0x00, 0x00, 0x00,
  0x00, 0x00, 0x00, 0x00, 0x00, 0x00, 0x00, 0x00, 0x00, 0x00, 0x00, 0x00,
  0x00, 0x00, 0x00, 0x00, 0x00, 0x00, 0x00, 0x00, 0x00, 0x00, 0x00, 0x00,
  0x00, 0x00, 0x00, 0x00, 0x00, 0x00, 0x00, 0x00, 0x00, 0x00, 0x00, 0x00,
  0x00, 0x00, 0x00, 0x00, 0x00, 0x00, 0x00, 0x00, 0x00, 0x00, 0x00, 0x00,
  0x00, 0x00, 0x00, 0x00, 0x00, 0x00, 0x00, 0x00, 0x00, 0x00, 0x00, 0x00,
  0x00, 0x00, 0x00, 0x00, 0x00, 0x00, 0x00, 0x00, 0x00, 0x00, 0x00, 0x00,
  0x00, 0x00, 0x00, 0x00, 0x00, 0x00, 0x00, 0x00, 0x00, 0x00, 0x00, 0x00,
  0x00, 0x00, 0x00, 0x00, 0x00, 0x00, 0x00, 0x00, 0x00, 0x00, 0x00, 0x00,
  0x00, 0x00, 0x00, 0x00, 0x00, 0x00, 0x00, 0x00, 0x00, 0x00, 0x00, 0x00,
  0x00, 0x00, 0x00, 0x00, 0x00, 0x00, 0x00, 0x00, 0x00, 0x00, 0x00, 0x00,
  0x00, 0x00, 0x00, 0x00, 0x00, 0x00, 0x00, 0x00, 0x00, 0x00, 0x00, 0x00,
  0x00, 0x00, 0x00, 0x00, 0x00, 0x00, 0x00, 0x00, 0x00, 0x00, 0x00, 0x00,
  0x00, 0x00, 0x00, 0x00, 0x00, 0x00, 0x00, 0x00, 0x00, 0x00, 0x00, 0x00,
  0x00, 0x00, 0x00, 0x00, 0x00, 0x00, 0x00, 0x00, 0x00, 0x00, 0x00, 0x00,
  0x00, 0x00, 0x00, 0x00, 0x00, 0x00, 0x00, 0x00, 0x00, 0x00, 0x00, 0x00,
  0x00, 0x00, 0x00, 0x00, 0x00, 0x00, 0x00, 0x00, 0x00, 0x00, 0x00, 0x00,
  0x00, 0x00, 0x00, 0x00, 0x00, 0x00, 0x00, 0x00, 0x00, 0x00, 0x00, 0x00,
  0x00, 0x00, 0x00, 0x00, 0x00, 0x00, 0x00, 0x00, 0x00, 0x00, 0x00, 0x00,
  0x00, 0x00, 0x00, 0x00, 0x00, 0x00, 0x00, 0x00, 0x00, 0x00, 0x00, 0x00,
  0x00, 0x00, 0x00, 0x00, 0x00, 0x00, 0x00, 0x00, 0x00, 0x00, 0x00, 0x00,
  0x00, 0x00, 0x00, 0x00, 0x00, 0x00, 0x00, 0x00, 0x00, 0x00, 0x00, 0x00,
  0x00, 0x00, 0x00, 0x00, 0x00, 0x00, 0x00, 0x00, 0x00, 0x00, 0x00, 0x00,
  0x00, 0x00, 0x00, 0x00, 0x00, 0x00, 0x00, 0x00, 0x00, 0x00, 0x00, 0x00,
  0x00, 0x00, 0x00, 0x00, 0x00, 0x00, 0x00, 0x00, 0x00, 0x00, 0x00, 0x00,
  0x00, 0x00, 0x00, 0x00, 0x00, 0x00, 0x00, 0x00, 0x00, 0x00, 0x00, 0x00,
  0x00, 0x00, 0x00, 0x00, 0x00, 0x00, 0x00, 0x00, 0x00, 0x00, 0x00, 0x00,
  0x00, 0x00, 0x00, 0x00, 0x00, 0x00, 0x00, 0x00, 0x00, 0x00, 0x00, 0x00,
  0x00, 0x00, 0x00, 0x00, 0x00, 0x00, 0x00, 0x00, 0x00, 0x00, 0x00, 0x00,
  0x00, 0x00, 0x00, 0x00, 0x00, 0x00, 0x00, 0x00, 0x00, 0x00, 0x00, 0x00,
  0x00, 0x00, 0x00, 0x00, 0x00, 0x00, 0x00, 0x00, 0x00, 0x00, 0x00, 0x00,
  0x00, 0x00, 0x00, 0x00, 0x00, 0x00, 0x00, 0x00, 0x00, 0x00, 0x00, 0x00,
  0x00, 0x00, 0x00, 0x00, 0x00, 0x00, 0x00, 0x00, 0x00, 0x00, 0x00, 0x00,
  0x00, 0x00, 0x00, 0x00, 0x00, 0x00, 0x00, 0x00, 0x00, 0x00, 0x00, 0x00,
  0x00, 0x00, 0x00, 0x00, 0x00, 0x00, 0x00, 0x00, 0x00, 0x00, 0x00, 0x00,
  0x00, 0x00, 0x00, 0x00, 0x00, 0x00, 0x00, 0x00, 0x00, 0x00, 0x00, 0x00,
  0x00, 0x00, 0x00, 0x00, 0x00, 0x00, 0x00, 0x00, 0x00, 0x00, 0x00, 0x00,
  0x00, 0x00, 0x00, 0x00, 0x00, 0x00, 0x00, 0x00, 0x00, 0x00, 0x00, 0x00,
  0x00, 0x00, 0x00, 0x00, 0x00, 0x00, 0x00, 0x00, 0x00, 0x00, 0x00, 0x00,
  0x00, 0x00, 0x00, 0x00, 0x00, 0x00, 0x00, 0x00, 0x00, 0x00, 0x00, 0x00,
  0x00, 0x00, 0x00, 0x00, 0x00, 0x00, 0x00, 0x00, 0x00, 0x00, 0x00, 0x00,
  0x00, 0x00, 0x00, 0x00, 0x00, 0x00, 0x00, 0x00, 0x00, 0x00, 0x00, 0x00,
  0x00, 0x00, 0x00, 0x00, 0x00, 0x00, 0x00, 0x00, 0x00, 0x00, 0x00, 0x00,
  0x00, 0x00, 0x00, 0x00, 0x00, 0x00, 0x00, 0x00, 0x00, 0x00, 0x00, 0x00,
  0x00, 0x00, 0x00, 0x00, 0x00, 0x00, 0x00, 0x00, 0x00, 0x00, 0x00, 0x00,
  0x00, 0x00, 0x00, 0x00, 0x00, 0x00, 0x00, 0x00, 0x00, 0x00, 0x00, 0x00,
  0x00, 0x00, 0x00, 0x00, 0x00, 0x00, 0x00, 0x00, 0x00, 0x00, 0x00, 0x00,
  0x00, 0x00, 0x00, 0x00, 0x00, 0x00, 0x00, 0x00, 0x00, 0x00, 0x00, 0x00,
  0x00, 0x00, 0x00, 0x00, 0x00, 0x00, 0x00, 0x00, 0x00, 0x00, 0x00, 0x00,
  0x00, 0x00, 0x00, 0x00, 0x00, 0x00, 0x00, 0x00, 0x00, 0x00, 0x00, 0x00,
  0x00, 0x00, 0x00, 0x00, 0x00, 0x00, 0x00, 0x00, 0x00, 0x00, 0x00, 0x00,
  0x00, 0x00, 0x00, 0x00, 0x00, 0x00, 0x00, 0x00, 0x00, 0x00, 0x00, 0x00,
  0x00, 0x00, 0x00, 0x00, 0x00, 0x00, 0x00, 0x00, 0x00, 0x00, 0x00, 0x00,
  0x00, 0x00, 0x00, 0x00, 0x00, 0x00, 0x00, 0x00, 0x00, 0x00, 0x00, 0x00,
  0x00, 0x00, 0x00, 0x00, 0x00, 0x00, 0x00, 0x00, 0x00, 0x00, 0x00, 0x00,
  0x00, 0x00, 0x00, 0x00, 0x00, 0x00, 0x00, 0x00, 0x00, 0x00, 0x00, 0x00,
  0x00, 0x00, 0x00, 0x00, 0x00, 0x00, 0x00, 0x00, 0x00, 0x00, 0x00, 0x00,
  0x00, 0x00, 0x00, 0x00, 0x00, 0x00, 0x00, 0x00, 0x00, 0x00, 0x00, 0x00,
  0x00, 0x00, 0x00, 0x00, 0x00, 0x00, 0x00, 0x00, 0x00, 0x00, 0x00, 0x00,
  0x00, 0x00, 0x00, 0x00, 0x00, 0x00, 0x00, 0x00, 0x00, 0x00, 0x00, 0x00,
  0x00, 0x00, 0x00, 0x00, 0x00, 0x00, 0x00, 0x00, 0x00, 0x00, 0x00, 0x00,
  0x00, 0x00, 0x00, 0x00, 0x00, 0x00, 0x00, 0x00, 0x00, 0x00, 0x00, 0x00,
  0x00, 0x00, 0x00, 0x00, 0x00, 0x00, 0x00, 0x00, 0x00, 0x00, 0x00, 0x00,
  0x00, 0x00, 0x00, 0x00, 0x00, 0x00, 0x00, 0x00, 0x00, 0x00, 0x00, 0x00,
  0x00, 0x00, 0x00, 0x00, 0x00, 0x00, 0x00, 0x00, 0x00, 0x00, 0x00, 0x00,
  0x00, 0x00, 0x00, 0x00, 0x00, 0x00, 0x00, 0x00, 0x00, 0x00, 0x00, 0x00,
  0x00, 0x00, 0x00, 0x00, 0x00, 0x00, 0x00, 0x00, 0x00, 0x00, 0x00, 0x00,
  0x00, 0x00, 0x00, 0x00, 0x00, 0x00, 0x00, 0x00, 0x00, 0x00, 0x00, 0x00,
  0x00, 0x00, 0x00, 0x00, 0x00, 0x00, 0x00, 0x00, 0x00, 0x00, 0x00, 0x00,
  0x00, 0x00, 0x00, 0x00, 0x00, 0x00, 0x00, 0x00, 0x00, 0x00, 0x00, 0x00,
  0x00, 0x00, 0x00, 0x00, 0x00, 0x00, 0x00, 0x00, 0x00, 0x00, 0x00, 0x00,
  0x00, 0x00, 0x00, 0x00, 0x00, 0x00, 0x00, 0x00, 0x00, 0x00, 0x00, 0x00,
  0x00, 0x00, 0x00, 0x00, 0x00, 0x00, 0x00, 0x00, 0x00, 0x00, 0x00, 0x00,
  0x00, 0x00, 0x00, 0x00, 0x00, 0x00, 0x00, 0x00, 0x00, 0x00, 0x00, 0x00,
  0x00, 0x00, 0x00, 0x00, 0x00, 0x00, 0x00, 0x00, 0x00, 0x00, 0x00, 0x00,
  0x00, 0x00, 0x00, 0x00, 0x00, 0x00, 0x00, 0x00, 0x00, 0x00, 0x00, 0x00,
  0x00, 0x00, 0x00, 0x00, 0x00, 0x00, 0x00, 0x00, 0x00, 0x00, 0x00, 0x00,
  0x00, 0x00, 0x00, 0x00, 0x00, 0x00, 0x00, 0x00, 0x00, 0x00, 0x00, 0x00,
  0x00, 0x00, 0x00, 0x00, 0x00, 0x00, 0x00, 0x00, 0x00, 0x00, 0x00, 0x00,
  0x00, 0x00, 0x00, 0x00, 0x00, 0x00, 0x00, 0x00, 0x00, 0x00, 0x00, 0x00,
  0x00, 0x00, 0x00, 0x00, 0x00, 0x00, 0x00, 0x00, 0x00, 0x00, 0x00, 0x00,
  0x00, 0x00, 0x00, 0x00, 0x00, 0x00, 0x00, 0x00, 0x00, 0x00, 0x00, 0x00,
  0x00, 0x00, 0x00, 0x00, 0x00, 0x00, 0x00, 0x00, 0x00, 0x00, 0x00, 0x00,
  0x00, 0x00, 0x00, 0x00, 0x00, 0x00, 0x00, 0x00, 0x00, 0x00, 0x00, 0x00,
  0x00, 0x00, 0x00, 0x00, 0x00, 0x00, 0x00, 0x00, 0x00, 0x00, 0x00, 0x00,
  0x00, 0x00, 0x00, 0x00, 0x00, 0x00, 0x00, 0x00, 0x00, 0x00, 0x00, 0x00,
  0x00, 0x00, 0x00, 0x00, 0x00, 0x00, 0x00, 0x00, 0x00, 0x00, 0x00, 0x00,
  0x00, 0x00, 0x00, 0x00, 0x00, 0x00, 0x00, 0x00, 0x00, 0x00, 0x00, 0x00,
  0x00, 0x00, 0x00, 0x00, 0x00, 0x00, 0x00, 0x00, 0x00, 0x00, 0x00, 0x00,
  0x00, 0x00, 0x00, 0x00, 0x00, 0x00, 0x00, 0x00, 0x00, 0x00, 0x00, 0x00,
  0x00, 0x00, 0x00, 0x00, 0x00, 0x00, 0x00, 0x00, 0x00, 0x00, 0x00, 0x00,
  0x00, 0x00, 0x00, 0x00, 0x00, 0x00, 0x00, 0x00, 0x00, 0x00, 0x00, 0x00,
  0x00, 0x00, 0x00, 0x00, 0x00, 0x00, 0x00, 0x00, 0x00, 0x00, 0x00, 0x00,
  0x00, 0x00, 0x00, 0x00, 0x00, 0x00, 0x00, 0x00, 0x00, 0x00, 0x00, 0x00,
  0x00, 0x00, 0x00, 0x00, 0x00, 0x00, 0x00, 0x00, 0x00, 0x00, 0x00, 0x00,
  0x00, 0x00, 0x00, 0x00, 0x00, 0x00, 0x00, 0x00, 0x00, 0x00, 0x00, 0x00,
  0x00, 0x00, 0x00, 0x00, 0x00, 0x00, 0x00, 0x00, 0x00, 0x00, 0x00, 0x00,
  0x00, 0x00, 0x00, 0x00, 0x00, 0x00, 0x00, 0x00, 0x00, 0x00, 0x00, 0x00,
  0x00, 0x00, 0x00, 0x00, 0x00, 0x00, 0x00, 0x00, 0x00, 0x00, 0x00, 0x00,
  0x00, 0x00, 0x00, 0x00, 0x00, 0x00, 0x00, 0x00, 0x00, 0x00, 0x00, 0x00,
  0x00, 0x00, 0x00, 0x00, 0x00, 0x00, 0x00, 0x00, 0x00, 0x00, 0x00, 0x00,
  0x00, 0x00, 0x00, 0x00, 0x00, 0x00, 0x00, 0x00, 0x00, 0x00, 0x00, 0x00,
  0x00, 0x00, 0x00, 0x00, 0x00, 0x00, 0x00, 0x00, 0x00, 0x00, 0x00, 0x00,
  0x00, 0x00, 0x00, 0x00, 0x00, 0x00, 0x00, 0x00, 0x00, 0x00, 0x00, 0x00,
  0x00, 0x00, 0x00, 0x00, 0x00, 0x00, 0x00, 0x00, 0x00, 0x00, 0x00, 0x00,
  0x00, 0x00, 0x00, 0x00, 0x00, 0x00, 0x00, 0x00, 0x00, 0x00, 0x00, 0x00,
  0x00, 0x00, 0x00, 0x00, 0x00, 0x00, 0x00, 0x00, 0x00, 0x00, 0x00, 0x00,
  0x00, 0x00, 0x00, 0x00, 0x00, 0x00, 0x00, 0x00, 0x00, 0x00, 0x00, 0x00,
  0x00, 0x00, 0x00, 0x00, 0x00, 0x00, 0x00, 0x00, 0x00, 0x00, 0x00, 0x00,
  0x00, 0x00, 0x00, 0x00, 0x00, 0x00, 0x00, 0x00, 0x00, 0x00, 0x00, 0x00,
  0x00, 0x00, 0x00, 0x00, 0x00, 0x00, 0x00, 0x00, 0x00, 0x00, 0x00, 0x00,
  0x00, 0x00, 0x00, 0x00, 0x00, 0x00, 0x00, 0x00, 0x00, 0x00, 0x00, 0x00,
  0x00, 0x00, 0x00, 0x00, 0x00, 0x00, 0x00, 0x00, 0x00, 0x00, 0x00, 0x00,
  0x00, 0x00, 0x00, 0x00, 0x00, 0x00, 0x00, 0x00, 0x00, 0x00, 0x00, 0x00,
  0x00, 0x00, 0x00, 0x00, 0x00, 0x00, 0x00, 0x00, 0x00, 0x00, 0x00, 0x00,
  0x00, 0x00, 0x00, 0x00, 0x00, 0x00, 0x00, 0x00, 0x00, 0x00, 0x00, 0x00,
  0x00, 0x00, 0x00, 0x00, 0x00, 0x00, 0x00, 0x00, 0x00, 0x00, 0x00, 0x00,
  0x00, 0x00, 0x00, 0x00, 0x00, 0x00, 0x00, 0x00, 0x00, 0x00, 0x00, 0x00,
  0x00, 0x00, 0x00, 0x00, 0x00, 0x00, 0x00, 0x00, 0x00, 0x00, 0x00, 0x00,
  0x00, 0x00, 0x00, 0x00, 0x00, 0x00, 0x00, 0x00, 0x00, 0x00, 0x00, 0x00,
  0x00, 0x00, 0x00, 0x00, 0x00, 0x00, 0x00, 0x00, 0x00, 0x00, 0x00, 0x00,
  0x00, 0x00, 0x00, 0x00, 0x00, 0x00, 0x00, 0x00, 0x00, 0x00, 0x00, 0x00,
  0x00, 0x00, 0x00, 0x00, 0x00, 0x00, 0x00, 0x00, 0x00, 0x00, 0x00, 0x00,
  0x00, 0x00, 0x00, 0x00, 0x00, 0x00, 0x00, 0x00, 0x00, 0x00, 0x00, 0x00,
  0x00, 0x00, 0x00, 0x00, 0x00, 0x00, 0x00, 0x00, 0x00, 0x00, 0x00, 0x00,
  0x00, 0x00, 0x00, 0x00, 0x00, 0x00, 0x00, 0x00, 0x00, 0x00, 0x00, 0x00,
  0x00, 0x00, 0x00, 0x00, 0x00, 0x00, 0x00, 0x00, 0x00, 0x00, 0x00, 0x00,
  0x00, 0x00, 0x00, 0x00, 0x00, 0x00, 0x00, 0x00, 0x00, 0x00, 0x00, 0x00,
  0x00, 0x00, 0x00, 0x00, 0x00, 0x00, 0x00, 0x00, 0x00, 0x00, 0x00, 0x00,
  0x00, 0x00, 0x00, 0x00, 0x00, 0x00, 0x00, 0x00, 0x00, 0x00, 0x00, 0x00,
  0x00, 0x00, 0x00, 0x00, 0x00, 0x00, 0x00, 0x00, 0x00, 0x00, 0x00, 0x00,
  0x00, 0x00, 0x00, 0x00, 0x00, 0x00, 0x00, 0x00, 0x00, 0x00, 0x00, 0x00,
  0x00, 0x00, 0x00, 0x00, 0x00, 0x00, 0x00, 0x00, 0x00, 0x00, 0x00, 0x00,
  0x00, 0x00, 0x00, 0x00, 0x00, 0x00, 0x00, 0x00, 0x00, 0x00, 0x00, 0x00,
  0x00, 0x00, 0x00, 0x00, 0x00, 0x00, 0x00, 0x00, 0x00, 0x00, 0x00, 0x00,
  0x00, 0x00, 0x00, 0x00, 0x00, 0x00, 0x00, 0x00, 0x00, 0x00, 0x00, 0x00,
  0x00, 0x00, 0x00, 0x00, 0x00, 0x00, 0x00, 0x00, 0x00, 0x00, 0x00, 0x00,
  0x00, 0x00, 0x00, 0x00, 0x00, 0x00, 0x00, 0x00, 0x00, 0x00, 0x00, 0x00,
  0x00, 0x00, 0x00, 0x00, 0x00, 0x00, 0x00, 0x00, 0x00, 0x00, 0x00, 0x00,
  0x00, 0x00, 0x00, 0x00, 0x00, 0x00, 0x00, 0x00, 0x00, 0x00, 0x00, 0x00,
  0x00, 0x00, 0x00, 0x00, 0x00, 0x00, 0x00, 0x00, 0x00, 0x00, 0x00, 0x00,
  0x00, 0x00, 0x00, 0x00, 0x00, 0x00, 0x00, 0x00, 0x00, 0x00, 0x00, 0x00,
  0x00, 0x00, 0x00, 0x00, 0x00, 0x00, 0x00, 0x00, 0x00, 0x00, 0x00, 0x00,
  0x00, 0x00, 0x00, 0x00, 0x00, 0x00, 0x00, 0x00, 0x00, 0x00, 0x00, 0x00,
  0x00, 0x00, 0x00, 0x00, 0x00, 0x00, 0x00, 0x00, 0x00, 0x00, 0x00, 0x00,
  0x00, 0x00, 0x00, 0x00, 0x00, 0x00, 0x00, 0x00, 0x00, 0x00, 0x00, 0x00,
  0x00, 0x00, 0x00, 0x00, 0x00, 0x00, 0x00, 0x00, 0x00, 0x00, 0x00, 0x00,
  0x00, 0x00, 0x00, 0x00, 0x00, 0x00, 0x00, 0x00, 0x00, 0x00, 0x00, 0x00,
  0x00, 0x00, 0x00, 0x00, 0x00, 0x00, 0x00, 0x00, 0x00, 0x00, 0x00, 0x00,
  0x00, 0x00, 0x00, 0x00, 0x00, 0x00, 0x00, 0x00, 0x00, 0x00, 0x00, 0x00,
  0x00, 0x00, 0x00, 0x00, 0x00, 0x00, 0x00, 0x00, 0x00, 0x00, 0x00, 0x00,
  0x00, 0x00, 0x00, 0x00, 0x00, 0x00, 0x00, 0x00, 0x00, 0x00, 0x00, 0x00,
  0x00, 0x00, 0x00, 0x00, 0x00, 0x00, 0x00, 0x00, 0x00, 0x00, 0x00, 0x00,
  0x00, 0x00, 0x00, 0x00, 0x00, 0x00, 0x00, 0x00, 0x00, 0x00, 0x00, 0x00,
  0x00, 0x00, 0x00, 0x00, 0x00, 0x00, 0x00, 0x00, 0x00, 0x00, 0x00, 0x00,
  0x00, 0x00, 0x00, 0x00, 0x00, 0x00, 0x00, 0x00, 0x00, 0x00, 0x00, 0x00,
  0x00, 0x00, 0x00, 0x00, 0x00, 0x00, 0x00, 0x00, 0x00, 0x00, 0x00, 0x00,
  0x00, 0x00, 0x00, 0x00, 0x00, 0x00, 0x00, 0x00, 0x00, 0x00, 0x00, 0x00,
  0x00, 0x00, 0x00, 0x00, 0x00, 0x00, 0x00, 0x00, 0x00, 0x00, 0x00, 0x00,
  0x00, 0x00, 0x00, 0x00, 0x00, 0x00, 0x00, 0x00, 0x00, 0x00, 0x00, 0x00,
  0x00, 0x00, 0x00, 0x00, 0x00, 0x00, 0x00, 0x00, 0x00, 0x00, 0x00, 0x00,
  0x00, 0x00, 0x00, 0x00, 0x00, 0x00, 0x00, 0x00, 0x00, 0x00, 0x00, 0x00,
  0x00, 0x00, 0x00, 0x00, 0x00, 0x00, 0x00, 0x00, 0x00, 0x00, 0x00, 0x00,
  0x00, 0x00, 0x00, 0x00, 0x00, 0x00, 0x00, 0x00, 0x00, 0x00, 0x00, 0x00,
  0x00, 0x00, 0x00, 0x00, 0x00, 0x00, 0x00, 0x00, 0x00, 0x00, 0x00, 0x00,
  0x00, 0x00, 0x00, 0x00, 0x00, 0x00, 0x00, 0x00, 0x00, 0x00, 0x00, 0x00,
  0x00, 0x00, 0x00, 0x00, 0x00, 0x00, 0x00, 0x00, 0x00, 0x00, 0x00, 0x00,
  0x00, 0x00, 0x00, 0x00, 0x00, 0x00, 0x00, 0x00, 0x00, 0x00, 0x00, 0x00,
  0x00, 0x00, 0x00, 0x00, 0x00, 0x00, 0x00, 0x00, 0x00, 0x00, 0x00, 0x00,
  0x00, 0x00, 0x00, 0x00, 0x00, 0x00, 0x00, 0x00, 0x00, 0x00, 0x00, 0x00,
  0x00, 0x00, 0x00, 0x00, 0x00, 0x00, 0x00, 0x00, 0x00, 0x00, 0x00, 0x00,
  0x00, 0x00, 0x00, 0x00, 0x00, 0x00, 0x00, 0x00, 0x00, 0x00, 0x00, 0x00,
  0x00, 0x00, 0x00, 0x00, 0x00, 0x00, 0x00, 0x00, 0x00, 0x00, 0x00, 0x00,
  0x00, 0x00, 0x00, 0x00, 0x00, 0x00, 0x00, 0x00, 0x00, 0x00, 0x00, 0x00,
  0x00, 0x00, 0x00, 0x00, 0x00, 0x00, 0x00, 0x00, 0x00, 0x00, 0x00, 0x00,
  0x00, 0x00, 0x00, 0x00, 0x00, 0x00, 0x00, 0x00, 0x00, 0x00, 0x00, 0x00,
  0x00, 0x00, 0x00, 0x00, 0x00, 0x00, 0x00, 0x00, 0x00, 0x00, 0x00, 0x00,
  0x00, 0x00, 0x00, 0x00, 0x00, 0x00, 0x00, 0x00, 0x00, 0x00, 0x00, 0x00,
  0x00, 0x00, 0x00, 0x00, 0x00, 0x00, 0x00, 0x00, 0x00, 0x00, 0x00, 0x00,
  0x00, 0x00, 0x00, 0x00, 0x00, 0x00, 0x00, 0x00, 0x00, 0x00, 0x00, 0x00,
  0x00, 0x00, 0x00, 0x00, 0x00, 0x00, 0x00, 0x00, 0x00, 0x00, 0x00, 0x00,
  0x00, 0x00, 0x00, 0x00, 0x00, 0x00, 0x00, 0x00, 0x00, 0x00, 0x00, 0x00,
  0x00, 0x00, 0x00, 0x00, 0x00, 0x00, 0x00, 0x00, 0x00, 0x00, 0x00, 0x00,
  0x00, 0x00, 0x00, 0x00, 0x00, 0x00, 0x00, 0x00, 0x00, 0x00, 0x00, 0x00,
  0x00, 0x00, 0x00, 0x00, 0x00, 0x00, 0x00, 0x00, 0x00, 0x00, 0x00, 0x00,
  0x00, 0x00, 0x00, 0x00, 0x00, 0x00, 0x00, 0x00, 0x00, 0x00, 0x00, 0x00,
  0x00, 0x00, 0x00, 0x00, 0x00, 0x00, 0x00, 0x00, 0x00, 0x00, 0x00, 0x00,
  0x00, 0x00, 0x00, 0x00, 0x00, 0x00, 0x00, 0x00, 0x00, 0x00, 0x00, 0x00,
  0x00, 0x00, 0x00, 0x00, 0x00, 0x00, 0x00, 0x00, 0x00, 0x00, 0x00, 0x00,
  0x00, 0x00, 0x00, 0x00, 0x00, 0x00, 0x00, 0x00, 0x00, 0x00, 0x00, 0x00,
  0x00, 0x00, 0x00, 0x00, 0x00, 0x00, 0x00, 0x00, 0x00, 0x00, 0x00, 0x00,
  0x00, 0x00, 0x00, 0x00, 0x00, 0x00, 0x00, 0x00, 0x00, 0x00, 0x00, 0x00,
  0x00, 0x00, 0x00, 0x00, 0x00, 0x00, 0x00, 0x00, 0x00, 0x00, 0x00, 0x00,
  0x00, 0x00, 0x00, 0x00, 0x00, 0x00, 0x00, 0x00, 0x00, 0x00, 0x00, 0x00,
  0x00, 0x00, 0x00, 0x00, 0x00, 0x00, 0x00, 0x00, 0x00, 0x00, 0x00, 0x00,
  0x00, 0x00, 0x00, 0x00, 0x00, 0x00, 0x00, 0x00, 0x00, 0x00, 0x00, 0x00,
  0x00, 0x00, 0x00, 0x00, 0x00, 0x00, 0x00, 0x00, 0x00, 0x00, 0x00, 0x00,
  0x00, 0x00, 0x00, 0x00, 0x00, 0x00, 0x00, 0x00, 0x00, 0x00, 0x00, 0x00,
  0x00, 0x00, 0x00, 0x00, 0x00, 0x00, 0x00, 0x00, 0x00, 0x00, 0x00, 0x00,
  0x00, 0x00, 0x00, 0x00, 0x00, 0x00, 0x00, 0x00, 0x00, 0x00, 0x00, 0x00,
  0x00, 0x00, 0x00, 0x00, 0x00, 0x00, 0x00, 0x00, 0x00, 0x00, 0x00, 0x00,
  0x00, 0x00, 0x00, 0x00, 0x00, 0x00, 0x00, 0x00, 0x00, 0x00, 0x00, 0x00,
  0x00, 0x00, 0x00, 0x00, 0x00, 0x00, 0x00, 0x00, 0x00, 0x00, 0x00, 0x00,
  0x00, 0x00, 0x00, 0x00, 0x00, 0x00, 0x00, 0x00, 0x00, 0x00, 0x00, 0x00,
  0x00, 0x00, 0x00, 0x00, 0x00, 0x00, 0x00, 0x00, 0x00, 0x00, 0x00, 0x00,
  0x00, 0x00, 0x00, 0x00, 0x00, 0x00, 0x00, 0x00, 0x00, 0x00, 0x00, 0x00,
  0x00, 0x00, 0x00, 0x00, 0x00, 0x00, 0x00, 0x00, 0x00, 0x00, 0x00, 0x00,
  0x00, 0x00, 0x00, 0x00, 0x00, 0x00, 0x00, 0x00, 0x00, 0x00, 0x00, 0x00,
  0x00, 0x00, 0x00, 0x00, 0x00, 0x00, 0x00, 0x00, 0x00, 0x00, 0x00, 0x00,
  0x00, 0x00, 0x00, 0x00, 0x00, 0x00, 0x00, 0x00, 0x00, 0x00, 0x00, 0x00,
  0x00, 0x00, 0x00, 0x00, 0x00, 0x00, 0x00, 0x00, 0x00, 0x00, 0x00, 0x00,
  0x00, 0x00, 0x00, 0x00, 0x00, 0x00, 0x00, 0x00, 0x00, 0x00, 0x00, 0x00,
  0x00, 0x00, 0x00, 0x00, 0x00, 0x00, 0x00, 0x00, 0x00, 0x00, 0x00, 0x00,
  0x00, 0x00, 0x00, 0x00, 0x00, 0x00, 0x00, 0x00, 0x00, 0x00, 0x00, 0x00,
  0x00, 0x00, 0x00, 0x00, 0x00, 0x00, 0x00, 0x00, 0x00, 0x00, 0x00, 0x00,
  0x00, 0x00, 0x00, 0x00, 0x00, 0x00, 0x00, 0x00, 0x00, 0x00, 0x00, 0x00,
  0x00, 0x00, 0x00, 0x00, 0x00, 0x00, 0x00, 0x00, 0x00, 0x00, 0x00, 0x00,
  0x00, 0x00, 0x00, 0x00, 0x00, 0x00, 0x00, 0x00, 0x00, 0x00, 0x00, 0x00,
  0x00, 0x00, 0x00, 0x00, 0x00, 0x00, 0x00, 0x00, 0x00, 0x00, 0x00, 0x00,
  0x00, 0x00, 0x00, 0x00, 0x00, 0x00, 0x00, 0x00, 0x00, 0x00, 0x00, 0x00,
  0x00, 0x00, 0x00, 0x00, 0x00, 0x00, 0x00, 0x00, 0x00, 0x00, 0x00, 0x00,
  0x00, 0x00, 0x00, 0x00, 0x00, 0x00, 0x00, 0x00, 0x00, 0x00, 0x00, 0x00,
  0x00, 0x00, 0x00, 0x00, 0x00, 0x00, 0x00, 0x00, 0x00, 0x00, 0x00, 0x00,
  0x00, 0x00, 0x00, 0x00, 0x00, 0x00, 0x00, 0x00, 0x00, 0x00, 0x00, 0x00,
  0x00, 0x00, 0x00, 0x00, 0x00, 0x00, 0x00, 0x00, 0x00, 0x00, 0x00, 0x00,
  0x00, 0x00, 0x00, 0x00, 0x00, 0x00, 0x00, 0x00, 0x00, 0x00, 0x00, 0x00,
  0x00, 0x00, 0x00, 0x00, 0x00, 0x00, 0x00, 0x00, 0x00, 0x00, 0x00, 0x00,
  0x00, 0x00, 0x00, 0x00, 0x00, 0x00, 0x00, 0x00, 0x00, 0x00, 0x00, 0x00,
  0x00, 0x00, 0x00, 0x00, 0x00, 0x00, 0x00, 0x00, 0x00, 0x00, 0x00, 0x00,
  0x00, 0x00, 0x00, 0x00, 0x00, 0x00, 0x00, 0x00, 0x00, 0x00, 0x00, 0x00,
  0x00, 0x00, 0x00, 0x00, 0x00, 0x00, 0x00, 0x00, 0x00, 0x00, 0x00, 0x00,
  0x00, 0x00, 0x00, 0x00, 0x00, 0x00, 0x00, 0x00, 0x00, 0x00, 0x00, 0x00,
  0x00, 0x00, 0x00, 0x00, 0x00, 0x00, 0x00, 0x00, 0x00, 0x00, 0x00, 0x00,
  0x00, 0x00, 0x00, 0x00, 0x00, 0x00, 0x00, 0x00, 0x00, 0x00, 0x00, 0x00,
  0x00, 0x00, 0x00, 0x00, 0x00, 0x00, 0x00, 0x00, 0x00, 0x00, 0x00, 0x00,
  0x00, 0x00, 0x00, 0x00, 0x00, 0x00, 0x00, 0x00, 0x00, 0x00, 0x00, 0x00,
  0x00, 0x00, 0x00, 0x00, 0x00, 0x00, 0x00, 0x00, 0x00, 0x00, 0x00, 0x00,
  0x00, 0x00, 0x00, 0x00, 0x00, 0x00, 0x00, 0x00, 0x00, 0x00, 0x00, 0x00,
  0x00, 0x00, 0x00, 0x00, 0x00, 0x00, 0x00, 0x00, 0x00, 0x00, 0x00, 0x00,
  0x00, 0x00, 0x00, 0x00, 0x00, 0x00, 0x00, 0x00, 0x00, 0x00, 0x00, 0x00,
  0x00, 0x00, 0x00, 0x00, 0x00, 0x00, 0x00, 0x00, 0x00, 0x00, 0x00, 0x00,
  0x00, 0x00, 0x00, 0x00, 0x00, 0x00, 0x00, 0x00, 0x00, 0x00, 0x00, 0x00,
  0x00, 0x00, 0x00, 0x00, 0x00, 0x00, 0x00, 0x00, 0x00, 0x00, 0x00, 0x00,
  0x00, 0x00, 0x00, 0x00, 0x00, 0x00, 0x00, 0x00, 0x00, 0x00, 0x00, 0x00,
  0x00, 0x00, 0x00, 0x00, 0x00, 0x00, 0x00, 0x00, 0x00, 0x00, 0x00, 0x00,
  0x00, 0x00, 0x00, 0x00, 0x00, 0x00, 0x00, 0x00, 0x00, 0x00, 0x00, 0x00,
  0x00, 0x00, 0x00, 0x00, 0x00, 0x00, 0x00, 0x00, 0x00, 0x00, 0x00, 0x00,
  0x00, 0x00, 0x00, 0x00, 0x00, 0x00, 0x00, 0x00, 0x00, 0x00, 0x00, 0x00,
  0x00, 0x00, 0x00, 0x00, 0x00, 0x00, 0x00, 0x00, 0x00, 0x00, 0x00, 0x00,
  0x00, 0x00, 0x00, 0x00, 0x00, 0x00, 0x00, 0x00, 0x00, 0x00, 0x00, 0x00,
  0x00, 0x00, 0x00, 0x00, 0x00, 0x00, 0x00, 0x00, 0x00, 0x00, 0x00, 0x00,
  0x00, 0x00, 0x00, 0x00, 0x00, 0x00, 0x00, 0x00, 0x00, 0x00, 0x00, 0x00,
  0x00, 0x00, 0x00, 0x00, 0x00, 0x00, 0x00, 0x00, 0x00, 0x00, 0x00, 0x00,
  0x00, 0x00, 0x00, 0x00, 0x00, 0x00, 0x00, 0x00, 0x00, 0x00, 0x00, 0x00,
  0x00, 0x00, 0x00, 0x00, 0x00, 0x00, 0x00, 0x00, 0x00, 0x00, 0x00, 0x00,
  0x00, 0x00, 0x00, 0x00, 0x00, 0x00, 0x00, 0x00, 0x00, 0x00, 0x00, 0x00,
  0x00, 0x00, 0x00, 0x00, 0x00, 0x00, 0x00, 0x00, 0x00, 0x00, 0x00, 0x00,
  0x00, 0x00, 0x00, 0x00, 0x00, 0x00, 0x00, 0x00, 0x00, 0x00, 0x00, 0x00,
  0x00, 0x00, 0x00, 0x00, 0x00, 0x00, 0x00, 0x00, 0x00, 0x00, 0x00, 0x00,
  0x00, 0x00, 0x00, 0x00, 0x00, 0x00, 0x00, 0x00, 0x18, 0x00, 0x00, 0x00,
  0x00, 0x00, 0x00, 0x00, 0xbf, 0xf4, 0x13, 0x3c, 0x01, 0x00, 0x00, 0x00,
  0x51, 0x00, 0x00, 0x01, 0x00, 0x00, 0x00, 0x00, 0x00, 0x00, 0x00, 0x00,
  0x00, 0x00, 0x00, 0x00, 0x20, 0x00, 0x00, 0x00, 0x00, 0x00, 0x00, 0x00,
  0x00, 0x00, 0x00, 0x00, 0x00, 0x00, 0x00, 0x00, 0x00, 0x00, 0x00, 0x00,
  0x00, 0x00, 0x00, 0x00, 0x00, 0x00, 0x00, 0x00, 0x00, 0x00, 0x00, 0x00,
  0x00, 0x00, 0x00, 0x00, 0x00, 0x00, 0x00, 0x00, 0x00, 0x00, 0x00, 0x00,
  0x00, 0x00, 0x00, 0x00, 0x00, 0x00, 0x00, 0x00, 0x00, 0x00, 0x00, 0x00,
  0x00, 0x00, 0x00, 0x00, 0x00, 0x00, 0x00, 0x00, 0x00, 0x00, 0x00, 0x00,
  0x00, 0x00, 0x00, 0x00, 0x00, 0x00, 0x00, 0x00, 0x00, 0x00, 0x00, 0x00,
  0x00, 0x00, 0x00, 0x00, 0x00, 0x00, 0x00, 0x00, 0x00, 0x00, 0x00, 0x00,
  0x00, 0x00, 0x00, 0x00, 0x00, 0x00, 0x00, 0x00, 0x00, 0x00, 0x00, 0x00,
  0x00, 0x00, 0x00, 0x00, 0x00, 0x00, 0x00, 0x00, 0x00, 0x00, 0x00, 0x00,
  0x00, 0x00, 0x00, 0x00, 0x00, 0x00, 0x00, 0x00, 0x00, 0x00, 0x00, 0x00,
  0x00, 0x00, 0x00, 0x00, 0x00, 0x00, 0x00, 0x00, 0x00, 0x00, 0x00, 0x00,
  0x00, 0x00, 0x00, 0x00, 0x00, 0x00, 0x00, 0x00, 0x00, 0x00, 0x00, 0x00,
  0x00, 0x00, 0x00, 0x00, 0x00, 0x00, 0x00, 0x00, 0x00, 0x00, 0x00, 0x00,
  0x00, 0x00, 0x00, 0x00, 0x00, 0x00, 0x00, 0x00, 0x00, 0x00, 0x00, 0x00,
  0x00, 0x00, 0x00, 0x00, 0x00, 0x00, 0x00, 0x00, 0x00, 0x00, 0x00, 0x00,
  0x00, 0x00, 0x00, 0x00, 0x00, 0x00, 0x00, 0x00, 0x00, 0x00, 0x00, 0x00,
  0x00, 0x00, 0x00, 0x00, 0x00, 0x00, 0x00, 0x00, 0x00, 0x00, 0x00, 0x00,
  0x00, 0x00, 0x00, 0x00, 0x00, 0x00, 0x00, 0x00, 0x00, 0x00, 0x00, 0x00,
  0x00, 0x00, 0x00, 0x00, 0x00, 0x00, 0x00, 0x00, 0x00, 0x00, 0x00, 0x00,
  0x00, 0x00, 0x00, 0x00, 0x00, 0x00, 0x00, 0x00, 0x00, 0x00, 0x00, 0x00,
  0x00, 0x00, 0x00, 0x00, 0x00, 0x00, 0x00, 0x00, 0x00, 0x00, 0x00, 0x00,
  0x00, 0x00, 0x00, 0x00, 0x00, 0x00, 0x00, 0x00, 0x00, 0x00, 0x00, 0x00,
  0x00, 0x00, 0x00, 0x00, 0x00, 0x00, 0x00, 0x00, 0x00, 0x00, 0x00, 0x00,
  0x00, 0x00, 0x00, 0x00, 0x00, 0x00, 0x00, 0x00, 0x00, 0x00, 0x00, 0x00,
  0x00, 0x00, 0x00, 0x00, 0x00, 0x00, 0x00, 0x00, 0x00, 0x00, 0x00, 0x00,
  0x00, 0x00, 0x00, 0x00, 0x00, 0x00, 0x00, 0x00, 0x00, 0x00, 0x00, 0x00,
  0x00, 0x00, 0x00, 0x00, 0x00, 0x00, 0x00, 0x00, 0x00, 0x00, 0x00, 0x00,
  0x00, 0x00, 0x00, 0x00, 0x00, 0x00, 0x00, 0x00, 0x00, 0x00, 0x00, 0x00,
  0x00, 0x00, 0x00, 0x00, 0x00, 0x00, 0x00, 0x00, 0x00, 0x00, 0x00, 0x00,
  0x00, 0x00, 0x00, 0x00, 0x00, 0x00, 0x00, 0x00, 0x00, 0x00, 0x00, 0x00,
  0x00, 0x00, 0x00, 0x00, 0x00, 0x00, 0x00, 0x00, 0x00, 0x00, 0x00, 0x00,
  0x00, 0x00, 0x00, 0x00, 0x00, 0x00, 0x00, 0x00, 0x00, 0x00, 0x00, 0x00,
  0x00, 0x00, 0x00, 0x00, 0x00, 0x00, 0x00, 0x00, 0x00, 0x00, 0x00, 0x00,
  0x00, 0x00, 0x00, 0x00, 0x00, 0x00, 0x00, 0x00, 0x00, 0x00, 0x00, 0x00,
  0x00, 0x00, 0x00, 0x00, 0x00, 0x00, 0x00, 0x00, 0x00, 0x00, 0x00, 0x00,
  0x00, 0x00, 0x00, 0x00, 0x00, 0x00, 0x00, 0x00, 0x00, 0x00, 0x00, 0x00,
  0x00, 0x00, 0x00, 0x00, 0x00, 0x00, 0x00, 0x00, 0x00, 0x00, 0x00, 0x00,
  0x00, 0x00, 0x00, 0x00, 0x00, 0x00, 0x00, 0x00, 0x00, 0x00, 0x00, 0x00,
  0x00, 0x00, 0x00, 0x00, 0x00, 0x00, 0x00, 0x00, 0x00, 0x00, 0x00, 0x00,
  0x00, 0x00, 0x00, 0x00, 0x00, 0x00, 0x00, 0x00, 0x00, 0x00, 0x00, 0x00,
  0x00, 0x00, 0x00, 0x00, 0x00, 0x00, 0x00, 0x00, 0x00, 0x00, 0x00, 0x00,
  0x00, 0x00, 0x00, 0x00, 0x00, 0x00, 0x00, 0x00, 0x00, 0x00, 0x00, 0x00,
  0x00, 0x00, 0x00, 0x00, 0x00, 0x00, 0x00, 0x00, 0x00, 0x00, 0x00, 0x00,
  0x00, 0x00, 0x00, 0x00, 0x00, 0x00, 0x00, 0x00, 0x00, 0x00, 0x00, 0x00,
  0x00, 0x00, 0x00, 0x00, 0x00, 0x00, 0x00, 0x00, 0x00, 0x00, 0x00, 0x00,
  0x00, 0x00, 0x00, 0x00, 0x00, 0x00, 0x00, 0x00, 0x00, 0x00, 0x00, 0x00,
  0xff, 0xff, 0xff, 0xff, 0x00, 0x00, 0x00, 0x00, 0x00, 0x00, 0x00, 0x00,
  0x00, 0x00, 0x00, 0x00, 0x00, 0x00, 0x00, 0x00, 0x00, 0x00, 0x00, 0x00,
  0x00, 0x00, 0x00, 0x00, 0x00, 0x00, 0x00, 0x00, 0x00, 0x00, 0x00, 0x00,
  0x00, 0x00, 0x00, 0x00, 0x00, 0x00, 0x00, 0x00, 0x00, 0x00, 0x00, 0x00,
  0x00, 0x00, 0x00, 0x00, 0x00, 0x00, 0x00, 0x00, 0x00, 0x00, 0x00, 0x00,
  0x00, 0x00, 0x00, 0x00, 0x18, 0x00, 0x00, 0x00, 0x00, 0x00, 0x00, 0x00,
  0xbf, 0xf4, 0x13, 0x3c, 0x01, 0x00, 0x00, 0x00, 0x51, 0x00, 0x00, 0x01,
  0x00, 0x00, 0x00, 0x00, 0x00, 0x00, 0x00, 0x00, 0x00, 0x00, 0x00, 0x00,
  0x20, 0x00, 0x00, 0x00, 0x00, 0x00, 0x00, 0x00, 0x00, 0x00, 0x00, 0x00,
  0x00, 0x00, 0x00, 0x00, 0x00, 0x00, 0x00, 0x00, 0x00, 0x00, 0x00, 0x00,
  0x00, 0x00, 0x00, 0x00, 0x00, 0x00, 0x00, 0x00, 0x00, 0x00, 0x00, 0x00,
  0x00, 0x00, 0x00, 0x00, 0x00, 0x00, 0x00, 0x00, 0x00, 0x00, 0x00, 0x00,
  0x00, 0x00, 0x00, 0x00, 0x00, 0x00, 0x00, 0x00, 0x00, 0x00, 0x00, 0x00,
  0x00, 0x00, 0x00, 0x00, 0x00, 0x00, 0x00, 0x00, 0x00, 0x00, 0x00, 0x00,
  0x00, 0x00, 0x00, 0x00, 0x00, 0x00, 0x00, 0x00, 0x00, 0x00, 0x00, 0x00,
  0x00, 0x00, 0x00, 0x00, 0x00, 0x00, 0x00, 0x00, 0x00, 0x00, 0x00, 0x00,
  0x00, 0x00, 0x00, 0x00, 0x00, 0x00, 0x00, 0x00, 0x00, 0x00, 0x00, 0x00,
  0x00, 0x00, 0x00, 0x00, 0x00, 0x00, 0x00, 0x00, 0x00, 0x00, 0x00, 0x00,
  0x00, 0x00, 0x00, 0x00, 0x00, 0x00, 0x00, 0x00, 0x00, 0x00, 0x00, 0x00,
  0x00, 0x00, 0x00, 0x00, 0x00, 0x00, 0x00, 0x00, 0x00, 0x00, 0x00, 0x00,
  0x00, 0x00, 0x00, 0x00, 0x00, 0x00, 0x00, 0x00, 0x00, 0x00, 0x00, 0x00,
  0x00, 0x00, 0x00, 0x00, 0x00, 0x00, 0x00, 0x00, 0x00, 0x00, 0x00, 0x00,
  0x00, 0x00, 0x00, 0x00, 0x00, 0x00, 0x00, 0x00, 0x00, 0x00, 0x00, 0x00,
  0x00, 0x00, 0x00, 0x00, 0x00, 0x00, 0x00, 0x00, 0x00, 0x00, 0x00, 0x00,
  0x00, 0x00, 0x00, 0x00, 0x00, 0x00, 0x00, 0x00, 0x00, 0x00, 0x00, 0x00,
  0x00, 0x00, 0x00, 0x00, 0x00, 0x00, 0x00, 0x00, 0x00, 0x00, 0x00, 0x00,
  0x00, 0x00, 0x00, 0x00, 0x00, 0x00, 0x00, 0x00, 0x00, 0x00, 0x00, 0x00,
  0x00, 0x00, 0x00, 0x00, 0x00, 0x00, 0x00, 0x00, 0x00, 0x00, 0x00, 0x00,
  0x00, 0x00, 0x00, 0x00, 0x00, 0x00, 0x00, 0x00, 0x00, 0x00, 0x00, 0x00,
  0x00, 0x00, 0x00, 0x00, 0x00, 0x00, 0x00, 0x00, 0x00, 0x00, 0x00, 0x00,
  0x00, 0x00, 0x00, 0x00, 0x00, 0x00, 0x00, 0x00, 0x00, 0x00, 0x00, 0x00,
  0x00, 0x00, 0x00, 0x00, 0x00, 0x00, 0x00, 0x00, 0x00, 0x00, 0x00, 0x00,
  0x00, 0x00, 0x00, 0x00, 0x00, 0x00, 0x00, 0x00, 0x00, 0x00, 0x00, 0x00,
  0x00, 0x00, 0x00, 0x00, 0x00, 0x00, 0x00, 0x00, 0x00, 0x00, 0x00, 0x00,
  0x00, 0x00, 0x00, 0x00, 0x00, 0x00, 0x00, 0x00, 0x00, 0x00, 0x00, 0x00,
  0x00, 0x00, 0x00, 0x00, 0x00, 0x00, 0x00, 0x00, 0x00, 0x00, 0x00, 0x00,
  0x00, 0x00, 0x00, 0x00, 0x00, 0x00, 0x00, 0x00, 0x00, 0x00, 0x00, 0x00,
  0x00, 0x00, 0x00, 0x00, 0x00, 0x00, 0x00, 0x00, 0x00, 0x00, 0x00, 0x00,
  0x00, 0x00, 0x00, 0x00, 0x00, 0x00, 0x00, 0x00, 0x00, 0x00, 0x00, 0x00,
  0x00, 0x00, 0x00, 0x00, 0x00, 0x00, 0x00, 0x00, 0x00, 0x00, 0x00, 0x00,
  0x00, 0x00, 0x00, 0x00, 0x00, 0x00, 0x00, 0x00, 0x00, 0x00, 0x00, 0x00,
  0x00, 0x00, 0x00, 0x00, 0x00, 0x00, 0x00, 0x00, 0x00, 0x00, 0x00, 0x00,
  0x00, 0x00, 0x00, 0x00, 0x00, 0x00, 0x00, 0x00, 0x00, 0x00, 0x00, 0x00,
  0x00, 0x00, 0x00, 0x00, 0x00, 0x00, 0x00, 0x00, 0x00, 0x00, 0x00, 0x00,
  0x00, 0x00, 0x00, 0x00, 0x00, 0x00, 0x00, 0x00, 0x00, 0x00, 0x00, 0x00,
  0x00, 0x00, 0x00, 0x00, 0x00, 0x00, 0x00, 0x00, 0x00, 0x00, 0x00, 0x00,
  0x00, 0x00, 0x00, 0x00, 0x00, 0x00, 0x00, 0x00, 0x00, 0x00, 0x00, 0x00,
  0x00, 0x00, 0x00, 0x00, 0x00, 0x00, 0x00, 0x00, 0x00, 0x00, 0x00, 0x00,
  0x00, 0x00, 0x00, 0x00, 0x00, 0x00, 0x00, 0x00, 0x00, 0x00, 0x00, 0x00,
  0x00, 0x00, 0x00, 0x00, 0x00, 0x00, 0x00, 0x00, 0x00, 0x00, 0x00, 0x00,
  0x00, 0x00, 0x00, 0x00, 0x00, 0x00, 0x00, 0x00, 0x00, 0x00, 0x00, 0x00,
  0x00, 0x00, 0x00, 0x00, 0x00, 0x00, 0x00, 0x00, 0x00, 0x00, 0x00, 0x00,
  0x00, 0x00, 0x00, 0x00, 0x00, 0x00, 0x00, 0x00, 0x00, 0x00, 0x00, 0x00,
  0x00, 0x00, 0x00, 0x00, 0x00, 0x00, 0x00, 0x00, 0x00, 0x00, 0x00, 0x00,
  0x00, 0x00, 0x00, 0x00, 0x00, 0x00, 0x00, 0x00, 0xff, 0xff, 0xff, 0xff,
  0x00, 0x00, 0x00, 0x00, 0x00, 0x00, 0x00, 0x00, 0x00, 0x00, 0x00, 0x00,
  0x00, 0x00, 0x00, 0x00, 0x00, 0x00, 0x00, 0x00, 0x00, 0x00, 0x00, 0x00,
  0x00, 0x00, 0x00, 0x00, 0x00, 0x00, 0x00, 0x00, 0x00, 0x00, 0x00, 0x00,
  0x00, 0x00, 0x00, 0x00, 0x00, 0x00, 0x00, 0x00, 0x00, 0x00, 0x00, 0x00,
  0x00, 0x00, 0x00, 0x00, 0x00, 0x00, 0x00, 0x00, 0x00, 0x00, 0x00, 0x00,
  0x4f, 0x50, 0x45, 0x4e, 0x4f, 0x52, 0x42, 0x49, 0x53, 0x2d, 0x48, 0x4f,
  0x4d, 0x45, 0x42, 0x52, 0x45, 0x57, 0x00, 0x00, 0x00, 0x00, 0x00, 0x00,
  0x00, 0x6c, 0x69, 0x62, 0x6b, 0x65, 0x72, 0x6e, 0x65, 0x6c, 0x2e, 0x70,
  0x72, 0x78, 0x00, 0x6c, 0x69, 0x62, 0x53, 0x63, 0x65, 0x4c, 0x69, 0x62,
  0x63, 0x49, 0x6e, 0x74, 0x65, 0x72, 0x6e, 0x61, 0x6c, 0x2e, 0x70, 0x72,
  0x78, 0x00, 0x6c, 0x69, 0x62, 0x6b, 0x65, 0x72, 0x6e, 0x65, 0x6c, 0x00,
  0x6c, 0x69, 0x62, 0x53, 0x63, 0x65, 0x4c, 0x69, 0x62, 0x63, 0x49, 0x6e,
  0x74, 0x65, 0x72, 0x6e, 0x61, 0x6c, 0x00, 0x70, 0x6c, 0x75, 0x67, 0x69,
  0x6e, 0x5f, 0x73, 0x65, 0x72, 0x76, 0x65, 0x72, 0x00, 0x2f, 0x68, 0x6f,
  0x6d, 0x65, 0x2f, 0x72, 0x75, 0x6e, 0x6e, 0x65, 0x72, 0x2f, 0x77, 0x6f,
  0x72, 0x6b, 0x2f, 0x70, 0x73, 0x34, 0x2d, 0x68, 0x65, 0x6e, 0x2d, 0x70,
  0x6c, 0x75, 0x67, 0x69, 0x6e, 0x73, 0x2f, 0x70, 0x73, 0x34, 0x2d, 0x68,
  0x65, 0x6e, 0x2d, 0x70, 0x6c, 0x75, 0x67, 0x69, 0x6e, 0x73, 0x2f, 0x70,
  0x6c, 0x75, 0x67, 0x69, 0x6e, 0x5f, 0x73, 0x65, 0x72, 0x76, 0x65, 0x72,
  0x2f, 0x2e, 0x2e, 0x2f, 0x62, 0x69, 0x6e, 0x2f, 0x70, 0x6c, 0x75, 0x67,
  0x69, 0x6e, 0x73, 0x2f, 0x65, 0x6c, 0x66, 0x2f, 0x70, 0x6c, 0x75, 0x67,
  0x69, 0x6e, 0x5f, 0x73, 0x65, 0x72, 0x76, 0x65, 0x72, 0x2e, 0x65, 0x6c,
  0x66, 0x00, 0x52, 0x65, 0x6e, 0x49, 0x31, 0x6c, 0x4c, 0x31, 0x57, 0x46,
  0x6b, 0x23, 0x42, 0x23, 0x42, 0x00, 0x62, 0x59, 0x2d, 0x50, 0x4f, 0x36,
  0x4a, 0x68, 0x7a, 0x68, 0x51, 0x23, 0x42, 0x23, 0x42, 0x00, 0x54, 0x55,
  0x2d, 0x64, 0x39, 0x50, 0x66, 0x49, 0x48, 0x50, 0x4d, 0x23, 0x42, 0x23,
  0x42, 0x00, 0x38, 0x7a, 0x54, 0x46, 0x76, 0x42, 0x49, 0x41, 0x49, 0x4e,
  0x38, 0x23, 0x43, 0x23, 0x43, 0x00, 0x4b, 0x31, 0x53, 0x38, 0x6f, 0x63,
  0x36, 0x31, 0x78, 0x69, 0x4d, 0x23, 0x42, 0x23, 0x42, 0x00, 0x6a, 0x6f,
  0x67, 0x55, 0x49, 0x73, 0x4f, 0x56, 0x33, 0x2d, 0x55, 0x23, 0x42, 0x23,
  0x42, 0x00, 0x4b, 0x75, 0x4f, 0x6d, 0x67, 0x4b, 0x6f, 0x71, 0x43, 0x64,
  0x59, 0x23, 0x42, 0x23, 0x42, 0x00, 0x70, 0x78, 0x6e, 0x43, 0x6d, 0x61,
  0x67, 0x72, 0x74, 0x61, 0x6f, 0x23, 0x42, 0x23, 0x42, 0x00, 0x52, 0x42,
  0x63, 0x73, 0x33, 0x75, 0x75, 0x74, 0x31, 0x54, 0x41, 0x23, 0x43, 0x23,
  0x43, 0x00, 0x36, 0x73, 0x4a, 0x57, 0x69, 0x57, 0x53, 0x52, 0x75, 0x71,
  0x6b, 0x23, 0x43, 0x23, 0x43, 0x00, 0x51, 0x32, 0x56, 0x2b, 0x69, 0x71,
  0x76, 0x6a, 0x67, 0x43, 0x30, 0x23, 0x43, 0x23, 0x43, 0x00, 0x6a, 0x34,
  0x56, 0x69, 0x57, 0x4e, 0x48, 0x45, 0x67, 0x77, 0x77, 0x23, 0x43, 0x23,
  0x43, 0x00, 0x46, 0x4e, 0x34, 0x67, 0x61, 0x50, 0x6d, 0x75, 0x46, 0x56,
  0x38, 0x23, 0x42, 0x23, 0x42, 0x00, 0x76, 0x69, 0x69, 0x77, 0x46, 0x4d,
  0x61, 0x4e, 0x61, 0x6d, 0x41, 0x23, 0x43, 0x23, 0x43, 0x00, 0x6d, 0x58,
  0x6c, 0x78, 0x68, 0x6d, 0x4c, 0x4e, 0x4d, 0x50, 0x67, 0x23, 0x43, 0x23,
  0x43, 0x00, 0x7a, 0x30, 0x64, 0x74, 0x6e, 0x50, 0x78, 0x59, 0x67, 0x74,
  0x67, 0x23, 0x42, 0x23, 0x42, 0x00, 0x65, 0x4c, 0x64, 0x44, 0x77, 0x36,
  0x6c, 0x30, 0x2d, 0x62, 0x55, 0x23, 0x43, 0x23, 0x43, 0x00, 0x45, 0x36,
  0x61, 0x6f, 0x33, 0x34, 0x77, 0x50, 0x77, 0x2b, 0x55, 0x23, 0x42, 0x23,
  0x42, 0x00, 0x4d, 0x5a, 0x4f, 0x37, 0x46, 0x58, 0x79, 0x41, 0x50, 0x55,
  0x38, 0x23, 0x43, 0x23, 0x43, 0x00, 0x61, 0x79, 0x33, 0x75, 0x52, 0x4f,
  0x51, 0x41, 0x63, 0x35, 0x41, 0x23, 0x43, 0x23, 0x43, 0x00, 0x6c, 0x79,
  0x62, 0x79, 0x79, 0x4b, 0x74, 0x50, 0x35, 0x34, 0x63, 0x23, 0x43, 0x23,
  0x43, 0x00, 0x66, 0x69, 0x69, 0x4e, 0x44, 0x6e, 0x4e, 0x42, 0x4b, 0x56,
  0x59, 0x23, 0x43, 0x23, 0x43, 0x00, 0x41, 0x76, 0x33, 0x7a, 0x6a, 0x57,
  0x69, 0x36, 0x34, 0x4b, 0x77, 0x23, 0x43, 0x23, 0x43, 0x00, 0x58, 0x65,
  0x70, 0x64, 0x71, 0x65, 0x68, 0x56, 0x59, 0x65, 0x34, 0x23, 0x43, 0x23,
  0x43, 0x00, 0x58, 0x56, 0x4c, 0x38, 0x53, 0x6f, 0x33, 0x51, 0x4a, 0x55,
  0x6b, 0x23, 0x42, 0x23, 0x42, 0x00, 0x33, 0x65, 0x2b, 0x34, 0x49, 0x76,
  0x37, 0x49, 0x4a, 0x38, 0x55, 0x23, 0x42, 0x23, 0x42, 0x00, 0x4a, 0x47,
  0x4d, 0x69, 0x6f, 0x2b, 0x32, 0x31, 0x4c, 0x34, 0x63, 0x23, 0x42, 0x23,
  0x42, 0x00, 0x31, 0x50, 0x6b, 0x30, 0x71, 0x5a, 0x51, 0x47, 0x65, 0x57,
  0x6f, 0x23, 0x43, 0x23, 0x43, 0x00, 0x2b, 0x6d, 0x79, 0x39, 0x6a, 0x64,
  0x48, 0x43, 0x4d, 0x49, 0x51, 0x23, 0x43, 0x23, 0x43, 0x00, 0x77, 0x75,
  0x43, 0x72, 0x6f, 0x49, 0x47, 0x6a, 0x74, 0x32, 0x67, 0x23, 0x42, 0x23,
  0x42, 0x00, 0x52, 0x49, 0x61, 0x36, 0x47, 0x6e, 0x57, 0x70, 0x2b, 0x69,
  0x55, 0x23, 0x43, 0x23, 0x43, 0x00, 0x41, 0x71, 0x42, 0x69, 0x6f, 0x43,
  0x32, 0x76, 0x46, 0x33, 0x49, 0x23, 0x42, 0x23, 0x42, 0x00, 0x63, 0x37,
  0x5a, 0x6e, 0x54, 0x37, 0x56, 0x31, 0x42, 0x39, 0x38, 0x23, 0x42, 0x23,
  0x42, 0x00, 0x4e, 0x4e, 0x30, 0x31, 0x71, 0x4c, 0x52, 0x68, 0x69, 0x71,
  0x55, 0x23, 0x42, 0x23, 0x42, 0x00, 0x4f, 0x79, 0x36, 0x49, 0x70, 0x77,
  0x67, 0x74, 0x59, 0x4f, 0x6b, 0x23, 0x42, 0x23, 0x42, 0x00, 0x69, 0x68,
  0x34, 0x43, 0x44, 0x39, 0x2d, 0x67, 0x67, 0x68, 0x4d, 0x23, 0x42, 0x23,
  0x42, 0x00, 0x45, 0x7a, 0x38, 0x78, 0x6a, 0x6f, 0x39, 0x55, 0x46, 0x34,
  0x45, 0x23, 0x42, 0x23, 0x42, 0x00, 0x59, 0x51, 0x30, 0x6e, 0x61, 0x76,
  0x70, 0x2b, 0x59, 0x49, 0x63, 0x23, 0x43, 0x23, 0x43, 0x00, 0x75, 0x4d,
  0x65, 0x69, 0x31, 0x57, 0x39, 0x75, 0x79, 0x4e, 0x6f, 0x23, 0x43, 0x23,
  0x43, 0x00, 0x68, 0x63, 0x75, 0x51, 0x67, 0x44, 0x35, 0x33, 0x55, 0x78,
  0x4d, 0x23, 0x43, 0x23, 0x43, 0x00, 0x30, 0x77, 0x75, 0x33, 0x33, 0x68,
  0x75, 0x6e, 0x4e, 0x64, 0x45, 0x23, 0x42, 0x23, 0x42, 0x00, 0x6a, 0x2d,
  0x67, 0x57, 0x4c, 0x36, 0x77, 0x44, 0x72, 0x6f, 0x73, 0x23, 0x43, 0x23,
  0x43, 0x00, 0x56, 0x41, 0x44, 0x63, 0x33, 0x4d, 0x4e, 0x51, 0x33, 0x63,
  0x4d, 0x23, 0x42, 0x23, 0x42, 0x00, 0x61, 0x65, 0x73, 0x79, 0x6a, 0x72,
  0x48, 0x56, 0x57, 0x79, 0x34, 0x23, 0x43, 0x23, 0x43, 0x00, 0x35, 0x6a,
  0x52, 0x43, 0x73, 0x32, 0x61, 0x78, 0x74, 0x72, 0x34, 0x23, 0x42, 0x23,
  0x42, 0x00, 0x4e, 0x32, 0x4f, 0x6a, 0x77, 0x4a, 0x4a, 0x47, 0x6a, 0x65,
  0x51, 0x23, 0x43, 0x23, 0x43, 0x00, 0x66, 0x46, 0x78, 0x47, 0x6b, 0x78,
  0x46, 0x32, 0x62, 0x56, 0x6f, 0x23, 0x42, 0x23, 0x42, 0x00, 0x4f, 0x78,
  0x68, 0x49, 0x42, 0x38, 0x4c, 0x42, 0x2d, 0x50, 0x51, 0x23, 0x42, 0x23,
  0x42, 0x00, 0x6a, 0x62, 0x7a, 0x39, 0x49, 0x39, 0x76, 0x6b, 0x71, 0x6b,
  0x6b, 0x23, 0x43, 0x23, 0x43, 0x00, 0x51, 0x33, 0x56, 0x42, 0x78, 0x43,
  0x58, 0x68, 0x55, 0x48, 0x73, 0x23, 0x43, 0x23, 0x43, 0x00, 0x7a, 0x6c,
  0x37, 0x68, 0x75, 0x70, 0x53, 0x4f, 0x30, 0x43, 0x30, 0x23, 0x42, 0x23,
  0x42, 0x00, 0x6b, 0x69, 0x5a, 0x53, 0x58, 0x49, 0x57, 0x64, 0x39, 0x76,
  0x67, 0x23, 0x43, 0x23, 0x43, 0x00, 0x74, 0x49, 0x68, 0x73, 0x71, 0x6a,
  0x30, 0x71, 0x73, 0x46, 0x45, 0x23, 0x43, 0x23, 0x43, 0x00, 0x46, 0x4a,
  0x72, 0x54, 0x35, 0x4c, 0x75, 0x55, 0x42, 0x41, 0x55, 0x23, 0x42, 0x23,
  0x42, 0x00, 0x48, 0x6f, 0x4c, 0x56, 0x57, 0x4e, 0x61, 0x6e, 0x42, 0x42,
  0x63, 0x23, 0x42, 0x23, 0x42, 0x00, 0x6b, 0x48, 0x67, 0x34, 0x35, 0x71,
  0x50, 0x43, 0x36, 0x66, 0x30, 0x23, 0x43, 0x23, 0x43, 0x00, 0x32, 0x58,
  0x35, 0x61, 0x67, 0x46, 0x6a, 0x4b, 0x78, 0x4d, 0x63, 0x23, 0x43, 0x23,
  0x43, 0x00, 0x59, 0x37, 0x61, 0x4a, 0x31, 0x75, 0x79, 0x64, 0x50, 0x4d,
  0x6f, 0x23, 0x43, 0x23, 0x43, 0x00, 0x6f, 0x62, 0x35, 0x78, 0x41, 0x57,
  0x34, 0x6c, 0x6e, 0x2d, 0x30, 0x23, 0x43, 0x23, 0x43, 0x00, 0x4f, 0x76,
  0x62, 0x32, 0x64, 0x53, 0x4a, 0x4f, 0x41, 0x75, 0x45, 0x23, 0x43, 0x23,
  0x43, 0x00, 0x45, 0x4d, 0x75, 0x74, 0x77, 0x61, 0x51, 0x33, 0x34, 0x4a,
  0x6f, 0x23, 0x43, 0x23, 0x43, 0x00, 0x54, 0x38, 0x66, 0x45, 0x52, 0x2b,
  0x74, 0x49, 0x47, 0x67, 0x6b, 0x23, 0x42, 0x23, 0x42, 0x00, 0x78, 0x65,
  0x59, 0x4f, 0x34, 0x75, 0x37, 0x75, 0x79, 0x4a, 0x30, 0x23, 0x43, 0x23,
  0x43, 0x00, 0x75, 0x6f, 0x64, 0x4c, 0x59, 0x79, 0x55, 0x69, 0x70, 0x32,
  0x30, 0x23, 0x43, 0x23, 0x43, 0x00, 0x4d, 0x5a, 0x62, 0x30, 0x47, 0x4b,
  0x54, 0x33, 0x6d, 0x6f, 0x38, 0x23, 0x42, 0x23, 0x42, 0x00, 0x39, 0x42,
  0x63, 0x44, 0x79, 0x6b, 0x50, 0x6d, 0x6f, 0x31, 0x49, 0x23, 0x42, 0x23,
  0x42, 0x00, 0x41, 0x72, 0x68, 0x4a, 0x38, 0x65, 0x67, 0x56, 0x65, 0x41,
  0x4d, 0x23, 0x41, 0x23, 0x41, 0x00, 0x49, 0x67, 0x73, 0x78, 0x62, 0x55,
  0x74, 0x78, 0x77, 0x72, 0x6f, 0x23, 0x41, 0x23, 0x41, 0x00, 0x72, 0x44,
  0x52, 0x38, 0x42, 0x5a, 0x41, 0x51, 0x31, 0x51, 0x6b, 0x23, 0x41, 0x23,
  0x41, 0x00, 0x4b, 0x4a, 0x2d, 0x69, 0x52, 0x45, 0x31, 0x41, 0x50, 0x64,
  0x55, 0x23, 0x41, 0x23, 0x41, 0x00, 0x75, 0x63, 0x65, 0x5a, 0x33, 0x4f,
  0x42, 0x4d, 0x77, 0x73, 0x67, 0x23, 0x41, 0x23, 0x41, 0x00, 0x33, 0x56,
  0x35, 0x30, 0x53, 0x42, 0x77, 0x6d, 0x68, 0x46, 0x67, 0x23, 0x41, 0x23,
  0x41, 0x00, 0x31, 0x68, 0x31, 0x6a, 0x61, 0x46, 0x6c, 0x50, 0x74, 0x66,
  0x41, 0x23, 0x41, 0x23, 0x41, 0x00, 0x57, 0x2b, 0x42, 0x54, 0x33, 0x2d,
  0x52, 0x4c, 0x59, 0x6d, 0x59, 0x23, 0x41, 0x23, 0x41, 0x00, 0x4f, 0x4e,
  0x77, 0x66, 0x31, 0x63, 0x48, 0x71, 0x4f, 0x62, 0x63, 0x23, 0x41, 0x23,
  0x41, 0x00, 0x37, 0x38, 0x75, 0x52, 0x75, 0x62, 0x38, 0x47, 0x6a, 0x30,
  0x73, 0x23, 0x41, 0x23, 0x41, 0x00, 0x44, 0x74, 0x53, 0x71, 0x51, 0x77,
  0x42, 0x68, 0x66, 0x41, 0x51, 0x23, 0x41, 0x23, 0x41, 0x00, 0x7a, 0x4a,
  0x43, 0x44, 0x35, 0x71, 0x62, 0x6f, 0x4f, 0x63, 0x38, 0x23, 0x41, 0x23,
  0x41, 0x00, 0x50, 0x66, 0x70, 0x38, 0x69, 0x36, 0x35, 0x67, 0x73, 0x65,
  0x49, 0x23, 0x41, 0x23, 0x41, 0x00, 0x6e, 0x6e, 0x41, 0x6d, 0x6b, 0x64,
  0x38, 0x65, 0x38, 0x33, 0x6b, 0x23, 0x41, 0x23, 0x41, 0x00, 0x65, 0x73,
  0x31, 0x36, 0x4d, 0x73, 0x4d, 0x52, 0x46, 0x61, 0x38, 0x23, 0x41, 0x23,
  0x41, 0x00, 0x49, 0x59, 0x62, 0x39, 0x52, 0x56, 0x68, 0x2d, 0x4d, 0x61,
  0x77, 0x23, 0x41, 0x23, 0x41, 0x00, 0x79, 0x4b, 0x63, 0x6e, 0x2d, 0x4b,
  0x72, 0x35, 0x70, 0x42, 0x55, 0x23, 0x41, 0x23, 0x41, 0x00, 0x72, 0x6f,
  0x42, 0x76, 0x59, 0x31, 0x32, 0x54, 0x73, 0x74, 0x30, 0x23, 0x41, 0x23,
  0x41, 0x00, 0x6a, 0x56, 0x66, 0x49, 0x33, 0x65, 0x4f, 0x64, 0x2b, 0x6d,
  0x67, 0x23, 0x41, 0x23, 0x41, 0x00, 0x67, 0x41, 0x6a, 0x76, 0x43, 0x55,
  0x48, 0x65, 0x41, 0x62, 0x45, 0x23, 0x41, 0x23, 0x41, 0x00, 0x34, 0x6b,
  0x2b, 0x35, 0x6c, 0x61, 0x32, 0x30, 0x7a, 0x54, 0x38, 0x23, 0x41, 0x23,
  0x41, 0x00, 0x4e, 0x48, 0x78, 0x39, 0x70, 0x78, 0x48, 0x69, 0x53, 0x62,
  0x55, 0x23, 0x41, 0x23, 0x41, 0x00, 0x33, 0x34, 0x34, 0x76, 0x7a, 0x7a,
  0x65, 0x68, 0x42, 0x37, 0x4d, 0x23, 0x41, 0x23, 0x41, 0x00, 0x75, 0x54,
  0x79, 0x74, 0x74, 0x4d, 0x31, 0x33, 0x71, 0x56, 0x63, 0x23, 0x41, 0x23,
  0x41, 0x00, 0x51, 0x59, 0x74, 0x30, 0x45, 0x30, 0x32, 0x69, 0x6d, 0x38,
  0x45, 0x23, 0x41, 0x23, 0x41, 0x00, 0x71, 0x47, 0x65, 0x6a, 0x39, 0x72,
  0x6b, 0x74, 0x47, 0x6a, 0x4d, 0x23, 0x41, 0x23, 0x41, 0x00, 0x53, 0x58,
  0x74, 0x39, 0x67, 0x63, 0x7a, 0x4a, 0x43, 0x36, 0x77, 0x23, 0x41, 0x23,
  0x41, 0x00, 0x36, 0x4c, 0x2b, 0x64, 0x50, 0x46, 0x74, 0x62, 0x73, 0x39,
  0x49, 0x23, 0x41, 0x23, 0x41, 0x00, 0x6d, 0x6f, 0x64, 0x75, 0x6c, 0x65,
  0x5f, 0x73, 0x74, 0x6f, 0x70, 0x00, 0x6d, 0x6f, 0x64, 0x75, 0x6c, 0x65,
  0x5f, 0x73, 0x74, 0x61, 0x72, 0x74, 0x00, 0x00, 0x00, 0x00, 0x00, 0x00,
  0x00, 0x00, 0x00, 0x00, 0x00, 0x00, 0x00, 0x00, 0x00, 0x00, 0x00, 0x00,
  0x00, 0x00, 0x00, 0x00, 0x00, 0x00, 0x00, 0x00, 0x00, 0x00, 0x00, 0x00,
  0x03, 0x00, 0x00, 0x00, 0x00, 0x00, 0x00, 0x00, 0x00, 0x00, 0x00, 0x00,
  0x00, 0x00, 0x00, 0x00, 0x00, 0x00, 0x00, 0x00, 0xb6, 0x00, 0x00, 0x00,
  0x12, 0x00, 0x00, 0x00, 0x00, 0x00, 0x00, 0x00, 0x00, 0x00, 0x00, 0x00,
  0x00, 0x00, 0x00, 0x00, 0x00, 0x00, 0x00, 0x00, 0xc6, 0x00, 0x00, 0x00,
  0x12, 0x00, 0x00, 0x00, 0x00, 0x00, 0x00, 0x00, 0x00, 0x00, 0x00, 0x00,
  0x00, 0x00, 0x00, 0x00, 0x00, 0x00, 0x00, 0x00, 0xd6, 0x00, 0x00, 0x00,
  0x12, 0x00, 0x00, 0x00, 0x00, 0x00, 0x00, 0x00, 0x00, 0x00, 0x00, 0x00,
  0x00, 0x00, 0x00, 0x00, 0x00, 0x00, 0x00, 0x00, 0xe6, 0x00, 0x00, 0x00,
  0x12, 0x00, 0x00, 0x00, 0x00, 0x00, 0x00, 0x00, 0x00, 0x00, 0x00, 0x00,
  0x00, 0x00, 0x00, 0x00, 0x00, 0x00, 0x00, 0x00, 0xf6, 0x00, 0x00, 0x00,
  0x12, 0x00, 0x00, 0x00, 0x00, 0x00, 0x00, 0x00, 0x00, 0x00, 0x00, 0x00,
  0x00, 0x00, 0x00, 0x00, 0x00, 0x00, 0x00, 0x00, 0x06, 0x01, 0x00, 0x00,
  0x12, 0x00, 0x00, 0x00, 0x00, 0x00, 0x00, 0x00, 0x00, 0x00, 0x00, 0x00,
  0x00, 0x00, 0x00, 0x00, 0x00, 0x00, 0x00, 0x00, 0x16, 0x01, 0x00, 0x00,
  0x12, 0x00, 0x00, 0x00, 0x00, 0x00, 0x00, 0x00, 0x00, 0x00, 0x00, 0x00,
  0x00, 0x00, 0x00, 0x00, 0x00, 0x00, 0x00, 0x00, 0x26, 0x01, 0x00, 0x00,
  0x12, 0x00, 0x00, 0x00, 0x00, 0x00, 0x00, 0x00, 0x00, 0x00, 0x00, 0x00,
  0x00, 0x00, 0x00, 0x00, 0x00, 0x00, 0x00, 0x00, 0x36, 0x01, 0x00, 0x00,
  0x12, 0x00, 0x00, 0x00, 0x00, 0x00, 0x00, 0x00, 0x00, 0x00, 0x00, 0x00,
  0x00, 0x00, 0x00, 0x00, 0x00, 0x00, 0x00, 0x00, 0x46, 0x01, 0x00, 0x00,
  0x12, 0x00, 0x00, 0x00, 0x00, 0x00, 0x00, 0x00, 0x00, 0x00, 0x00, 0x00,
  0x00, 0x00, 0x00, 0x00, 0x00, 0x00, 0x00, 0x00, 0x56, 0x01, 0x00, 0x00,
  0x12, 0x00, 0x00, 0x00, 0x00, 0x00, 0x00, 0x00, 0x00, 0x00, 0x00, 0x00,
  0x00, 0x00, 0x00, 0x00, 0x00, 0x00, 0x00, 0x00, 0x66, 0x01, 0x00, 0x00,
  0x12, 0x00, 0x00, 0x00, 0x00, 0x00, 0x00, 0x00, 0x00, 0x00, 0x00, 0x00,
  0x00, 0x00, 0x00, 0x00, 0x00, 0x00, 0x00, 0x00, 0x76, 0x01, 0x00, 0x00,
  0x12, 0x00, 0x00, 0x00, 0x00, 0x00, 0x00, 0x00, 0x00, 0x00, 0x00, 0x00,
  0x00, 0x00, 0x00, 0x00, 0x00, 0x00, 0x00, 0x00, 0x86, 0x01, 0x00, 0x00,
  0x12, 0x00, 0x00, 0x00, 0x00, 0x00, 0x00, 0x00, 0x00, 0x00, 0x00, 0x00,
  0x00, 0x00, 0x00, 0x00, 0x00, 0x00, 0x00, 0x00, 0x96, 0x01, 0x00, 0x00,
  0x12, 0x00, 0x00, 0x00, 0x00, 0x00, 0x00, 0x00, 0x00, 0x00, 0x00, 0x00,
  0x00, 0x00, 0x00, 0x00, 0x00, 0x00, 0x00, 0x00, 0xa6, 0x01, 0x00, 0x00,
  0x12, 0x00, 0x00, 0x00, 0x00, 0x00, 0x00, 0x00, 0x00, 0x00, 0x00, 0x00,
  0x00, 0x00, 0x00, 0x00, 0x00, 0x00, 0x00, 0x00, 0xb6, 0x01, 0x00, 0x00,
  0x12, 0x00, 0x00, 0x00, 0x00, 0x00, 0x00, 0x00, 0x00, 0x00, 0x00, 0x00,
  0x00, 0x00, 0x00, 0x00, 0x00, 0x00, 0x00, 0x00, 0xc6, 0x01, 0x00, 0x00,
  0x12, 0x00, 0x00, 0x00, 0x00, 0x00, 0x00, 0x00, 0x00, 0x00, 0x00, 0x00,
  0x00, 0x00, 0x00, 0x00, 0x00, 0x00, 0x00, 0x00, 0xd6, 0x01, 0x00, 0x00,
  0x12, 0x00, 0x00, 0x00, 0x00, 0x00, 0x00, 0x00, 0x00, 0x00, 0x00, 0x00,
  0x00, 0x00, 0x00, 0x00, 0x00, 0x00, 0x00, 0x00, 0xe6, 0x01, 0x00, 0x00,
  0x12, 0x00, 0x00, 0x00, 0x00, 0x00, 0x00, 0x00, 0x00, 0x00, 0x00, 0x00,
  0x00, 0x00, 0x00, 0x00, 0x00, 0x00, 0x00, 0x00, 0xf6, 0x01, 0x00, 0x00,
  0x12, 0x00, 0x00, 0x00, 0x00, 0x00, 0x00, 0x00, 0x00, 0x00, 0x00, 0x00,
  0x00, 0x00, 0x00, 0x00, 0x00, 0x00, 0x00, 0x00, 0x06, 0x02, 0x00, 0x00,
  0x12, 0x00, 0x00, 0x00, 0x00, 0x00, 0x00, 0x00, 0x00, 0x00, 0x00, 0x00,
  0x00, 0x00, 0x00, 0x00, 0x00, 0x00, 0x00, 0x00, 0x16, 0x02, 0x00, 0x00,
  0x12, 0x00, 0x00, 0x00, 0x00, 0x00, 0x00, 0x00, 0x00, 0x00, 0x00, 0x00,
  0x00, 0x00, 0x00, 0x00, 0x00, 0x00, 0x00, 0x00, 0x26, 0x02, 0x00, 0x00,
  0x12, 0x00, 0x00, 0x00, 0x00, 0x00, 0x00, 0x00, 0x00, 0x00, 0x00, 0x00,
  0x00, 0x00, 0x00, 0x00, 0x00, 0x00, 0x00, 0x00, 0x36, 0x02, 0x00, 0x00,
  0x12, 0x00, 0x00, 0x00, 0x00, 0x00, 0x00, 0x00, 0x00, 0x00, 0x00, 0x00,
  0x00, 0x00, 0x00, 0x00, 0x00, 0x00, 0x00, 0x00, 0x46, 0x02, 0x00, 0x00,
  0x12, 0x00, 0x00, 0x00, 0x00, 0x00, 0x00, 0x00, 0x00, 0x00, 0x00, 0x00,
  0x00, 0x00, 0x00, 0x00, 0x00, 0x00, 0x00, 0x00, 0x56, 0x02, 0x00, 0x00,
  0x12, 0x00, 0x00, 0x00, 0x00, 0x00, 0x00, 0x00, 0x00, 0x00, 0x00, 0x00,
  0x00, 0x00, 0x00, 0x00, 0x00, 0x00, 0x00, 0x00, 0x66, 0x02, 0x00, 0x00,
  0x12, 0x00, 0x00, 0x00, 0x00, 0x00, 0x00, 0x00, 0x00, 0x00, 0x00, 0x00,
  0x00, 0x00, 0x00, 0x00, 0x00, 0x00, 0x00, 0x00, 0x76, 0x02, 0x00, 0x00,
  0x12, 0x00, 0x00, 0x00, 0x00, 0x00, 0x00, 0x00, 0x00, 0x00, 0x00, 0x00,
  0x00, 0x00, 0x00, 0x00, 0x00, 0x00, 0x00, 0x00, 0x86, 0x02, 0x00, 0x00,
  0x12, 0x00, 0x00, 0x00, 0x00, 0x00, 0x00, 0x00, 0x00, 0x00, 0x00, 0x00,
  0x00, 0x00, 0x00, 0x00, 0x00, 0x00, 0x00, 0x00, 0x96, 0x02, 0x00, 0x00,
  0x12, 0x00, 0x00, 0x00, 0x00, 0x00, 0x00, 0x00, 0x00, 0x00, 0x00, 0x00,
  0x00, 0x00, 0x00, 0x00, 0x00, 0x00, 0x00, 0x00, 0xa6, 0x02, 0x00, 0x00,
  0x12, 0x00, 0x00, 0x00, 0x00, 0x00, 0x00, 0x00, 0x00, 0x00, 0x00, 0x00,
  0x00, 0x00, 0x00, 0x00, 0x00, 0x00, 0x00, 0x00, 0xb6, 0x02, 0x00, 0x00,
  0x12, 0x00, 0x00, 0x00, 0x00, 0x00, 0x00, 0x00, 0x00, 0x00, 0x00, 0x00,
  0x00, 0x00, 0x00, 0x00, 0x00, 0x00, 0x00, 0x00, 0xc6, 0x02, 0x00, 0x00,
  0x12, 0x00, 0x00, 0x00, 0x00, 0x00, 0x00, 0x00, 0x00, 0x00, 0x00, 0x00,
  0x00, 0x00, 0x00, 0x00, 0x00, 0x00, 0x00, 0x00, 0xd6, 0x02, 0x00, 0x00,
  0x12, 0x00, 0x00, 0x00, 0x00, 0x00, 0x00, 0x00, 0x00, 0x00, 0x00, 0x00,
  0x00, 0x00, 0x00, 0x00, 0x00, 0x00, 0x00, 0x00, 0xe6, 0x02, 0x00, 0x00,
  0x12, 0x00, 0x00, 0x00, 0x00, 0x00, 0x00, 0x00, 0x00, 0x00, 0x00, 0x00,
  0x00, 0x00, 0x00, 0x00, 0x00, 0x00, 0x00, 0x00, 0xf6, 0x02, 0x00, 0x00,
  0x12, 0x00, 0x00, 0x00, 0x00, 0x00, 0x00, 0x00, 0x00, 0x00, 0x00, 0x00,
  0x00, 0x00, 0x00, 0x00, 0x00, 0x00, 0x00, 0x00, 0x06, 0x03, 0x00, 0x00,
  0x12, 0x00, 0x00, 0x00, 0x00, 0x00, 0x00, 0x00, 0x00, 0x00, 0x00, 0x00,
  0x00, 0x00, 0x00, 0x00, 0x00, 0x00, 0x00, 0x00, 0x16, 0x03, 0x00, 0x00,
  0x12, 0x00, 0x00, 0x00, 0x00, 0x00, 0x00, 0x00, 0x00, 0x00, 0x00, 0x00,
  0x00, 0x00, 0x00, 0x00, 0x00, 0x00, 0x00, 0x00, 0x26, 0x03, 0x00, 0x00,
  0x12, 0x00, 0x00, 0x00, 0x00, 0x00, 0x00, 0x00, 0x00, 0x00, 0x00, 0x00,
  0x00, 0x00, 0x00, 0x00, 0x00, 0x00, 0x00, 0x00, 0x36, 0x03, 0x00, 0x00,
  0x12, 0x00, 0x00, 0x00, 0x00, 0x00, 0x00, 0x00, 0x00, 0x00, 0x00, 0x00,
  0x00, 0x00, 0x00, 0x00, 0x00, 0x00, 0x00, 0x00, 0x46, 0x03, 0x00, 0x00,
  0x12, 0x00, 0x00, 0x00, 0x00, 0x00, 0x00, 0x00, 0x00, 0x00, 0x00, 0x00,
  0x00, 0x00, 0x00, 0x00, 0x00, 0x00, 0x00, 0x00, 0x56, 0x03, 0x00, 0x00,
  0x12, 0x00, 0x00, 0x00, 0x00, 0x00, 0x00, 0x00, 0x00, 0x00, 0x00, 0x00,
  0x00, 0x00, 0x00, 0x00, 0x00, 0x00, 0x00, 0x00, 0x66, 0x03, 0x00, 0x00,
  0x12, 0x00, 0x00, 0x00, 0x00, 0x00, 0x00, 0x00, 0x00, 0x00, 0x00, 0x00,
  0x00, 0x00, 0x00, 0x00, 0x00, 0x00, 0x00, 0x00, 0x76, 0x03, 0x00, 0x00,
  0x12, 0x00, 0x00, 0x00, 0x00, 0x00, 0x00, 0x00, 0x00, 0x00, 0x00, 0x00,
  0x00, 0x00, 0x00, 0x00, 0x00, 0x00, 0x00, 0x00, 0x86, 0x03, 0x00, 0x00,
  0x12, 0x00, 0x00, 0x00, 0x00, 0x00, 0x00, 0x00, 0x00, 0x00, 0x00, 0x00,
  0x00, 0x00, 0x00, 0x00, 0x00, 0x00, 0x00, 0x00, 0x96, 0x03, 0x00, 0x00,
  0x12, 0x00, 0x00, 0x00, 0x00, 0x00, 0x00, 0x00, 0x00, 0x00, 0x00, 0x00,
  0x00, 0x00, 0x00, 0x00, 0x00, 0x00, 0x00, 0x00, 0xa6, 0x03, 0x00, 0x00,
  0x12, 0x00, 0x00, 0x00, 0x00, 0x00, 0x00, 0x00, 0x00, 0x00, 0x00, 0x00,
  0x00, 0x00, 0x00, 0x00, 0x00, 0x00, 0x00, 0x00, 0xb6, 0x03, 0x00, 0x00,
  0x12, 0x00, 0x00, 0x00, 0x00, 0x00, 0x00, 0x00, 0x00, 0x00, 0x00, 0x00,
  0x00, 0x00, 0x00, 0x00, 0x00, 0x00, 0x00, 0x00, 0xc6, 0x03, 0x00, 0x00,
  0x12, 0x00, 0x00, 0x00, 0x00, 0x00, 0x00, 0x00, 0x00, 0x00, 0x00, 0x00,
  0x00, 0x00, 0x00, 0x00, 0x00, 0x00, 0x00, 0x00, 0xd6, 0x03, 0x00, 0x00,
  0x12, 0x00, 0x00, 0x00, 0x00, 0x00, 0x00, 0x00, 0x00, 0x00, 0x00, 0x00,
  0x00, 0x00, 0x00, 0x00, 0x00, 0x00, 0x00, 0x00, 0xe6, 0x03, 0x00, 0x00,
  0x12, 0x00, 0x00, 0x00, 0x00, 0x00, 0x00, 0x00, 0x00, 0x00, 0x00, 0x00,
  0x00, 0x00, 0x00, 0x00, 0x00, 0x00, 0x00, 0x00, 0xf6, 0x03, 0x00, 0x00,
  0x12, 0x00, 0x00, 0x00, 0x00, 0x00, 0x00, 0x00, 0x00, 0x00, 0x00, 0x00,
  0x00, 0x00, 0x00, 0x00, 0x00, 0x00, 0x00, 0x00, 0x06, 0x04, 0x00, 0x00,
  0x12, 0x00, 0x00, 0x00, 0x00, 0x00, 0x00, 0x00, 0x00, 0x00, 0x00, 0x00,
  0x00, 0x00, 0x00, 0x00, 0x00, 0x00, 0x00, 0x00, 0x16, 0x04, 0x00, 0x00,
  0x12, 0x00, 0x00, 0x00, 0x00, 0x00, 0x00, 0x00, 0x00, 0x00, 0x00, 0x00,
  0x00, 0x00, 0x00, 0x00, 0x00, 0x00, 0x00, 0x00, 0x26, 0x04, 0x00, 0x00,
  0x12, 0x00, 0x00, 0x00, 0x00, 0x00, 0x00, 0x00, 0x00, 0x00, 0x00, 0x00,
  0x00, 0x00, 0x00, 0x00, 0x00, 0x00, 0x00, 0x00, 0x36, 0x04, 0x00, 0x00,
  0x12, 0x00, 0x00, 0x00, 0x00, 0x00, 0x00, 0x00, 0x00, 0x00, 0x00, 0x00,
  0x00, 0x00, 0x00, 0x00, 0x00, 0x00, 0x00, 0x00, 0x46, 0x04, 0x00, 0x00,
  0x12, 0x00, 0x00, 0x00, 0x00, 0x00, 0x00, 0x00, 0x00, 0x00, 0x00, 0x00,
  0x00, 0x00, 0x00, 0x00, 0x00, 0x00, 0x00, 0x00, 0x56, 0x04, 0x00, 0x00,
  0x12, 0x00, 0x00, 0x00, 0x00, 0x00, 0x00, 0x00, 0x00, 0x00, 0x00, 0x00,
  0x00, 0x00, 0x00, 0x00, 0x00, 0x00, 0x00, 0x00, 0x66, 0x04, 0x00, 0x00,
  0x12, 0x00, 0x00, 0x00, 0x00, 0x00, 0x00, 0x00, 0x00, 0x00, 0x00, 0x00,
  0x00, 0x00, 0x00, 0x00, 0x00, 0x00, 0x00, 0x00, 0x76, 0x04, 0x00, 0x00,
  0x12, 0x00, 0x00, 0x00, 0x00, 0x00, 0x00, 0x00, 0x00, 0x00, 0x00, 0x00,
  0x00, 0x00, 0x00, 0x00, 0x00, 0x00, 0x00, 0x00, 0x86, 0x04, 0x00, 0x00,
  0x12, 0x00, 0x00, 0x00, 0x00, 0x00, 0x00, 0x00, 0x00, 0x00, 0x00, 0x00,
  0x00, 0x00, 0x00, 0x00, 0x00, 0x00, 0x00, 0x00, 0x96, 0x04, 0x00, 0x00,
  0x12, 0x00, 0x00, 0x00, 0x00, 0x00, 0x00, 0x00, 0x00, 0x00, 0x00, 0x00,
  0x00, 0x00, 0x00, 0x00, 0x00, 0x00, 0x00, 0x00, 0xa6, 0x04, 0x00, 0x00,
  0x12, 0x00, 0x00, 0x00, 0x00, 0x00, 0x00, 0x00, 0x00, 0x00, 0x00, 0x00,
  0x00, 0x00, 0x00, 0x00, 0x00, 0x00, 0x00, 0x00, 0xb6, 0x04, 0x00, 0x00,
  0x12, 0x00, 0x00, 0x00, 0x00, 0x00, 0x00, 0x00, 0x00, 0x00, 0x00, 0x00,
  0x00, 0x00, 0x00, 0x00, 0x00, 0x00, 0x00, 0x00, 0xc6, 0x04, 0x00, 0x00,
  0x12, 0x00, 0x00, 0x00, 0x00, 0x00, 0x00, 0x00, 0x00, 0x00, 0x00, 0x00,
  0x00, 0x00, 0x00, 0x00, 0x00, 0x00, 0x00, 0x00, 0xd6, 0x04, 0x00, 0x00,
  0x12, 0x00, 0x01, 0x00, 0x9c, 0x49, 0x00, 0x00, 0x00, 0x00, 0x00, 0x00,
  0x05, 0x00, 0x00, 0x00, 0x00, 0x00, 0x00, 0x00, 0xe6, 0x04, 0x00, 0x00,
  0x12, 0x00, 0x01, 0x00, 0xd0, 0x36, 0x00, 0x00, 0x00, 0x00, 0x00, 0x00,
  0x41, 0x01, 0x00, 0x00, 0x00, 0x00, 0x00, 0x00, 0xf6, 0x04, 0x00, 0x00,
  0x12, 0x00, 0x01, 0x00, 0x60, 0x38, 0x00, 0x00, 0x00, 0x00, 0x00, 0x00,
  0xe4, 0x00, 0x00, 0x00, 0x00, 0x00, 0x00, 0x00, 0x06, 0x05, 0x00, 0x00,
  0x12, 0x00, 0x01, 0x00, 0x60, 0x3a, 0x00, 0x00, 0x00, 0x00, 0x00, 0x00,
  0x13, 0x05, 0x00, 0x00, 0x00, 0x00, 0x00, 0x00, 0x16, 0x05, 0x00, 0x00,
  0x12, 0x00, 0x01, 0x00, 0xb0, 0x34, 0x00, 0x00, 0x00, 0x00, 0x00, 0x00,
  0x59, 0x00, 0x00, 0x00, 0x00, 0x00, 0x00, 0x00, 0x26, 0x05, 0x00, 0x00,
  0x11, 0x00, 0x11, 0x00, 0x30, 0x02, 0x01, 0x00, 0x00, 0x00, 0x00, 0x00,
  0x08, 0x00, 0x00, 0x00, 0x00, 0x00, 0x00, 0x00, 0x36, 0x05, 0x00, 0x00,
  0x11, 0x00, 0x11, 0x00, 0x38, 0x02, 0x01, 0x00, 0x00, 0x00, 0x00, 0x00,
  0x08, 0x00, 0x00, 0x00, 0x00, 0x00, 0x00, 0x00, 0x46, 0x05, 0x00, 0x00,
  0x11, 0x00, 0x11, 0x00, 0x40, 0x02, 0x01, 0x00, 0x00, 0x00, 0x00, 0x00,
  0x08, 0x00, 0x00, 0x00, 0x00, 0x00, 0x00, 0x00, 0x56, 0x05, 0x00, 0x00,
  0x11, 0x00, 0x11, 0x00, 0x48, 0x02, 0x01, 0x00, 0x00, 0x00, 0x00, 0x00,
  0x08, 0x00, 0x00, 0x00, 0x00, 0x00, 0x00, 0x00, 0x66, 0x05, 0x00, 0x00,
  0x12, 0x00, 0x01, 0x00, 0x30, 0x35, 0x00, 0x00, 0x00, 0x00, 0x00, 0x00,
  0x20, 0x00, 0x00, 0x00, 0x00, 0x00, 0x00, 0x00, 0x76, 0x05, 0x00, 0x00,
  0x12, 0x00, 0x01, 0x00, 0xb0, 0x36, 0x00, 0x00, 0x00, 0x00, 0x00, 0x00,
  0x20, 0x00, 0x00, 0x00, 0x00, 0x00, 0x00, 0x00, 0x86, 0x05, 0x00, 0x00,
  0x12, 0x00, 0x01, 0x00, 0x30, 0x44, 0x00, 0x00, 0x00, 0x00, 0x00, 0x00,
  0x14, 0x00, 0x00, 0x00, 0x00, 0x00, 0x00, 0x00, 0x96, 0x05, 0x00, 0x00,
  0x12, 0x00, 0x01, 0x00, 0x10, 0x48, 0x00, 0x00, 0x00, 0x00, 0x00, 0x00,
  0x4c, 0x00, 0x00, 0x00, 0x00, 0x00, 0x00, 0x00, 0xa6, 0x05, 0x00, 0x00,
  0x12, 0x00, 0x01, 0x00, 0x50, 0x44, 0x00, 0x00, 0x00, 0x00, 0x00, 0x00,
  0xd3, 0x01, 0x00, 0x00, 0x00, 0x00, 0x00, 0x00, 0xb6, 0x05, 0x00, 0x00,
  0x12, 0x00, 0x01, 0x00, 0x50, 0x39, 0x00, 0x00, 0x00, 0x00, 0x00, 0x00,
  0xac, 0x00, 0x00, 0x00, 0x00, 0x00, 0x00, 0x00, 0xc6, 0x05, 0x00, 0x00,
  0x12, 0x00, 0x01, 0x00, 0x60, 0x42, 0x00, 0x00, 0x00, 0x00, 0x00, 0x00,
  0x59, 0x01, 0x00, 0x00, 0x00, 0x00, 0x00, 0x00, 0xd6, 0x05, 0x00, 0x00,
  0x12, 0x00, 0x01, 0x00, 0x60, 0x48, 0x00, 0x00, 0x00, 0x00, 0x00, 0x00,
  0x2e, 0x00, 0x00, 0x00, 0x00, 0x00, 0x00, 0x00, 0xe6, 0x05, 0x00, 0x00,
  0x12, 0x00, 0x01, 0x00, 0x90, 0x48, 0x00, 0x00, 0x00, 0x00, 0x00, 0x00,
  0x48, 0x00, 0x00, 0x00, 0x00, 0x00, 0x00, 0x00, 0xf6, 0x05, 0x00, 0x00,
  0x12, 0x00, 0x01, 0x00, 0xe0, 0x48, 0x00, 0x00, 0x00, 0x00, 0x00, 0x00,
  0x2e, 0x00, 0x00, 0x00, 0x00, 0x00, 0x00, 0x00, 0x06, 0x06, 0x00, 0x00,
  0x12, 0x00, 0x01, 0x00, 0x10, 0x4a, 0x00, 0x00, 0x00, 0x00, 0x00, 0x00,
  0x08, 0x00, 0x00, 0x00, 0x00, 0x00, 0x00, 0x00, 0x16, 0x06, 0x00, 0x00,
  0x12, 0x00, 0x01, 0x00, 0x20, 0x4a, 0x00, 0x00, 0x00, 0x00, 0x00, 0x00,
  0x08, 0x00, 0x00, 0x00, 0x00, 0x00, 0x00, 0x00, 0x26, 0x06, 0x00, 0x00,
  0x11, 0x00, 0x12, 0x00, 0xa8, 0x03, 0x01, 0x00, 0x00, 0x00, 0x00, 0x00,
  0x08, 0x00, 0x00, 0x00, 0x00, 0x00, 0x00, 0x00, 0x36, 0x06, 0x00, 0x00,
  0x11, 0x00, 0x12, 0x00, 0xb0, 0x03, 0x01, 0x00, 0x00, 0x00, 0x00, 0x00,
  0x08, 0x00, 0x00, 0x00, 0x00, 0x00, 0x00, 0x00, 0x46, 0x06, 0x00, 0x00,
  0x10, 0x00, 0x0a, 0x00, 0x98, 0x6d, 0x00, 0x00, 0x00, 0x00, 0x00, 0x00,
  0x00, 0x00, 0x00, 0x00, 0x00, 0x00, 0x00, 0x00, 0x56, 0x06, 0x00, 0x00,
  0x10, 0x00, 0x0a, 0x00, 0x8c, 0x77, 0x00, 0x00, 0x00, 0x00, 0x00, 0x00,
  0x00, 0x00, 0x00, 0x00, 0x00, 0x00, 0x00, 0x00, 0x66, 0x06, 0x00, 0x00,
  0x10, 0x00, 0x0b, 0x00, 0x8c, 0x77, 0x00, 0x00, 0x00, 0x00, 0x00, 0x00,
  0x00, 0x00, 0x00, 0x00, 0x00, 0x00, 0x00, 0x00, 0x76, 0x06, 0x00, 0x00,
  0x10, 0x00, 0x0b, 0x00, 0x10, 0x7a, 0x00, 0x00, 0x00, 0x00, 0x00, 0x00,
  0x00, 0x00, 0x00, 0x00, 0x00, 0x00, 0x00, 0x00, 0x86, 0x06, 0x00, 0x00,
  0x10, 0x00, 0x0c, 0x00, 0x00, 0x80, 0x00, 0x00, 0x00, 0x00, 0x00, 0x00,
  0x00, 0x00, 0x00, 0x00, 0x00, 0x00, 0x00, 0x00, 0x96, 0x06, 0x00, 0x00,
  0x20, 0x00, 0x00, 0x00, 0x00, 0x00, 0x00, 0x00, 0x00, 0x00, 0x00, 0x00,
  0x00, 0x00, 0x00, 0x00, 0x00, 0x00, 0x00, 0x00, 0xa2, 0x06, 0x00, 0x00,
  0x20, 0x00, 0x00, 0x00, 0x00, 0x00, 0x00, 0x00, 0x00, 0x00, 0x00, 0x00,
  0x00, 0x00, 0x00, 0x00, 0x00, 0x00, 0x00, 0x00, 0x18, 0xc0, 0x00, 0x00,
  0x00, 0x00, 0x00, 0x00, 0x07, 0x00, 0x00, 0x00, 0x02, 0x00, 0x00, 0x00,
  0x00, 0x00, 0x00, 0x00, 0x00, 0x00, 0x00, 0x00, 0x20, 0xc0, 0x00, 0x00,
  0x00, 0x00, 0x00, 0x00, 0x07, 0x00, 0x00, 0x00, 0x03, 0x00, 0x00, 0x00,
  0x00, 0x00, 0x00, 0x00, 0x00, 0x00, 0x00, 0x00, 0x28, 0xc0, 0x00, 0x00,
  0x00, 0x00, 0x00, 0x00, 0x07, 0x00, 0x00, 0x00, 0x04, 0x00, 0x00, 0x00,
  0x00, 0x00, 0x00, 0x00, 0x00, 0x00, 0x00, 0x00, 0x30, 0xc0, 0x00, 0x00,
  0x00, 0x00, 0x00, 0x00, 0x07, 0x00, 0x00, 0x00, 0x05, 0x00, 0x00, 0x00,
  0x00, 0x00, 0x00, 0x00, 0x00, 0x00, 0x00, 0x00, 0x38, 0xc0, 0x00, 0x00,
  0x00, 0x00, 0x00, 0x00, 0x07, 0x00, 0x00, 0x00, 0x06, 0x00, 0x00, 0x00,
  0x00, 0x00, 0x00, 0x00, 0x00, 0x00, 0x00, 0x00, 0x40, 0xc0, 0x00, 0x00,
  0x00, 0x00, 0x00, 0x00, 0x07, 0x00, 0x00, 0x00, 0x07, 0x00, 0x00, 0x00,
  0x00, 0x00, 0x00, 0x00, 0x00, 0x00, 0x00, 0x00, 0x48, 0xc0, 0x00, 0x00,
  0x00, 0x00, 0x00, 0x00, 0x07, 0x00, 0x00, 0x00, 0x08, 0x00, 0x00, 0x00,
  0x00, 0x00, 0x00, 0x00, 0x00, 0x00, 0x00, 0x00, 0x50, 0xc0, 0x00, 0x00,
  0x00, 0x00, 0x00, 0x00, 0x07, 0x00, 0x00, 0x00, 0x09, 0x00, 0x00, 0x00,
  0x00, 0x00, 0x00, 0x00, 0x00, 0x00, 0x00, 0x00, 0x58, 0xc0, 0x00, 0x00,
  0x00, 0x00, 0x00, 0x00, 0x07, 0x00, 0x00, 0x00, 0x0a, 0x00, 0x00, 0x00,
  0x00, 0x00, 0x00, 0x00, 0x00, 0x00, 0x00, 0x00, 0x60, 0xc0, 0x00, 0x00,
  0x00, 0x00, 0x00, 0x00, 0x07, 0x00, 0x00, 0x00, 0x0b, 0x00, 0x00, 0x00,
  0x00, 0x00, 0x00, 0x00, 0x00, 0x00, 0x00, 0x00, 0x68, 0xc0, 0x00, 0x00,
  0x00, 0x00, 0x00, 0x00, 0x07, 0x00, 0x00, 0x00, 0x0c, 0x00, 0x00, 0x00,
  0x00, 0x00, 0x00, 0x00, 0x00, 0x00, 0x00, 0x00, 0x70, 0xc0, 0x00, 0x00,
  0x00, 0x00, 0x00, 0x00, 0x07, 0x00, 0x00, 0x00, 0x0d, 0x00, 0x00, 0x00,
  0x00, 0x00, 0x00, 0x00, 0x00, 0x00, 0x00, 0x00, 0x78, 0xc0, 0x00, 0x00,
  0x00, 0x00, 0x00, 0x00, 0x07, 0x00, 0x00, 0x00, 0x0e, 0x00, 0x00, 0x00,
  0x00, 0x00, 0x00, 0x00, 0x00, 0x00, 0x00, 0x00, 0x80, 0xc0, 0x00, 0x00,
  0x00, 0x00, 0x00, 0x00, 0x07, 0x00, 0x00, 0x00, 0x0f, 0x00, 0x00, 0x00,
  0x00, 0x00, 0x00, 0x00, 0x00, 0x00, 0x00, 0x00, 0x88, 0xc0, 0x00, 0x00,
  0x00, 0x00, 0x00, 0x00, 0x07, 0x00, 0x00, 0x00, 0x10, 0x00, 0x00, 0x00,
  0x00, 0x00, 0x00, 0x00, 0x00, 0x00, 0x00, 0x00, 0x90, 0xc0, 0x00, 0x00,
  0x00, 0x00, 0x00, 0x00, 0x07, 0x00, 0x00, 0x00, 0x11, 0x00, 0x00, 0x00,
  0x00, 0x00, 0x00, 0x00, 0x00, 0x00, 0x00, 0x00, 0x98, 0xc0, 0x00, 0x00,
  0x00, 0x00, 0x00, 0x00, 0x07, 0x00, 0x00, 0x00, 0x12, 0x00, 0x00, 0x00,
  0x00, 0x00, 0x00, 0x00, 0x00, 0x00, 0x00, 0x00, 0xa0, 0xc0, 0x00, 0x00,
  0x00, 0x00, 0x00, 0x00, 0x07, 0x00, 0x00, 0x00, 0x13, 0x00, 0x00, 0x00,
  0x00, 0x00, 0x00, 0x00, 0x00, 0x00, 0x00, 0x00, 0xa8, 0xc0, 0x00, 0x00,
  0x00, 0x00, 0x00, 0x00, 0x07, 0x00, 0x00, 0x00, 0x14, 0x00, 0x00, 0x00,
  0x00, 0x00, 0x00, 0x00, 0x00, 0x00, 0x00, 0x00, 0xb0, 0xc0, 0x00, 0x00,
  0x00, 0x00, 0x00, 0x00, 0x07, 0x00, 0x00, 0x00, 0x15, 0x00, 0x00, 0x00,
  0x00, 0x00, 0x00, 0x00, 0x00, 0x00, 0x00, 0x00, 0xb8, 0xc0, 0x00, 0x00,
  0x00, 0x00, 0x00, 0x00, 0x07, 0x00, 0x00, 0x00, 0x16, 0x00, 0x00, 0x00,
  0x00, 0x00, 0x00, 0x00, 0x00, 0x00, 0x00, 0x00, 0xc0, 0xc0, 0x00, 0x00,
  0x00, 0x00, 0x00, 0x00, 0x07, 0x00, 0x00, 0x00, 0x17, 0x00, 0x00, 0x00,
  0x00, 0x00, 0x00, 0x00, 0x00, 0x00, 0x00, 0x00, 0xc8, 0xc0, 0x00, 0x00,
  0x00, 0x00, 0x00, 0x00, 0x07, 0x00, 0x00, 0x00, 0x18, 0x00, 0x00, 0x00,
  0x00, 0x00, 0x00, 0x00, 0x00, 0x00, 0x00, 0x00, 0xd0, 0xc0, 0x00, 0x00,
  0x00, 0x00, 0x00, 0x00, 0x07, 0x00, 0x00, 0x00, 0x19, 0x00, 0x00, 0x00,
  0x00, 0x00, 0x00, 0x00, 0x00, 0x00, 0x00, 0x00, 0xd8, 0xc0, 0x00, 0x00,
  0x00, 0x00, 0x00, 0x00, 0x07, 0x00, 0x00, 0x00, 0x1a, 0x00, 0x00, 0x00,
  0x00, 0x00, 0x00, 0x00, 0x00, 0x00, 0x00, 0x00, 0xe0, 0xc0, 0x00, 0x00,
  0x00, 0x00, 0x00, 0x00, 0x07, 0x00, 0x00, 0x00, 0x1b, 0x00, 0x00, 0x00,
  0x00, 0x00, 0x00, 0x00, 0x00, 0x00, 0x00, 0x00, 0xe8, 0xc0, 0x00, 0x00,
  0x00, 0x00, 0x00, 0x00, 0x07, 0x00, 0x00, 0x00, 0x1c, 0x00, 0x00, 0x00,
  0x00, 0x00, 0x00, 0x00, 0x00, 0x00, 0x00, 0x00, 0xf0, 0xc0, 0x00, 0x00,
  0x00, 0x00, 0x00, 0x00, 0x07, 0x00, 0x00, 0x00, 0x1d, 0x00, 0x00, 0x00,
  0x00, 0x00, 0x00, 0x00, 0x00, 0x00, 0x00, 0x00, 0xf8, 0xc0, 0x00, 0x00,
  0x00, 0x00, 0x00, 0x00, 0x07, 0x00, 0x00, 0x00, 0x1e, 0x00, 0x00, 0x00,
  0x00, 0x00, 0x00, 0x00, 0x00, 0x00, 0x00, 0x00, 0x00, 0xc1, 0x00, 0x00,
  0x00, 0x00, 0x00, 0x00, 0x07, 0x00, 0x00, 0x00, 0x1f, 0x00, 0x00, 0x00,
  0x00, 0x00, 0x00, 0x00, 0x00, 0x00, 0x00, 0x00, 0x08, 0xc1, 0x00, 0x00,
  0x00, 0x00, 0x00, 0x00, 0x07, 0x00, 0x00, 0x00, 0x20, 0x00, 0x00, 0x00,
  0x00, 0x00, 0x00, 0x00, 0x00, 0x00, 0x00, 0x00, 0x10, 0xc1, 0x00, 0x00,
  0x00, 0x00, 0x00, 0x00, 0x07, 0x00, 0x00, 0x00, 0x21, 0x00, 0x00, 0x00,
  0x00, 0x00, 0x00, 0x00, 0x00, 0x00, 0x00, 0x00, 0x18, 0xc1, 0x00, 0x00,
  0x00, 0x00, 0x00, 0x00, 0x07, 0x00, 0x00, 0x00, 0x22, 0x00, 0x00, 0x00,
  0x00, 0x00, 0x00, 0x00, 0x00, 0x00, 0x00, 0x00, 0x20, 0xc1, 0x00, 0x00,
  0x00, 0x00, 0x00, 0x00, 0x07, 0x00, 0x00, 0x00, 0x23, 0x00, 0x00, 0x00,
  0x00, 0x00, 0x00, 0x00, 0x00, 0x00, 0x00, 0x00, 0x28, 0xc1, 0x00, 0x00,
  0x00, 0x00, 0x00, 0x00, 0x07, 0x00, 0x00, 0x00, 0x24, 0x00, 0x00, 0x00,
  0x00, 0x00, 0x00, 0x00, 0x00, 0x00, 0x00, 0x00, 0x30, 0xc1, 0x00, 0x00,
  0x00, 0x00, 0x00, 0x00, 0x07, 0x00, 0x00, 0x00, 0x25, 0x00, 0x00, 0x00,
  0x00, 0x00, 0x00, 0x00, 0x00, 0x00, 0x00, 0x00, 0x38, 0xc1, 0x00, 0x00,
  0x00, 0x00, 0x00, 0x00, 0x07, 0x00, 0x00, 0x00, 0x26, 0x00, 0x00, 0x00,
  0x00, 0x00, 0x00, 0x00, 0x00, 0x00, 0x00, 0x00, 0x40, 0xc1, 0x00, 0x00,
  0x00, 0x00, 0x00, 0x00, 0x07, 0x00, 0x00, 0x00, 0x27, 0x00, 0x00, 0x00,
  0x00, 0x00, 0x00, 0x00, 0x00, 0x00, 0x00, 0x00, 0x48, 0xc1, 0x00, 0x00,
  0x00, 0x00, 0x00, 0x00, 0x07, 0x00, 0x00, 0x00, 0x28, 0x00, 0x00, 0x00,
  0x00, 0x00, 0x00, 0x00, 0x00, 0x00, 0x00, 0x00, 0x50, 0xc1, 0x00, 0x00,
  0x00, 0x00, 0x00, 0x00, 0x07, 0x00, 0x00, 0x00, 0x29, 0x00, 0x00, 0x00,
  0x00, 0x00, 0x00, 0x00, 0x00, 0x00, 0x00, 0x00, 0x58, 0xc1, 0x00, 0x00,
  0x00, 0x00, 0x00, 0x00, 0x07, 0x00, 0x00, 0x00, 0x2a, 0x00, 0x00, 0x00,
  0x00, 0x00, 0x00, 0x00, 0x00, 0x00, 0x00, 0x00, 0x60, 0xc1, 0x00, 0x00,
  0x00, 0x00, 0x00, 0x00, 0x07, 0x00, 0x00, 0x00, 0x2b, 0x00, 0x00, 0x00,
  0x00, 0x00, 0x00, 0x00, 0x00, 0x00, 0x00, 0x00, 0x68, 0xc1, 0x00, 0x00,
  0x00, 0x00, 0x00, 0x00, 0x07, 0x00, 0x00, 0x00, 0x2c, 0x00, 0x00, 0x00,
  0x00, 0x00, 0x00, 0x00, 0x00, 0x00, 0x00, 0x00, 0x70, 0xc1, 0x00, 0x00,
  0x00, 0x00, 0x00, 0x00, 0x07, 0x00, 0x00, 0x00, 0x2d, 0x00, 0x00, 0x00,
  0x00, 0x00, 0x00, 0x00, 0x00, 0x00, 0x00, 0x00, 0x78, 0xc1, 0x00, 0x00,
  0x00, 0x00, 0x00, 0x00, 0x07, 0x00, 0x00, 0x00, 0x2e, 0x00, 0x00, 0x00,
  0x00, 0x00, 0x00, 0x00, 0x00, 0x00, 0x00, 0x00, 0x80, 0xc1, 0x00, 0x00,
  0x00, 0x00, 0x00, 0x00, 0x07, 0x00, 0x00, 0x00, 0x2f, 0x00, 0x00, 0x00,
  0x00, 0x00, 0x00, 0x00, 0x00, 0x00, 0x00, 0x00, 0x88, 0xc1, 0x00, 0x00,
  0x00, 0x00, 0x00, 0x00, 0x07, 0x00, 0x00, 0x00, 0x30, 0x00, 0x00, 0x00,
  0x00, 0x00, 0x00, 0x00, 0x00, 0x00, 0x00, 0x00, 0x90, 0xc1, 0x00, 0x00,
  0x00, 0x00, 0x00, 0x00, 0x07, 0x00, 0x00, 0x00, 0x31, 0x00, 0x00, 0x00,
  0x00, 0x00, 0x00, 0x00, 0x00, 0x00, 0x00, 0x00, 0x98, 0xc1, 0x00, 0x00,
  0x00, 0x00, 0x00, 0x00, 0x07, 0x00, 0x00, 0x00, 0x32, 0x00, 0x00, 0x00,
  0x00, 0x00, 0x00, 0x00, 0x00, 0x00, 0x00, 0x00, 0xa0, 0xc1, 0x00, 0x00,
  0x00, 0x00, 0x00, 0x00, 0x07, 0x00, 0x00, 0x00, 0x33, 0x00, 0x00, 0x00,
  0x00, 0x00, 0x00, 0x00, 0x00, 0x00, 0x00, 0x00, 0xa8, 0xc1, 0x00, 0x00,
  0x00, 0x00, 0x00, 0x00, 0x07, 0x00, 0x00, 0x00, 0x34, 0x00, 0x00, 0x00,
  0x00, 0x00, 0x00, 0x00, 0x00, 0x00, 0x00, 0x00, 0xb0, 0xc1, 0x00, 0x00,
  0x00, 0x00, 0x00, 0x00, 0x07, 0x00, 0x00, 0x00, 0x35, 0x00, 0x00, 0x00,
  0x00, 0x00, 0x00, 0x00, 0x00, 0x00, 0x00, 0x00, 0xb8, 0xc1, 0x00, 0x00,
  0x00, 0x00, 0x00, 0x00, 0x07, 0x00, 0x00, 0x00, 0x36, 0x00, 0x00, 0x00,
  0x00, 0x00, 0x00, 0x00, 0x00, 0x00, 0x00, 0x00, 0xc0, 0xc1, 0x00, 0x00,
  0x00, 0x00, 0x00, 0x00, 0x07, 0x00, 0x00, 0x00, 0x37, 0x00, 0x00, 0x00,
  0x00, 0x00, 0x00, 0x00, 0x00, 0x00, 0x00, 0x00, 0xc8, 0xc1, 0x00, 0x00,
  0x00, 0x00, 0x00, 0x00, 0x07, 0x00, 0x00, 0x00, 0x38, 0x00, 0x00, 0x00,
  0x00, 0x00, 0x00, 0x00, 0x00, 0x00, 0x00, 0x00, 0xd0, 0xc1, 0x00, 0x00,
  0x00, 0x00, 0x00, 0x00, 0x07, 0x00, 0x00, 0x00, 0x39, 0x00, 0x00, 0x00,
  0x00, 0x00, 0x00, 0x00, 0x00, 0x00, 0x00, 0x00, 0xd8, 0xc1, 0x00, 0x00,
  0x00, 0x00, 0x00, 0x00, 0x07, 0x00, 0x00, 0x00, 0x3a, 0x00, 0x00, 0x00,
  0x00, 0x00, 0x00, 0x00, 0x00, 0x00, 0x00, 0x00, 0xe0, 0xc1, 0x00, 0x00,
  0x00, 0x00, 0x00, 0x00, 0x07, 0x00, 0x00, 0x00, 0x3b, 0x00, 0x00, 0x00,
  0x00, 0x00, 0x00, 0x00, 0x00, 0x00, 0x00, 0x00, 0xe8, 0xc1, 0x00, 0x00,
  0x00, 0x00, 0x00, 0x00, 0x07, 0x00, 0x00, 0x00, 0x3c, 0x00, 0x00, 0x00,
  0x00, 0x00, 0x00, 0x00, 0x00, 0x00, 0x00, 0x00, 0xf0, 0xc1, 0x00, 0x00,
  0x00, 0x00, 0x00, 0x00, 0x07, 0x00, 0x00, 0x00, 0x3d, 0x00, 0x00, 0x00,
  0x00, 0x00, 0x00, 0x00, 0x00, 0x00, 0x00, 0x00, 0xf8, 0xc1, 0x00, 0x00,
  0x00, 0x00, 0x00, 0x00, 0x07, 0x00, 0x00, 0x00, 0x3e, 0x00, 0x00, 0x00,
  0x00, 0x00, 0x00, 0x00, 0x00, 0x00, 0x00, 0x00, 0x00, 0xc2, 0x00, 0x00,
  0x00, 0x00, 0x00, 0x00, 0x07, 0x00, 0x00, 0x00, 0x3f, 0x00, 0x00, 0x00,
  0x00, 0x00, 0x00, 0x00, 0x00, 0x00, 0x00, 0x00, 0x08, 0xc2, 0x00, 0x00,
  0x00, 0x00, 0x00, 0x00, 0x07, 0x00, 0x00, 0x00, 0x40, 0x00, 0x00, 0x00,
  0x00, 0x00, 0x00, 0x00, 0x00, 0x00, 0x00, 0x00, 0x10, 0xc2, 0x00, 0x00,
  0x00, 0x00, 0x00, 0x00, 0x07, 0x00, 0x00, 0x00, 0x41, 0x00, 0x00, 0x00,
  0x00, 0x00, 0x00, 0x00, 0x00, 0x00, 0x00, 0x00, 0x18, 0xc2, 0x00, 0x00,
  0x00, 0x00, 0x00, 0x00, 0x07, 0x00, 0x00, 0x00, 0x42, 0x00, 0x00, 0x00,
  0x00, 0x00, 0x00, 0x00, 0x00, 0x00, 0x00, 0x00, 0x20, 0xc2, 0x00, 0x00,
  0x00, 0x00, 0x00, 0x00, 0x07, 0x00, 0x00, 0x00, 0x43, 0x00, 0x00, 0x00,
  0x00, 0x00, 0x00, 0x00, 0x00, 0x00, 0x00, 0x00, 0x30, 0x00, 0x01, 0x00,
  0x00, 0x00, 0x00, 0x00, 0x08, 0x00, 0x00, 0x00, 0x01, 0x00, 0x00, 0x00,
  0x36, 0x6d, 0x00, 0x00, 0x00, 0x00, 0x00, 0x00, 0x38, 0x00, 0x01, 0x00,
  0x00, 0x00, 0x00, 0x00, 0x08, 0x00, 0x00, 0x00, 0x01, 0x00, 0x00, 0x00,
  0x00, 0x19, 0x00, 0x00, 0x00, 0x00, 0x00, 0x00, 0x40, 0x00, 0x01, 0x00,
  0x00, 0x00, 0x00, 0x00, 0x08, 0x00, 0x00, 0x00, 0x01, 0x00, 0x00, 0x00,
  0xf8, 0x6c, 0x00, 0x00, 0x00, 0x00, 0x00, 0x00, 0x48, 0x00, 0x01, 0x00,
  0x00, 0x00, 0x00, 0x00, 0x08, 0x00, 0x00, 0x00, 0x01, 0x00, 0x00, 0x00,
  0xc0, 0x03, 0x00, 0x00, 0x00, 0x00, 0x00, 0x00, 0x50, 0x00, 0x01, 0x00,
  0x00, 0x00, 0x00, 0x00, 0x08, 0x00, 0x00, 0x00, 0x01, 0x00, 0x00, 0x00,
  0x5a, 0x6a, 0x00, 0x00, 0x00, 0x00, 0x00, 0x00, 0x58, 0x00, 0x01, 0x00,
  0x00, 0x00, 0x00, 0x00, 0x08, 0x00, 0x00, 0x00, 0x01, 0x00, 0x00, 0x00,
  0x10, 0x06, 0x00, 0x00, 0x00, 0x00, 0x00, 0x00, 0x60, 0x00, 0x01, 0x00,
  0x00, 0x00, 0x00, 0x00, 0x08, 0x00, 0x00, 0x00, 0x01, 0x00, 0x00, 0x00,
  0x1c, 0x6c, 0x00, 0x00, 0x00, 0x00, 0x00, 0x00, 0x68, 0x00, 0x01, 0x00,
  0x00, 0x00, 0x00, 0x00, 0x08, 0x00, 0x00, 0x00, 0x01, 0x00, 0x00, 0x00,
  0x00, 0x07, 0x00, 0x00, 0x00, 0x00, 0x00, 0x00, 0x70, 0x00, 0x01, 0x00,
  0x00, 0x00, 0x00, 0x00, 0x08, 0x00, 0x00, 0x00, 0x01, 0x00, 0x00, 0x00,
  0x9c, 0x67, 0x00, 0x00, 0x00, 0x00, 0x00, 0x00, 0x78, 0x00, 0x01, 0x00,
  0x00, 0x00, 0x00, 0x00, 0x08, 0x00, 0x00, 0x00, 0x01, 0x00, 0x00, 0x00,
  0xa0, 0x07, 0x00, 0x00, 0x00, 0x00, 0x00, 0x00, 0x80, 0x00, 0x01, 0x00,
  0x00, 0x00, 0x00, 0x00, 0x08, 0x00, 0x00, 0x00, 0x01, 0x00, 0x00, 0x00,
  0x7f, 0x68, 0x00, 0x00, 0x00, 0x00, 0x00, 0x00, 0x88, 0x00, 0x01, 0x00,
  0x00, 0x00, 0x00, 0x00, 0x08, 0x00, 0x00, 0x00, 0x01, 0x00, 0x00, 0x00,
  0x20, 0x0e, 0x00, 0x00, 0x00, 0x00, 0x00, 0x00, 0x90, 0x00, 0x01, 0x00,
  0x00, 0x00, 0x00, 0x00, 0x08, 0x00, 0x00, 0x00, 0x01, 0x00, 0x00, 0x00,
  0x5d, 0x66, 0x00, 0x00, 0x00, 0x00, 0x00, 0x00, 0x98, 0x00, 0x01, 0x00,
  0x00, 0x00, 0x00, 0x00, 0x08, 0x00, 0x00, 0x00, 0x01, 0x00, 0x00, 0x00,
  0xc0, 0x0e, 0x00, 0x00, 0x00, 0x00, 0x00, 0x00, 0xa0, 0x00, 0x01, 0x00,
  0x00, 0x00, 0x00, 0x00, 0x08, 0x00, 0x00, 0x00, 0x01, 0x00, 0x00, 0x00,
  0xa1, 0x67, 0x00, 0x00, 0x00, 0x00, 0x00, 0x00, 0xa8, 0x00, 0x01, 0x00,
  0x00, 0x00, 0x00, 0x00, 0x08, 0x00, 0x00, 0x00, 0x01, 0x00, 0x00, 0x00,
  0x20, 0x00, 0x00, 0x00, 0x00, 0x00, 0x00, 0x00, 0xb0, 0x00, 0x01, 0x00,
  0x00, 0x00, 0x00, 0x00, 0x08, 0x00, 0x00, 0x00, 0x01, 0x00, 0x00, 0x00,
  0x83, 0x68, 0x00, 0x00, 0x00, 0x00, 0x00, 0x00, 0xb8, 0x00, 0x01, 0x00,
  0x00, 0x00, 0x00, 0x00, 0x08, 0x00, 0x00, 0x00, 0x01, 0x00, 0x00, 0x00,
  0xf0, 0x0e, 0x00, 0x00, 0x00, 0x00, 0x00, 0x00, 0xc0, 0x00, 0x01, 0x00,
  0x00, 0x00, 0x00, 0x00, 0x08, 0x00, 0x00, 0x00, 0x01, 0x00, 0x00, 0x00,
  0xa6, 0x67, 0x00, 0x00, 0x00, 0x00, 0x00, 0x00, 0xc8, 0x00, 0x01, 0x00,
  0x00, 0x00, 0x00, 0x00, 0x08, 0x00, 0x00, 0x00, 0x01, 0x00, 0x00, 0x00,
  0x20, 0x10, 0x00, 0x00, 0x00, 0x00, 0x00, 0x00, 0xd0, 0x00, 0x01, 0x00,
  0x00, 0x00, 0x00, 0x00, 0x08, 0x00, 0x00, 0x00, 0x01, 0x00, 0x00, 0x00,
  0x21, 0x6c, 0x00, 0x00, 0x00, 0x00, 0x00, 0x00, 0xd8, 0x00, 0x01, 0x00,
  0x00, 0x00, 0x00, 0x00, 0x08, 0x00, 0x00, 0x00, 0x01, 0x00, 0x00, 0x00,
  0x50, 0x10, 0x00, 0x00, 0x00, 0x00, 0x00, 0x00, 0xe0, 0x00, 0x01, 0x00,
  0x00, 0x00, 0x00, 0x00, 0x08, 0x00, 0x00, 0x00, 0x01, 0x00, 0x00, 0x00,
  0xbd, 0x68, 0x00, 0x00, 0x00, 0x00, 0x00, 0x00, 0xe8, 0x00, 0x01, 0x00,
  0x00, 0x00, 0x00, 0x00, 0x08, 0x00, 0x00, 0x00, 0x01, 0x00, 0x00, 0x00,
  0x80, 0x10, 0x00, 0x00, 0x00, 0x00, 0x00, 0x00, 0xf0, 0x00, 0x01, 0x00,
  0x00, 0x00, 0x00, 0x00, 0x08, 0x00, 0x00, 0x00, 0x01, 0x00, 0x00, 0x00,
  0x93, 0x69, 0x00, 0x00, 0x00, 0x00, 0x00, 0x00, 0xf8, 0x00, 0x01, 0x00,
  0x00, 0x00, 0x00, 0x00, 0x08, 0x00, 0x00, 0x00, 0x01, 0x00, 0x00, 0x00,
  0xf0, 0x10, 0x00, 0x00, 0x00, 0x00, 0x00, 0x00, 0x00, 0x01, 0x01, 0x00,
  0x00, 0x00, 0x00, 0x00, 0x08, 0x00, 0x00, 0x00, 0x01, 0x00, 0x00, 0x00,
  0xe3, 0x6a, 0x00, 0x00, 0x00, 0x00, 0x00, 0x00, 0x08, 0x01, 0x01, 0x00,
  0x00, 0x00, 0x00, 0x00, 0x08, 0x00, 0x00, 0x00, 0x01, 0x00, 0x00, 0x00,
  0x60, 0x13, 0x00, 0x00, 0x00, 0x00, 0x00, 0x00, 0x10, 0x01, 0x01, 0x00,
  0x00, 0x00, 0x00, 0x00, 0x08, 0x00, 0x00, 0x00, 0x01, 0x00, 0x00, 0x00,
  0xc8, 0x65, 0x00, 0x00, 0x00, 0x00, 0x00, 0x00, 0x18, 0x01, 0x01, 0x00,
  0x00, 0x00, 0x00, 0x00, 0x08, 0x00, 0x00, 0x00, 0x01, 0x00, 0x00, 0x00,
  0x00, 0x14, 0x00, 0x00, 0x00, 0x00, 0x00, 0x00, 0x20, 0x01, 0x01, 0x00,
  0x00, 0x00, 0x00, 0x00, 0x08, 0x00, 0x00, 0x00, 0x01, 0x00, 0x00, 0x00,
  0x88, 0x68, 0x00, 0x00, 0x00, 0x00, 0x00, 0x00, 0x28, 0x01, 0x01, 0x00,
  0x00, 0x00, 0x00, 0x00, 0x08, 0x00, 0x00, 0x00, 0x01, 0x00, 0x00, 0x00,
  0xb0, 0x14, 0x00, 0x00, 0x00, 0x00, 0x00, 0x00, 0x30, 0x01, 0x01, 0x00,
  0x00, 0x00, 0x00, 0x00, 0x08, 0x00, 0x00, 0x00, 0x01, 0x00, 0x00, 0x00,
  0xc3, 0x65, 0x00, 0x00, 0x00, 0x00, 0x00, 0x00, 0x38, 0x01, 0x01, 0x00,
  0x00, 0x00, 0x00, 0x00, 0x08, 0x00, 0x00, 0x00, 0x01, 0x00, 0x00, 0x00,
  0x90, 0x15, 0x00, 0x00, 0x00, 0x00, 0x00, 0x00, 0x40, 0x01, 0x01, 0x00,
  0x00, 0x00, 0x00, 0x00, 0x08, 0x00, 0x00, 0x00, 0x01, 0x00, 0x00, 0x00,
  0x98, 0x69, 0x00, 0x00, 0x00, 0x00, 0x00, 0x00, 0x48, 0x01, 0x01, 0x00,
  0x00, 0x00, 0x00, 0x00, 0x08, 0x00, 0x00, 0x00, 0x01, 0x00, 0x00, 0x00,
  0x40, 0x16, 0x00, 0x00, 0x00, 0x00, 0x00, 0x00, 0x50, 0x01, 0x01, 0x00,
  0x00, 0x00, 0x00, 0x00, 0x08, 0x00, 0x00, 0x00, 0x01, 0x00, 0x00, 0x00,
  0x91, 0x6c, 0x00, 0x00, 0x00, 0x00, 0x00, 0x00, 0x58, 0x01, 0x01, 0x00,
  0x00, 0x00, 0x00, 0x00, 0x08, 0x00, 0x00, 0x00, 0x01, 0x00, 0x00, 0x00,
  0xc0, 0x19, 0x00, 0x00, 0x00, 0x00, 0x00, 0x00, 0x60, 0x01, 0x01, 0x00,
  0x00, 0x00, 0x00, 0x00, 0x08, 0x00, 0x00, 0x00, 0x01, 0x00, 0x00, 0x00,
  0x96, 0x6c, 0x00, 0x00, 0x00, 0x00, 0x00, 0x00, 0x68, 0x01, 0x01, 0x00,
  0x00, 0x00, 0x00, 0x00, 0x08, 0x00, 0x00, 0x00, 0x01, 0x00, 0x00, 0x00,
  0xf0, 0x19, 0x00, 0x00, 0x00, 0x00, 0x00, 0x00, 0x70, 0x01, 0x01, 0x00,
  0x00, 0x00, 0x00, 0x00, 0x08, 0x00, 0x00, 0x00, 0x01, 0x00, 0x00, 0x00,
  0xbe, 0x6b, 0x00, 0x00, 0x00, 0x00, 0x00, 0x00, 0x78, 0x01, 0x01, 0x00,
  0x00, 0x00, 0x00, 0x00, 0x08, 0x00, 0x00, 0x00, 0x01, 0x00, 0x00, 0x00,
  0x70, 0x1a, 0x00, 0x00, 0x00, 0x00, 0x00, 0x00, 0x80, 0x01, 0x01, 0x00,
  0x00, 0x00, 0x00, 0x00, 0x08, 0x00, 0x00, 0x00, 0x01, 0x00, 0x00, 0x00,
  0xe7, 0x6a, 0x00, 0x00, 0x00, 0x00, 0x00, 0x00, 0x88, 0x01, 0x01, 0x00,
  0x00, 0x00, 0x00, 0x00, 0x08, 0x00, 0x00, 0x00, 0x01, 0x00, 0x00, 0x00,
  0xa0, 0x1a, 0x00, 0x00, 0x00, 0x00, 0x00, 0x00, 0x90, 0x01, 0x01, 0x00,
  0x00, 0x00, 0x00, 0x00, 0x08, 0x00, 0x00, 0x00, 0x01, 0x00, 0x00, 0x00,
  0xc2, 0x68, 0x00, 0x00, 0x00, 0x00, 0x00, 0x00, 0x98, 0x01, 0x01, 0x00,
  0x00, 0x00, 0x00, 0x00, 0x08, 0x00, 0x00, 0x00, 0x01, 0x00, 0x00, 0x00,
  0x30, 0x1b, 0x00, 0x00, 0x00, 0x00, 0x00, 0x00, 0xa0, 0x01, 0x01, 0x00,
  0x00, 0x00, 0x00, 0x00, 0x08, 0x00, 0x00, 0x00, 0x01, 0x00, 0x00, 0x00,
  0x9e, 0x6a, 0x00, 0x00, 0x00, 0x00, 0x00, 0x00, 0xa8, 0x01, 0x01, 0x00,
  0x00, 0x00, 0x00, 0x00, 0x08, 0x00, 0x00, 0x00, 0x01, 0x00, 0x00, 0x00,
  0x90, 0x04, 0x00, 0x00, 0x00, 0x00, 0x00, 0x00, 0xb0, 0x01, 0x01, 0x00,
  0x00, 0x00, 0x00, 0x00, 0x08, 0x00, 0x00, 0x00, 0x01, 0x00, 0x00, 0x00,
  0x54, 0x6b, 0x00, 0x00, 0x00, 0x00, 0x00, 0x00, 0xb8, 0x01, 0x01, 0x00,
  0x00, 0x00, 0x00, 0x00, 0x08, 0x00, 0x00, 0x00, 0x01, 0x00, 0x00, 0x00,
  0x10, 0x06, 0x00, 0x00, 0x00, 0x00, 0x00, 0x00, 0xc0, 0x01, 0x01, 0x00,
  0x00, 0x00, 0x00, 0x00, 0x08, 0x00, 0x00, 0x00, 0x01, 0x00, 0x00, 0x00,
  0xce, 0x66, 0x00, 0x00, 0x00, 0x00, 0x00, 0x00, 0xc8, 0x01, 0x01, 0x00,
  0x00, 0x00, 0x00, 0x00, 0x08, 0x00, 0x00, 0x00, 0x01, 0x00, 0x00, 0x00,
  0x20, 0x0e, 0x00, 0x00, 0x00, 0x00, 0x00, 0x00, 0xd0, 0x01, 0x01, 0x00,
  0x00, 0x00, 0x00, 0x00, 0x08, 0x00, 0x00, 0x00, 0x01, 0x00, 0x00, 0x00,
  0x23, 0x66, 0x00, 0x00, 0x00, 0x00, 0x00, 0x00, 0xd8, 0x01, 0x01, 0x00,
  0x00, 0x00, 0x00, 0x00, 0x08, 0x00, 0x00, 0x00, 0x01, 0x00, 0x00, 0x00,
  0x20, 0x10, 0x00, 0x00, 0x00, 0x00, 0x00, 0x00, 0xe0, 0x01, 0x01, 0x00,
  0x00, 0x00, 0x00, 0x00, 0x08, 0x00, 0x00, 0x00, 0x01, 0x00, 0x00, 0x00,
  0xec, 0x6a, 0x00, 0x00, 0x00, 0x00, 0x00, 0x00, 0xe8, 0x01, 0x01, 0x00,
  0x00, 0x00, 0x00, 0x00, 0x08, 0x00, 0x00, 0x00, 0x01, 0x00, 0x00, 0x00,
  0x60, 0x13, 0x00, 0x00, 0x00, 0x00, 0x00, 0x00, 0xf0, 0x01, 0x01, 0x00,
  0x00, 0x00, 0x00, 0x00, 0x08, 0x00, 0x00, 0x00, 0x01, 0x00, 0x00, 0x00,
  0xa4, 0x6a, 0x00, 0x00, 0x00, 0x00, 0x00, 0x00, 0xf8, 0x01, 0x01, 0x00,
  0x00, 0x00, 0x00, 0x00, 0x08, 0x00, 0x00, 0x00, 0x01, 0x00, 0x00, 0x00,
  0xd0, 0x1a, 0x00, 0x00, 0x00, 0x00, 0x00, 0x00, 0x00, 0x02, 0x01, 0x00,
  0x00, 0x00, 0x00, 0x00, 0x08, 0x00, 0x00, 0x00, 0x01, 0x00, 0x00, 0x00,
  0x6e, 0x6b, 0x00, 0x00, 0x00, 0x00, 0x00, 0x00, 0x08, 0x02, 0x01, 0x00,
  0x00, 0x00, 0x00, 0x00, 0x08, 0x00, 0x00, 0x00, 0x01, 0x00, 0x00, 0x00,
  0xd0, 0x1a, 0x00, 0x00, 0x00, 0x00, 0x00, 0x00, 0x10, 0x02, 0x01, 0x00,
  0x00, 0x00, 0x00, 0x00, 0x08, 0x00, 0x00, 0x00, 0x01, 0x00, 0x00, 0x00,
  0xd9, 0x69, 0x00, 0x00, 0x00, 0x00, 0x00, 0x00, 0x18, 0x02, 0x01, 0x00,
  0x00, 0x00, 0x00, 0x00, 0x08, 0x00, 0x00, 0x00, 0x01, 0x00, 0x00, 0x00,
  0xd0, 0x1a, 0x00, 0x00, 0x00, 0x00, 0x00, 0x00, 0x20, 0x02, 0x01, 0x00,
  0x00, 0x00, 0x00, 0x00, 0x08, 0x00, 0x00, 0x00, 0x01, 0x00, 0x00, 0x00,
  0xaa, 0x67, 0x00, 0x00, 0x00, 0x00, 0x00, 0x00, 0x28, 0x02, 0x01, 0x00,
  0x00, 0x00, 0x00, 0x00, 0x08, 0x00, 0x00, 0x00, 0x01, 0x00, 0x00, 0x00,
  0xd0, 0x1a, 0x00, 0x00, 0x00, 0x00, 0x00, 0x00, 0x30, 0x02, 0x01, 0x00,
  0x00, 0x00, 0x00, 0x00, 0x08, 0x00, 0x00, 0x00, 0x01, 0x00, 0x00, 0x00,
  0x8d, 0x68, 0x00, 0x00, 0x00, 0x00, 0x00, 0x00, 0x38, 0x02, 0x01, 0x00,
  0x00, 0x00, 0x00, 0x00, 0x08, 0x00, 0x00, 0x00, 0x01, 0x00, 0x00, 0x00,
  0x73, 0x6b, 0x00, 0x00, 0x00, 0x00, 0x00, 0x00, 0x40, 0x02, 0x01, 0x00,
  0x00, 0x00, 0x00, 0x00, 0x08, 0x00, 0x00, 0x00, 0x01, 0x00, 0x00, 0x00,
  0x3b, 0x6d, 0x00, 0x00, 0x00, 0x00, 0x00, 0x00, 0x48, 0x02, 0x01, 0x00,
  0x00, 0x00, 0x00, 0x00, 0x08, 0x00, 0x00, 0x00, 0x01, 0x00, 0x00, 0x00,
  0xaf, 0x67, 0x00, 0x00, 0x00, 0x00, 0x00, 0x00, 0x01, 0x00, 0x00, 0x00,
  0x62, 0x00, 0x00, 0x00, 0x01, 0x00, 0x00, 0x00, 0x00, 0x00, 0x00, 0x00,
  0x02, 0x00, 0x00, 0x00, 0x03, 0x00, 0x00, 0x00, 0x04, 0x00, 0x00, 0x00,
  0x05, 0x00, 0x00, 0x00, 0x06, 0x00, 0x00, 0x00, 0x07, 0x00, 0x00, 0x00,
  0x08, 0x00, 0x00, 0x00, 0x09, 0x00, 0x00, 0x00, 0x0a, 0x00, 0x00, 0x00,
  0x0b, 0x00, 0x00, 0x00, 0x0c, 0x00, 0x00, 0x00, 0x0d, 0x00, 0x00, 0x00,
  0x0e, 0x00, 0x00, 0x00, 0x0f, 0x00, 0x00, 0x00, 0x10, 0x00, 0x00, 0x00,
  0x11, 0x00, 0x00, 0x00, 0x12, 0x00, 0x00, 0x00, 0x13, 0x00, 0x00, 0x00,
  0x14, 0x00, 0x00, 0x00, 0x15, 0x00, 0x00, 0x00, 0x16, 0x00, 0x00, 0x00,
  0x17, 0x00, 0x00, 0x00, 0x18, 0x00, 0x00, 0x00, 0x19, 0x00, 0x00, 0x00,
  0x1a, 0x00, 0x00, 0x00, 0x1b, 0x00, 0x00, 0x00, 0x1c, 0x00, 0x00, 0x00,
  0x1d, 0x00, 0x00, 0x00, 0x1e, 0x00, 0x00, 0x00, 0x1f, 0x00, 0x00, 0x00,
  0x20, 0x00, 0x00, 0x00, 0x21, 0x00, 0x00, 0x00, 0x22, 0x00, 0x00, 0x00,
  0x23, 0x00, 0x00, 0x00, 0x24, 0x00, 0x00, 0x00, 0x25, 0x00, 0x00, 0x00,
  0x26, 0x00, 0x00, 0x00, 0x27, 0x00, 0x00, 0x00, 0x28, 0x00, 0x00, 0x00,
  0x29, 0x00, 0x00, 0x00, 0x2a, 0x00, 0x00, 0x00, 0x2b, 0x00, 0x00, 0x00,
  0x2c, 0x00, 0x00, 0x00, 0x2d, 0x00, 0x00, 0x00, 0x2e, 0x00, 0x00, 0x00,
  0x2f, 0x00, 0x00, 0x00, 0x30, 0x00, 0x00, 0x00, 0x31, 0x00, 0x00, 0x00,
  0x32, 0x00, 0x00, 0x00, 0x33, 0x00, 0x00, 0x00, 0x34, 0x00, 0x00, 0x00,
  0x35, 0x00, 0x00, 0x00, 0x36, 0x00, 0x00, 0x00, 0x37, 0x00, 0x00, 0x00,
  0x38, 0x00, 0x00, 0x00, 0x39, 0x00, 0x00, 0x00, 0x3a, 0x00, 0x00, 0x00,
  0x3b, 0x00, 0x00, 0x00, 0x3c, 0x00, 0x00, 0x00, 0x3d, 0x00, 0x00, 0x00,
  0x3e, 0x00, 0x00, 0x00, 0x3f, 0x00, 0x00, 0x00, 0x40, 0x00, 0x00, 0x00,
  0x41, 0x00, 0x00, 0x00, 0x42, 0x00, 0x00, 0x00, 0x43, 0x00, 0x00, 0x00,
  0x44, 0x00, 0x00, 0x00, 0x45, 0x00, 0x00, 0x00, 0x46, 0x00, 0x00, 0x00,
  0x47, 0x00, 0x00, 0x00, 0x48, 0x00, 0x00, 0x00, 0x49, 0x00, 0x00, 0x00,
  0x4a, 0x00, 0x00, 0x00, 0x4b, 0x00, 0x00, 0x00, 0x4c, 0x00, 0x00, 0x00,
  0x4d, 0x00, 0x00, 0x00, 0x4e, 0x00, 0x00, 0x00, 0x4f, 0x00, 0x00, 0x00,
  0x50, 0x00, 0x00, 0x00, 0x51, 0x00, 0x00, 0x00, 0x52, 0x00, 0x00, 0x00,
  0x53, 0x00, 0x00, 0x00, 0x54, 0x00, 0x00, 0x00, 0x55, 0x00, 0x00, 0x00,
  0x56, 0x00, 0x00, 0x00, 0x57, 0x00, 0x00, 0x00, 0x58, 0x00, 0x00, 0x00,
  0x59, 0x00, 0x00, 0x00, 0x5a, 0x00, 0x00, 0x00, 0x5b, 0x00, 0x00, 0x00,
  0x5c, 0x00, 0x00, 0x00, 0x5d, 0x00, 0x00, 0x00, 0x5e, 0x00, 0x00, 0x00,
  0x5f, 0x00, 0x00, 0x00, 0x60, 0x00, 0x00, 0x00, 0x61, 0x00, 0x00, 0x00,
  0x00, 0x00, 0x00, 0x00, 0x00, 0x00, 0x00, 0x00, 0x25, 0x00, 0x00, 0x61,
  0x00, 0x00, 0x00, 0x00, 0x88, 0x1c, 0x00, 0x00, 0x00, 0x00, 0x00, 0x00,
  0x3d, 0x00, 0x00, 0x61, 0x00, 0x00, 0x00, 0x00, 0x94, 0x01, 0x00, 0x00,
  0x00, 0x00, 0x00, 0x00, 0x35, 0x00, 0x00, 0x61, 0x00, 0x00, 0x00, 0x00,
  0x18, 0x00, 0x00, 0x00, 0x00, 0x00, 0x00, 0x00, 0x37, 0x00, 0x00, 0x61,
  0x00, 0x00, 0x00, 0x00, 0xaf, 0x06, 0x00, 0x00, 0x00, 0x00, 0x00, 0x00,
  0x39, 0x00, 0x00, 0x61, 0x00, 0x00, 0x00, 0x00, 0xc8, 0x06, 0x00, 0x00,
  0x00, 0x00, 0x00, 0x00, 0x3f, 0x00, 0x00, 0x61, 0x00, 0x00, 0x00, 0x00,
  0x30, 0x09, 0x00, 0x00, 0x00, 0x00, 0x00, 0x00, 0x3b, 0x00, 0x00, 0x61,
  0x00, 0x00, 0x00, 0x00, 0x18, 0x00, 0x00, 0x00, 0x00, 0x00, 0x00, 0x00,
  0x2f, 0x00, 0x00, 0x61, 0x00, 0x00, 0x00, 0x00, 0x28, 0x16, 0x00, 0x00,
  0x00, 0x00, 0x00, 0x00, 0x31, 0x00, 0x00, 0x61, 0x00, 0x00, 0x00, 0x00,
  0x60, 0x06, 0x00, 0x00, 0x00, 0x00, 0x00, 0x00, 0x33, 0x00, 0x00, 0x61,
  0x00, 0x00, 0x00, 0x00, 0x18, 0x00, 0x00, 0x00, 0x00, 0x00, 0x00, 0x00,
  0x27, 0x00, 0x00, 0x61, 0x00, 0x00, 0x00, 0x00, 0x00, 0xc0, 0x00, 0x00,
  0x00, 0x00, 0x00, 0x00, 0x29, 0x00, 0x00, 0x61, 0x00, 0x00, 0x00, 0x00,
  0xf8, 0x0f, 0x00, 0x00, 0x00, 0x00, 0x00, 0x00, 0x2d, 0x00, 0x00, 0x61,
  0x00, 0x00, 0x00, 0x00, 0x30, 0x06, 0x00, 0x00, 0x00, 0x00, 0x00, 0x00,
  0x2b, 0x00, 0x00, 0x61, 0x00, 0x00, 0x00, 0x00, 0x07, 0x00, 0x00, 0x00,
  0x00, 0x00, 0x00, 0x00, 0x0c, 0x00, 0x00, 0x00, 0x00, 0x00, 0x00, 0x00,
  0x10, 0x4a, 0x00, 0x00, 0x00, 0x00, 0x00, 0x00, 0x0d, 0x00, 0x00, 0x00,
  0x00, 0x00, 0x00, 0x00, 0x20, 0x4a, 0x00, 0x00, 0x00, 0x00, 0x00, 0x00,
  0x15, 0x00, 0x00, 0x00, 0x00, 0x00, 0x00, 0x00, 0x00, 0x00, 0x00, 0x00,
  0x00, 0x00, 0x00, 0x00, 0x1e, 0x00, 0x00, 0x00, 0x00, 0x00, 0x00, 0x00,
  0x00, 0x00, 0x00, 0x00, 0x00, 0x00, 0x00, 0x00, 0x01, 0x00, 0x00, 0x00,
  0x00, 0x00, 0x00, 0x00, 0x01, 0x00, 0x00, 0x00, 0x00, 0x00, 0x00, 0x00,
  0x01, 0x00, 0x00, 0x00, 0x00, 0x00, 0x00, 0x00, 0x0f, 0x00, 0x00, 0x00,
  0x00, 0x00, 0x00, 0x00, 0x0f, 0x00, 0x00, 0x61, 0x00, 0x00, 0x00, 0x00,
  0x26, 0x00, 0x00, 0x00, 0x01, 0x01, 0x01, 0x00, 0x0f, 0x00, 0x00, 0x61,
  0x00, 0x00, 0x00, 0x00, 0x30, 0x00, 0x00, 0x00, 0x01, 0x01, 0x02, 0x00,
  0x13, 0x00, 0x00, 0x61, 0x00, 0x00, 0x00, 0x00, 0x43, 0x00, 0x00, 0x00,
  0x01, 0x00, 0x00, 0x00, 0x17, 0x00, 0x00, 0x61, 0x00, 0x00, 0x00, 0x00,
  0x01, 0x00, 0x00, 0x00, 0x00, 0x00, 0x00, 0x00, 0x15, 0x00, 0x00, 0x61,
  0x00, 0x00, 0x00, 0x00, 0x26, 0x00, 0x00, 0x00, 0x01, 0x00, 0x01, 0x00,
  0x19, 0x00, 0x00, 0x61, 0x00, 0x00, 0x00, 0x00, 0x09, 0x00, 0x00, 0x00,
  0x00, 0x00, 0x01, 0x00, 0x15, 0x00, 0x00, 0x61, 0x00, 0x00, 0x00, 0x00,
  0x30, 0x00, 0x00, 0x00, 0x01, 0x00, 0x02, 0x00, 0x19, 0x00, 0x00, 0x61,
  0x00, 0x00, 0x00, 0x00, 0x09, 0x00, 0x00, 0x00, 0x00, 0x00, 0x02, 0x00,
  0x07, 0x00, 0x00, 0x61, 0x00, 0x00, 0x00, 0x00, 0x00, 0x00, 0x00, 0x00,
  0x00, 0x00, 0x00, 0x00, 0x09, 0x00, 0x00, 0x61, 0x00, 0x00, 0x00, 0x00,
  0x51, 0x00, 0x00, 0x00, 0x00, 0x00, 0x00, 0x00, 0x0d, 0x00, 0x00, 0x61,
  0x00, 0x00, 0x00, 0x00, 0x43, 0x00, 0x00, 0x00, 0x01, 0x01, 0x00, 0x00,
  0x11, 0x00, 0x00, 0x61, 0x00, 0x00, 0x00, 0x00, 0x00, 0x00, 0x00, 0x00,
  0x00, 0x00, 0x00, 0x00, 0x00, 0x00, 0x00, 0x00, 0x00, 0x00, 0x00, 0x00,
  0x00, 0x00, 0x00, 0x00, 0x00, 0x00, 0x00, 0x00
};
static const unsigned int plugin_server_prx_len = 77360;
